ID1,ID2,Similarity
1098,16098,1.0
1098,17838,1.0
1098,19578,1.0
1098,21318,1.0
1099,16099,1.0
1099,17839,1.0
1099,19579,1.0
1099,21319,1.0
1100,16100,1.0
1100,17840,1.0
1100,19580,1.0
1100,21320,1.0
1101,16101,1.0
1101,17841,1.0
1101,19581,1.0
1101,21321,1.0
1102,16102,1.0
1102,17842,1.0
1102,19582,1.0
1102,21322,1.0
1103,16103,1.0
1103,17843,1.0
1103,19583,1.0
1103,21323,1.0
1104,17844,1.0
1104,19584,1.0
1104,21324,1.0
1105,17845,1.0
1105,19585,1.0
1105,21325,1.0
1106,17846,1.0
1106,19586,1.0
1106,21326,1.0
1107,17847,1.0
1107,19587,1.0
1107,21327,1.0
1108,17848,1.0
1108,19588,1.0
1108,21328,1.0
1109,17849,1.0
1109,19589,1.0
1109,21329,1.0
1110,17850,1.0
1110,19590,1.0
1110,21330,1.0
1111,17851,1.0
1111,19591,1.0
1111,21331,1.0
1112,17852,1.0
1112,19592,1.0
1112,21332,1.0
1113,16054,1.0
1113,17794,1.0
1113,17853,1.0
1113,19534,1.0
1113,19593,1.0
1113,21274,1.0
1113,21333,1.0
1114,17854,1.0
1114,19594,1.0
1114,21334,1.0
1115,17855,1.0
1115,19595,1.0
1115,21335,1.0
1116,17856,1.0
1116,19596,1.0
1116,21336,1.0
1117,17857,1.0
1117,19597,1.0
1117,21337,1.0
1118,17858,1.0
1118,19598,1.0
1118,21338,1.0
1119,17859,1.0
1119,19599,1.0
1119,21339,1.0
1120,17860,1.0
1120,19600,1.0
1120,21340,1.0
1121,17861,1.0
1121,19601,1.0
1121,21341,1.0
1122,17862,1.0
1122,19602,1.0
1122,21342,1.0
1123,17863,1.0
1123,19603,1.0
1123,21343,1.0
1124,17864,1.0
1124,19604,1.0
1124,21344,1.0
1125,17865,1.0
1125,19605,1.0
1125,21345,1.0
1126,17866,1.0
1126,19606,1.0
1126,21346,1.0
1127,17867,1.0
1127,19607,1.0
1127,21347,1.0
1128,17868,1.0
1128,19608,1.0
1128,21348,1.0
1129,17869,1.0
1129,19609,1.0
1129,21349,1.0
1130,17870,1.0
1130,19610,1.0
1130,21350,1.0
1131,17871,1.0
1131,19611,1.0
1131,21351,1.0
1132,17872,1.0
1132,19612,1.0
1132,21352,1.0
1133,17873,1.0
1133,19613,1.0
1133,21353,1.0
1134,17874,1.0
1134,19614,1.0
1134,21354,1.0
1135,17875,1.0
1135,19615,1.0
1135,21355,1.0
1136,17876,1.0
1136,19616,1.0
1136,21356,1.0
1137,17877,1.0
1137,19617,1.0
1137,21357,1.0
1138,17878,1.0
1138,19618,1.0
1138,21358,1.0
1139,17879,1.0
1139,19619,1.0
1139,21359,1.0
1140,17880,1.0
1140,19620,1.0
1140,21360,1.0
1141,10530,0.49166666666666664
1141,12270,0.49166666666666664
1141,14010,0.49166666666666664
1141,15750,0.49166666666666664
1141,17881,1.0
1141,19621,1.0
1141,21361,1.0
1142,1172,1.0
1142,17882,1.0
1142,17912,1.0
1142,19622,1.0
1142,19652,1.0
1142,21362,1.0
1142,21392,1.0
1143,17883,1.0
1143,19623,1.0
1143,21363,1.0
1144,1203,1.0
1144,2943,1.0
1144,17884,1.0
1144,19624,1.0
1144,19683,1.0
1144,21364,1.0
1144,21423,1.0
1145,17885,1.0
1145,19625,1.0
1145,21365,1.0
1146,17886,1.0
1146,19626,1.0
1146,21366,1.0
1147,17887,1.0
1147,19627,1.0
1147,21367,1.0
1148,17888,1.0
1148,19628,1.0
1148,21368,1.0
1149,17889,1.0
1149,19629,1.0
1149,21369,1.0
1150,17890,1.0
1150,19630,1.0
1150,21370,1.0
1151,17891,1.0
1151,19631,1.0
1151,21371,1.0
1152,17892,1.0
1152,19632,1.0
1152,21372,1.0
1153,17893,1.0
1153,19633,1.0
1153,21373,1.0
1154,17894,1.0
1154,19634,1.0
1154,21374,1.0
1155,17895,1.0
1155,19635,1.0
1155,21375,1.0
1156,17896,1.0
1156,19636,1.0
1156,21376,1.0
1157,17897,1.0
1157,19637,1.0
1157,21377,1.0
1158,17898,1.0
1158,19638,1.0
1158,21378,1.0
1159,17899,1.0
1159,19639,1.0
1159,21379,1.0
1160,17900,1.0
1160,19640,1.0
1160,21380,1.0
1161,17901,1.0
1161,19641,1.0
1161,21381,1.0
1162,17902,1.0
1162,19642,1.0
1162,21382,1.0
1163,17903,1.0
1163,19643,1.0
1163,21383,1.0
1164,17904,1.0
1164,19644,1.0
1164,21384,1.0
1165,17905,1.0
1165,19645,1.0
1165,21385,1.0
1166,17906,1.0
1166,19646,1.0
1166,21386,1.0
1167,17907,1.0
1167,19647,1.0
1167,21387,1.0
1168,17908,1.0
1168,19648,1.0
1168,21388,1.0
1169,17909,1.0
1169,19649,1.0
1169,21389,1.0
1170,17910,1.0
1170,19650,1.0
1170,21390,1.0
1171,17911,1.0
1171,19651,1.0
1171,21391,1.0
1172,17882,1.0
1172,17912,1.0
1172,19622,1.0
1172,19652,1.0
1172,21362,1.0
1172,21392,1.0
1173,17913,1.0
1173,19653,1.0
1173,21393,1.0
1174,17914,1.0
1174,19654,1.0
1174,21394,1.0
1175,17915,1.0
1175,19655,1.0
1175,21395,1.0
1176,17916,1.0
1176,19656,1.0
1176,21396,1.0
1177,17917,1.0
1177,19657,1.0
1177,21397,1.0
1178,17918,1.0
1178,19658,1.0
1178,21398,1.0
1179,17919,1.0
1179,19659,1.0
1179,21399,1.0
1180,17920,1.0
1180,19660,1.0
1180,21400,1.0
1181,17921,1.0
1181,19661,1.0
1181,21401,1.0
1182,17922,1.0
1182,19662,1.0
1182,21402,1.0
1183,17923,1.0
1183,19663,1.0
1183,21403,1.0
1184,17924,1.0
1184,19664,1.0
1184,21404,1.0
1185,17925,1.0
1185,19665,1.0
1185,21405,1.0
1186,17926,1.0
1186,19666,1.0
1186,21406,1.0
1187,17927,1.0
1187,19667,1.0
1187,21407,1.0
1188,2928,1.0
1188,17928,1.0
1188,19668,1.0
1188,21408,1.0
1189,2929,1.0
1189,17929,1.0
1189,19669,1.0
1189,21409,1.0
1190,2930,1.0
1190,17930,1.0
1190,19670,1.0
1190,21410,1.0
1191,2931,1.0
1191,17931,1.0
1191,19671,1.0
1191,21411,1.0
1192,2932,1.0
1192,17932,1.0
1192,19672,1.0
1192,21412,1.0
1193,2933,1.0
1193,17933,1.0
1193,19673,1.0
1193,21413,1.0
1194,2934,1.0
1194,19674,1.0
1194,21414,1.0
1195,2935,1.0
1195,19675,1.0
1195,21415,1.0
1196,2936,1.0
1196,19676,1.0
1196,21416,1.0
1197,2937,1.0
1197,19677,1.0
1197,21417,1.0
1198,2938,1.0
1198,19678,1.0
1198,21418,1.0
1199,2939,1.0
1199,19679,1.0
1199,21419,1.0
1200,2940,1.0
1200,19680,1.0
1200,21420,1.0
1201,2941,1.0
1201,19681,1.0
1201,21421,1.0
1202,2942,1.0
1202,19682,1.0
1202,21422,1.0
1203,2943,1.0
1203,17884,1.0
1203,19624,1.0
1203,19683,1.0
1203,21364,1.0
1203,21423,1.0
1204,2944,1.0
1204,19684,1.0
1204,21424,1.0
1205,2945,1.0
1205,19685,1.0
1205,21425,1.0
1206,2946,1.0
1206,19686,1.0
1206,21426,1.0
1207,2947,1.0
1207,19687,1.0
1207,21427,1.0
1208,2948,1.0
1208,19688,1.0
1208,21428,1.0
1209,2949,1.0
1209,19689,1.0
1209,21429,1.0
1210,2950,1.0
1210,19690,1.0
1210,21430,1.0
1211,2951,1.0
1211,19691,1.0
1211,21431,1.0
1212,2952,1.0
1212,19692,1.0
1212,21432,1.0
1213,2953,1.0
1213,19693,1.0
1213,21433,1.0
1214,2954,1.0
1214,19694,1.0
1214,21434,1.0
1215,2955,1.0
1215,19695,1.0
1215,21435,1.0
1216,2956,1.0
1216,19696,1.0
1216,21436,1.0
1217,2957,1.0
1217,19697,1.0
1217,21437,1.0
1218,2958,1.0
1218,19698,1.0
1218,21438,1.0
1219,2959,1.0
1219,19699,1.0
1219,21439,1.0
1220,2960,1.0
1220,19700,1.0
1220,21440,1.0
1221,2961,1.0
1221,19701,1.0
1221,21441,1.0
1222,2962,1.0
1222,19702,1.0
1222,21442,1.0
1223,2963,1.0
1223,19703,1.0
1223,21443,1.0
1224,2964,1.0
1224,19704,1.0
1224,21444,1.0
1225,2965,1.0
1225,19705,1.0
1225,21445,1.0
1226,2966,1.0
1226,19706,1.0
1226,21446,1.0
1227,2967,1.0
1227,19707,1.0
1227,21447,1.0
1228,2968,1.0
1228,19708,1.0
1228,21448,1.0
1229,2969,1.0
1229,19709,1.0
1229,21449,1.0
1230,2970,1.0
1230,19710,1.0
1230,21450,1.0
1231,2971,1.0
1231,19711,1.0
1231,21451,1.0
1232,1262,1.0
1232,2972,1.0
1232,3002,1.0
1232,19712,1.0
1232,19742,1.0
1232,21452,1.0
1232,21482,1.0
1233,2973,1.0
1233,19713,1.0
1233,21453,1.0
1234,1293,1.0
1234,2974,1.0
1234,3033,1.0
1234,4773,1.0
1234,19714,1.0
1234,21454,1.0
1234,21513,1.0
1235,2975,1.0
1235,19715,1.0
1235,21455,1.0
1236,2976,1.0
1236,19716,1.0
1236,21456,1.0
1237,2977,1.0
1237,19717,1.0
1237,21457,1.0
1238,2978,1.0
1238,19718,1.0
1238,21458,1.0
1239,2979,1.0
1239,19719,1.0
1239,21459,1.0
1240,2980,1.0
1240,19720,1.0
1240,21460,1.0
1241,2981,1.0
1241,19721,1.0
1241,21461,1.0
1242,2982,1.0
1242,19722,1.0
1242,21462,1.0
1243,2983,1.0
1243,19723,1.0
1243,21463,1.0
1244,2984,1.0
1244,19724,1.0
1244,21464,1.0
1245,2985,1.0
1245,19725,1.0
1245,21465,1.0
1246,2986,1.0
1246,19726,1.0
1246,21466,1.0
1247,2987,1.0
1247,19727,1.0
1247,21467,1.0
1248,2988,1.0
1248,19728,1.0
1248,21468,1.0
1249,2989,1.0
1249,19729,1.0
1249,21469,1.0
1250,2990,1.0
1250,19730,1.0
1250,21470,1.0
1251,2991,1.0
1251,19731,1.0
1251,21471,1.0
1252,2992,1.0
1252,19732,1.0
1252,21472,1.0
1253,2993,1.0
1253,19733,1.0
1253,21473,1.0
1254,2994,1.0
1254,19734,1.0
1254,21474,1.0
1255,2995,1.0
1255,19735,1.0
1255,21475,1.0
1256,2996,1.0
1256,19736,1.0
1256,21476,1.0
1257,2997,1.0
1257,19737,1.0
1257,21477,1.0
1258,2998,1.0
1258,19738,1.0
1258,21478,1.0
1259,2999,1.0
1259,19739,1.0
1259,21479,1.0
1260,3000,1.0
1260,19740,1.0
1260,21480,1.0
1261,3001,1.0
1261,19741,1.0
1261,21481,1.0
1262,2972,1.0
1262,3002,1.0
1262,19712,1.0
1262,19742,1.0
1262,21452,1.0
1262,21482,1.0
1263,3003,1.0
1263,19743,1.0
1263,21483,1.0
1264,3004,1.0
1264,19744,1.0
1264,21484,1.0
1265,3005,1.0
1265,19745,1.0
1265,21485,1.0
1266,3006,1.0
1266,19746,1.0
1266,21486,1.0
1267,3007,1.0
1267,19747,1.0
1267,21487,1.0
1268,3008,1.0
1268,19748,1.0
1268,21488,1.0
1269,3009,1.0
1269,19749,1.0
1269,21489,1.0
1270,3010,1.0
1270,19750,1.0
1270,21490,1.0
1271,3011,1.0
1271,19751,1.0
1271,21491,1.0
1272,3012,1.0
1272,19752,1.0
1272,21492,1.0
1273,3013,1.0
1273,19753,1.0
1273,21493,1.0
1274,3014,1.0
1274,19754,1.0
1274,21494,1.0
1275,3015,1.0
1275,19755,1.0
1275,21495,1.0
1276,3016,1.0
1276,19756,1.0
1276,21496,1.0
1277,3017,1.0
1277,19757,1.0
1277,21497,1.0
1278,3018,1.0
1278,4758,1.0
1278,19758,1.0
1278,21498,1.0
1279,3019,1.0
1279,4759,1.0
1279,19759,1.0
1279,21499,1.0
1280,3020,1.0
1280,4760,1.0
1280,19760,1.0
1280,21500,1.0
1281,3021,1.0
1281,4761,1.0
1281,19761,1.0
1281,21501,1.0
1282,3022,1.0
1282,4762,1.0
1282,19762,1.0
1282,21502,1.0
1283,3023,1.0
1283,4763,1.0
1283,19763,1.0
1283,21503,1.0
1284,3024,1.0
1284,4764,1.0
1284,21504,1.0
1285,3025,1.0
1285,4765,1.0
1285,21505,1.0
1286,3026,1.0
1286,4766,1.0
1286,21506,1.0
1287,3027,1.0
1287,4767,1.0
1287,21507,1.0
1288,3028,1.0
1288,4768,1.0
1288,21508,1.0
1289,3029,1.0
1289,4769,1.0
1289,21509,1.0
1290,3030,1.0
1290,4770,1.0
1290,6901,0.5583333333333333
1290,8641,0.5583333333333333
1290,10381,0.5583333333333333
1290,12121,0.5583333333333333
1290,21510,1.0
1291,3031,1.0
1291,4771,1.0
1291,21511,1.0
1292,3032,1.0
1292,4772,1.0
1292,21512,1.0
1293,2974,1.0
1293,3033,1.0
1293,4773,1.0
1293,19714,1.0
1293,21454,1.0
1293,21513,1.0
1294,1443,0.8166666666666667
1294,3034,1.0
1294,3183,0.8166666666666667
1294,4774,1.0
1294,4923,0.8166666666666667
1294,6663,0.8166666666666667
1294,21514,1.0
1295,1444,1.0
1295,3035,1.0
1295,3184,1.0
1295,4775,1.0
1295,4924,1.0
1295,6664,1.0
1295,21515,1.0
1296,1445,0.875
1296,3036,1.0
1296,3185,0.875
1296,4776,1.0
1296,4925,0.875
1296,6665,0.875
1296,21516,1.0
1297,1446,1.0
1297,3037,1.0
1297,3186,1.0
1297,4777,1.0
1297,4926,1.0
1297,6666,1.0
1297,21517,1.0
1298,1447,1.0
1298,3038,1.0
1298,3187,1.0
1298,4778,1.0
1298,4927,1.0
1298,6667,1.0
1298,21518,1.0
1299,1448,1.0
1299,3039,1.0
1299,3188,1.0
1299,4779,1.0
1299,4928,1.0
1299,6668,1.0
1299,21519,1.0
1300,1449,0.8416666666666667
1300,3040,1.0
1300,3189,0.8416666666666667
1300,4780,1.0
1300,4929,0.8416666666666667
1300,6669,0.8416666666666667
1300,21520,1.0
1301,1450,0.8166666666666667
1301,3041,1.0
1301,3190,0.8166666666666667
1301,4781,1.0
1301,4930,0.8166666666666667
1301,6670,0.8166666666666667
1301,21521,1.0
1302,1451,1.0
1302,3042,1.0
1302,3191,1.0
1302,4782,1.0
1302,4931,1.0
1302,6671,1.0
1302,21522,1.0
1303,1452,0.9666666666666667
1303,3043,1.0
1303,3192,0.9666666666666667
1303,4783,1.0
1303,4932,0.9666666666666667
1303,6672,0.9666666666666667
1303,21523,1.0
1304,1453,1.0
1304,3044,1.0
1304,3193,1.0
1304,4784,1.0
1304,4933,1.0
1304,6673,1.0
1304,21524,1.0
1305,1454,1.0
1305,3045,1.0
1305,3194,1.0
1305,4785,1.0
1305,4934,1.0
1305,6674,1.0
1305,21525,1.0
1306,1455,0.8416666666666667
1306,3046,1.0
1306,3195,0.8416666666666667
1306,4786,1.0
1306,4935,0.8416666666666667
1306,6675,0.8416666666666667
1306,21526,1.0
1307,1456,1.0
1307,3047,1.0
1307,3196,1.0
1307,4787,1.0
1307,4936,1.0
1307,6676,1.0
1307,21527,1.0
1308,1457,1.0
1308,3048,1.0
1308,3197,1.0
1308,4788,1.0
1308,4937,1.0
1308,6677,1.0
1308,21528,1.0
1309,1458,1.0
1309,3049,1.0
1309,3198,1.0
1309,4789,1.0
1309,4938,1.0
1309,6678,1.0
1309,8418,1.0
1309,21529,1.0
1310,1459,0.875
1310,3050,1.0
1310,3199,0.875
1310,4790,1.0
1310,4939,0.875
1310,6679,0.875
1310,8419,0.875
1310,21530,1.0
1311,1460,0.9333333333333333
1311,3051,1.0
1311,3200,0.9333333333333333
1311,4791,1.0
1311,4940,0.9333333333333333
1311,6680,0.9333333333333333
1311,8420,0.9333333333333333
1311,21531,1.0
1312,3052,1.0
1312,4792,1.0
1312,21532,1.0
1313,1462,1.0
1313,3053,1.0
1313,3202,1.0
1313,4793,1.0
1313,4942,1.0
1313,6682,1.0
1313,8422,1.0
1313,21533,1.0
1314,1463,1.0
1314,3054,1.0
1314,3203,1.0
1314,4794,1.0
1314,4943,1.0
1314,6683,1.0
1314,8423,1.0
1314,21534,1.0
1315,3055,1.0
1315,3204,1.0
1315,4795,1.0
1315,4944,1.0
1315,6684,1.0
1315,8424,1.0
1315,21535,1.0
1316,3056,1.0
1316,3205,1.0
1316,4796,1.0
1316,4945,1.0
1316,6685,1.0
1316,8425,1.0
1316,21536,1.0
1317,3057,1.0
1317,3206,0.8416666666666667
1317,4797,1.0
1317,4946,0.8416666666666667
1317,6686,0.8416666666666667
1317,8426,0.8416666666666667
1317,21537,1.0
1318,3058,1.0
1318,3207,0.8583333333333333
1318,4798,1.0
1318,4947,0.8583333333333333
1318,6687,0.8583333333333333
1318,8427,0.8583333333333333
1318,21538,1.0
1319,3059,1.0
1319,3208,0.3333333333333333
1319,4799,1.0
1319,4948,0.3333333333333333
1319,6688,0.3333333333333333
1319,8428,0.3333333333333333
1319,21539,1.0
1320,3060,1.0
1320,3209,0.9333333333333333
1320,4800,1.0
1320,4949,0.9333333333333333
1320,6689,0.9333333333333333
1320,8429,0.9333333333333333
1320,21540,1.0
1321,3061,1.0
1321,4801,1.0
1321,14190,0.375
1321,15930,0.375
1321,17670,0.375
1321,19410,0.375
1321,21541,1.0
1322,1352,0.95
1322,3062,1.0
1322,3092,0.95
1322,4802,1.0
1322,4832,0.95
1322,21542,1.0
1322,21572,0.95
1323,3063,1.0
1323,4803,1.0
1323,21543,1.0
1324,1383,1.0
1324,3064,1.0
1324,3123,1.0
1324,4804,1.0
1324,4863,1.0
1324,6603,1.0
1324,21544,1.0
1325,3065,1.0
1325,4805,1.0
1325,21545,1.0
1326,3066,1.0
1326,4806,1.0
1326,21546,1.0
1327,3067,1.0
1327,4807,1.0
1327,21547,1.0
1328,3068,1.0
1328,4808,1.0
1328,21548,1.0
1329,3069,1.0
1329,4809,1.0
1329,21549,1.0
1330,3070,1.0
1330,4810,1.0
1330,21550,1.0
1331,3071,1.0
1331,4811,1.0
1331,21551,1.0
1332,3072,1.0
1332,4812,1.0
1332,21552,1.0
1333,3073,1.0
1333,4813,1.0
1333,21553,1.0
1334,3074,1.0
1334,4814,1.0
1334,21554,1.0
1335,3075,1.0
1335,4815,1.0
1335,21555,1.0
1336,3076,1.0
1336,4816,1.0
1336,21556,1.0
1337,3077,1.0
1337,4817,1.0
1337,21557,1.0
1338,3078,1.0
1338,4818,1.0
1338,21558,1.0
1339,3079,1.0
1339,4819,1.0
1339,21559,1.0
1340,3080,1.0
1340,4820,1.0
1340,21560,1.0
1341,3081,1.0
1341,4821,1.0
1341,21561,1.0
1342,3082,1.0
1342,4822,1.0
1342,21562,1.0
1343,3083,1.0
1343,4823,1.0
1343,21563,1.0
1344,3084,1.0
1344,4824,1.0
1344,21564,1.0
1345,3085,1.0
1345,4825,1.0
1345,21565,1.0
1346,3086,1.0
1346,4826,1.0
1346,21566,1.0
1347,3087,1.0
1347,4827,1.0
1347,21567,1.0
1348,3088,1.0
1348,4828,1.0
1348,21568,1.0
1349,3089,1.0
1349,4829,1.0
1349,21569,1.0
1350,3090,1.0
1350,4830,1.0
1350,21570,1.0
1351,3091,1.0
1351,4831,1.0
1351,21571,1.0
1352,3062,0.95
1352,3092,1.0
1352,4802,0.95
1352,4832,1.0
1352,21542,0.95
1352,21572,1.0
1353,3093,1.0
1353,4833,1.0
1353,21573,1.0
1354,3094,1.0
1354,4834,1.0
1354,21574,1.0
1355,3095,1.0
1355,4835,1.0
1355,21575,1.0
1356,3096,1.0
1356,4836,1.0
1356,21576,1.0
1357,3097,1.0
1357,4837,1.0
1357,21577,1.0
1358,3098,1.0
1358,4838,1.0
1358,21578,1.0
1359,3099,1.0
1359,4839,1.0
1359,21579,1.0
1360,3100,1.0
1360,4840,1.0
1360,21580,1.0
1361,3101,1.0
1361,4841,1.0
1361,21581,1.0
1362,3102,1.0
1362,4842,1.0
1362,21582,1.0
1363,3103,1.0
1363,4843,1.0
1363,21583,1.0
1364,3104,1.0
1364,4844,1.0
1364,21584,1.0
1365,3105,1.0
1365,4845,1.0
1365,21585,1.0
1366,3106,1.0
1366,4846,1.0
1366,21586,1.0
1367,3107,1.0
1367,4847,1.0
1367,21587,1.0
1368,3108,1.0
1368,4848,1.0
1368,6588,1.0
1368,21588,1.0
1369,3109,1.0
1369,4849,1.0
1369,6589,1.0
1369,21589,1.0
1370,3110,1.0
1370,4850,1.0
1370,6590,1.0
1370,21590,1.0
1371,3111,1.0
1371,4851,1.0
1371,6591,1.0
1371,21591,1.0
1372,3112,1.0
1372,4852,1.0
1372,6592,1.0
1372,21592,1.0
1373,3113,1.0
1373,4853,1.0
1373,6593,1.0
1373,21593,1.0
1374,3114,1.0
1374,4854,1.0
1374,6594,1.0
1375,3115,1.0
1375,4855,1.0
1375,6595,1.0
1376,3116,1.0
1376,4856,1.0
1376,6596,1.0
1377,3117,1.0
1377,4857,1.0
1377,6597,1.0
1378,3118,1.0
1378,4858,1.0
1378,6598,1.0
1379,3119,1.0
1379,4859,1.0
1379,6599,1.0
1380,3120,1.0
1380,4860,1.0
1380,6600,1.0
1380,8731,0.675
1380,10471,0.675
1380,12211,0.675
1380,13951,0.675
1381,3121,1.0
1381,4861,1.0
1381,6601,1.0
1382,3122,1.0
1382,4862,1.0
1382,6602,1.0
1383,3064,1.0
1383,3123,1.0
1383,4804,1.0
1383,4863,1.0
1383,6603,1.0
1383,21544,1.0
1384,3124,1.0
1384,4864,1.0
1384,6604,1.0
1385,3125,1.0
1385,4865,1.0
1385,6605,1.0
1386,3126,1.0
1386,4866,1.0
1386,6606,1.0
1387,3127,1.0
1387,4867,1.0
1387,6607,1.0
1388,3128,1.0
1388,4868,1.0
1388,6608,1.0
1389,3129,1.0
1389,4869,1.0
1389,6609,1.0
1390,3130,1.0
1390,4870,1.0
1390,6610,1.0
1391,3131,1.0
1391,4871,1.0
1391,6611,1.0
1392,3132,1.0
1392,4872,1.0
1392,6612,1.0
1393,3133,1.0
1393,4873,1.0
1393,6613,1.0
1394,3134,1.0
1394,4874,1.0
1394,6614,1.0
1395,3135,1.0
1395,4875,1.0
1395,6615,1.0
1396,3136,1.0
1396,4876,1.0
1396,6616,1.0
1397,3137,1.0
1397,4877,1.0
1397,6617,1.0
1398,3138,1.0
1398,4878,1.0
1398,6618,1.0
1399,3139,1.0
1399,4879,1.0
1399,6619,1.0
1400,3140,1.0
1400,4880,1.0
1400,6620,1.0
1401,3141,1.0
1401,4881,1.0
1401,6621,1.0
1402,3142,1.0
1402,4882,1.0
1402,6622,1.0
1403,3143,1.0
1403,4883,1.0
1403,6623,1.0
1404,3144,1.0
1404,4884,1.0
1404,6624,1.0
1405,3145,1.0
1405,4885,1.0
1405,6625,1.0
1406,3146,1.0
1406,4886,1.0
1406,6626,1.0
1407,3147,1.0
1407,4887,1.0
1407,6627,1.0
1408,3148,1.0
1408,4888,1.0
1408,6628,1.0
1409,3149,1.0
1409,4889,1.0
1409,6629,1.0
1410,3150,1.0
1410,4890,1.0
1410,6630,1.0
1411,3151,1.0
1411,4891,1.0
1411,6631,1.0
1412,1442,1.0
1412,3152,1.0
1412,3182,1.0
1412,4892,1.0
1412,4922,1.0
1412,6632,1.0
1412,6662,1.0
1413,3153,1.0
1413,4893,1.0
1413,6633,1.0
1414,3154,1.0
1414,3213,0.8083333333333333
1414,4894,1.0
1414,4953,0.8083333333333333
1414,6634,1.0
1414,6693,0.8083333333333333
1414,8433,0.8083333333333333
1415,3155,1.0
1415,4895,1.0
1415,6635,1.0
1416,3156,1.0
1416,4896,1.0
1416,6636,1.0
1417,3157,1.0
1417,4897,1.0
1417,6637,1.0
1418,3158,1.0
1418,4898,1.0
1418,6638,1.0
1419,3159,1.0
1419,4899,1.0
1419,6639,1.0
1420,3160,1.0
1420,4900,1.0
1420,6640,1.0
1421,3161,1.0
1421,4901,1.0
1421,6641,1.0
1422,3162,1.0
1422,4902,1.0
1422,6642,1.0
1423,3163,1.0
1423,4903,1.0
1423,6643,1.0
1424,3164,1.0
1424,4904,1.0
1424,6644,1.0
1425,3165,1.0
1425,4905,1.0
1425,6645,1.0
1426,3166,1.0
1426,4906,1.0
1426,6646,1.0
1427,3167,1.0
1427,4907,1.0
1427,6647,1.0
1428,3168,1.0
1428,4908,1.0
1428,6648,1.0
1429,3169,1.0
1429,4909,1.0
1429,6649,1.0
1430,3170,1.0
1430,4910,1.0
1430,6650,1.0
1431,3171,1.0
1431,4911,1.0
1431,6651,1.0
1432,3172,1.0
1432,4912,1.0
1432,6652,1.0
1433,3173,1.0
1433,4913,1.0
1433,6653,1.0
1434,3174,1.0
1434,4914,1.0
1434,6654,1.0
1435,3175,1.0
1435,4915,1.0
1435,6655,1.0
1436,3176,1.0
1436,4916,1.0
1436,6656,1.0
1437,3177,1.0
1437,4917,1.0
1437,6657,1.0
1438,3178,1.0
1438,4918,1.0
1438,6658,1.0
1439,3179,1.0
1439,4919,1.0
1439,6659,1.0
1440,3180,1.0
1440,4920,1.0
1440,6660,1.0
1441,3181,1.0
1441,4921,1.0
1441,6661,1.0
1442,3152,1.0
1442,3182,1.0
1442,4892,1.0
1442,4922,1.0
1442,6632,1.0
1442,6662,1.0
1443,3034,0.8166666666666667
1443,3183,1.0
1443,4774,0.8166666666666667
1443,4923,1.0
1443,6663,1.0
1443,21514,0.8166666666666667
1444,3035,1.0
1444,3184,1.0
1444,4775,1.0
1444,4924,1.0
1444,6664,1.0
1444,21515,1.0
1445,3036,0.875
1445,3185,1.0
1445,4776,0.875
1445,4925,1.0
1445,6665,1.0
1445,21516,0.875
1446,3037,1.0
1446,3186,1.0
1446,4777,1.0
1446,4926,1.0
1446,6666,1.0
1446,21517,1.0
1447,3038,1.0
1447,3187,1.0
1447,4778,1.0
1447,4927,1.0
1447,6667,1.0
1447,21518,1.0
1448,3039,1.0
1448,3188,1.0
1448,4779,1.0
1448,4928,1.0
1448,6668,1.0
1448,21519,1.0
1449,3040,0.8416666666666667
1449,3189,1.0
1449,4780,0.8416666666666667
1449,4929,1.0
1449,6669,1.0
1449,21520,0.8416666666666667
1450,3041,0.8166666666666667
1450,3190,1.0
1450,4781,0.8166666666666667
1450,4930,1.0
1450,6670,1.0
1450,21521,0.8166666666666667
1451,3042,1.0
1451,3191,1.0
1451,4782,1.0
1451,4931,1.0
1451,6671,1.0
1451,21522,1.0
1452,3043,0.9666666666666667
1452,3192,1.0
1452,4783,0.9666666666666667
1452,4932,1.0
1452,6672,1.0
1452,21523,0.9666666666666667
1453,3044,1.0
1453,3193,1.0
1453,4784,1.0
1453,4933,1.0
1453,6673,1.0
1453,21524,1.0
1454,3045,1.0
1454,3194,1.0
1454,4785,1.0
1454,4934,1.0
1454,6674,1.0
1454,21525,1.0
1455,3046,0.8416666666666667
1455,3195,1.0
1455,4786,0.8416666666666667
1455,4935,1.0
1455,6675,1.0
1455,21526,0.8416666666666667
1456,3047,1.0
1456,3196,1.0
1456,4787,1.0
1456,4936,1.0
1456,6676,1.0
1456,21527,1.0
1457,3048,1.0
1457,3197,1.0
1457,4788,1.0
1457,4937,1.0
1457,6677,1.0
1457,21528,1.0
1458,3049,1.0
1458,3198,1.0
1458,4789,1.0
1458,4938,1.0
1458,6678,1.0
1458,8418,1.0
1458,21529,1.0
1459,3050,0.875
1459,3199,1.0
1459,4790,0.875
1459,4939,1.0
1459,6679,1.0
1459,8419,1.0
1459,21530,0.875
1460,3051,0.9333333333333333
1460,3200,1.0
1460,4791,0.9333333333333333
1460,4940,1.0
1460,6680,1.0
1460,8420,1.0
1460,21531,0.9333333333333333
1461,3201,1.0
1461,4941,1.0
1461,6681,1.0
1461,8421,1.0
1462,3053,1.0
1462,3202,1.0
1462,4793,1.0
1462,4942,1.0
1462,6682,1.0
1462,8422,1.0
1462,21533,1.0
1463,3054,1.0
1463,3203,1.0
1463,4794,1.0
1463,4943,1.0
1463,6683,1.0
1463,8423,1.0
1463,21534,1.0
2928,17928,1.0
2928,19668,1.0
2928,21408,1.0
2929,17929,1.0
2929,19669,1.0
2929,21409,1.0
2930,17930,1.0
2930,19670,1.0
2930,21410,1.0
2931,17931,1.0
2931,19671,1.0
2931,21411,1.0
2932,17932,1.0
2932,19672,1.0
2932,21412,1.0
2933,17933,1.0
2933,19673,1.0
2933,21413,1.0
2934,19674,1.0
2934,21414,1.0
2935,19675,1.0
2935,21415,1.0
2936,19676,1.0
2936,21416,1.0
2937,19677,1.0
2937,21417,1.0
2938,19678,1.0
2938,21418,1.0
2939,19679,1.0
2939,21419,1.0
2940,19680,1.0
2940,21420,1.0
2941,19681,1.0
2941,21421,1.0
2942,19682,1.0
2942,21422,1.0
2943,17884,1.0
2943,19624,1.0
2943,19683,1.0
2943,21364,1.0
2943,21423,1.0
2944,19684,1.0
2944,21424,1.0
2945,19685,1.0
2945,21425,1.0
2946,19686,1.0
2946,21426,1.0
2947,19687,1.0
2947,21427,1.0
2948,19688,1.0
2948,21428,1.0
2949,19689,1.0
2949,21429,1.0
2950,19690,1.0
2950,21430,1.0
2951,19691,1.0
2951,21431,1.0
2952,19692,1.0
2952,21432,1.0
2953,19693,1.0
2953,21433,1.0
2954,19694,1.0
2954,21434,1.0
2955,19695,1.0
2955,21435,1.0
2956,19696,1.0
2956,21436,1.0
2957,19697,1.0
2957,21437,1.0
2958,19698,1.0
2958,21438,1.0
2959,19699,1.0
2959,21439,1.0
2960,19700,1.0
2960,21440,1.0
2961,19701,1.0
2961,21441,1.0
2962,19702,1.0
2962,21442,1.0
2963,19703,1.0
2963,21443,1.0
2964,19704,1.0
2964,21444,1.0
2965,19705,1.0
2965,21445,1.0
2966,19706,1.0
2966,21446,1.0
2967,19707,1.0
2967,21447,1.0
2968,19708,1.0
2968,21448,1.0
2969,19709,1.0
2969,21449,1.0
2970,19710,1.0
2970,21450,1.0
2971,19711,1.0
2971,21451,1.0
2972,3002,1.0
2972,19712,1.0
2972,19742,1.0
2972,21452,1.0
2972,21482,1.0
2973,19713,1.0
2973,21453,1.0
2974,3033,1.0
2974,4773,1.0
2974,19714,1.0
2974,21454,1.0
2974,21513,1.0
2975,19715,1.0
2975,21455,1.0
2976,19716,1.0
2976,21456,1.0
2977,19717,1.0
2977,21457,1.0
2978,19718,1.0
2978,21458,1.0
2979,19719,1.0
2979,21459,1.0
2980,19720,1.0
2980,21460,1.0
2981,19721,1.0
2981,21461,1.0
2982,19722,1.0
2982,21462,1.0
2983,19723,1.0
2983,21463,1.0
2984,19724,1.0
2984,21464,1.0
2985,19725,1.0
2985,21465,1.0
2986,19726,1.0
2986,21466,1.0
2987,19727,1.0
2987,21467,1.0
2988,19728,1.0
2988,21468,1.0
2989,19729,1.0
2989,21469,1.0
2990,19730,1.0
2990,21470,1.0
2991,19731,1.0
2991,21471,1.0
2992,19732,1.0
2992,21472,1.0
2993,19733,1.0
2993,21473,1.0
2994,19734,1.0
2994,21474,1.0
2995,19735,1.0
2995,21475,1.0
2996,19736,1.0
2996,21476,1.0
2997,19737,1.0
2997,21477,1.0
2998,19738,1.0
2998,21478,1.0
2999,19739,1.0
2999,21479,1.0
3000,19740,1.0
3000,21480,1.0
3001,19741,1.0
3001,21481,1.0
3002,19712,1.0
3002,19742,1.0
3002,21452,1.0
3002,21482,1.0
3003,19743,1.0
3003,21483,1.0
3004,19744,1.0
3004,21484,1.0
3005,19745,1.0
3005,21485,1.0
3006,19746,1.0
3006,21486,1.0
3007,19747,1.0
3007,21487,1.0
3008,19748,1.0
3008,21488,1.0
3009,19749,1.0
3009,21489,1.0
3010,19750,1.0
3010,21490,1.0
3011,19751,1.0
3011,21491,1.0
3012,19752,1.0
3012,21492,1.0
3013,19753,1.0
3013,21493,1.0
3014,19754,1.0
3014,21494,1.0
3015,19755,1.0
3015,21495,1.0
3016,19756,1.0
3016,21496,1.0
3017,19757,1.0
3017,21497,1.0
3018,4758,1.0
3018,19758,1.0
3018,21498,1.0
3019,4759,1.0
3019,19759,1.0
3019,21499,1.0
3020,4760,1.0
3020,19760,1.0
3020,21500,1.0
3021,4761,1.0
3021,19761,1.0
3021,21501,1.0
3022,4762,1.0
3022,19762,1.0
3022,21502,1.0
3023,4763,1.0
3023,19763,1.0
3023,21503,1.0
3024,4764,1.0
3024,21504,1.0
3025,4765,1.0
3025,21505,1.0
3026,4766,1.0
3026,21506,1.0
3027,4767,1.0
3027,21507,1.0
3028,4768,1.0
3028,21508,1.0
3029,4769,1.0
3029,21509,1.0
3030,4770,1.0
3030,6901,0.5583333333333333
3030,8641,0.5583333333333333
3030,10381,0.5583333333333333
3030,12121,0.5583333333333333
3030,21510,1.0
3031,4771,1.0
3031,21511,1.0
3032,4772,1.0
3032,21512,1.0
3033,4773,1.0
3033,19714,1.0
3033,21454,1.0
3033,21513,1.0
3034,3183,0.8166666666666667
3034,4774,1.0
3034,4923,0.8166666666666667
3034,6663,0.8166666666666667
3034,21514,1.0
3035,3184,1.0
3035,4775,1.0
3035,4924,1.0
3035,6664,1.0
3035,21515,1.0
3036,3185,0.875
3036,4776,1.0
3036,4925,0.875
3036,6665,0.875
3036,21516,1.0
3037,3186,1.0
3037,4777,1.0
3037,4926,1.0
3037,6666,1.0
3037,21517,1.0
3038,3187,1.0
3038,4778,1.0
3038,4927,1.0
3038,6667,1.0
3038,21518,1.0
3039,3188,1.0
3039,4779,1.0
3039,4928,1.0
3039,6668,1.0
3039,21519,1.0
3040,3189,0.8416666666666667
3040,4780,1.0
3040,4929,0.8416666666666667
3040,6669,0.8416666666666667
3040,21520,1.0
3041,3190,0.8166666666666667
3041,4781,1.0
3041,4930,0.8166666666666667
3041,6670,0.8166666666666667
3041,21521,1.0
3042,3191,1.0
3042,4782,1.0
3042,4931,1.0
3042,6671,1.0
3042,21522,1.0
3043,3192,0.9666666666666667
3043,4783,1.0
3043,4932,0.9666666666666667
3043,6672,0.9666666666666667
3043,21523,1.0
3044,3193,1.0
3044,4784,1.0
3044,4933,1.0
3044,6673,1.0
3044,21524,1.0
3045,3194,1.0
3045,4785,1.0
3045,4934,1.0
3045,6674,1.0
3045,21525,1.0
3046,3195,0.8416666666666667
3046,4786,1.0
3046,4935,0.8416666666666667
3046,6675,0.8416666666666667
3046,21526,1.0
3047,3196,1.0
3047,4787,1.0
3047,4936,1.0
3047,6676,1.0
3047,21527,1.0
3048,3197,1.0
3048,4788,1.0
3048,4937,1.0
3048,6677,1.0
3048,21528,1.0
3049,3198,1.0
3049,4789,1.0
3049,4938,1.0
3049,6678,1.0
3049,8418,1.0
3049,21529,1.0
3050,3199,0.875
3050,4790,1.0
3050,4939,0.875
3050,6679,0.875
3050,8419,0.875
3050,21530,1.0
3051,3200,0.9333333333333333
3051,4791,1.0
3051,4940,0.9333333333333333
3051,6680,0.9333333333333333
3051,8420,0.9333333333333333
3051,21531,1.0
3052,4792,1.0
3052,21532,1.0
3053,3202,1.0
3053,4793,1.0
3053,4942,1.0
3053,6682,1.0
3053,8422,1.0
3053,21533,1.0
3054,3203,1.0
3054,4794,1.0
3054,4943,1.0
3054,6683,1.0
3054,8423,1.0
3054,21534,1.0
3055,3204,1.0
3055,4795,1.0
3055,4944,1.0
3055,6684,1.0
3055,8424,1.0
3055,21535,1.0
3056,3205,1.0
3056,4796,1.0
3056,4945,1.0
3056,6685,1.0
3056,8425,1.0
3056,21536,1.0
3057,3206,0.8416666666666667
3057,4797,1.0
3057,4946,0.8416666666666667
3057,6686,0.8416666666666667
3057,8426,0.8416666666666667
3057,21537,1.0
3058,3207,0.8583333333333333
3058,4798,1.0
3058,4947,0.8583333333333333
3058,6687,0.8583333333333333
3058,8427,0.8583333333333333
3058,21538,1.0
3059,3208,0.3333333333333333
3059,4799,1.0
3059,4948,0.3333333333333333
3059,6688,0.3333333333333333
3059,8428,0.3333333333333333
3059,21539,1.0
3060,3209,0.9333333333333333
3060,4800,1.0
3060,4949,0.9333333333333333
3060,6689,0.9333333333333333
3060,8429,0.9333333333333333
3060,21540,1.0
3061,4801,1.0
3061,14190,0.375
3061,15930,0.375
3061,17670,0.375
3061,19410,0.375
3061,21541,1.0
3062,3092,0.95
3062,4802,1.0
3062,4832,0.95
3062,21542,1.0
3062,21572,0.95
3063,4803,1.0
3063,21543,1.0
3064,3123,1.0
3064,4804,1.0
3064,4863,1.0
3064,6603,1.0
3064,21544,1.0
3065,4805,1.0
3065,21545,1.0
3066,4806,1.0
3066,21546,1.0
3067,4807,1.0
3067,21547,1.0
3068,4808,1.0
3068,21548,1.0
3069,4809,1.0
3069,21549,1.0
3070,4810,1.0
3070,21550,1.0
3071,4811,1.0
3071,21551,1.0
3072,4812,1.0
3072,21552,1.0
3073,4813,1.0
3073,21553,1.0
3074,4814,1.0
3074,21554,1.0
3075,4815,1.0
3075,21555,1.0
3076,4816,1.0
3076,21556,1.0
3077,4817,1.0
3077,21557,1.0
3078,4818,1.0
3078,21558,1.0
3079,4819,1.0
3079,21559,1.0
3080,4820,1.0
3080,21560,1.0
3081,4821,1.0
3081,21561,1.0
3082,4822,1.0
3082,21562,1.0
3083,4823,1.0
3083,21563,1.0
3084,4824,1.0
3084,21564,1.0
3085,4825,1.0
3085,21565,1.0
3086,4826,1.0
3086,21566,1.0
3087,4827,1.0
3087,21567,1.0
3088,4828,1.0
3088,21568,1.0
3089,4829,1.0
3089,21569,1.0
3090,4830,1.0
3090,21570,1.0
3091,4831,1.0
3091,21571,1.0
3092,4802,0.95
3092,4832,1.0
3092,21542,0.95
3092,21572,1.0
3093,4833,1.0
3093,21573,1.0
3094,4834,1.0
3094,21574,1.0
3095,4835,1.0
3095,21575,1.0
3096,4836,1.0
3096,21576,1.0
3097,4837,1.0
3097,21577,1.0
3098,4838,1.0
3098,21578,1.0
3099,4839,1.0
3099,21579,1.0
3100,4840,1.0
3100,21580,1.0
3101,4841,1.0
3101,21581,1.0
3102,4842,1.0
3102,21582,1.0
3103,4843,1.0
3103,21583,1.0
3104,4844,1.0
3104,21584,1.0
3105,4845,1.0
3105,21585,1.0
3106,4846,1.0
3106,21586,1.0
3107,4847,1.0
3107,21587,1.0
3108,4848,1.0
3108,6588,1.0
3108,21588,1.0
3109,4849,1.0
3109,6589,1.0
3109,21589,1.0
3110,4850,1.0
3110,6590,1.0
3110,21590,1.0
3111,4851,1.0
3111,6591,1.0
3111,21591,1.0
3112,4852,1.0
3112,6592,1.0
3112,21592,1.0
3113,4853,1.0
3113,6593,1.0
3113,21593,1.0
3114,4854,1.0
3114,6594,1.0
3115,4855,1.0
3115,6595,1.0
3116,4856,1.0
3116,6596,1.0
3117,4857,1.0
3117,6597,1.0
3118,4858,1.0
3118,6598,1.0
3119,4859,1.0
3119,6599,1.0
3120,4860,1.0
3120,6600,1.0
3120,8731,0.675
3120,10471,0.675
3120,12211,0.675
3120,13951,0.675
3121,4861,1.0
3121,6601,1.0
3122,4862,1.0
3122,6602,1.0
3123,4804,1.0
3123,4863,1.0
3123,6603,1.0
3123,21544,1.0
3124,4864,1.0
3124,6604,1.0
3125,4865,1.0
3125,6605,1.0
3126,4866,1.0
3126,6606,1.0
3127,4867,1.0
3127,6607,1.0
3128,4868,1.0
3128,6608,1.0
3129,4869,1.0
3129,6609,1.0
3130,4870,1.0
3130,6610,1.0
3131,4871,1.0
3131,6611,1.0
3132,4872,1.0
3132,6612,1.0
3133,4873,1.0
3133,6613,1.0
3134,4874,1.0
3134,6614,1.0
3135,4875,1.0
3135,6615,1.0
3136,4876,1.0
3136,6616,1.0
3137,4877,1.0
3137,6617,1.0
3138,4878,1.0
3138,6618,1.0
3139,4879,1.0
3139,6619,1.0
3140,4880,1.0
3140,6620,1.0
3141,4881,1.0
3141,6621,1.0
3142,4882,1.0
3142,6622,1.0
3143,4883,1.0
3143,6623,1.0
3144,4884,1.0
3144,6624,1.0
3145,4885,1.0
3145,6625,1.0
3146,4886,1.0
3146,6626,1.0
3147,4887,1.0
3147,6627,1.0
3148,4888,1.0
3148,6628,1.0
3149,4889,1.0
3149,6629,1.0
3150,4890,1.0
3150,6630,1.0
3151,4891,1.0
3151,6631,1.0
3152,3182,1.0
3152,4892,1.0
3152,4922,1.0
3152,6632,1.0
3152,6662,1.0
3153,4893,1.0
3153,6633,1.0
3154,3213,0.8083333333333333
3154,4894,1.0
3154,4953,0.8083333333333333
3154,6634,1.0
3154,6693,0.8083333333333333
3154,8433,0.8083333333333333
3155,4895,1.0
3155,6635,1.0
3156,4896,1.0
3156,6636,1.0
3157,4897,1.0
3157,6637,1.0
3158,4898,1.0
3158,6638,1.0
3159,4899,1.0
3159,6639,1.0
3160,4900,1.0
3160,6640,1.0
3161,4901,1.0
3161,6641,1.0
3162,4902,1.0
3162,6642,1.0
3163,4903,1.0
3163,6643,1.0
3164,4904,1.0
3164,6644,1.0
3165,4905,1.0
3165,6645,1.0
3166,4906,1.0
3166,6646,1.0
3167,4907,1.0
3167,6647,1.0
3168,4908,1.0
3168,6648,1.0
3169,4909,1.0
3169,6649,1.0
3170,4910,1.0
3170,6650,1.0
3171,4911,1.0
3171,6651,1.0
3172,4912,1.0
3172,6652,1.0
3173,4913,1.0
3173,6653,1.0
3174,4914,1.0
3174,6654,1.0
3175,4915,1.0
3175,6655,1.0
3176,4916,1.0
3176,6656,1.0
3177,4917,1.0
3177,6657,1.0
3178,4918,1.0
3178,6658,1.0
3179,4919,1.0
3179,6659,1.0
3180,4920,1.0
3180,6660,1.0
3181,4921,1.0
3181,6661,1.0
3182,4892,1.0
3182,4922,1.0
3182,6632,1.0
3182,6662,1.0
3183,4774,0.8166666666666667
3183,4923,1.0
3183,6663,1.0
3183,21514,0.8166666666666667
3184,4775,1.0
3184,4924,1.0
3184,6664,1.0
3184,21515,1.0
3185,4776,0.875
3185,4925,1.0
3185,6665,1.0
3185,21516,0.875
3186,4777,1.0
3186,4926,1.0
3186,6666,1.0
3186,21517,1.0
3187,4778,1.0
3187,4927,1.0
3187,6667,1.0
3187,21518,1.0
3188,4779,1.0
3188,4928,1.0
3188,6668,1.0
3188,21519,1.0
3189,4780,0.8416666666666667
3189,4929,1.0
3189,6669,1.0
3189,21520,0.8416666666666667
3190,4781,0.8166666666666667
3190,4930,1.0
3190,6670,1.0
3190,21521,0.8166666666666667
3191,4782,1.0
3191,4931,1.0
3191,6671,1.0
3191,21522,1.0
3192,4783,0.9666666666666667
3192,4932,1.0
3192,6672,1.0
3192,21523,0.9666666666666667
3193,4784,1.0
3193,4933,1.0
3193,6673,1.0
3193,21524,1.0
3194,4785,1.0
3194,4934,1.0
3194,6674,1.0
3194,21525,1.0
3195,4786,0.8416666666666667
3195,4935,1.0
3195,6675,1.0
3195,21526,0.8416666666666667
3196,4787,1.0
3196,4936,1.0
3196,6676,1.0
3196,21527,1.0
3197,4788,1.0
3197,4937,1.0
3197,6677,1.0
3197,21528,1.0
3198,4789,1.0
3198,4938,1.0
3198,6678,1.0
3198,8418,1.0
3198,21529,1.0
3199,4790,0.875
3199,4939,1.0
3199,6679,1.0
3199,8419,1.0
3199,21530,0.875
3200,4791,0.9333333333333333
3200,4940,1.0
3200,6680,1.0
3200,8420,1.0
3200,21531,0.9333333333333333
3201,4941,1.0
3201,6681,1.0
3201,8421,1.0
3202,4793,1.0
3202,4942,1.0
3202,6682,1.0
3202,8422,1.0
3202,21533,1.0
3203,4794,1.0
3203,4943,1.0
3203,6683,1.0
3203,8423,1.0
3203,21534,1.0
3204,4795,1.0
3204,4944,1.0
3204,6684,1.0
3204,8424,1.0
3204,21535,1.0
3205,4796,1.0
3205,4945,1.0
3205,6685,1.0
3205,8425,1.0
3205,21536,1.0
3206,4797,0.8416666666666667
3206,4946,1.0
3206,6686,1.0
3206,8426,1.0
3206,21537,0.8416666666666667
3207,4798,0.8583333333333333
3207,4947,1.0
3207,6687,1.0
3207,8427,1.0
3207,21538,0.8583333333333333
3208,4799,0.3333333333333333
3208,4948,1.0
3208,6688,1.0
3208,8428,1.0
3208,21539,0.3333333333333333
3209,4800,0.9333333333333333
3209,4949,1.0
3209,6689,1.0
3209,8429,1.0
3209,21540,0.9333333333333333
3210,4950,1.0
3210,6690,1.0
3210,8430,1.0
3210,10561,0.43333333333333335
3210,12301,0.43333333333333335
3210,14041,0.43333333333333335
3210,15781,0.43333333333333335
3211,4951,1.0
3211,6691,1.0
3211,8431,1.0
3212,4952,1.0
3212,6692,1.0
3212,8432,1.0
3213,4894,0.8083333333333333
3213,4953,1.0
3213,6634,0.8083333333333333
3213,6693,1.0
3213,8433,1.0
3214,4954,1.0
3214,6694,1.0
3214,8434,1.0
3215,4955,1.0
3215,6695,1.0
3215,8435,1.0
3216,4956,1.0
3216,6696,1.0
3216,8436,1.0
3217,4957,1.0
3217,6697,1.0
3217,8437,1.0
3218,4958,1.0
3218,6698,1.0
3218,8438,1.0
3219,4959,1.0
3219,6699,1.0
3219,8439,1.0
3220,4960,1.0
3220,6700,1.0
3220,8440,1.0
3221,4961,1.0
3221,6701,1.0
3221,8441,1.0
3222,4962,1.0
3222,6702,1.0
3222,8442,1.0
3223,4963,1.0
3223,6703,1.0
3223,8443,1.0
3224,4964,1.0
3224,6704,1.0
3224,8444,1.0
3225,4965,1.0
3225,6705,1.0
3225,8445,1.0
3226,4966,1.0
3226,6706,1.0
3226,8446,1.0
3227,4967,1.0
3227,6707,1.0
3227,8447,1.0
3228,4968,1.0
3228,6708,1.0
3228,8448,1.0
3229,4969,1.0
3229,6709,1.0
3229,8449,1.0
3230,4970,1.0
3230,6710,1.0
3230,8450,1.0
3231,4971,1.0
3231,6711,1.0
3231,8451,1.0
3232,4972,1.0
3232,6712,1.0
3232,8452,1.0
3233,4973,1.0
3233,6713,1.0
3233,8453,1.0
3234,4974,1.0
3234,6714,1.0
3234,8454,1.0
3235,4975,1.0
3235,6715,1.0
3235,8455,1.0
3236,4976,1.0
3236,6716,1.0
3236,8456,1.0
3237,4977,1.0
3237,6717,1.0
3237,8457,1.0
3238,4978,1.0
3238,6718,1.0
3238,8458,1.0
3239,4979,1.0
3239,6719,1.0
3239,8459,1.0
3240,4980,1.0
3240,6720,1.0
3240,8460,1.0
3241,4981,1.0
3241,6721,1.0
3241,8461,1.0
3242,3272,0.7916666666666666
3242,4982,1.0
3242,5012,0.7916666666666666
3242,6722,1.0
3242,6752,0.7916666666666666
3242,8462,1.0
3242,8492,0.7916666666666666
3243,4983,1.0
3243,6723,1.0
3243,8463,1.0
3244,4984,1.0
3244,5043,0.8916666666666667
3244,6724,1.0
3244,6783,0.8916666666666667
3244,8464,1.0
3244,8523,0.8916666666666667
3244,10263,0.8916666666666667
3245,4985,1.0
3245,6725,1.0
3245,8465,1.0
3246,4986,1.0
3246,6726,1.0
3246,8466,1.0
3247,4987,1.0
3247,6727,1.0
3247,8467,1.0
3248,4988,1.0
3248,6728,1.0
3248,8468,1.0
3249,4989,1.0
3249,6729,1.0
3249,8469,1.0
3250,4990,1.0
3250,6730,1.0
3250,8470,1.0
3251,4991,1.0
3251,6731,1.0
3251,8471,1.0
3252,4992,1.0
3252,6732,1.0
3252,8472,1.0
3253,4993,1.0
3253,6733,1.0
3253,8473,1.0
3254,4994,1.0
3254,6734,1.0
3254,8474,1.0
3255,4995,1.0
3255,6735,1.0
3255,8475,1.0
3256,4996,1.0
3256,6736,1.0
3256,8476,1.0
3257,4997,1.0
3257,6737,1.0
3257,8477,1.0
3258,4998,1.0
3258,6738,1.0
3258,8478,1.0
3259,4999,1.0
3259,6739,1.0
3259,8479,1.0
3260,5000,1.0
3260,6740,1.0
3260,8480,1.0
3261,5001,1.0
3261,6741,1.0
3261,8481,1.0
3262,5002,1.0
3262,6742,1.0
3262,8482,1.0
3263,5003,1.0
3263,6743,1.0
3263,8483,1.0
3264,5004,1.0
3264,6744,1.0
3264,8484,1.0
3265,5005,1.0
3265,6745,1.0
3265,8485,1.0
3266,5006,1.0
3266,6746,1.0
3266,8486,1.0
3267,5007,1.0
3267,6747,1.0
3267,8487,1.0
3268,5008,1.0
3268,6748,1.0
3268,8488,1.0
3269,5009,1.0
3269,6749,1.0
3269,8489,1.0
3270,5010,1.0
3270,6750,1.0
3270,8490,1.0
3271,5011,1.0
3271,6751,1.0
3271,8491,1.0
3272,4982,0.7916666666666666
3272,5012,1.0
3272,6722,0.7916666666666666
3272,6752,1.0
3272,8462,0.7916666666666666
3272,8492,1.0
3273,5013,1.0
3273,6753,1.0
3273,8493,1.0
3274,5014,1.0
3274,6754,1.0
3274,8494,1.0
3275,5015,1.0
3275,6755,1.0
3275,8495,1.0
3276,5016,1.0
3276,6756,1.0
3276,8496,1.0
3277,5017,1.0
3277,6757,1.0
3277,8497,1.0
3278,5018,1.0
3278,6758,1.0
3278,8498,1.0
3279,5019,1.0
3279,6759,1.0
3279,8499,1.0
3280,5020,1.0
3280,6760,1.0
3280,8500,1.0
3281,5021,1.0
3281,6761,1.0
3281,8501,1.0
3282,5022,1.0
3282,6762,1.0
3282,8502,1.0
3283,5023,1.0
3283,6763,1.0
3283,8503,1.0
3284,5024,1.0
3284,6764,1.0
3284,8504,1.0
3285,5025,1.0
3285,6765,1.0
3285,8505,1.0
3286,5026,1.0
3286,6766,1.0
3286,8506,1.0
3287,5027,1.0
3287,6767,1.0
3287,8507,1.0
3288,5028,1.0
3288,6768,1.0
3288,8508,1.0
3288,10248,1.0
3289,5029,1.0
3289,6769,1.0
3289,8509,1.0
3289,10249,1.0
3290,5030,1.0
3290,6770,1.0
3290,8510,1.0
3290,10250,1.0
3291,5031,1.0
3291,6771,1.0
3291,8511,1.0
3291,10251,1.0
3292,5032,1.0
3292,6772,1.0
3292,8512,1.0
3292,10252,1.0
3293,5033,1.0
3293,6773,1.0
3293,8513,1.0
3293,10253,1.0
4758,19758,1.0
4758,21498,1.0
4759,19759,1.0
4759,21499,1.0
4760,19760,1.0
4760,21500,1.0
4761,19761,1.0
4761,21501,1.0
4762,19762,1.0
4762,21502,1.0
4763,19763,1.0
4763,21503,1.0
4764,21504,1.0
4765,21505,1.0
4766,21506,1.0
4767,21507,1.0
4768,21508,1.0
4769,21509,1.0
4770,6901,0.5583333333333333
4770,8641,0.5583333333333333
4770,10381,0.5583333333333333
4770,12121,0.5583333333333333
4770,21510,1.0
4771,21511,1.0
4772,21512,1.0
4773,19714,1.0
4773,21454,1.0
4773,21513,1.0
4774,4923,0.8166666666666667
4774,6663,0.8166666666666667
4774,21514,1.0
4775,4924,1.0
4775,6664,1.0
4775,21515,1.0
4776,4925,0.875
4776,6665,0.875
4776,21516,1.0
4777,4926,1.0
4777,6666,1.0
4777,21517,1.0
4778,4927,1.0
4778,6667,1.0
4778,21518,1.0
4779,4928,1.0
4779,6668,1.0
4779,21519,1.0
4780,4929,0.8416666666666667
4780,6669,0.8416666666666667
4780,21520,1.0
4781,4930,0.8166666666666667
4781,6670,0.8166666666666667
4781,21521,1.0
4782,4931,1.0
4782,6671,1.0
4782,21522,1.0
4783,4932,0.9666666666666667
4783,6672,0.9666666666666667
4783,21523,1.0
4784,4933,1.0
4784,6673,1.0
4784,21524,1.0
4785,4934,1.0
4785,6674,1.0
4785,21525,1.0
4786,4935,0.8416666666666667
4786,6675,0.8416666666666667
4786,21526,1.0
4787,4936,1.0
4787,6676,1.0
4787,21527,1.0
4788,4937,1.0
4788,6677,1.0
4788,21528,1.0
4789,4938,1.0
4789,6678,1.0
4789,8418,1.0
4789,21529,1.0
4790,4939,0.875
4790,6679,0.875
4790,8419,0.875
4790,21530,1.0
4791,4940,0.9333333333333333
4791,6680,0.9333333333333333
4791,8420,0.9333333333333333
4791,21531,1.0
4792,21532,1.0
4793,4942,1.0
4793,6682,1.0
4793,8422,1.0
4793,21533,1.0
4794,4943,1.0
4794,6683,1.0
4794,8423,1.0
4794,21534,1.0
4795,4944,1.0
4795,6684,1.0
4795,8424,1.0
4795,21535,1.0
4796,4945,1.0
4796,6685,1.0
4796,8425,1.0
4796,21536,1.0
4797,4946,0.8416666666666667
4797,6686,0.8416666666666667
4797,8426,0.8416666666666667
4797,21537,1.0
4798,4947,0.8583333333333333
4798,6687,0.8583333333333333
4798,8427,0.8583333333333333
4798,21538,1.0
4799,4948,0.3333333333333333
4799,6688,0.3333333333333333
4799,8428,0.3333333333333333
4799,21539,1.0
4800,4949,0.9333333333333333
4800,6689,0.9333333333333333
4800,8429,0.9333333333333333
4800,21540,1.0
4801,14190,0.375
4801,15930,0.375
4801,17670,0.375
4801,19410,0.375
4801,21541,1.0
4802,4832,0.95
4802,21542,1.0
4802,21572,0.95
4803,21543,1.0
4804,4863,1.0
4804,6603,1.0
4804,21544,1.0
4805,21545,1.0
4806,21546,1.0
4807,21547,1.0
4808,21548,1.0
4809,21549,1.0
4810,21550,1.0
4811,21551,1.0
4812,21552,1.0
4813,21553,1.0
4814,21554,1.0
4815,21555,1.0
4816,21556,1.0
4817,21557,1.0
4818,21558,1.0
4819,21559,1.0
4820,21560,1.0
4821,21561,1.0
4822,21562,1.0
4823,21563,1.0
4824,21564,1.0
4825,21565,1.0
4826,21566,1.0
4827,21567,1.0
4828,21568,1.0
4829,21569,1.0
4830,21570,1.0
4831,21571,1.0
4832,21542,0.95
4832,21572,1.0
4833,21573,1.0
4834,21574,1.0
4835,21575,1.0
4836,21576,1.0
4837,21577,1.0
4838,21578,1.0
4839,21579,1.0
4840,21580,1.0
4841,21581,1.0
4842,21582,1.0
4843,21583,1.0
4844,21584,1.0
4845,21585,1.0
4846,21586,1.0
4847,21587,1.0
4848,6588,1.0
4848,21588,1.0
4849,6589,1.0
4849,21589,1.0
4850,6590,1.0
4850,21590,1.0
4851,6591,1.0
4851,21591,1.0
4852,6592,1.0
4852,21592,1.0
4853,6593,1.0
4853,21593,1.0
4854,6594,1.0
4855,6595,1.0
4856,6596,1.0
4857,6597,1.0
4858,6598,1.0
4859,6599,1.0
4860,6600,1.0
4860,8731,0.675
4860,10471,0.675
4860,12211,0.675
4860,13951,0.675
4861,6601,1.0
4862,6602,1.0
4863,6603,1.0
4863,21544,1.0
4864,6604,1.0
4865,6605,1.0
4866,6606,1.0
4867,6607,1.0
4868,6608,1.0
4869,6609,1.0
4870,6610,1.0
4871,6611,1.0
4872,6612,1.0
4873,6613,1.0
4874,6614,1.0
4875,6615,1.0
4876,6616,1.0
4877,6617,1.0
4878,6618,1.0
4879,6619,1.0
4880,6620,1.0
4881,6621,1.0
4882,6622,1.0
4883,6623,1.0
4884,6624,1.0
4885,6625,1.0
4886,6626,1.0
4887,6627,1.0
4888,6628,1.0
4889,6629,1.0
4890,6630,1.0
4891,6631,1.0
4892,4922,1.0
4892,6632,1.0
4892,6662,1.0
4893,6633,1.0
4894,4953,0.8083333333333333
4894,6634,1.0
4894,6693,0.8083333333333333
4894,8433,0.8083333333333333
4895,6635,1.0
4896,6636,1.0
4897,6637,1.0
4898,6638,1.0
4899,6639,1.0
4900,6640,1.0
4901,6641,1.0
4902,6642,1.0
4903,6643,1.0
4904,6644,1.0
4905,6645,1.0
4906,6646,1.0
4907,6647,1.0
4908,6648,1.0
4909,6649,1.0
4910,6650,1.0
4911,6651,1.0
4912,6652,1.0
4913,6653,1.0
4914,6654,1.0
4915,6655,1.0
4916,6656,1.0
4917,6657,1.0
4918,6658,1.0
4919,6659,1.0
4920,6660,1.0
4921,6661,1.0
4922,6632,1.0
4922,6662,1.0
4923,6663,1.0
4923,21514,0.8166666666666667
4924,6664,1.0
4924,21515,1.0
4925,6665,1.0
4925,21516,0.875
4926,6666,1.0
4926,21517,1.0
4927,6667,1.0
4927,21518,1.0
4928,6668,1.0
4928,21519,1.0
4929,6669,1.0
4929,21520,0.8416666666666667
4930,6670,1.0
4930,21521,0.8166666666666667
4931,6671,1.0
4931,21522,1.0
4932,6672,1.0
4932,21523,0.9666666666666667
4933,6673,1.0
4933,21524,1.0
4934,6674,1.0
4934,21525,1.0
4935,6675,1.0
4935,21526,0.8416666666666667
4936,6676,1.0
4936,21527,1.0
4937,6677,1.0
4937,21528,1.0
4938,6678,1.0
4938,8418,1.0
4938,21529,1.0
4939,6679,1.0
4939,8419,1.0
4939,21530,0.875
4940,6680,1.0
4940,8420,1.0
4940,21531,0.9333333333333333
4941,6681,1.0
4941,8421,1.0
4942,6682,1.0
4942,8422,1.0
4942,21533,1.0
4943,6683,1.0
4943,8423,1.0
4943,21534,1.0
4944,6684,1.0
4944,8424,1.0
4944,21535,1.0
4945,6685,1.0
4945,8425,1.0
4945,21536,1.0
4946,6686,1.0
4946,8426,1.0
4946,21537,0.8416666666666667
4947,6687,1.0
4947,8427,1.0
4947,21538,0.8583333333333333
4948,6688,1.0
4948,8428,1.0
4948,21539,0.3333333333333333
4949,6689,1.0
4949,8429,1.0
4949,21540,0.9333333333333333
4950,6690,1.0
4950,8430,1.0
4950,10561,0.43333333333333335
4950,12301,0.43333333333333335
4950,14041,0.43333333333333335
4950,15781,0.43333333333333335
4951,6691,1.0
4951,8431,1.0
4952,6692,1.0
4952,8432,1.0
4953,6634,0.8083333333333333
4953,6693,1.0
4953,8433,1.0
4954,6694,1.0
4954,8434,1.0
4955,6695,1.0
4955,8435,1.0
4956,6696,1.0
4956,8436,1.0
4957,6697,1.0
4957,8437,1.0
4958,6698,1.0
4958,8438,1.0
4959,6699,1.0
4959,8439,1.0
4960,6700,1.0
4960,8440,1.0
4961,6701,1.0
4961,8441,1.0
4962,6702,1.0
4962,8442,1.0
4963,6703,1.0
4963,8443,1.0
4964,6704,1.0
4964,8444,1.0
4965,6705,1.0
4965,8445,1.0
4966,6706,1.0
4966,8446,1.0
4967,6707,1.0
4967,8447,1.0
4968,6708,1.0
4968,8448,1.0
4969,6709,1.0
4969,8449,1.0
4970,6710,1.0
4970,8450,1.0
4971,6711,1.0
4971,8451,1.0
4972,6712,1.0
4972,8452,1.0
4973,6713,1.0
4973,8453,1.0
4974,6714,1.0
4974,8454,1.0
4975,6715,1.0
4975,8455,1.0
4976,6716,1.0
4976,8456,1.0
4977,6717,1.0
4977,8457,1.0
4978,6718,1.0
4978,8458,1.0
4979,6719,1.0
4979,8459,1.0
4980,6720,1.0
4980,8460,1.0
4981,6721,1.0
4981,8461,1.0
4982,5012,0.7916666666666666
4982,6722,1.0
4982,6752,0.7916666666666666
4982,8462,1.0
4982,8492,0.7916666666666666
4983,6723,1.0
4983,8463,1.0
4984,5043,0.8916666666666667
4984,6724,1.0
4984,6783,0.8916666666666667
4984,8464,1.0
4984,8523,0.8916666666666667
4984,10263,0.8916666666666667
4985,6725,1.0
4985,8465,1.0
4986,6726,1.0
4986,8466,1.0
4987,6727,1.0
4987,8467,1.0
4988,6728,1.0
4988,8468,1.0
4989,6729,1.0
4989,8469,1.0
4990,6730,1.0
4990,8470,1.0
4991,6731,1.0
4991,8471,1.0
4992,6732,1.0
4992,8472,1.0
4993,6733,1.0
4993,8473,1.0
4994,6734,1.0
4994,8474,1.0
4995,6735,1.0
4995,8475,1.0
4996,6736,1.0
4996,8476,1.0
4997,6737,1.0
4997,8477,1.0
4998,6738,1.0
4998,8478,1.0
4999,6739,1.0
4999,8479,1.0
5000,6740,1.0
5000,8480,1.0
5001,6741,1.0
5001,8481,1.0
5002,6742,1.0
5002,8482,1.0
5003,6743,1.0
5003,8483,1.0
5004,6744,1.0
5004,8484,1.0
5005,6745,1.0
5005,8485,1.0
5006,6746,1.0
5006,8486,1.0
5007,6747,1.0
5007,8487,1.0
5008,6748,1.0
5008,8488,1.0
5009,6749,1.0
5009,8489,1.0
5010,6750,1.0
5010,8490,1.0
5011,6751,1.0
5011,8491,1.0
5012,6722,0.7916666666666666
5012,6752,1.0
5012,8462,0.7916666666666666
5012,8492,1.0
5013,6753,1.0
5013,8493,1.0
5014,6754,1.0
5014,8494,1.0
5015,6755,1.0
5015,8495,1.0
5016,6756,1.0
5016,8496,1.0
5017,6757,1.0
5017,8497,1.0
5018,6758,1.0
5018,8498,1.0
5019,6759,1.0
5019,8499,1.0
5020,6760,1.0
5020,8500,1.0
5021,6761,1.0
5021,8501,1.0
5022,6762,1.0
5022,8502,1.0
5023,6763,1.0
5023,8503,1.0
5024,6764,1.0
5024,8504,1.0
5025,6765,1.0
5025,8505,1.0
5026,6766,1.0
5026,8506,1.0
5027,6767,1.0
5027,8507,1.0
5028,6768,1.0
5028,8508,1.0
5028,10248,1.0
5029,6769,1.0
5029,8509,1.0
5029,10249,1.0
5030,6770,1.0
5030,8510,1.0
5030,10250,1.0
5031,6771,1.0
5031,8511,1.0
5031,10251,1.0
5032,6772,1.0
5032,8512,1.0
5032,10252,1.0
5033,6773,1.0
5033,8513,1.0
5033,10253,1.0
5034,6774,1.0
5034,8514,1.0
5034,10254,1.0
5035,6775,1.0
5035,8515,1.0
5035,10255,1.0
5036,6776,1.0
5036,8516,1.0
5036,10256,1.0
5037,6777,1.0
5037,8517,1.0
5037,10257,1.0
5038,6778,1.0
5038,8518,1.0
5038,10258,1.0
5039,6779,1.0
5039,8519,1.0
5039,10259,1.0
5040,6780,1.0
5040,8520,1.0
5040,10260,1.0
5041,6781,1.0
5041,8521,1.0
5041,10261,1.0
5042,6782,1.0
5042,8522,1.0
5042,10262,1.0
5043,6724,0.8916666666666667
5043,6783,1.0
5043,8464,0.8916666666666667
5043,8523,1.0
5043,10263,1.0
5044,6784,1.0
5044,8524,1.0
5044,10264,1.0
5045,6785,1.0
5045,8525,1.0
5045,10265,1.0
5046,6786,1.0
5046,8526,1.0
5046,10266,1.0
5047,6787,1.0
5047,8527,1.0
5047,10267,1.0
5048,6788,1.0
5048,8528,1.0
5048,10268,1.0
5049,6789,1.0
5049,8529,1.0
5049,10269,1.0
5050,6790,1.0
5050,8530,1.0
5050,10270,1.0
5051,6791,1.0
5051,8531,1.0
5051,10271,1.0
5052,6792,1.0
5052,8532,1.0
5052,10272,1.0
5053,6793,1.0
5053,8533,1.0
5053,10273,1.0
5054,6794,1.0
5054,8534,1.0
5054,10274,1.0
5055,6795,1.0
5055,8535,1.0
5055,10275,1.0
5056,6796,1.0
5056,8536,1.0
5056,10276,1.0
5057,6797,1.0
5057,8537,1.0
5057,10277,1.0
5058,6798,1.0
5058,8538,1.0
5058,10278,1.0
5059,6799,1.0
5059,8539,1.0
5059,10279,1.0
5060,6800,1.0
5060,8540,1.0
5060,10280,1.0
5061,6801,1.0
5061,8541,1.0
5061,10281,1.0
5062,6802,1.0
5062,8542,1.0
5062,10282,1.0
5063,6803,1.0
5063,8543,1.0
5063,10283,1.0
5064,6804,1.0
5064,8544,1.0
5064,10284,1.0
5065,6805,1.0
5065,8545,1.0
5065,10285,1.0
5066,6806,1.0
5066,8546,1.0
5066,10286,1.0
5067,6807,1.0
5067,8547,1.0
5067,10287,1.0
5068,6808,1.0
5068,8548,1.0
5068,10288,1.0
5069,6809,1.0
5069,8549,1.0
5069,10289,1.0
5070,6810,1.0
5070,8550,1.0
5070,10290,1.0
5071,6811,1.0
5071,8551,1.0
5071,10291,1.0
5072,5102,1.0
5072,6812,1.0
5072,6842,1.0
5072,8552,1.0
5072,8582,1.0
5072,10292,1.0
5072,10322,1.0
5073,6813,1.0
5073,8553,1.0
5073,10293,1.0
5074,6814,1.0
5074,6873,1.0
5074,8554,1.0
5074,8613,1.0
5074,10294,1.0
5074,10353,1.0
5074,12093,1.0
5075,6815,1.0
5075,8555,1.0
5075,10295,1.0
5076,6816,1.0
5076,8556,1.0
5076,10296,1.0
5077,6817,1.0
5077,8557,1.0
5077,10297,1.0
5078,6818,1.0
5078,8558,1.0
5078,10298,1.0
5079,6819,1.0
5079,8559,1.0
5079,10299,1.0
5080,6820,1.0
5080,8560,1.0
5080,10300,1.0
5081,6821,1.0
5081,8561,1.0
5081,10301,1.0
5082,6822,1.0
5082,8562,1.0
5082,10302,1.0
5083,6823,1.0
5083,8563,1.0
5083,10303,1.0
5084,6824,1.0
5084,8564,1.0
5084,10304,1.0
5085,6825,1.0
5085,8565,1.0
5085,10305,1.0
5086,6826,1.0
5086,8566,1.0
5086,10306,1.0
5087,6827,1.0
5087,8567,1.0
5087,10307,1.0
5088,6828,1.0
5088,8568,1.0
5088,10308,1.0
5089,6829,1.0
5089,8569,1.0
5089,10309,1.0
5090,6830,1.0
5090,8570,1.0
5090,10310,1.0
5091,6831,1.0
5091,8571,1.0
5091,10311,1.0
5092,6832,1.0
5092,8572,1.0
5092,10312,1.0
5093,6833,1.0
5093,8573,1.0
5093,10313,1.0
5094,6834,1.0
5094,8574,1.0
5094,10314,1.0
5095,6835,1.0
5095,8575,1.0
5095,10315,1.0
5096,6836,1.0
5096,8576,1.0
5096,10316,1.0
5097,6837,1.0
5097,8577,1.0
5097,10317,1.0
5098,6838,1.0
5098,8578,1.0
5098,10318,1.0
5099,6839,1.0
5099,8579,1.0
5099,10319,1.0
5100,6840,1.0
5100,8580,1.0
5100,10320,1.0
5101,6841,1.0
5101,8581,1.0
5101,10321,1.0
5102,6812,1.0
5102,6842,1.0
5102,8552,1.0
5102,8582,1.0
5102,10292,1.0
5102,10322,1.0
5103,6843,1.0
5103,8583,1.0
5103,10323,1.0
5104,6844,1.0
5104,8584,1.0
5104,10324,1.0
5105,6845,1.0
5105,8585,1.0
5105,10325,1.0
5106,6846,1.0
5106,8586,1.0
5106,10326,1.0
5107,6847,1.0
5107,8587,1.0
5107,10327,1.0
5108,6848,1.0
5108,8588,1.0
5108,10328,1.0
5109,6849,1.0
5109,8589,1.0
5109,10329,1.0
5110,6850,1.0
5110,8590,1.0
5110,10330,1.0
5111,6851,1.0
5111,8591,1.0
5111,10331,1.0
5112,6852,1.0
5112,8592,1.0
5112,10332,1.0
5113,6853,1.0
5113,8593,1.0
5113,10333,1.0
5114,6854,1.0
5114,8594,1.0
5114,10334,1.0
5115,6855,1.0
5115,8595,1.0
5115,10335,1.0
5116,6856,1.0
5116,8596,1.0
5116,10336,1.0
5117,6857,1.0
5117,8597,1.0
5117,10337,1.0
5118,6858,1.0
5118,8598,1.0
5118,10338,1.0
5118,12078,1.0
5119,6859,1.0
5119,8599,1.0
5119,10339,1.0
5119,12079,1.0
5120,6860,1.0
5120,8600,1.0
5120,10340,1.0
5120,12080,1.0
5121,6861,1.0
5121,8601,1.0
5121,10341,1.0
5121,12081,1.0
5122,6862,1.0
5122,8602,1.0
5122,10342,1.0
5122,12082,1.0
5123,6863,1.0
5123,8603,1.0
5123,10343,1.0
5123,12083,1.0
6588,21588,1.0
6589,21589,1.0
6590,21590,1.0
6591,21591,1.0
6592,21592,1.0
6593,21593,1.0
6600,8731,0.675
6600,10471,0.675
6600,12211,0.675
6600,13951,0.675
6603,21544,1.0
6632,6662,1.0
6634,6693,0.8083333333333333
6634,8433,0.8083333333333333
6663,21514,0.8166666666666667
6664,21515,1.0
6665,21516,0.875
6666,21517,1.0
6667,21518,1.0
6668,21519,1.0
6669,21520,0.8416666666666667
6670,21521,0.8166666666666667
6671,21522,1.0
6672,21523,0.9666666666666667
6673,21524,1.0
6674,21525,1.0
6675,21526,0.8416666666666667
6676,21527,1.0
6677,21528,1.0
6678,8418,1.0
6678,21529,1.0
6679,8419,1.0
6679,21530,0.875
6680,8420,1.0
6680,21531,0.9333333333333333
6681,8421,1.0
6682,8422,1.0
6682,21533,1.0
6683,8423,1.0
6683,21534,1.0
6684,8424,1.0
6684,21535,1.0
6685,8425,1.0
6685,21536,1.0
6686,8426,1.0
6686,21537,0.8416666666666667
6687,8427,1.0
6687,21538,0.8583333333333333
6688,8428,1.0
6688,21539,0.3333333333333333
6689,8429,1.0
6689,21540,0.9333333333333333
6690,8430,1.0
6690,10561,0.43333333333333335
6690,12301,0.43333333333333335
6690,14041,0.43333333333333335
6690,15781,0.43333333333333335
6691,8431,1.0
6692,8432,1.0
6693,8433,1.0
6694,8434,1.0
6695,8435,1.0
6696,8436,1.0
6697,8437,1.0
6698,8438,1.0
6699,8439,1.0
6700,8440,1.0
6701,8441,1.0
6702,8442,1.0
6703,8443,1.0
6704,8444,1.0
6705,8445,1.0
6706,8446,1.0
6707,8447,1.0
6708,8448,1.0
6709,8449,1.0
6710,8450,1.0
6711,8451,1.0
6712,8452,1.0
6713,8453,1.0
6714,8454,1.0
6715,8455,1.0
6716,8456,1.0
6717,8457,1.0
6718,8458,1.0
6719,8459,1.0
6720,8460,1.0
6721,8461,1.0
6722,6752,0.7916666666666666
6722,8462,1.0
6722,8492,0.7916666666666666
6723,8463,1.0
6724,6783,0.8916666666666667
6724,8464,1.0
6724,8523,0.8916666666666667
6724,10263,0.8916666666666667
6725,8465,1.0
6726,8466,1.0
6727,8467,1.0
6728,8468,1.0
6729,8469,1.0
6730,8470,1.0
6731,8471,1.0
6732,8472,1.0
6733,8473,1.0
6734,8474,1.0
6735,8475,1.0
6736,8476,1.0
6737,8477,1.0
6738,8478,1.0
6739,8479,1.0
6740,8480,1.0
6741,8481,1.0
6742,8482,1.0
6743,8483,1.0
6744,8484,1.0
6745,8485,1.0
6746,8486,1.0
6747,8487,1.0
6748,8488,1.0
6749,8489,1.0
6750,8490,1.0
6751,8491,1.0
6752,8462,0.7916666666666666
6752,8492,1.0
6753,8493,1.0
6754,8494,1.0
6755,8495,1.0
6756,8496,1.0
6757,8497,1.0
6758,8498,1.0
6759,8499,1.0
6760,8500,1.0
6761,8501,1.0
6762,8502,1.0
6763,8503,1.0
6764,8504,1.0
6765,8505,1.0
6766,8506,1.0
6767,8507,1.0
6768,8508,1.0
6768,10248,1.0
6769,8509,1.0
6769,10249,1.0
6770,8510,1.0
6770,10250,1.0
6771,8511,1.0
6771,10251,1.0
6772,8512,1.0
6772,10252,1.0
6773,8513,1.0
6773,10253,1.0
6774,8514,1.0
6774,10254,1.0
6775,8515,1.0
6775,10255,1.0
6776,8516,1.0
6776,10256,1.0
6777,8517,1.0
6777,10257,1.0
6778,8518,1.0
6778,10258,1.0
6779,8519,1.0
6779,10259,1.0
6780,8520,1.0
6780,10260,1.0
6781,8521,1.0
6781,10261,1.0
6782,8522,1.0
6782,10262,1.0
6783,8464,0.8916666666666667
6783,8523,1.0
6783,10263,1.0
6784,8524,1.0
6784,10264,1.0
6785,8525,1.0
6785,10265,1.0
6786,8526,1.0
6786,10266,1.0
6787,8527,1.0
6787,10267,1.0
6788,8528,1.0
6788,10268,1.0
6789,8529,1.0
6789,10269,1.0
6790,8530,1.0
6790,10270,1.0
6791,8531,1.0
6791,10271,1.0
6792,8532,1.0
6792,10272,1.0
6793,8533,1.0
6793,10273,1.0
6794,8534,1.0
6794,10274,1.0
6795,8535,1.0
6795,10275,1.0
6796,8536,1.0
6796,10276,1.0
6797,8537,1.0
6797,10277,1.0
6798,8538,1.0
6798,10278,1.0
6799,8539,1.0
6799,10279,1.0
6800,8540,1.0
6800,10280,1.0
6801,8541,1.0
6801,10281,1.0
6802,8542,1.0
6802,10282,1.0
6803,8543,1.0
6803,10283,1.0
6804,8544,1.0
6804,10284,1.0
6805,8545,1.0
6805,10285,1.0
6806,8546,1.0
6806,10286,1.0
6807,8547,1.0
6807,10287,1.0
6808,8548,1.0
6808,10288,1.0
6809,8549,1.0
6809,10289,1.0
6810,8550,1.0
6810,10290,1.0
6811,8551,1.0
6811,10291,1.0
6812,6842,1.0
6812,8552,1.0
6812,8582,1.0
6812,10292,1.0
6812,10322,1.0
6813,8553,1.0
6813,10293,1.0
6814,6873,1.0
6814,8554,1.0
6814,8613,1.0
6814,10294,1.0
6814,10353,1.0
6814,12093,1.0
6815,8555,1.0
6815,10295,1.0
6816,8556,1.0
6816,10296,1.0
6817,8557,1.0
6817,10297,1.0
6818,8558,1.0
6818,10298,1.0
6819,8559,1.0
6819,10299,1.0
6820,8560,1.0
6820,10300,1.0
6821,8561,1.0
6821,10301,1.0
6822,8562,1.0
6822,10302,1.0
6823,8563,1.0
6823,10303,1.0
6824,8564,1.0
6824,10304,1.0
6825,8565,1.0
6825,10305,1.0
6826,8566,1.0
6826,10306,1.0
6827,8567,1.0
6827,10307,1.0
6828,8568,1.0
6828,10308,1.0
6829,8569,1.0
6829,10309,1.0
6830,8570,1.0
6830,10310,1.0
6831,8571,1.0
6831,10311,1.0
6832,8572,1.0
6832,10312,1.0
6833,8573,1.0
6833,10313,1.0
6834,8574,1.0
6834,10314,1.0
6835,8575,1.0
6835,10315,1.0
6836,8576,1.0
6836,10316,1.0
6837,8577,1.0
6837,10317,1.0
6838,8578,1.0
6838,10318,1.0
6839,8579,1.0
6839,10319,1.0
6840,8580,1.0
6840,10320,1.0
6841,8581,1.0
6841,10321,1.0
6842,8552,1.0
6842,8582,1.0
6842,10292,1.0
6842,10322,1.0
6843,8583,1.0
6843,10323,1.0
6844,8584,1.0
6844,10324,1.0
6845,8585,1.0
6845,10325,1.0
6846,8586,1.0
6846,10326,1.0
6847,8587,1.0
6847,10327,1.0
6848,8588,1.0
6848,10328,1.0
6849,8589,1.0
6849,10329,1.0
6850,8590,1.0
6850,10330,1.0
6851,8591,1.0
6851,10331,1.0
6852,8592,1.0
6852,10332,1.0
6853,8593,1.0
6853,10333,1.0
6854,8594,1.0
6854,10334,1.0
6855,8595,1.0
6855,10335,1.0
6856,8596,1.0
6856,10336,1.0
6857,8597,1.0
6857,10337,1.0
6858,8598,1.0
6858,10338,1.0
6858,12078,1.0
6859,8599,1.0
6859,10339,1.0
6859,12079,1.0
6860,8600,1.0
6860,10340,1.0
6860,12080,1.0
6861,8601,1.0
6861,10341,1.0
6861,12081,1.0
6862,8602,1.0
6862,10342,1.0
6862,12082,1.0
6863,8603,1.0
6863,10343,1.0
6863,12083,1.0
6864,8604,1.0
6864,10344,1.0
6864,12084,1.0
6865,8605,1.0
6865,10345,1.0
6865,12085,1.0
6866,8606,1.0
6866,10346,1.0
6866,12086,1.0
6867,8607,1.0
6867,10347,1.0
6867,12087,1.0
6868,8608,1.0
6868,10348,1.0
6868,12088,1.0
6869,8609,1.0
6869,10349,1.0
6869,12089,1.0
6870,8610,1.0
6870,10350,1.0
6870,12090,1.0
6870,14221,0.39166666666666666
6870,15961,0.39166666666666666
6870,17701,0.39166666666666666
6870,19441,0.39166666666666666
6871,8611,1.0
6871,10351,1.0
6871,12091,1.0
6872,8612,1.0
6872,10352,1.0
6872,12092,1.0
6873,8554,1.0
6873,8613,1.0
6873,10294,1.0
6873,10353,1.0
6873,12093,1.0
6874,8614,1.0
6874,10354,1.0
6874,12094,1.0
6875,8615,1.0
6875,10355,1.0
6875,12095,1.0
6876,8616,1.0
6876,10356,1.0
6876,12096,1.0
6877,8617,1.0
6877,10357,1.0
6877,12097,1.0
6878,8618,1.0
6878,10358,1.0
6878,12098,1.0
6879,8619,1.0
6879,10359,1.0
6879,12099,1.0
6880,8620,1.0
6880,10360,1.0
6880,12100,1.0
6881,8621,1.0
6881,10361,1.0
6881,12101,1.0
6882,8622,1.0
6882,10362,1.0
6882,12102,1.0
6883,8623,1.0
6883,10363,1.0
6883,12103,1.0
6884,8624,1.0
6884,10364,1.0
6884,12104,1.0
6885,8625,1.0
6885,10365,1.0
6885,12105,1.0
6886,8626,1.0
6886,10366,1.0
6886,12106,1.0
6887,8627,1.0
6887,10367,1.0
6887,12107,1.0
6888,8628,1.0
6888,10368,1.0
6888,12108,1.0
6889,8629,1.0
6889,10369,1.0
6889,12109,1.0
6890,8630,1.0
6890,10370,1.0
6890,12110,1.0
6891,8631,1.0
6891,10371,1.0
6891,12111,1.0
6892,8632,1.0
6892,10372,1.0
6892,12112,1.0
6893,8633,1.0
6893,10373,1.0
6893,12113,1.0
6894,8634,1.0
6894,10374,1.0
6894,12114,1.0
6895,8635,1.0
6895,10375,1.0
6895,12115,1.0
6896,8636,1.0
6896,10376,1.0
6896,12116,1.0
6897,8637,1.0
6897,10377,1.0
6897,12117,1.0
6898,8638,1.0
6898,10378,1.0
6898,12118,1.0
6899,8639,1.0
6899,10379,1.0
6899,12119,1.0
6900,8640,1.0
6900,10380,1.0
6900,12120,1.0
6901,8641,1.0
6901,10381,1.0
6901,12121,1.0
6901,21510,0.5583333333333333
6902,6932,1.0
6902,8642,1.0
6902,8672,1.0
6902,10382,1.0
6902,10412,1.0
6902,12122,1.0
6902,12152,1.0
6903,8643,1.0
6903,10383,1.0
6903,12123,1.0
6904,8644,1.0
6904,8703,1.0
6904,10384,1.0
6904,10443,1.0
6904,12124,1.0
6904,12183,1.0
6904,13923,1.0
6905,8645,1.0
6905,10385,1.0
6905,12125,1.0
6906,8646,1.0
6906,10386,1.0
6906,12126,1.0
6907,8647,1.0
6907,10387,1.0
6907,12127,1.0
6908,8648,1.0
6908,10388,1.0
6908,12128,1.0
6909,8649,1.0
6909,10389,1.0
6909,12129,1.0
6910,8650,1.0
6910,10390,1.0
6910,12130,1.0
6911,8651,1.0
6911,10391,1.0
6911,12131,1.0
6912,8652,1.0
6912,10392,1.0
6912,12132,1.0
6913,8653,1.0
6913,10393,1.0
6913,12133,1.0
6914,8654,1.0
6914,10394,1.0
6914,12134,1.0
6915,8655,1.0
6915,10395,1.0
6915,12135,1.0
6916,8656,1.0
6916,10396,1.0
6916,12136,1.0
6917,8657,1.0
6917,10397,1.0
6917,12137,1.0
6918,8658,1.0
6918,10398,1.0
6918,12138,1.0
6919,8659,1.0
6919,10399,1.0
6919,12139,1.0
6920,8660,1.0
6920,10400,1.0
6920,12140,1.0
6921,8661,1.0
6921,10401,1.0
6921,12141,1.0
6922,8662,1.0
6922,10402,1.0
6922,12142,1.0
6923,8663,1.0
6923,10403,1.0
6923,12143,1.0
6924,8664,1.0
6924,10404,1.0
6924,12144,1.0
6925,8665,1.0
6925,10405,1.0
6925,12145,1.0
6926,8666,1.0
6926,10406,1.0
6926,12146,1.0
6927,8667,1.0
6927,10407,1.0
6927,12147,1.0
6928,8668,1.0
6928,10408,1.0
6928,12148,1.0
6929,8669,1.0
6929,10409,1.0
6929,12149,1.0
6930,8670,1.0
6930,10410,1.0
6930,12150,1.0
6931,8671,1.0
6931,10411,1.0
6931,12151,1.0
6932,8642,1.0
6932,8672,1.0
6932,10382,1.0
6932,10412,1.0
6932,12122,1.0
6932,12152,1.0
6933,8673,1.0
6933,10413,1.0
6933,12153,1.0
6934,8674,1.0
6934,10414,1.0
6934,12154,1.0
6935,8675,1.0
6935,10415,1.0
6935,12155,1.0
6936,8676,1.0
6936,10416,1.0
6936,12156,1.0
6937,8677,1.0
6937,10417,1.0
6937,12157,1.0
6938,8678,1.0
6938,10418,1.0
6938,12158,1.0
6939,8679,1.0
6939,10419,1.0
6939,12159,1.0
6940,8680,1.0
6940,10420,1.0
6940,12160,1.0
6941,8681,1.0
6941,10421,1.0
6941,12161,1.0
6942,8682,1.0
6942,10422,1.0
6942,12162,1.0
6943,8683,1.0
6943,10423,1.0
6943,12163,1.0
6944,8684,1.0
6944,10424,1.0
6944,12164,1.0
6945,8685,1.0
6945,10425,1.0
6945,12165,1.0
6946,8686,1.0
6946,10426,1.0
6946,12166,1.0
6947,8687,1.0
6947,10427,1.0
6947,12167,1.0
6948,8688,1.0
6948,10428,1.0
6948,12168,1.0
6948,13908,1.0
6949,8689,1.0
6949,10429,1.0
6949,12169,1.0
6949,13909,1.0
6950,8690,1.0
6950,10430,1.0
6950,12170,1.0
6950,13910,1.0
6951,8691,1.0
6951,10431,1.0
6951,12171,1.0
6951,13911,1.0
6952,8692,1.0
6952,10432,1.0
6952,12172,1.0
6952,13912,1.0
6953,8693,1.0
6953,10433,1.0
6953,12173,1.0
6953,13913,1.0
8418,21529,1.0
8419,21530,0.875
8420,21531,0.9333333333333333
8422,21533,1.0
8423,21534,1.0
8424,21535,1.0
8425,21536,1.0
8426,21537,0.8416666666666667
8427,21538,0.8583333333333333
8428,21539,0.3333333333333333
8429,21540,0.9333333333333333
8430,10561,0.43333333333333335
8430,12301,0.43333333333333335
8430,14041,0.43333333333333335
8430,15781,0.43333333333333335
8462,8492,0.7916666666666666
8464,8523,0.8916666666666667
8464,10263,0.8916666666666667
8508,10248,1.0
8509,10249,1.0
8510,10250,1.0
8511,10251,1.0
8512,10252,1.0
8513,10253,1.0
8514,10254,1.0
8515,10255,1.0
8516,10256,1.0
8517,10257,1.0
8518,10258,1.0
8519,10259,1.0
8520,10260,1.0
8521,10261,1.0
8522,10262,1.0
8523,10263,1.0
8524,10264,1.0
8525,10265,1.0
8526,10266,1.0
8527,10267,1.0
8528,10268,1.0
8529,10269,1.0
8530,10270,1.0
8531,10271,1.0
8532,10272,1.0
8533,10273,1.0
8534,10274,1.0
8535,10275,1.0
8536,10276,1.0
8537,10277,1.0
8538,10278,1.0
8539,10279,1.0
8540,10280,1.0
8541,10281,1.0
8542,10282,1.0
8543,10283,1.0
8544,10284,1.0
8545,10285,1.0
8546,10286,1.0
8547,10287,1.0
8548,10288,1.0
8549,10289,1.0
8550,10290,1.0
8551,10291,1.0
8552,8582,1.0
8552,10292,1.0
8552,10322,1.0
8553,10293,1.0
8554,8613,1.0
8554,10294,1.0
8554,10353,1.0
8554,12093,1.0
8555,10295,1.0
8556,10296,1.0
8557,10297,1.0
8558,10298,1.0
8559,10299,1.0
8560,10300,1.0
8561,10301,1.0
8562,10302,1.0
8563,10303,1.0
8564,10304,1.0
8565,10305,1.0
8566,10306,1.0
8567,10307,1.0
8568,10308,1.0
8569,10309,1.0
8570,10310,1.0
8571,10311,1.0
8572,10312,1.0
8573,10313,1.0
8574,10314,1.0
8575,10315,1.0
8576,10316,1.0
8577,10317,1.0
8578,10318,1.0
8579,10319,1.0
8580,10320,1.0
8581,10321,1.0
8582,10292,1.0
8582,10322,1.0
8583,10323,1.0
8584,10324,1.0
8585,10325,1.0
8586,10326,1.0
8587,10327,1.0
8588,10328,1.0
8589,10329,1.0
8590,10330,1.0
8591,10331,1.0
8592,10332,1.0
8593,10333,1.0
8594,10334,1.0
8595,10335,1.0
8596,10336,1.0
8597,10337,1.0
8598,10338,1.0
8598,12078,1.0
8599,10339,1.0
8599,12079,1.0
8600,10340,1.0
8600,12080,1.0
8601,10341,1.0
8601,12081,1.0
8602,10342,1.0
8602,12082,1.0
8603,10343,1.0
8603,12083,1.0
8604,10344,1.0
8604,12084,1.0
8605,10345,1.0
8605,12085,1.0
8606,10346,1.0
8606,12086,1.0
8607,10347,1.0
8607,12087,1.0
8608,10348,1.0
8608,12088,1.0
8609,10349,1.0
8609,12089,1.0
8610,10350,1.0
8610,12090,1.0
8610,14221,0.39166666666666666
8610,15961,0.39166666666666666
8610,17701,0.39166666666666666
8610,19441,0.39166666666666666
8611,10351,1.0
8611,12091,1.0
8612,10352,1.0
8612,12092,1.0
8613,10294,1.0
8613,10353,1.0
8613,12093,1.0
8614,10354,1.0
8614,12094,1.0
8615,10355,1.0
8615,12095,1.0
8616,10356,1.0
8616,12096,1.0
8617,10357,1.0
8617,12097,1.0
8618,10358,1.0
8618,12098,1.0
8619,10359,1.0
8619,12099,1.0
8620,10360,1.0
8620,12100,1.0
8621,10361,1.0
8621,12101,1.0
8622,10362,1.0
8622,12102,1.0
8623,10363,1.0
8623,12103,1.0
8624,10364,1.0
8624,12104,1.0
8625,10365,1.0
8625,12105,1.0
8626,10366,1.0
8626,12106,1.0
8627,10367,1.0
8627,12107,1.0
8628,10368,1.0
8628,12108,1.0
8629,10369,1.0
8629,12109,1.0
8630,10370,1.0
8630,12110,1.0
8631,10371,1.0
8631,12111,1.0
8632,10372,1.0
8632,12112,1.0
8633,10373,1.0
8633,12113,1.0
8634,10374,1.0
8634,12114,1.0
8635,10375,1.0
8635,12115,1.0
8636,10376,1.0
8636,12116,1.0
8637,10377,1.0
8637,12117,1.0
8638,10378,1.0
8638,12118,1.0
8639,10379,1.0
8639,12119,1.0
8640,10380,1.0
8640,12120,1.0
8641,10381,1.0
8641,12121,1.0
8641,21510,0.5583333333333333
8642,8672,1.0
8642,10382,1.0
8642,10412,1.0
8642,12122,1.0
8642,12152,1.0
8643,10383,1.0
8643,12123,1.0
8644,8703,1.0
8644,10384,1.0
8644,10443,1.0
8644,12124,1.0
8644,12183,1.0
8644,13923,1.0
8645,10385,1.0
8645,12125,1.0
8646,10386,1.0
8646,12126,1.0
8647,10387,1.0
8647,12127,1.0
8648,10388,1.0
8648,12128,1.0
8649,10389,1.0
8649,12129,1.0
8650,10390,1.0
8650,12130,1.0
8651,10391,1.0
8651,12131,1.0
8652,10392,1.0
8652,12132,1.0
8653,10393,1.0
8653,12133,1.0
8654,10394,1.0
8654,12134,1.0
8655,10395,1.0
8655,12135,1.0
8656,10396,1.0
8656,12136,1.0
8657,10397,1.0
8657,12137,1.0
8658,10398,1.0
8658,12138,1.0
8659,10399,1.0
8659,12139,1.0
8660,10400,1.0
8660,12140,1.0
8661,10401,1.0
8661,12141,1.0
8662,10402,1.0
8662,12142,1.0
8663,10403,1.0
8663,12143,1.0
8664,10404,1.0
8664,12144,1.0
8665,10405,1.0
8665,12145,1.0
8666,10406,1.0
8666,12146,1.0
8667,10407,1.0
8667,12147,1.0
8668,10408,1.0
8668,12148,1.0
8669,10409,1.0
8669,12149,1.0
8670,10410,1.0
8670,12150,1.0
8671,10411,1.0
8671,12151,1.0
8672,10382,1.0
8672,10412,1.0
8672,12122,1.0
8672,12152,1.0
8673,10413,1.0
8673,12153,1.0
8674,10414,1.0
8674,12154,1.0
8675,10415,1.0
8675,12155,1.0
8676,10416,1.0
8676,12156,1.0
8677,10417,1.0
8677,12157,1.0
8678,10418,1.0
8678,12158,1.0
8679,10419,1.0
8679,12159,1.0
8680,10420,1.0
8680,12160,1.0
8681,10421,1.0
8681,12161,1.0
8682,10422,1.0
8682,12162,1.0
8683,10423,1.0
8683,12163,1.0
8684,10424,1.0
8684,12164,1.0
8685,10425,1.0
8685,12165,1.0
8686,10426,1.0
8686,12166,1.0
8687,10427,1.0
8687,12167,1.0
8688,10428,1.0
8688,12168,1.0
8688,13908,1.0
8689,10429,1.0
8689,12169,1.0
8689,13909,1.0
8690,10430,1.0
8690,12170,1.0
8690,13910,1.0
8691,10431,1.0
8691,12171,1.0
8691,13911,1.0
8692,10432,1.0
8692,12172,1.0
8692,13912,1.0
8693,10433,1.0
8693,12173,1.0
8693,13913,1.0
8694,10434,1.0
8694,12174,1.0
8694,13914,1.0
8695,10435,1.0
8695,12175,1.0
8695,13915,1.0
8696,10436,1.0
8696,12176,1.0
8696,13916,1.0
8697,10437,1.0
8697,12177,1.0
8697,13917,1.0
8698,10438,1.0
8698,12178,1.0
8698,13918,1.0
8699,10439,1.0
8699,12179,1.0
8699,13919,1.0
8700,10440,1.0
8700,12180,1.0
8700,13920,1.0
8701,10441,1.0
8701,12181,1.0
8701,13921,1.0
8702,10442,1.0
8702,12182,1.0
8702,13922,1.0
8703,10384,1.0
8703,10443,1.0
8703,12124,1.0
8703,12183,1.0
8703,13923,1.0
8704,10444,1.0
8704,12184,1.0
8704,13924,1.0
8705,10445,1.0
8705,12185,1.0
8705,13925,1.0
8706,10446,1.0
8706,12186,1.0
8706,13926,1.0
8707,10447,1.0
8707,12187,1.0
8707,13927,1.0
8708,10448,1.0
8708,12188,1.0
8708,13928,1.0
8709,10449,1.0
8709,12189,1.0
8709,13929,1.0
8710,10450,1.0
8710,12190,1.0
8710,13930,1.0
8711,10451,1.0
8711,12191,1.0
8711,13931,1.0
8712,10452,1.0
8712,12192,1.0
8712,13932,1.0
8713,10453,1.0
8713,12193,1.0
8713,13933,1.0
8714,10454,1.0
8714,12194,1.0
8714,13934,1.0
8715,10455,1.0
8715,12195,1.0
8715,13935,1.0
8716,10456,1.0
8716,12196,1.0
8716,13936,1.0
8717,10457,1.0
8717,12197,1.0
8717,13937,1.0
8718,10458,1.0
8718,12198,1.0
8718,13938,1.0
8719,10459,1.0
8719,12199,1.0
8719,13939,1.0
8720,10460,1.0
8720,12200,1.0
8720,13940,1.0
8721,10461,1.0
8721,12201,1.0
8721,13941,1.0
8722,10462,1.0
8722,12202,1.0
8722,13942,1.0
8723,10463,1.0
8723,12203,1.0
8723,13943,1.0
8724,10464,1.0
8724,12204,1.0
8724,13944,1.0
8725,10465,1.0
8725,12205,1.0
8725,13945,1.0
8726,10466,1.0
8726,12206,1.0
8726,13946,1.0
8727,10467,1.0
8727,12207,1.0
8727,13947,1.0
8728,10468,1.0
8728,12208,1.0
8728,13948,1.0
8729,10469,1.0
8729,12209,1.0
8729,13949,1.0
8730,10470,1.0
8730,12210,1.0
8730,13950,1.0
8731,10471,1.0
8731,12211,1.0
8731,13951,1.0
8732,8762,1.0
8732,10472,1.0
8732,10502,1.0
8732,12212,1.0
8732,12242,1.0
8732,13952,1.0
8732,13982,1.0
8733,10473,1.0
8733,12213,1.0
8733,13953,1.0
8734,10474,1.0
8734,10533,0.95
8734,12214,1.0
8734,12273,0.95
8734,13954,1.0
8734,14013,0.95
8734,15753,0.95
8735,10475,1.0
8735,12215,1.0
8735,13955,1.0
8736,10476,1.0
8736,12216,1.0
8736,13956,1.0
8737,10477,1.0
8737,12217,1.0
8737,13957,1.0
8738,10478,1.0
8738,12218,1.0
8738,13958,1.0
8739,10479,1.0
8739,12219,1.0
8739,13959,1.0
8740,10480,1.0
8740,12220,1.0
8740,13960,1.0
8741,10481,1.0
8741,12221,1.0
8741,13961,1.0
8742,10482,1.0
8742,12222,1.0
8742,13962,1.0
8743,10483,1.0
8743,12223,1.0
8743,13963,1.0
8744,10484,1.0
8744,12224,1.0
8744,13964,1.0
8745,10485,1.0
8745,12225,1.0
8745,13965,1.0
8746,10486,1.0
8746,12226,1.0
8746,13966,1.0
8747,10487,1.0
8747,12227,1.0
8747,13967,1.0
8748,10488,1.0
8748,12228,1.0
8748,13968,1.0
8749,10489,1.0
8749,12229,1.0
8749,13969,1.0
8750,10490,1.0
8750,12230,1.0
8750,13970,1.0
8751,10491,1.0
8751,12231,1.0
8751,13971,1.0
8752,10492,1.0
8752,12232,1.0
8752,13972,1.0
8753,10493,1.0
8753,12233,1.0
8753,13973,1.0
8754,10494,1.0
8754,12234,1.0
8754,13974,1.0
8755,10495,1.0
8755,12235,1.0
8755,13975,1.0
8756,10496,1.0
8756,12236,1.0
8756,13976,1.0
8757,10497,1.0
8757,12237,1.0
8757,13977,1.0
8758,10498,1.0
8758,12238,1.0
8758,13978,1.0
8759,10499,1.0
8759,12239,1.0
8759,13979,1.0
8760,10500,1.0
8760,12240,1.0
8760,13980,1.0
8761,10501,1.0
8761,12241,1.0
8761,13981,1.0
8762,10472,1.0
8762,10502,1.0
8762,12212,1.0
8762,12242,1.0
8762,13952,1.0
8762,13982,1.0
8763,10503,1.0
8763,12243,1.0
8763,13983,1.0
8764,10504,1.0
8764,12244,1.0
8764,13984,1.0
8765,10505,1.0
8765,12245,1.0
8765,13985,1.0
8766,10506,1.0
8766,12246,1.0
8766,13986,1.0
8767,10507,1.0
8767,12247,1.0
8767,13987,1.0
8768,10508,1.0
8768,12248,1.0
8768,13988,1.0
8769,10509,1.0
8769,12249,1.0
8769,13989,1.0
8770,10510,1.0
8770,12250,1.0
8770,13990,1.0
8771,10511,1.0
8771,12251,1.0
8771,13991,1.0
8772,10512,1.0
8772,12252,1.0
8772,13992,1.0
8773,10513,1.0
8773,12253,1.0
8773,13993,1.0
8774,10514,1.0
8774,12254,1.0
8774,13994,1.0
8775,10515,1.0
8775,12255,1.0
8775,13995,1.0
8776,10516,1.0
8776,12256,1.0
8776,13996,1.0
8777,10517,1.0
8777,12257,1.0
8777,13997,1.0
8778,10518,1.0
8778,12258,1.0
8778,13998,1.0
8778,15738,1.0
8779,10519,1.0
8779,12259,1.0
8779,13999,1.0
8779,15739,1.0
8780,10520,1.0
8780,12260,1.0
8780,14000,1.0
8780,15740,1.0
8781,10521,1.0
8781,12261,1.0
8781,14001,1.0
8781,15741,1.0
8782,10522,1.0
8782,12262,1.0
8782,14002,1.0
8782,15742,1.0
8783,10523,1.0
8783,12263,1.0
8783,14003,1.0
8783,15743,1.0
10292,10322,1.0
10294,10353,1.0
10294,12093,1.0
10338,12078,1.0
10339,12079,1.0
10340,12080,1.0
10341,12081,1.0
10342,12082,1.0
10343,12083,1.0
10344,12084,1.0
10345,12085,1.0
10346,12086,1.0
10347,12087,1.0
10348,12088,1.0
10349,12089,1.0
10350,12090,1.0
10350,14221,0.39166666666666666
10350,15961,0.39166666666666666
10350,17701,0.39166666666666666
10350,19441,0.39166666666666666
10351,12091,1.0
10352,12092,1.0
10353,12093,1.0
10354,12094,1.0
10355,12095,1.0
10356,12096,1.0
10357,12097,1.0
10358,12098,1.0
10359,12099,1.0
10360,12100,1.0
10361,12101,1.0
10362,12102,1.0
10363,12103,1.0
10364,12104,1.0
10365,12105,1.0
10366,12106,1.0
10367,12107,1.0
10368,12108,1.0
10369,12109,1.0
10370,12110,1.0
10371,12111,1.0
10372,12112,1.0
10373,12113,1.0
10374,12114,1.0
10375,12115,1.0
10376,12116,1.0
10377,12117,1.0
10378,12118,1.0
10379,12119,1.0
10380,12120,1.0
10381,12121,1.0
10381,21510,0.5583333333333333
10382,10412,1.0
10382,12122,1.0
10382,12152,1.0
10383,12123,1.0
10384,10443,1.0
10384,12124,1.0
10384,12183,1.0
10384,13923,1.0
10385,12125,1.0
10386,12126,1.0
10387,12127,1.0
10388,12128,1.0
10389,12129,1.0
10390,12130,1.0
10391,12131,1.0
10392,12132,1.0
10393,12133,1.0
10394,12134,1.0
10395,12135,1.0
10396,12136,1.0
10397,12137,1.0
10398,12138,1.0
10399,12139,1.0
10400,12140,1.0
10401,12141,1.0
10402,12142,1.0
10403,12143,1.0
10404,12144,1.0
10405,12145,1.0
10406,12146,1.0
10407,12147,1.0
10408,12148,1.0
10409,12149,1.0
10410,12150,1.0
10411,12151,1.0
10412,12122,1.0
10412,12152,1.0
10413,12153,1.0
10414,12154,1.0
10415,12155,1.0
10416,12156,1.0
10417,12157,1.0
10418,12158,1.0
10419,12159,1.0
10420,12160,1.0
10421,12161,1.0
10422,12162,1.0
10423,12163,1.0
10424,12164,1.0
10425,12165,1.0
10426,12166,1.0
10427,12167,1.0
10428,12168,1.0
10428,13908,1.0
10429,12169,1.0
10429,13909,1.0
10430,12170,1.0
10430,13910,1.0
10431,12171,1.0
10431,13911,1.0
10432,12172,1.0
10432,13912,1.0
10433,12173,1.0
10433,13913,1.0
10434,12174,1.0
10434,13914,1.0
10435,12175,1.0
10435,13915,1.0
10436,12176,1.0
10436,13916,1.0
10437,12177,1.0
10437,13917,1.0
10438,12178,1.0
10438,13918,1.0
10439,12179,1.0
10439,13919,1.0
10440,12180,1.0
10440,13920,1.0
10441,12181,1.0
10441,13921,1.0
10442,12182,1.0
10442,13922,1.0
10443,12124,1.0
10443,12183,1.0
10443,13923,1.0
10444,12184,1.0
10444,13924,1.0
10445,12185,1.0
10445,13925,1.0
10446,12186,1.0
10446,13926,1.0
10447,12187,1.0
10447,13927,1.0
10448,12188,1.0
10448,13928,1.0
10449,12189,1.0
10449,13929,1.0
10450,12190,1.0
10450,13930,1.0
10451,12191,1.0
10451,13931,1.0
10452,12192,1.0
10452,13932,1.0
10453,12193,1.0
10453,13933,1.0
10454,12194,1.0
10454,13934,1.0
10455,12195,1.0
10455,13935,1.0
10456,12196,1.0
10456,13936,1.0
10457,12197,1.0
10457,13937,1.0
10458,12198,1.0
10458,13938,1.0
10459,12199,1.0
10459,13939,1.0
10460,12200,1.0
10460,13940,1.0
10461,12201,1.0
10461,13941,1.0
10462,12202,1.0
10462,13942,1.0
10463,12203,1.0
10463,13943,1.0
10464,12204,1.0
10464,13944,1.0
10465,12205,1.0
10465,13945,1.0
10466,12206,1.0
10466,13946,1.0
10467,12207,1.0
10467,13947,1.0
10468,12208,1.0
10468,13948,1.0
10469,12209,1.0
10469,13949,1.0
10470,12210,1.0
10470,13950,1.0
10471,12211,1.0
10471,13951,1.0
10472,10502,1.0
10472,12212,1.0
10472,12242,1.0
10472,13952,1.0
10472,13982,1.0
10473,12213,1.0
10473,13953,1.0
10474,10533,0.95
10474,12214,1.0
10474,12273,0.95
10474,13954,1.0
10474,14013,0.95
10474,15753,0.95
10475,12215,1.0
10475,13955,1.0
10476,12216,1.0
10476,13956,1.0
10477,12217,1.0
10477,13957,1.0
10478,12218,1.0
10478,13958,1.0
10479,12219,1.0
10479,13959,1.0
10480,12220,1.0
10480,13960,1.0
10481,12221,1.0
10481,13961,1.0
10482,12222,1.0
10482,13962,1.0
10483,12223,1.0
10483,13963,1.0
10484,12224,1.0
10484,13964,1.0
10485,12225,1.0
10485,13965,1.0
10486,12226,1.0
10486,13966,1.0
10487,12227,1.0
10487,13967,1.0
10488,12228,1.0
10488,13968,1.0
10489,12229,1.0
10489,13969,1.0
10490,12230,1.0
10490,13970,1.0
10491,12231,1.0
10491,13971,1.0
10492,12232,1.0
10492,13972,1.0
10493,12233,1.0
10493,13973,1.0
10494,12234,1.0
10494,13974,1.0
10495,12235,1.0
10495,13975,1.0
10496,12236,1.0
10496,13976,1.0
10497,12237,1.0
10497,13977,1.0
10498,12238,1.0
10498,13978,1.0
10499,12239,1.0
10499,13979,1.0
10500,12240,1.0
10500,13980,1.0
10501,12241,1.0
10501,13981,1.0
10502,12212,1.0
10502,12242,1.0
10502,13952,1.0
10502,13982,1.0
10503,12243,1.0
10503,13983,1.0
10504,12244,1.0
10504,13984,1.0
10505,12245,1.0
10505,13985,1.0
10506,12246,1.0
10506,13986,1.0
10507,12247,1.0
10507,13987,1.0
10508,12248,1.0
10508,13988,1.0
10509,12249,1.0
10509,13989,1.0
10510,12250,1.0
10510,13990,1.0
10511,12251,1.0
10511,13991,1.0
10512,12252,1.0
10512,13992,1.0
10513,12253,1.0
10513,13993,1.0
10514,12254,1.0
10514,13994,1.0
10515,12255,1.0
10515,13995,1.0
10516,12256,1.0
10516,13996,1.0
10517,12257,1.0
10517,13997,1.0
10518,12258,1.0
10518,13998,1.0
10518,15738,1.0
10519,12259,1.0
10519,13999,1.0
10519,15739,1.0
10520,12260,1.0
10520,14000,1.0
10520,15740,1.0
10521,12261,1.0
10521,14001,1.0
10521,15741,1.0
10522,12262,1.0
10522,14002,1.0
10522,15742,1.0
10523,12263,1.0
10523,14003,1.0
10523,15743,1.0
10524,12264,1.0
10524,14004,1.0
10524,15744,1.0
10525,12265,1.0
10525,14005,1.0
10525,15745,1.0
10526,12266,1.0
10526,14006,1.0
10526,15746,1.0
10527,12267,1.0
10527,14007,1.0
10527,15747,1.0
10528,12268,1.0
10528,14008,1.0
10528,15748,1.0
10529,12269,1.0
10529,14009,1.0
10529,15749,1.0
10530,12270,1.0
10530,14010,1.0
10530,15750,1.0
10530,17881,0.49166666666666664
10530,19621,0.49166666666666664
10530,21361,0.49166666666666664
10531,12271,1.0
10531,14011,1.0
10531,15751,1.0
10532,12272,1.0
10532,14012,1.0
10532,15752,1.0
10533,12214,0.95
10533,12273,1.0
10533,13954,0.95
10533,14013,1.0
10533,15753,1.0
10534,12274,1.0
10534,14014,1.0
10534,15754,1.0
10535,12275,1.0
10535,14015,1.0
10535,15755,1.0
10536,12276,1.0
10536,14016,1.0
10536,15756,1.0
10537,12277,1.0
10537,14017,1.0
10537,15757,1.0
10538,12278,1.0
10538,14018,1.0
10538,15758,1.0
10539,12279,1.0
10539,14019,1.0
10539,15759,1.0
10540,12280,1.0
10540,14020,1.0
10540,15760,1.0
10541,12281,1.0
10541,14021,1.0
10541,15761,1.0
10542,12282,1.0
10542,14022,1.0
10542,15762,1.0
10543,12283,1.0
10543,14023,1.0
10543,15763,1.0
10544,12284,1.0
10544,14024,1.0
10544,15764,1.0
10545,12285,1.0
10545,14025,1.0
10545,15765,1.0
10546,12286,1.0
10546,14026,1.0
10546,15766,1.0
10547,12287,1.0
10547,14027,1.0
10547,15767,1.0
10548,12288,1.0
10548,14028,1.0
10548,15768,1.0
10549,12289,1.0
10549,14029,1.0
10549,15769,1.0
10550,12290,1.0
10550,14030,1.0
10550,15770,1.0
10551,12291,1.0
10551,14031,1.0
10551,15771,1.0
10552,12292,1.0
10552,14032,1.0
10552,15772,1.0
10553,12293,1.0
10553,14033,1.0
10553,15773,1.0
10554,12294,1.0
10554,14034,1.0
10554,15774,1.0
10555,12295,1.0
10555,14035,1.0
10555,15775,1.0
10556,12296,1.0
10556,14036,1.0
10556,15776,1.0
10557,12297,1.0
10557,14037,1.0
10557,15777,1.0
10558,12298,1.0
10558,14038,1.0
10558,15778,1.0
10559,12299,1.0
10559,14039,1.0
10559,15779,1.0
10560,12300,1.0
10560,14040,1.0
10560,15780,1.0
10561,12301,1.0
10561,14041,1.0
10561,15781,1.0
10562,10592,1.0
10562,12302,1.0
10562,12332,1.0
10562,14042,1.0
10562,14072,1.0
10562,15782,1.0
10562,15812,1.0
10563,12303,1.0
10563,14043,1.0
10563,15783,1.0
10564,12304,1.0
10564,12363,0.9583333333333334
10564,14044,1.0
10564,14103,0.9583333333333334
10564,15784,1.0
10564,15843,0.9583333333333334
10564,17583,0.9583333333333334
10565,12305,1.0
10565,14045,1.0
10565,15785,1.0
10566,12306,1.0
10566,14046,1.0
10566,15786,1.0
10567,12307,1.0
10567,14047,1.0
10567,15787,1.0
10568,12308,1.0
10568,14048,1.0
10568,15788,1.0
10569,12309,1.0
10569,14049,1.0
10569,15789,1.0
10570,12310,1.0
10570,14050,1.0
10570,15790,1.0
10571,12311,1.0
10571,14051,1.0
10571,15791,1.0
10572,12312,1.0
10572,14052,1.0
10572,15792,1.0
10573,12313,1.0
10573,14053,1.0
10573,15793,1.0
10574,12314,1.0
10574,14054,1.0
10574,15794,1.0
10575,12315,1.0
10575,14055,1.0
10575,15795,1.0
10576,12316,1.0
10576,14056,1.0
10576,15796,1.0
10577,12317,1.0
10577,14057,1.0
10577,15797,1.0
10578,12318,1.0
10578,14058,1.0
10578,15798,1.0
10579,12319,1.0
10579,14059,1.0
10579,15799,1.0
10580,12320,1.0
10580,14060,1.0
10580,15800,1.0
10581,12321,1.0
10581,14061,1.0
10581,15801,1.0
10582,12322,1.0
10582,14062,1.0
10582,15802,1.0
10583,12323,1.0
10583,14063,1.0
10583,15803,1.0
10584,12324,1.0
10584,14064,1.0
10584,15804,1.0
10585,12325,1.0
10585,14065,1.0
10585,15805,1.0
10586,12326,1.0
10586,14066,1.0
10586,15806,1.0
10587,12327,1.0
10587,14067,1.0
10587,15807,1.0
10588,12328,1.0
10588,14068,1.0
10588,15808,1.0
10589,12329,1.0
10589,14069,1.0
10589,15809,1.0
10590,12330,1.0
10590,14070,1.0
10590,15810,1.0
10591,12331,1.0
10591,14071,1.0
10591,15811,1.0
10592,12302,1.0
10592,12332,1.0
10592,14042,1.0
10592,14072,1.0
10592,15782,1.0
10592,15812,1.0
10593,12333,1.0
10593,14073,1.0
10593,15813,1.0
10594,12334,1.0
10594,14074,1.0
10594,15814,1.0
10595,12335,1.0
10595,14075,1.0
10595,15815,1.0
10596,12336,1.0
10596,14076,1.0
10596,15816,1.0
10597,12337,1.0
10597,14077,1.0
10597,15817,1.0
10598,12338,1.0
10598,14078,1.0
10598,15818,1.0
10599,12339,1.0
10599,14079,1.0
10599,15819,1.0
10600,12340,1.0
10600,14080,1.0
10600,15820,1.0
10601,12341,1.0
10601,14081,1.0
10601,15821,1.0
10602,12342,1.0
10602,14082,1.0
10602,15822,1.0
10603,12343,1.0
10603,14083,1.0
10603,15823,1.0
10604,12344,1.0
10604,14084,1.0
10604,15824,1.0
10605,12345,1.0
10605,14085,1.0
10605,15825,1.0
10606,12346,1.0
10606,14086,1.0
10606,15826,1.0
10607,12347,1.0
10607,14087,1.0
10607,15827,1.0
10608,12348,1.0
10608,14088,1.0
10608,15828,1.0
10608,17568,1.0
10609,12349,1.0
10609,14089,1.0
10609,15829,1.0
10609,17569,1.0
10610,12350,1.0
10610,14090,1.0
10610,15830,1.0
10610,17570,1.0
10611,12351,1.0
10611,14091,1.0
10611,15831,1.0
10611,17571,1.0
10612,12352,1.0
10612,14092,1.0
10612,15832,1.0
10612,17572,1.0
10613,12353,1.0
10613,14093,1.0
10613,15833,1.0
10613,17573,1.0
12090,14221,0.39166666666666666
12090,15961,0.39166666666666666
12090,17701,0.39166666666666666
12090,19441,0.39166666666666666
12121,21510,0.5583333333333333
12122,12152,1.0
12124,12183,1.0
12124,13923,1.0
12168,13908,1.0
12169,13909,1.0
12170,13910,1.0
12171,13911,1.0
12172,13912,1.0
12173,13913,1.0
12174,13914,1.0
12175,13915,1.0
12176,13916,1.0
12177,13917,1.0
12178,13918,1.0
12179,13919,1.0
12180,13920,1.0
12181,13921,1.0
12182,13922,1.0
12183,13923,1.0
12184,13924,1.0
12185,13925,1.0
12186,13926,1.0
12187,13927,1.0
12188,13928,1.0
12189,13929,1.0
12190,13930,1.0
12191,13931,1.0
12192,13932,1.0
12193,13933,1.0
12194,13934,1.0
12195,13935,1.0
12196,13936,1.0
12197,13937,1.0
12198,13938,1.0
12199,13939,1.0
12200,13940,1.0
12201,13941,1.0
12202,13942,1.0
12203,13943,1.0
12204,13944,1.0
12205,13945,1.0
12206,13946,1.0
12207,13947,1.0
12208,13948,1.0
12209,13949,1.0
12210,13950,1.0
12211,13951,1.0
12212,12242,1.0
12212,13952,1.0
12212,13982,1.0
12213,13953,1.0
12214,12273,0.95
12214,13954,1.0
12214,14013,0.95
12214,15753,0.95
12215,13955,1.0
12216,13956,1.0
12217,13957,1.0
12218,13958,1.0
12219,13959,1.0
12220,13960,1.0
12221,13961,1.0
12222,13962,1.0
12223,13963,1.0
12224,13964,1.0
12225,13965,1.0
12226,13966,1.0
12227,13967,1.0
12228,13968,1.0
12229,13969,1.0
12230,13970,1.0
12231,13971,1.0
12232,13972,1.0
12233,13973,1.0
12234,13974,1.0
12235,13975,1.0
12236,13976,1.0
12237,13977,1.0
12238,13978,1.0
12239,13979,1.0
12240,13980,1.0
12241,13981,1.0
12242,13952,1.0
12242,13982,1.0
12243,13983,1.0
12244,13984,1.0
12245,13985,1.0
12246,13986,1.0
12247,13987,1.0
12248,13988,1.0
12249,13989,1.0
12250,13990,1.0
12251,13991,1.0
12252,13992,1.0
12253,13993,1.0
12254,13994,1.0
12255,13995,1.0
12256,13996,1.0
12257,13997,1.0
12258,13998,1.0
12258,15738,1.0
12259,13999,1.0
12259,15739,1.0
12260,14000,1.0
12260,15740,1.0
12261,14001,1.0
12261,15741,1.0
12262,14002,1.0
12262,15742,1.0
12263,14003,1.0
12263,15743,1.0
12264,14004,1.0
12264,15744,1.0
12265,14005,1.0
12265,15745,1.0
12266,14006,1.0
12266,15746,1.0
12267,14007,1.0
12267,15747,1.0
12268,14008,1.0
12268,15748,1.0
12269,14009,1.0
12269,15749,1.0
12270,14010,1.0
12270,15750,1.0
12270,17881,0.49166666666666664
12270,19621,0.49166666666666664
12270,21361,0.49166666666666664
12271,14011,1.0
12271,15751,1.0
12272,14012,1.0
12272,15752,1.0
12273,13954,0.95
12273,14013,1.0
12273,15753,1.0
12274,14014,1.0
12274,15754,1.0
12275,14015,1.0
12275,15755,1.0
12276,14016,1.0
12276,15756,1.0
12277,14017,1.0
12277,15757,1.0
12278,14018,1.0
12278,15758,1.0
12279,14019,1.0
12279,15759,1.0
12280,14020,1.0
12280,15760,1.0
12281,14021,1.0
12281,15761,1.0
12282,14022,1.0
12282,15762,1.0
12283,14023,1.0
12283,15763,1.0
12284,14024,1.0
12284,15764,1.0
12285,14025,1.0
12285,15765,1.0
12286,14026,1.0
12286,15766,1.0
12287,14027,1.0
12287,15767,1.0
12288,14028,1.0
12288,15768,1.0
12289,14029,1.0
12289,15769,1.0
12290,14030,1.0
12290,15770,1.0
12291,14031,1.0
12291,15771,1.0
12292,14032,1.0
12292,15772,1.0
12293,14033,1.0
12293,15773,1.0
12294,14034,1.0
12294,15774,1.0
12295,14035,1.0
12295,15775,1.0
12296,14036,1.0
12296,15776,1.0
12297,14037,1.0
12297,15777,1.0
12298,14038,1.0
12298,15778,1.0
12299,14039,1.0
12299,15779,1.0
12300,14040,1.0
12300,15780,1.0
12301,14041,1.0
12301,15781,1.0
12302,12332,1.0
12302,14042,1.0
12302,14072,1.0
12302,15782,1.0
12302,15812,1.0
12303,14043,1.0
12303,15783,1.0
12304,12363,0.9583333333333334
12304,14044,1.0
12304,14103,0.9583333333333334
12304,15784,1.0
12304,15843,0.9583333333333334
12304,17583,0.9583333333333334
12305,14045,1.0
12305,15785,1.0
12306,14046,1.0
12306,15786,1.0
12307,14047,1.0
12307,15787,1.0
12308,14048,1.0
12308,15788,1.0
12309,14049,1.0
12309,15789,1.0
12310,14050,1.0
12310,15790,1.0
12311,14051,1.0
12311,15791,1.0
12312,14052,1.0
12312,15792,1.0
12313,14053,1.0
12313,15793,1.0
12314,14054,1.0
12314,15794,1.0
12315,14055,1.0
12315,15795,1.0
12316,14056,1.0
12316,15796,1.0
12317,14057,1.0
12317,15797,1.0
12318,14058,1.0
12318,15798,1.0
12319,14059,1.0
12319,15799,1.0
12320,14060,1.0
12320,15800,1.0
12321,14061,1.0
12321,15801,1.0
12322,14062,1.0
12322,15802,1.0
12323,14063,1.0
12323,15803,1.0
12324,14064,1.0
12324,15804,1.0
12325,14065,1.0
12325,15805,1.0
12326,14066,1.0
12326,15806,1.0
12327,14067,1.0
12327,15807,1.0
12328,14068,1.0
12328,15808,1.0
12329,14069,1.0
12329,15809,1.0
12330,14070,1.0
12330,15810,1.0
12331,14071,1.0
12331,15811,1.0
12332,14042,1.0
12332,14072,1.0
12332,15782,1.0
12332,15812,1.0
12333,14073,1.0
12333,15813,1.0
12334,14074,1.0
12334,15814,1.0
12335,14075,1.0
12335,15815,1.0
12336,14076,1.0
12336,15816,1.0
12337,14077,1.0
12337,15817,1.0
12338,14078,1.0
12338,15818,1.0
12339,14079,1.0
12339,15819,1.0
12340,14080,1.0
12340,15820,1.0
12341,14081,1.0
12341,15821,1.0
12342,14082,1.0
12342,15822,1.0
12343,14083,1.0
12343,15823,1.0
12344,14084,1.0
12344,15824,1.0
12345,14085,1.0
12345,15825,1.0
12346,14086,1.0
12346,15826,1.0
12347,14087,1.0
12347,15827,1.0
12348,14088,1.0
12348,15828,1.0
12348,17568,1.0
12349,14089,1.0
12349,15829,1.0
12349,17569,1.0
12350,14090,1.0
12350,15830,1.0
12350,17570,1.0
12351,14091,1.0
12351,15831,1.0
12351,17571,1.0
12352,14092,1.0
12352,15832,1.0
12352,17572,1.0
12353,14093,1.0
12353,15833,1.0
12353,17573,1.0
12354,14094,1.0
12354,15834,1.0
12354,17574,1.0
12355,14095,1.0
12355,15835,1.0
12355,17575,1.0
12356,14096,1.0
12356,15836,1.0
12356,17576,1.0
12357,14097,1.0
12357,15837,1.0
12357,17577,1.0
12358,14098,1.0
12358,15838,1.0
12358,17578,1.0
12359,14099,1.0
12359,15839,1.0
12359,17579,1.0
12360,14100,1.0
12360,15840,1.0
12360,17580,1.0
12361,14101,1.0
12361,15841,1.0
12361,17581,1.0
12362,14102,1.0
12362,15842,1.0
12362,17582,1.0
12363,14044,0.9583333333333334
12363,14103,1.0
12363,15784,0.9583333333333334
12363,15843,1.0
12363,17583,1.0
12364,14104,1.0
12364,15844,1.0
12364,17584,1.0
12365,14105,1.0
12365,15845,1.0
12365,17585,1.0
12366,14106,1.0
12366,15846,1.0
12366,17586,1.0
12367,14107,1.0
12367,15847,1.0
12367,17587,1.0
12368,14108,1.0
12368,15848,1.0
12368,17588,1.0
12369,14109,1.0
12369,15849,1.0
12369,17589,1.0
12370,14110,1.0
12370,15850,1.0
12370,17590,1.0
12371,14111,1.0
12371,15851,1.0
12371,17591,1.0
12372,14112,1.0
12372,15852,1.0
12372,17592,1.0
12373,14113,1.0
12373,15853,1.0
12373,17593,1.0
12374,14114,1.0
12374,15854,1.0
12374,17594,1.0
12375,14115,1.0
12375,15855,1.0
12375,17595,1.0
12376,14116,1.0
12376,15856,1.0
12376,17596,1.0
12377,14117,1.0
12377,15857,1.0
12377,17597,1.0
12378,14118,1.0
12378,15858,1.0
12378,17598,1.0
12379,14119,1.0
12379,15859,1.0
12379,17599,1.0
12380,14120,1.0
12380,15860,1.0
12380,17600,1.0
12381,14121,1.0
12381,15861,1.0
12381,17601,1.0
12382,14122,1.0
12382,15862,1.0
12382,17602,1.0
12383,14123,1.0
12383,15863,1.0
12383,17603,1.0
12384,14124,1.0
12384,15864,1.0
12384,17604,1.0
12385,14125,1.0
12385,15865,1.0
12385,17605,1.0
12386,14126,1.0
12386,15866,1.0
12386,17606,1.0
12387,14127,1.0
12387,15867,1.0
12387,17607,1.0
12388,14128,1.0
12388,15868,1.0
12388,17608,1.0
12389,14129,1.0
12389,15869,1.0
12389,17609,1.0
12390,14130,1.0
12390,15870,1.0
12390,17610,1.0
12391,14131,1.0
12391,15871,1.0
12391,17611,1.0
12392,12422,1.0
12392,14132,1.0
12392,14162,1.0
12392,15872,1.0
12392,15902,1.0
12392,17612,1.0
12392,17642,1.0
12393,14133,1.0
12393,15873,1.0
12393,17613,1.0
12394,14134,1.0
12394,14193,0.925
12394,15874,1.0
12394,15933,0.925
12394,17614,1.0
12394,17673,0.925
12394,19413,0.925
12395,14135,1.0
12395,15875,1.0
12395,17615,1.0
12396,14136,1.0
12396,15876,1.0
12396,17616,1.0
12397,14137,1.0
12397,15877,1.0
12397,17617,1.0
12398,14138,1.0
12398,15878,1.0
12398,17618,1.0
12399,14139,1.0
12399,15879,1.0
12399,17619,1.0
12400,14140,1.0
12400,15880,1.0
12400,17620,1.0
12401,14141,1.0
12401,15881,1.0
12401,17621,1.0
12402,14142,1.0
12402,15882,1.0
12402,17622,1.0
12403,14143,1.0
12403,15883,1.0
12403,17623,1.0
12404,14144,1.0
12404,15884,1.0
12404,17624,1.0
12405,14145,1.0
12405,15885,1.0
12405,17625,1.0
12406,14146,1.0
12406,15886,1.0
12406,17626,1.0
12407,14147,1.0
12407,15887,1.0
12407,17627,1.0
12408,14148,1.0
12408,15888,1.0
12408,17628,1.0
12409,14149,1.0
12409,15889,1.0
12409,17629,1.0
12410,14150,1.0
12410,15890,1.0
12410,17630,1.0
12411,14151,1.0
12411,15891,1.0
12411,17631,1.0
12412,14152,1.0
12412,15892,1.0
12412,17632,1.0
12413,14153,1.0
12413,15893,1.0
12413,17633,1.0
12414,14154,1.0
12414,15894,1.0
12414,17634,1.0
12415,14155,1.0
12415,15895,1.0
12415,17635,1.0
12416,14156,1.0
12416,15896,1.0
12416,17636,1.0
12417,14157,1.0
12417,15897,1.0
12417,17637,1.0
12418,14158,1.0
12418,15898,1.0
12418,17638,1.0
12419,14159,1.0
12419,15899,1.0
12419,17639,1.0
12420,14160,1.0
12420,15900,1.0
12420,17640,1.0
12421,14161,1.0
12421,15901,1.0
12421,17641,1.0
12422,14132,1.0
12422,14162,1.0
12422,15872,1.0
12422,15902,1.0
12422,17612,1.0
12422,17642,1.0
12423,14163,1.0
12423,15903,1.0
12423,17643,1.0
12424,14164,1.0
12424,15904,1.0
12424,17644,1.0
12425,14165,1.0
12425,15905,1.0
12425,17645,1.0
12426,14166,1.0
12426,15906,1.0
12426,17646,1.0
12427,14167,1.0
12427,15907,1.0
12427,17647,1.0
12428,14168,1.0
12428,15908,1.0
12428,17648,1.0
12429,14169,1.0
12429,15909,1.0
12429,17649,1.0
12430,14170,1.0
12430,15910,1.0
12430,17650,1.0
12431,14171,1.0
12431,15911,1.0
12431,17651,1.0
12432,14172,1.0
12432,15912,1.0
12432,17652,1.0
12433,14173,1.0
12433,15913,1.0
12433,17653,1.0
12434,14174,1.0
12434,15914,1.0
12434,17654,1.0
12435,14175,1.0
12435,15915,1.0
12435,17655,1.0
12436,14176,1.0
12436,15916,1.0
12436,17656,1.0
12437,14177,1.0
12437,15917,1.0
12437,17657,1.0
12438,14178,1.0
12438,15918,1.0
12438,17658,1.0
12438,19398,1.0
12439,14179,1.0
12439,15919,1.0
12439,17659,1.0
12439,19399,1.0
12440,14180,1.0
12440,15920,1.0
12440,17660,1.0
12440,19400,1.0
12441,14181,1.0
12441,15921,1.0
12441,17661,1.0
12441,19401,1.0
12442,14182,1.0
12442,15922,1.0
12442,17662,1.0
12442,19402,1.0
12443,14183,1.0
12443,15923,1.0
12443,17663,1.0
12443,19403,1.0
13952,13982,1.0
13954,14013,0.95
13954,15753,0.95
13998,15738,1.0
13999,15739,1.0
14000,15740,1.0
14001,15741,1.0
14002,15742,1.0
14003,15743,1.0
14004,15744,1.0
14005,15745,1.0
14006,15746,1.0
14007,15747,1.0
14008,15748,1.0
14009,15749,1.0
14010,15750,1.0
14010,17881,0.49166666666666664
14010,19621,0.49166666666666664
14010,21361,0.49166666666666664
14011,15751,1.0
14012,15752,1.0
14013,15753,1.0
14014,15754,1.0
14015,15755,1.0
14016,15756,1.0
14017,15757,1.0
14018,15758,1.0
14019,15759,1.0
14020,15760,1.0
14021,15761,1.0
14022,15762,1.0
14023,15763,1.0
14024,15764,1.0
14025,15765,1.0
14026,15766,1.0
14027,15767,1.0
14028,15768,1.0
14029,15769,1.0
14030,15770,1.0
14031,15771,1.0
14032,15772,1.0
14033,15773,1.0
14034,15774,1.0
14035,15775,1.0
14036,15776,1.0
14037,15777,1.0
14038,15778,1.0
14039,15779,1.0
14040,15780,1.0
14041,15781,1.0
14042,14072,1.0
14042,15782,1.0
14042,15812,1.0
14043,15783,1.0
14044,14103,0.9583333333333334
14044,15784,1.0
14044,15843,0.9583333333333334
14044,17583,0.9583333333333334
14045,15785,1.0
14046,15786,1.0
14047,15787,1.0
14048,15788,1.0
14049,15789,1.0
14050,15790,1.0
14051,15791,1.0
14052,15792,1.0
14053,15793,1.0
14054,15794,1.0
14055,15795,1.0
14056,15796,1.0
14057,15797,1.0
14058,15798,1.0
14059,15799,1.0
14060,15800,1.0
14061,15801,1.0
14062,15802,1.0
14063,15803,1.0
14064,15804,1.0
14065,15805,1.0
14066,15806,1.0
14067,15807,1.0
14068,15808,1.0
14069,15809,1.0
14070,15810,1.0
14071,15811,1.0
14072,15782,1.0
14072,15812,1.0
14073,15813,1.0
14074,15814,1.0
14075,15815,1.0
14076,15816,1.0
14077,15817,1.0
14078,15818,1.0
14079,15819,1.0
14080,15820,1.0
14081,15821,1.0
14082,15822,1.0
14083,15823,1.0
14084,15824,1.0
14085,15825,1.0
14086,15826,1.0
14087,15827,1.0
14088,15828,1.0
14088,17568,1.0
14089,15829,1.0
14089,17569,1.0
14090,15830,1.0
14090,17570,1.0
14091,15831,1.0
14091,17571,1.0
14092,15832,1.0
14092,17572,1.0
14093,15833,1.0
14093,17573,1.0
14094,15834,1.0
14094,17574,1.0
14095,15835,1.0
14095,17575,1.0
14096,15836,1.0
14096,17576,1.0
14097,15837,1.0
14097,17577,1.0
14098,15838,1.0
14098,17578,1.0
14099,15839,1.0
14099,17579,1.0
14100,15840,1.0
14100,17580,1.0
14101,15841,1.0
14101,17581,1.0
14102,15842,1.0
14102,17582,1.0
14103,15784,0.9583333333333334
14103,15843,1.0
14103,17583,1.0
14104,15844,1.0
14104,17584,1.0
14105,15845,1.0
14105,17585,1.0
14106,15846,1.0
14106,17586,1.0
14107,15847,1.0
14107,17587,1.0
14108,15848,1.0
14108,17588,1.0
14109,15849,1.0
14109,17589,1.0
14110,15850,1.0
14110,17590,1.0
14111,15851,1.0
14111,17591,1.0
14112,15852,1.0
14112,17592,1.0
14113,15853,1.0
14113,17593,1.0
14114,15854,1.0
14114,17594,1.0
14115,15855,1.0
14115,17595,1.0
14116,15856,1.0
14116,17596,1.0
14117,15857,1.0
14117,17597,1.0
14118,15858,1.0
14118,17598,1.0
14119,15859,1.0
14119,17599,1.0
14120,15860,1.0
14120,17600,1.0
14121,15861,1.0
14121,17601,1.0
14122,15862,1.0
14122,17602,1.0
14123,15863,1.0
14123,17603,1.0
14124,15864,1.0
14124,17604,1.0
14125,15865,1.0
14125,17605,1.0
14126,15866,1.0
14126,17606,1.0
14127,15867,1.0
14127,17607,1.0
14128,15868,1.0
14128,17608,1.0
14129,15869,1.0
14129,17609,1.0
14130,15870,1.0
14130,17610,1.0
14131,15871,1.0
14131,17611,1.0
14132,14162,1.0
14132,15872,1.0
14132,15902,1.0
14132,17612,1.0
14132,17642,1.0
14133,15873,1.0
14133,17613,1.0
14134,14193,0.925
14134,15874,1.0
14134,15933,0.925
14134,17614,1.0
14134,17673,0.925
14134,19413,0.925
14135,15875,1.0
14135,17615,1.0
14136,15876,1.0
14136,17616,1.0
14137,15877,1.0
14137,17617,1.0
14138,15878,1.0
14138,17618,1.0
14139,15879,1.0
14139,17619,1.0
14140,15880,1.0
14140,17620,1.0
14141,15881,1.0
14141,17621,1.0
14142,15882,1.0
14142,17622,1.0
14143,15883,1.0
14143,17623,1.0
14144,15884,1.0
14144,17624,1.0
14145,15885,1.0
14145,17625,1.0
14146,15886,1.0
14146,17626,1.0
14147,15887,1.0
14147,17627,1.0
14148,15888,1.0
14148,17628,1.0
14149,15889,1.0
14149,17629,1.0
14150,15890,1.0
14150,17630,1.0
14151,15891,1.0
14151,17631,1.0
14152,15892,1.0
14152,17632,1.0
14153,15893,1.0
14153,17633,1.0
14154,15894,1.0
14154,17634,1.0
14155,15895,1.0
14155,17635,1.0
14156,15896,1.0
14156,17636,1.0
14157,15897,1.0
14157,17637,1.0
14158,15898,1.0
14158,17638,1.0
14159,15899,1.0
14159,17639,1.0
14160,15900,1.0
14160,17640,1.0
14161,15901,1.0
14161,17641,1.0
14162,15872,1.0
14162,15902,1.0
14162,17612,1.0
14162,17642,1.0
14163,15903,1.0
14163,17643,1.0
14164,15904,1.0
14164,17644,1.0
14165,15905,1.0
14165,17645,1.0
14166,15906,1.0
14166,17646,1.0
14167,15907,1.0
14167,17647,1.0
14168,15908,1.0
14168,17648,1.0
14169,15909,1.0
14169,17649,1.0
14170,15910,1.0
14170,17650,1.0
14171,15911,1.0
14171,17651,1.0
14172,15912,1.0
14172,17652,1.0
14173,15913,1.0
14173,17653,1.0
14174,15914,1.0
14174,17654,1.0
14175,15915,1.0
14175,17655,1.0
14176,15916,1.0
14176,17656,1.0
14177,15917,1.0
14177,17657,1.0
14178,15918,1.0
14178,17658,1.0
14178,19398,1.0
14179,15919,1.0
14179,17659,1.0
14179,19399,1.0
14180,15920,1.0
14180,17660,1.0
14180,19400,1.0
14181,15921,1.0
14181,17661,1.0
14181,19401,1.0
14182,15922,1.0
14182,17662,1.0
14182,19402,1.0
14183,15923,1.0
14183,17663,1.0
14183,19403,1.0
14184,15924,1.0
14184,17664,1.0
14184,19404,1.0
14185,15925,1.0
14185,17665,1.0
14185,19405,1.0
14186,15926,1.0
14186,17666,1.0
14186,19406,1.0
14187,15927,1.0
14187,17667,1.0
14187,19407,1.0
14188,15928,1.0
14188,17668,1.0
14188,19408,1.0
14189,15929,1.0
14189,17669,1.0
14189,19409,1.0
14190,15930,1.0
14190,17670,1.0
14190,19410,1.0
14190,21541,0.375
14191,15931,1.0
14191,17671,1.0
14191,19411,1.0
14192,15932,1.0
14192,17672,1.0
14192,19412,1.0
14193,15874,0.925
14193,15933,1.0
14193,17614,0.925
14193,17673,1.0
14193,19413,1.0
14194,15934,1.0
14194,17674,1.0
14194,19414,1.0
14195,15935,1.0
14195,17675,1.0
14195,19415,1.0
14196,15936,1.0
14196,17676,1.0
14196,19416,1.0
14197,15937,1.0
14197,17677,1.0
14197,19417,1.0
14198,15938,1.0
14198,17678,1.0
14198,19418,1.0
14199,15939,1.0
14199,17679,1.0
14199,19419,1.0
14200,15940,1.0
14200,17680,1.0
14200,19420,1.0
14201,15941,1.0
14201,17681,1.0
14201,19421,1.0
14202,15942,1.0
14202,17682,1.0
14202,19422,1.0
14203,15943,1.0
14203,17683,1.0
14203,19423,1.0
14204,15944,1.0
14204,17684,1.0
14204,19424,1.0
14205,15945,1.0
14205,17685,1.0
14205,19425,1.0
14206,15946,1.0
14206,17686,1.0
14206,19426,1.0
14207,15947,1.0
14207,17687,1.0
14207,19427,1.0
14208,15948,1.0
14208,17688,1.0
14208,19428,1.0
14209,15949,1.0
14209,17689,1.0
14209,19429,1.0
14210,15950,1.0
14210,17690,1.0
14210,19430,1.0
14211,15951,1.0
14211,17691,1.0
14211,19431,1.0
14212,15952,1.0
14212,17692,1.0
14212,19432,1.0
14213,15953,1.0
14213,17693,1.0
14213,19433,1.0
14214,15954,1.0
14214,17694,1.0
14214,19434,1.0
14215,15955,1.0
14215,17695,1.0
14215,19435,1.0
14216,15956,1.0
14216,17696,1.0
14216,19436,1.0
14217,15957,1.0
14217,17697,1.0
14217,19437,1.0
14218,15958,1.0
14218,17698,1.0
14218,19438,1.0
14219,15959,1.0
14219,17699,1.0
14219,19439,1.0
14220,15960,1.0
14220,17700,1.0
14220,19440,1.0
14221,15961,1.0
14221,17701,1.0
14221,19441,1.0
14222,14252,1.0
14222,15962,1.0
14222,15992,1.0
14222,17702,1.0
14222,17732,1.0
14222,19442,1.0
14222,19472,1.0
14223,15963,1.0
14223,17703,1.0
14223,19443,1.0
14224,15964,1.0
14224,16023,1.0
14224,17704,1.0
14224,17763,1.0
14224,19444,1.0
14224,19503,1.0
14224,21243,1.0
14225,15965,1.0
14225,17705,1.0
14225,19445,1.0
14226,15966,1.0
14226,17706,1.0
14226,19446,1.0
14227,15967,1.0
14227,17707,1.0
14227,19447,1.0
14228,15968,1.0
14228,17708,1.0
14228,19448,1.0
14229,15969,1.0
14229,17709,1.0
14229,19449,1.0
14230,15970,1.0
14230,17710,1.0
14230,19450,1.0
14231,15971,1.0
14231,17711,1.0
14231,19451,1.0
14232,15972,1.0
14232,17712,1.0
14232,19452,1.0
14233,15973,1.0
14233,17713,1.0
14233,19453,1.0
14234,15974,1.0
14234,17714,1.0
14234,19454,1.0
14235,15975,1.0
14235,17715,1.0
14235,19455,1.0
14236,15976,1.0
14236,17716,1.0
14236,19456,1.0
14237,15977,1.0
14237,17717,1.0
14237,19457,1.0
14238,15978,1.0
14238,17718,1.0
14238,19458,1.0
14239,15979,1.0
14239,17719,1.0
14239,19459,1.0
14240,15980,1.0
14240,17720,1.0
14240,19460,1.0
14241,15981,1.0
14241,17721,1.0
14241,19461,1.0
14242,15982,1.0
14242,17722,1.0
14242,19462,1.0
14243,15983,1.0
14243,17723,1.0
14243,19463,1.0
14244,15984,1.0
14244,17724,1.0
14244,19464,1.0
14245,15985,1.0
14245,17725,1.0
14245,19465,1.0
14246,15986,1.0
14246,17726,1.0
14246,19466,1.0
14247,15987,1.0
14247,17727,1.0
14247,19467,1.0
14248,15988,1.0
14248,17728,1.0
14248,19468,1.0
14249,15989,1.0
14249,17729,1.0
14249,19469,1.0
14250,15990,1.0
14250,17730,1.0
14250,19470,1.0
14251,15991,1.0
14251,17731,1.0
14251,19471,1.0
14252,15962,1.0
14252,15992,1.0
14252,17702,1.0
14252,17732,1.0
14252,19442,1.0
14252,19472,1.0
14253,15993,1.0
14253,17733,1.0
14253,19473,1.0
14254,15994,1.0
14254,17734,1.0
14254,19474,1.0
14255,15995,1.0
14255,17735,1.0
14255,19475,1.0
14256,15996,1.0
14256,17736,1.0
14256,19476,1.0
14257,15997,1.0
14257,17737,1.0
14257,19477,1.0
14258,15998,1.0
14258,17738,1.0
14258,19478,1.0
14259,15999,1.0
14259,17739,1.0
14259,19479,1.0
14260,16000,1.0
14260,17740,1.0
14260,19480,1.0
14261,16001,1.0
14261,17741,1.0
14261,19481,1.0
14262,16002,1.0
14262,17742,1.0
14262,19482,1.0
14263,16003,1.0
14263,17743,1.0
14263,19483,1.0
14264,16004,1.0
14264,17744,1.0
14264,19484,1.0
14265,16005,1.0
14265,17745,1.0
14265,19485,1.0
14266,16006,1.0
14266,17746,1.0
14266,19486,1.0
14267,16007,1.0
14267,17747,1.0
14267,19487,1.0
14268,16008,1.0
14268,17748,1.0
14268,19488,1.0
14268,21228,1.0
14269,16009,1.0
14269,17749,1.0
14269,19489,1.0
14269,21229,1.0
14270,16010,1.0
14270,17750,1.0
14270,19490,1.0
14270,21230,1.0
14271,16011,1.0
14271,17751,1.0
14271,19491,1.0
14271,21231,1.0
14272,16012,1.0
14272,17752,1.0
14272,19492,1.0
14272,21232,1.0
14273,16013,1.0
14273,17753,1.0
14273,19493,1.0
14273,21233,1.0
15750,17881,0.49166666666666664
15750,19621,0.49166666666666664
15750,21361,0.49166666666666664
15782,15812,1.0
15784,15843,0.9583333333333334
15784,17583,0.9583333333333334
15828,17568,1.0
15829,17569,1.0
15830,17570,1.0
15831,17571,1.0
15832,17572,1.0
15833,17573,1.0
15834,17574,1.0
15835,17575,1.0
15836,17576,1.0
15837,17577,1.0
15838,17578,1.0
15839,17579,1.0
15840,17580,1.0
15841,17581,1.0
15842,17582,1.0
15843,17583,1.0
15844,17584,1.0
15845,17585,1.0
15846,17586,1.0
15847,17587,1.0
15848,17588,1.0
15849,17589,1.0
15850,17590,1.0
15851,17591,1.0
15852,17592,1.0
15853,17593,1.0
15854,17594,1.0
15855,17595,1.0
15856,17596,1.0
15857,17597,1.0
15858,17598,1.0
15859,17599,1.0
15860,17600,1.0
15861,17601,1.0
15862,17602,1.0
15863,17603,1.0
15864,17604,1.0
15865,17605,1.0
15866,17606,1.0
15867,17607,1.0
15868,17608,1.0
15869,17609,1.0
15870,17610,1.0
15871,17611,1.0
15872,15902,1.0
15872,17612,1.0
15872,17642,1.0
15873,17613,1.0
15874,15933,0.925
15874,17614,1.0
15874,17673,0.925
15874,19413,0.925
15875,17615,1.0
15876,17616,1.0
15877,17617,1.0
15878,17618,1.0
15879,17619,1.0
15880,17620,1.0
15881,17621,1.0
15882,17622,1.0
15883,17623,1.0
15884,17624,1.0
15885,17625,1.0
15886,17626,1.0
15887,17627,1.0
15888,17628,1.0
15889,17629,1.0
15890,17630,1.0
15891,17631,1.0
15892,17632,1.0
15893,17633,1.0
15894,17634,1.0
15895,17635,1.0
15896,17636,1.0
15897,17637,1.0
15898,17638,1.0
15899,17639,1.0
15900,17640,1.0
15901,17641,1.0
15902,17612,1.0
15902,17642,1.0
15903,17643,1.0
15904,17644,1.0
15905,17645,1.0
15906,17646,1.0
15907,17647,1.0
15908,17648,1.0
15909,17649,1.0
15910,17650,1.0
15911,17651,1.0
15912,17652,1.0
15913,17653,1.0
15914,17654,1.0
15915,17655,1.0
15916,17656,1.0
15917,17657,1.0
15918,17658,1.0
15918,19398,1.0
15919,17659,1.0
15919,19399,1.0
15920,17660,1.0
15920,19400,1.0
15921,17661,1.0
15921,19401,1.0
15922,17662,1.0
15922,19402,1.0
15923,17663,1.0
15923,19403,1.0
15924,17664,1.0
15924,19404,1.0
15925,17665,1.0
15925,19405,1.0
15926,17666,1.0
15926,19406,1.0
15927,17667,1.0
15927,19407,1.0
15928,17668,1.0
15928,19408,1.0
15929,17669,1.0
15929,19409,1.0
15930,17670,1.0
15930,19410,1.0
15930,21541,0.375
15931,17671,1.0
15931,19411,1.0
15932,17672,1.0
15932,19412,1.0
15933,17614,0.925
15933,17673,1.0
15933,19413,1.0
15934,17674,1.0
15934,19414,1.0
15935,17675,1.0
15935,19415,1.0
15936,17676,1.0
15936,19416,1.0
15937,17677,1.0
15937,19417,1.0
15938,17678,1.0
15938,19418,1.0
15939,17679,1.0
15939,19419,1.0
15940,17680,1.0
15940,19420,1.0
15941,17681,1.0
15941,19421,1.0
15942,17682,1.0
15942,19422,1.0
15943,17683,1.0
15943,19423,1.0
15944,17684,1.0
15944,19424,1.0
15945,17685,1.0
15945,19425,1.0
15946,17686,1.0
15946,19426,1.0
15947,17687,1.0
15947,19427,1.0
15948,17688,1.0
15948,19428,1.0
15949,17689,1.0
15949,19429,1.0
15950,17690,1.0
15950,19430,1.0
15951,17691,1.0
15951,19431,1.0
15952,17692,1.0
15952,19432,1.0
15953,17693,1.0
15953,19433,1.0
15954,17694,1.0
15954,19434,1.0
15955,17695,1.0
15955,19435,1.0
15956,17696,1.0
15956,19436,1.0
15957,17697,1.0
15957,19437,1.0
15958,17698,1.0
15958,19438,1.0
15959,17699,1.0
15959,19439,1.0
15960,17700,1.0
15960,19440,1.0
15961,17701,1.0
15961,19441,1.0
15962,15992,1.0
15962,17702,1.0
15962,17732,1.0
15962,19442,1.0
15962,19472,1.0
15963,17703,1.0
15963,19443,1.0
15964,16023,1.0
15964,17704,1.0
15964,17763,1.0
15964,19444,1.0
15964,19503,1.0
15964,21243,1.0
15965,17705,1.0
15965,19445,1.0
15966,17706,1.0
15966,19446,1.0
15967,17707,1.0
15967,19447,1.0
15968,17708,1.0
15968,19448,1.0
15969,17709,1.0
15969,19449,1.0
15970,17710,1.0
15970,19450,1.0
15971,17711,1.0
15971,19451,1.0
15972,17712,1.0
15972,19452,1.0
15973,17713,1.0
15973,19453,1.0
15974,17714,1.0
15974,19454,1.0
15975,17715,1.0
15975,19455,1.0
15976,17716,1.0
15976,19456,1.0
15977,17717,1.0
15977,19457,1.0
15978,17718,1.0
15978,19458,1.0
15979,17719,1.0
15979,19459,1.0
15980,17720,1.0
15980,19460,1.0
15981,17721,1.0
15981,19461,1.0
15982,17722,1.0
15982,19462,1.0
15983,17723,1.0
15983,19463,1.0
15984,17724,1.0
15984,19464,1.0
15985,17725,1.0
15985,19465,1.0
15986,17726,1.0
15986,19466,1.0
15987,17727,1.0
15987,19467,1.0
15988,17728,1.0
15988,19468,1.0
15989,17729,1.0
15989,19469,1.0
15990,17730,1.0
15990,19470,1.0
15991,17731,1.0
15991,19471,1.0
15992,17702,1.0
15992,17732,1.0
15992,19442,1.0
15992,19472,1.0
15993,17733,1.0
15993,19473,1.0
15994,17734,1.0
15994,19474,1.0
15995,17735,1.0
15995,19475,1.0
15996,17736,1.0
15996,19476,1.0
15997,17737,1.0
15997,19477,1.0
15998,17738,1.0
15998,19478,1.0
15999,17739,1.0
15999,19479,1.0
16000,17740,1.0
16000,19480,1.0
16001,17741,1.0
16001,19481,1.0
16002,17742,1.0
16002,19482,1.0
16003,17743,1.0
16003,19483,1.0
16004,17744,1.0
16004,19484,1.0
16005,17745,1.0
16005,19485,1.0
16006,17746,1.0
16006,19486,1.0
16007,17747,1.0
16007,19487,1.0
16008,17748,1.0
16008,19488,1.0
16008,21228,1.0
16009,17749,1.0
16009,19489,1.0
16009,21229,1.0
16010,17750,1.0
16010,19490,1.0
16010,21230,1.0
16011,17751,1.0
16011,19491,1.0
16011,21231,1.0
16012,17752,1.0
16012,19492,1.0
16012,21232,1.0
16013,17753,1.0
16013,19493,1.0
16013,21233,1.0
16014,17754,1.0
16014,19494,1.0
16014,21234,1.0
16015,17755,1.0
16015,19495,1.0
16015,21235,1.0
16016,17756,1.0
16016,19496,1.0
16016,21236,1.0
16017,17757,1.0
16017,19497,1.0
16017,21237,1.0
16018,17758,1.0
16018,19498,1.0
16018,21238,1.0
16019,17759,1.0
16019,19499,1.0
16019,21239,1.0
16020,17760,1.0
16020,19500,1.0
16020,21240,1.0
16021,17761,1.0
16021,19501,1.0
16021,21241,1.0
16022,17762,1.0
16022,19502,1.0
16022,21242,1.0
16023,17704,1.0
16023,17763,1.0
16023,19444,1.0
16023,19503,1.0
16023,21243,1.0
16024,17764,1.0
16024,19504,1.0
16024,21244,1.0
16025,17765,1.0
16025,19505,1.0
16025,21245,1.0
16026,17766,1.0
16026,19506,1.0
16026,21246,1.0
16027,17767,1.0
16027,19507,1.0
16027,21247,1.0
16028,17768,1.0
16028,19508,1.0
16028,21248,1.0
16029,17769,1.0
16029,19509,1.0
16029,21249,1.0
16030,17770,1.0
16030,19510,1.0
16030,21250,1.0
16031,17771,1.0
16031,19511,1.0
16031,21251,1.0
16032,17772,1.0
16032,19512,1.0
16032,21252,1.0
16033,17773,1.0
16033,19513,1.0
16033,21253,1.0
16034,17774,1.0
16034,19514,1.0
16034,21254,1.0
16035,17775,1.0
16035,19515,1.0
16035,21255,1.0
16036,17776,1.0
16036,19516,1.0
16036,21256,1.0
16037,17777,1.0
16037,19517,1.0
16037,21257,1.0
16038,17778,1.0
16038,19518,1.0
16038,21258,1.0
16039,17779,1.0
16039,19519,1.0
16039,21259,1.0
16040,17780,1.0
16040,19520,1.0
16040,21260,1.0
16041,17781,1.0
16041,19521,1.0
16041,21261,1.0
16042,17782,1.0
16042,19522,1.0
16042,21262,1.0
16043,17783,1.0
16043,19523,1.0
16043,21263,1.0
16044,17784,1.0
16044,19524,1.0
16044,21264,1.0
16045,17785,1.0
16045,19525,1.0
16045,21265,1.0
16046,17786,1.0
16046,19526,1.0
16046,21266,1.0
16047,17787,1.0
16047,19527,1.0
16047,21267,1.0
16048,17788,1.0
16048,19528,1.0
16048,21268,1.0
16049,17789,1.0
16049,19529,1.0
16049,21269,1.0
16050,17790,1.0
16050,19530,1.0
16050,21270,1.0
16051,17791,1.0
16051,19531,1.0
16051,21271,1.0
16052,16082,1.0
16052,17792,1.0
16052,17822,1.0
16052,19532,1.0
16052,19562,1.0
16052,21272,1.0
16052,21302,1.0
16053,17793,1.0
16053,19533,1.0
16053,21273,1.0
16054,17794,1.0
16054,17853,1.0
16054,19534,1.0
16054,19593,1.0
16054,21274,1.0
16054,21333,1.0
16055,17795,1.0
16055,19535,1.0
16055,21275,1.0
16056,17796,1.0
16056,19536,1.0
16056,21276,1.0
16057,17797,1.0
16057,19537,1.0
16057,21277,1.0
16058,17798,1.0
16058,19538,1.0
16058,21278,1.0
16059,17799,1.0
16059,19539,1.0
16059,21279,1.0
16060,17800,1.0
16060,19540,1.0
16060,21280,1.0
16061,17801,1.0
16061,19541,1.0
16061,21281,1.0
16062,17802,1.0
16062,19542,1.0
16062,21282,1.0
16063,17803,1.0
16063,19543,1.0
16063,21283,1.0
16064,17804,1.0
16064,19544,1.0
16064,21284,1.0
16065,17805,1.0
16065,19545,1.0
16065,21285,1.0
16066,17806,1.0
16066,19546,1.0
16066,21286,1.0
16067,17807,1.0
16067,19547,1.0
16067,21287,1.0
16068,17808,1.0
16068,19548,1.0
16068,21288,1.0
16069,17809,1.0
16069,19549,1.0
16069,21289,1.0
16070,17810,1.0
16070,19550,1.0
16070,21290,1.0
16071,17811,1.0
16071,19551,1.0
16071,21291,1.0
16072,17812,1.0
16072,19552,1.0
16072,21292,1.0
16073,17813,1.0
16073,19553,1.0
16073,21293,1.0
16074,17814,1.0
16074,19554,1.0
16074,21294,1.0
16075,17815,1.0
16075,19555,1.0
16075,21295,1.0
16076,17816,1.0
16076,19556,1.0
16076,21296,1.0
16077,17817,1.0
16077,19557,1.0
16077,21297,1.0
16078,17818,1.0
16078,19558,1.0
16078,21298,1.0
16079,17819,1.0
16079,19559,1.0
16079,21299,1.0
16080,17820,1.0
16080,19560,1.0
16080,21300,1.0
16081,17821,1.0
16081,19561,1.0
16081,21301,1.0
16082,17792,1.0
16082,17822,1.0
16082,19532,1.0
16082,19562,1.0
16082,21272,1.0
16082,21302,1.0
16083,17823,1.0
16083,19563,1.0
16083,21303,1.0
16084,17824,1.0
16084,19564,1.0
16084,21304,1.0
16085,17825,1.0
16085,19565,1.0
16085,21305,1.0
16086,17826,1.0
16086,19566,1.0
16086,21306,1.0
16087,17827,1.0
16087,19567,1.0
16087,21307,1.0
16088,17828,1.0
16088,19568,1.0
16088,21308,1.0
16089,17829,1.0
16089,19569,1.0
16089,21309,1.0
16090,17830,1.0
16090,19570,1.0
16090,21310,1.0
16091,17831,1.0
16091,19571,1.0
16091,21311,1.0
16092,17832,1.0
16092,19572,1.0
16092,21312,1.0
16093,17833,1.0
16093,19573,1.0
16093,21313,1.0
16094,17834,1.0
16094,19574,1.0
16094,21314,1.0
16095,17835,1.0
16095,19575,1.0
16095,21315,1.0
16096,17836,1.0
16096,19576,1.0
16096,21316,1.0
16097,17837,1.0
16097,19577,1.0
16097,21317,1.0
16098,17838,1.0
16098,19578,1.0
16098,21318,1.0
16099,17839,1.0
16099,19579,1.0
16099,21319,1.0
16100,17840,1.0
16100,19580,1.0
16100,21320,1.0
16101,17841,1.0
16101,19581,1.0
16101,21321,1.0
16102,17842,1.0
16102,19582,1.0
16102,21322,1.0
16103,17843,1.0
16103,19583,1.0
16103,21323,1.0
17612,17642,1.0
17614,17673,0.925
17614,19413,0.925
17658,19398,1.0
17659,19399,1.0
17660,19400,1.0
17661,19401,1.0
17662,19402,1.0
17663,19403,1.0
17664,19404,1.0
17665,19405,1.0
17666,19406,1.0
17667,19407,1.0
17668,19408,1.0
17669,19409,1.0
17670,19410,1.0
17670,21541,0.375
17671,19411,1.0
17672,19412,1.0
17673,19413,1.0
17674,19414,1.0
17675,19415,1.0
17676,19416,1.0
17677,19417,1.0
17678,19418,1.0
17679,19419,1.0
17680,19420,1.0
17681,19421,1.0
17682,19422,1.0
17683,19423,1.0
17684,19424,1.0
17685,19425,1.0
17686,19426,1.0
17687,19427,1.0
17688,19428,1.0
17689,19429,1.0
17690,19430,1.0
17691,19431,1.0
17692,19432,1.0
17693,19433,1.0
17694,19434,1.0
17695,19435,1.0
17696,19436,1.0
17697,19437,1.0
17698,19438,1.0
17699,19439,1.0
17700,19440,1.0
17701,19441,1.0
17702,17732,1.0
17702,19442,1.0
17702,19472,1.0
17703,19443,1.0
17704,17763,1.0
17704,19444,1.0
17704,19503,1.0
17704,21243,1.0
17705,19445,1.0
17706,19446,1.0
17707,19447,1.0
17708,19448,1.0
17709,19449,1.0
17710,19450,1.0
17711,19451,1.0
17712,19452,1.0
17713,19453,1.0
17714,19454,1.0
17715,19455,1.0
17716,19456,1.0
17717,19457,1.0
17718,19458,1.0
17719,19459,1.0
17720,19460,1.0
17721,19461,1.0
17722,19462,1.0
17723,19463,1.0
17724,19464,1.0
17725,19465,1.0
17726,19466,1.0
17727,19467,1.0
17728,19468,1.0
17729,19469,1.0
17730,19470,1.0
17731,19471,1.0
17732,19442,1.0
17732,19472,1.0
17733,19473,1.0
17734,19474,1.0
17735,19475,1.0
17736,19476,1.0
17737,19477,1.0
17738,19478,1.0
17739,19479,1.0
17740,19480,1.0
17741,19481,1.0
17742,19482,1.0
17743,19483,1.0
17744,19484,1.0
17745,19485,1.0
17746,19486,1.0
17747,19487,1.0
17748,19488,1.0
17748,21228,1.0
17749,19489,1.0
17749,21229,1.0
17750,19490,1.0
17750,21230,1.0
17751,19491,1.0
17751,21231,1.0
17752,19492,1.0
17752,21232,1.0
17753,19493,1.0
17753,21233,1.0
17754,19494,1.0
17754,21234,1.0
17755,19495,1.0
17755,21235,1.0
17756,19496,1.0
17756,21236,1.0
17757,19497,1.0
17757,21237,1.0
17758,19498,1.0
17758,21238,1.0
17759,19499,1.0
17759,21239,1.0
17760,19500,1.0
17760,21240,1.0
17761,19501,1.0
17761,21241,1.0
17762,19502,1.0
17762,21242,1.0
17763,19444,1.0
17763,19503,1.0
17763,21243,1.0
17764,19504,1.0
17764,21244,1.0
17765,19505,1.0
17765,21245,1.0
17766,19506,1.0
17766,21246,1.0
17767,19507,1.0
17767,21247,1.0
17768,19508,1.0
17768,21248,1.0
17769,19509,1.0
17769,21249,1.0
17770,19510,1.0
17770,21250,1.0
17771,19511,1.0
17771,21251,1.0
17772,19512,1.0
17772,21252,1.0
17773,19513,1.0
17773,21253,1.0
17774,19514,1.0
17774,21254,1.0
17775,19515,1.0
17775,21255,1.0
17776,19516,1.0
17776,21256,1.0
17777,19517,1.0
17777,21257,1.0
17778,19518,1.0
17778,21258,1.0
17779,19519,1.0
17779,21259,1.0
17780,19520,1.0
17780,21260,1.0
17781,19521,1.0
17781,21261,1.0
17782,19522,1.0
17782,21262,1.0
17783,19523,1.0
17783,21263,1.0
17784,19524,1.0
17784,21264,1.0
17785,19525,1.0
17785,21265,1.0
17786,19526,1.0
17786,21266,1.0
17787,19527,1.0
17787,21267,1.0
17788,19528,1.0
17788,21268,1.0
17789,19529,1.0
17789,21269,1.0
17790,19530,1.0
17790,21270,1.0
17791,19531,1.0
17791,21271,1.0
17792,17822,1.0
17792,19532,1.0
17792,19562,1.0
17792,21272,1.0
17792,21302,1.0
17793,19533,1.0
17793,21273,1.0
17794,17853,1.0
17794,19534,1.0
17794,19593,1.0
17794,21274,1.0
17794,21333,1.0
17795,19535,1.0
17795,21275,1.0
17796,19536,1.0
17796,21276,1.0
17797,19537,1.0
17797,21277,1.0
17798,19538,1.0
17798,21278,1.0
17799,19539,1.0
17799,21279,1.0
17800,19540,1.0
17800,21280,1.0
17801,19541,1.0
17801,21281,1.0
17802,19542,1.0
17802,21282,1.0
17803,19543,1.0
17803,21283,1.0
17804,19544,1.0
17804,21284,1.0
17805,19545,1.0
17805,21285,1.0
17806,19546,1.0
17806,21286,1.0
17807,19547,1.0
17807,21287,1.0
17808,19548,1.0
17808,21288,1.0
17809,19549,1.0
17809,21289,1.0
17810,19550,1.0
17810,21290,1.0
17811,19551,1.0
17811,21291,1.0
17812,19552,1.0
17812,21292,1.0
17813,19553,1.0
17813,21293,1.0
17814,19554,1.0
17814,21294,1.0
17815,19555,1.0
17815,21295,1.0
17816,19556,1.0
17816,21296,1.0
17817,19557,1.0
17817,21297,1.0
17818,19558,1.0
17818,21298,1.0
17819,19559,1.0
17819,21299,1.0
17820,19560,1.0
17820,21300,1.0
17821,19561,1.0
17821,21301,1.0
17822,19532,1.0
17822,19562,1.0
17822,21272,1.0
17822,21302,1.0
17823,19563,1.0
17823,21303,1.0
17824,19564,1.0
17824,21304,1.0
17825,19565,1.0
17825,21305,1.0
17826,19566,1.0
17826,21306,1.0
17827,19567,1.0
17827,21307,1.0
17828,19568,1.0
17828,21308,1.0
17829,19569,1.0
17829,21309,1.0
17830,19570,1.0
17830,21310,1.0
17831,19571,1.0
17831,21311,1.0
17832,19572,1.0
17832,21312,1.0
17833,19573,1.0
17833,21313,1.0
17834,19574,1.0
17834,21314,1.0
17835,19575,1.0
17835,21315,1.0
17836,19576,1.0
17836,21316,1.0
17837,19577,1.0
17837,21317,1.0
17838,19578,1.0
17838,21318,1.0
17839,19579,1.0
17839,21319,1.0
17840,19580,1.0
17840,21320,1.0
17841,19581,1.0
17841,21321,1.0
17842,19582,1.0
17842,21322,1.0
17843,19583,1.0
17843,21323,1.0
17844,19584,1.0
17844,21324,1.0
17845,19585,1.0
17845,21325,1.0
17846,19586,1.0
17846,21326,1.0
17847,19587,1.0
17847,21327,1.0
17848,19588,1.0
17848,21328,1.0
17849,19589,1.0
17849,21329,1.0
17850,19590,1.0
17850,21330,1.0
17851,19591,1.0
17851,21331,1.0
17852,19592,1.0
17852,21332,1.0
17853,19534,1.0
17853,19593,1.0
17853,21274,1.0
17853,21333,1.0
17854,19594,1.0
17854,21334,1.0
17855,19595,1.0
17855,21335,1.0
17856,19596,1.0
17856,21336,1.0
17857,19597,1.0
17857,21337,1.0
17858,19598,1.0
17858,21338,1.0
17859,19599,1.0
17859,21339,1.0
17860,19600,1.0
17860,21340,1.0
17861,19601,1.0
17861,21341,1.0
17862,19602,1.0
17862,21342,1.0
17863,19603,1.0
17863,21343,1.0
17864,19604,1.0
17864,21344,1.0
17865,19605,1.0
17865,21345,1.0
17866,19606,1.0
17866,21346,1.0
17867,19607,1.0
17867,21347,1.0
17868,19608,1.0
17868,21348,1.0
17869,19609,1.0
17869,21349,1.0
17870,19610,1.0
17870,21350,1.0
17871,19611,1.0
17871,21351,1.0
17872,19612,1.0
17872,21352,1.0
17873,19613,1.0
17873,21353,1.0
17874,19614,1.0
17874,21354,1.0
17875,19615,1.0
17875,21355,1.0
17876,19616,1.0
17876,21356,1.0
17877,19617,1.0
17877,21357,1.0
17878,19618,1.0
17878,21358,1.0
17879,19619,1.0
17879,21359,1.0
17880,19620,1.0
17880,21360,1.0
17881,19621,1.0
17881,21361,1.0
17882,17912,1.0
17882,19622,1.0
17882,19652,1.0
17882,21362,1.0
17882,21392,1.0
17883,19623,1.0
17883,21363,1.0
17884,19624,1.0
17884,19683,1.0
17884,21364,1.0
17884,21423,1.0
17885,19625,1.0
17885,21365,1.0
17886,19626,1.0
17886,21366,1.0
17887,19627,1.0
17887,21367,1.0
17888,19628,1.0
17888,21368,1.0
17889,19629,1.0
17889,21369,1.0
17890,19630,1.0
17890,21370,1.0
17891,19631,1.0
17891,21371,1.0
17892,19632,1.0
17892,21372,1.0
17893,19633,1.0
17893,21373,1.0
17894,19634,1.0
17894,21374,1.0
17895,19635,1.0
17895,21375,1.0
17896,19636,1.0
17896,21376,1.0
17897,19637,1.0
17897,21377,1.0
17898,19638,1.0
17898,21378,1.0
17899,19639,1.0
17899,21379,1.0
17900,19640,1.0
17900,21380,1.0
17901,19641,1.0
17901,21381,1.0
17902,19642,1.0
17902,21382,1.0
17903,19643,1.0
17903,21383,1.0
17904,19644,1.0
17904,21384,1.0
17905,19645,1.0
17905,21385,1.0
17906,19646,1.0
17906,21386,1.0
17907,19647,1.0
17907,21387,1.0
17908,19648,1.0
17908,21388,1.0
17909,19649,1.0
17909,21389,1.0
17910,19650,1.0
17910,21390,1.0
17911,19651,1.0
17911,21391,1.0
17912,19622,1.0
17912,19652,1.0
17912,21362,1.0
17912,21392,1.0
17913,19653,1.0
17913,21393,1.0
17914,19654,1.0
17914,21394,1.0
17915,19655,1.0
17915,21395,1.0
17916,19656,1.0
17916,21396,1.0
17917,19657,1.0
17917,21397,1.0
17918,19658,1.0
17918,21398,1.0
17919,19659,1.0
17919,21399,1.0
17920,19660,1.0
17920,21400,1.0
17921,19661,1.0
17921,21401,1.0
17922,19662,1.0
17922,21402,1.0
17923,19663,1.0
17923,21403,1.0
17924,19664,1.0
17924,21404,1.0
17925,19665,1.0
17925,21405,1.0
17926,19666,1.0
17926,21406,1.0
17927,19667,1.0
17927,21407,1.0
17928,19668,1.0
17928,21408,1.0
17929,19669,1.0
17929,21409,1.0
17930,19670,1.0
17930,21410,1.0
17931,19671,1.0
17931,21411,1.0
17932,19672,1.0
17932,21412,1.0
17933,19673,1.0
17933,21413,1.0
19410,21541,0.375
19442,19472,1.0
19444,19503,1.0
19444,21243,1.0
19488,21228,1.0
19489,21229,1.0
19490,21230,1.0
19491,21231,1.0
19492,21232,1.0
19493,21233,1.0
19494,21234,1.0
19495,21235,1.0
19496,21236,1.0
19497,21237,1.0
19498,21238,1.0
19499,21239,1.0
19500,21240,1.0
19501,21241,1.0
19502,21242,1.0
19503,21243,1.0
19504,21244,1.0
19505,21245,1.0
19506,21246,1.0
19507,21247,1.0
19508,21248,1.0
19509,21249,1.0
19510,21250,1.0
19511,21251,1.0
19512,21252,1.0
19513,21253,1.0
19514,21254,1.0
19515,21255,1.0
19516,21256,1.0
19517,21257,1.0
19518,21258,1.0
19519,21259,1.0
19520,21260,1.0
19521,21261,1.0
19522,21262,1.0
19523,21263,1.0
19524,21264,1.0
19525,21265,1.0
19526,21266,1.0
19527,21267,1.0
19528,21268,1.0
19529,21269,1.0
19530,21270,1.0
19531,21271,1.0
19532,19562,1.0
19532,21272,1.0
19532,21302,1.0
19533,21273,1.0
19534,19593,1.0
19534,21274,1.0
19534,21333,1.0
19535,21275,1.0
19536,21276,1.0
19537,21277,1.0
19538,21278,1.0
19539,21279,1.0
19540,21280,1.0
19541,21281,1.0
19542,21282,1.0
19543,21283,1.0
19544,21284,1.0
19545,21285,1.0
19546,21286,1.0
19547,21287,1.0
19548,21288,1.0
19549,21289,1.0
19550,21290,1.0
19551,21291,1.0
19552,21292,1.0
19553,21293,1.0
19554,21294,1.0
19555,21295,1.0
19556,21296,1.0
19557,21297,1.0
19558,21298,1.0
19559,21299,1.0
19560,21300,1.0
19561,21301,1.0
19562,21272,1.0
19562,21302,1.0
19563,21303,1.0
19564,21304,1.0
19565,21305,1.0
19566,21306,1.0
19567,21307,1.0
19568,21308,1.0
19569,21309,1.0
19570,21310,1.0
19571,21311,1.0
19572,21312,1.0
19573,21313,1.0
19574,21314,1.0
19575,21315,1.0
19576,21316,1.0
19577,21317,1.0
19578,21318,1.0
19579,21319,1.0
19580,21320,1.0
19581,21321,1.0
19582,21322,1.0
19583,21323,1.0
19584,21324,1.0
19585,21325,1.0
19586,21326,1.0
19587,21327,1.0
19588,21328,1.0
19589,21329,1.0
19590,21330,1.0
19591,21331,1.0
19592,21332,1.0
19593,21274,1.0
19593,21333,1.0
19594,21334,1.0
19595,21335,1.0
19596,21336,1.0
19597,21337,1.0
19598,21338,1.0
19599,21339,1.0
19600,21340,1.0
19601,21341,1.0
19602,21342,1.0
19603,21343,1.0
19604,21344,1.0
19605,21345,1.0
19606,21346,1.0
19607,21347,1.0
19608,21348,1.0
19609,21349,1.0
19610,21350,1.0
19611,21351,1.0
19612,21352,1.0
19613,21353,1.0
19614,21354,1.0
19615,21355,1.0
19616,21356,1.0
19617,21357,1.0
19618,21358,1.0
19619,21359,1.0
19620,21360,1.0
19621,21361,1.0
19622,19652,1.0
19622,21362,1.0
19622,21392,1.0
19623,21363,1.0
19624,19683,1.0
19624,21364,1.0
19624,21423,1.0
19625,21365,1.0
19626,21366,1.0
19627,21367,1.0
19628,21368,1.0
19629,21369,1.0
19630,21370,1.0
19631,21371,1.0
19632,21372,1.0
19633,21373,1.0
19634,21374,1.0
19635,21375,1.0
19636,21376,1.0
19637,21377,1.0
19638,21378,1.0
19639,21379,1.0
19640,21380,1.0
19641,21381,1.0
19642,21382,1.0
19643,21383,1.0
19644,21384,1.0
19645,21385,1.0
19646,21386,1.0
19647,21387,1.0
19648,21388,1.0
19649,21389,1.0
19650,21390,1.0
19651,21391,1.0
19652,21362,1.0
19652,21392,1.0
19653,21393,1.0
19654,21394,1.0
19655,21395,1.0
19656,21396,1.0
19657,21397,1.0
19658,21398,1.0
19659,21399,1.0
19660,21400,1.0
19661,21401,1.0
19662,21402,1.0
19663,21403,1.0
19664,21404,1.0
19665,21405,1.0
19666,21406,1.0
19667,21407,1.0
19668,21408,1.0
19669,21409,1.0
19670,21410,1.0
19671,21411,1.0
19672,21412,1.0
19673,21413,1.0
19674,21414,1.0
19675,21415,1.0
19676,21416,1.0
19677,21417,1.0
19678,21418,1.0
19679,21419,1.0
19680,21420,1.0
19681,21421,1.0
19682,21422,1.0
19683,21364,1.0
19683,21423,1.0
19684,21424,1.0
19685,21425,1.0
19686,21426,1.0
19687,21427,1.0
19688,21428,1.0
19689,21429,1.0
19690,21430,1.0
19691,21431,1.0
19692,21432,1.0
19693,21433,1.0
19694,21434,1.0
19695,21435,1.0
19696,21436,1.0
19697,21437,1.0
19698,21438,1.0
19699,21439,1.0
19700,21440,1.0
19701,21441,1.0
19702,21442,1.0
19703,21443,1.0
19704,21444,1.0
19705,21445,1.0
19706,21446,1.0
19707,21447,1.0
19708,21448,1.0
19709,21449,1.0
19710,21450,1.0
19711,21451,1.0
19712,19742,1.0
19712,21452,1.0
19712,21482,1.0
19713,21453,1.0
19714,21454,1.0
19714,21513,1.0
19715,21455,1.0
19716,21456,1.0
19717,21457,1.0
19718,21458,1.0
19719,21459,1.0
19720,21460,1.0
19721,21461,1.0
19722,21462,1.0
19723,21463,1.0
19724,21464,1.0
19725,21465,1.0
19726,21466,1.0
19727,21467,1.0
19728,21468,1.0
19729,21469,1.0
19730,21470,1.0
19731,21471,1.0
19732,21472,1.0
19733,21473,1.0
19734,21474,1.0
19735,21475,1.0
19736,21476,1.0
19737,21477,1.0
19738,21478,1.0
19739,21479,1.0
19740,21480,1.0
19741,21481,1.0
19742,21452,1.0
19742,21482,1.0
19743,21483,1.0
19744,21484,1.0
19745,21485,1.0
19746,21486,1.0
19747,21487,1.0
19748,21488,1.0
19749,21489,1.0
19750,21490,1.0
19751,21491,1.0
19752,21492,1.0
19753,21493,1.0
19754,21494,1.0
19755,21495,1.0
19756,21496,1.0
19757,21497,1.0
19758,21498,1.0
19759,21499,1.0
19760,21500,1.0
19761,21501,1.0
19762,21502,1.0
19763,21503,1.0
21272,21302,1.0
21274,21333,1.0
21362,21392,1.0
21364,21423,1.0
21452,21482,1.0
21454,21513,1.0
21542,21572,0.95
