reference,date,username,tweet,location
1468084774,Mon Apr 06 23:37:47 PDT 2009,tsarnick,@MissxMarisa haven't heard from Hannah at all yet!! it's very disappointing ,Russia
1468211474,Tue Apr 07 00:19:23 PDT 2009,ramdomthoughts,@OscarTG Morning. No sun here unfortunately ,Australia
1468385804,Tue Apr 07 01:20:58 PDT 2009,VioletsCRUK,@jason_2008 Hello! Im out of coffee this morning..that's what i get for winding you up yesterday!!! Lol  Have a good day!,Russia
1468418315,Tue Apr 07 01:32:50 PDT 2009,Karen230683,@KingKiwi  i want to be somewhere with no rain its not very nice here today,France
1468694428,Tue Apr 07 03:12:37 PDT 2009,Jayme1988,@Seamonkey86 I am on a healthy eating kick! I could only have shetland pony. ,France
1468886750,Tue Apr 07 04:14:47 PDT 2009,tsarnick,@Zanna85 i don't like that day ,Japan
1469306029,Tue Apr 07 05:57:30 PDT 2009,ramdomthoughts,Oh no - it's all gone to shit  http://is.gd/rc0L,Kenya
1548276175,Fri Apr 17 20:30:45 PDT 2009,thisgoeshere,"my boyfriend is going out of town for 2 days and believe it or not, i'm feeling lonely already. holyredhotchilipeppers. i need chocolate ",Thailand
1548610020,Fri Apr 17 21:26:33 PDT 2009,thisgoeshere,crashing.  night everyone!,Canada
1548797240,Fri Apr 17 22:00:01 PDT 2009,tweetpet,@tweetchild  Clean Me!,Egypt
1548797247,Fri Apr 17 22:00:01 PDT 2009,tweetpet,@tweetchild  Clean Me!,Italy
1548797393,Fri Apr 17 22:00:02 PDT 2009,tweetpet,@chromachris  Clean Me!,Nigeria
1548797501,Fri Apr 17 22:00:03 PDT 2009,tweetpet,@reatlas  Clean Me!,Australia
1548797565,Fri Apr 17 22:00:03 PDT 2009,tweetpet,@chromachris  Clean Me!,Dominican Republic
1548797648,Fri Apr 17 22:00:04 PDT 2009,tweetpet,@reatlas  Clean Me!,Ethiopia
1548797891,Fri Apr 17 22:00:06 PDT 2009,tweetpet,@reatlas  hungry!,South Africa
1551797396,Sat Apr 18 10:00:02 PDT 2009,tweetpet,@adlantis  Clean Me!,Spain
1551797624,Sat Apr 18 10:00:03 PDT 2009,tweetpet,@tweetchild  Clean Me!,Russia
1551797745,Sat Apr 18 10:00:04 PDT 2009,tweetpet,@chromachris  Clean Me!,Tanzania
1551797913,Sat Apr 18 10:00:05 PDT 2009,tweetpet,@reatlas  Clean Me!,Germany
1551798363,Sat Apr 18 10:00:08 PDT 2009,tweetpet,@reatlas  hungry!,Peru
1551837502,Sat Apr 18 10:06:04 PDT 2009,Karen230683,@highdigi @tb78 @Don_J Hahaha i can't help it ,Ethiopia
1553362853,Sat Apr 18 14:03:54 PDT 2009,thisgoeshere,@thrillerx yes! tell us all about your concert coming up! mines not for 29 days. ,France
1554075266,Sat Apr 18 16:00:08 PDT 2009,tweetpet,@reatlas  hungry!,Ecuador
1556206377,Sat Apr 18 22:00:07 PDT 2009,tweetpet,@chromachris  Clean Me!,New Zealand
1556206608,Sat Apr 18 22:00:09 PDT 2009,tweetpet,@reatlas  Clean Me!,Spain
1556206785,Sat Apr 18 22:00:11 PDT 2009,tweetpet,@reatlas  hungry!,South Korea
1556571169,Sat Apr 18 23:22:46 PDT 2009,StDAY,@xoMusicLoverxo You're all ganging up on me. ,USA
1556817050,Sun Apr 19 00:29:34 PDT 2009,StDAY,I should actually go to sleep. I need to get up early tomorrow to do actual work since I have an assignment due &amp; an exam Monday. Fail. ,Spain
1557081101,Sun Apr 19 01:54:41 PDT 2009,tsarnick,@MissxMarisa hahaha scary stuff!!! Walk is a great song!! Dimebag is now dead ,Ethiopia
1557097460,Sun Apr 19 02:00:03 PDT 2009,tweetpet,@pcnlove125  Clean Me!,Nigeria
1557097568,Sun Apr 19 02:00:04 PDT 2009,tweetpet,@adlantis  Clean Me!,Ecuador
1557097608,Sun Apr 19 02:00:05 PDT 2009,tweetpet,@tweetchild  Clean Me!,Russia
1557097649,Sun Apr 19 02:00:05 PDT 2009,tweetpet,@chromachris  Clean Me!,France
1557097689,Sun Apr 19 02:00:05 PDT 2009,tweetpet,@reatlas  Clean Me!,Spain
1557261519,Sun Apr 19 03:00:02 PDT 2009,tweetpet,@pcnlove125  Clean Me!,China
1557261570,Sun Apr 19 03:00:03 PDT 2009,tweetpet,@adlantis  Clean Me!,Canada
1557261633,Sun Apr 19 03:00:03 PDT 2009,tweetpet,@tweetchild  Clean Me!,Russia
1557261672,Sun Apr 19 03:00:03 PDT 2009,tweetpet,@chromachris  Clean Me!,Ethiopia
1557261737,Sun Apr 19 03:00:04 PDT 2009,tweetpet,@reatlas  Clean Me!,Cuba
1557419071,Sun Apr 19 04:00:07 PDT 2009,tweetpet,@reatlas  hungry!,France
1557562414,Sun Apr 19 04:51:11 PDT 2009,thisgoeshere,@erin82883 i wouldn't but i have to be. work.  did you just get off work?,Germany
1557567563,Sun Apr 19 04:52:59 PDT 2009,thisgoeshere,@briankeithdiaz when et started twittering about octomom i felt like the best hiding place on the playground had been compromised. ,Ethiopia
1557617741,Sun Apr 19 05:09:00 PDT 2009,nuttychris,"@saragarth no fuck mary, she dont do naughtys as she is the virgin mary so ya no  no fun there  but shhh didnt say tht haha",Antarctica
1557641090,Sun Apr 19 05:16:27 PDT 2009,nuttychris,"@TraceyHewins yeah, and you getting loadsa replys and you cant reply back to them , and they think u egnoring them ",Brazil
1557661308,Sun Apr 19 05:22:54 PDT 2009,nuttychris,"@ComedyQueen and cause apprently i am, as i am always checking out lasses, and also she called me a man whore ",New Zealand
1557662564,Sun Apr 19 05:23:18 PDT 2009,nuttychris,"@TraceyHewins yeah and wait for it, my mum called me it  she also called me a man whore as well ",Italy
1557782694,Sun Apr 19 05:59:02 PDT 2009,tsarnick,@lownleeeynjul yeah ending up with a million photos is a nightmare. i had them all over my desktop last week  took me hours to sort,Cuba
1557783623,Sun Apr 19 05:59:18 PDT 2009,nuttychris,omg why dose it always rain on F1 ,India
1557820803,Sun Apr 19 06:09:06 PDT 2009,nuttychris,"@ComedyQueen nope we dont, as wouldnt be a good thing  lol",Nigeria
1557838939,Sun Apr 19 06:13:55 PDT 2009,nuttychris,"@ComedyQueen and yyup very awful , and no it aint a great comparission, as how do i look like a monkey  lol",Tanzania
1557899950,Sun Apr 19 06:29:38 PDT 2009,nuttychris,"@Jennymac22 dunno but it so not good  wish i new who it was tho, as come on they dont even no me, haha",Russia
1557912301,Sun Apr 19 06:32:38 PDT 2009,nuttychris,"@ComedyQueen i no, well it aint a mean thing as i no i am a twat, but they dont even no me, so how do they no i am a twat haha ",China
1557915455,Sun Apr 19 06:33:24 PDT 2009,nuttychris,"@keza34 omg why what they bn saying,  i dont feel loved now by them haha evil",Thailand
1558004192,Sun Apr 19 06:54:42 PDT 2009,nuttychris,@ComedyQueen lmfao well i will keep quiet as what i say nxt mite b classed as flirting haha  lol,Brazil
1558048114,Sun Apr 19 07:04:23 PDT 2009,nuttychris,@TraceyMorroll :O - omg this is not going my way is it ,Ecuador
1558263674,Sun Apr 19 07:49:31 PDT 2009,Karen230683,@pritchardswyd I love tenby ,Jamaica
1558317957,Sun Apr 19 08:00:04 PDT 2009,tweetpet,@pcnlove125  Clean Me!,Nigeria
1558318038,Sun Apr 19 08:00:05 PDT 2009,tweetpet,@adlantis  Clean Me!,Brazil
1558318104,Sun Apr 19 08:00:05 PDT 2009,tweetpet,@tweetchild  Clean Me!,South Africa
1558448370,Sun Apr 19 08:24:29 PDT 2009,Jayme1988,I am on a time out ,Spain
1558500948,Sun Apr 19 08:34:05 PDT 2009,keza34,@nuttychris couldve shared. ,USA
1558522290,Sun Apr 19 08:37:59 PDT 2009,nuttychris,"@pob34 oooo  not good, which BB you got?",Japan
1558559208,Sun Apr 19 08:44:36 PDT 2009,Jayme1988,On a time out... ,Kenya
1558580640,Sun Apr 19 08:48:24 PDT 2009,nuttychris,"@pob34 mmm, i think i better get testing only got few months till i gota pick 1, ",Egypt
1558638818,Sun Apr 19 08:58:42 PDT 2009,nuttychris,@robangus mmmmmmm shame it is empty ,Australia
1558702429,Sun Apr 19 09:09:31 PDT 2009,nuttychris,"@nessie111 lmfao 15,,, omg, i cant get tipsy of them  give me pints, i get tipsy after about 8 or 9, lol",Thailand
1558761069,Sun Apr 19 09:19:37 PDT 2009,nuttychris,@ComedyQueen lmfao  yeah i no i did  not good,Nigeria
1558843598,Sun Apr 19 09:33:26 PDT 2009,thisgoeshere,"@XxHayXx0 die? really? oh gosh. please don't ever go far from a starbucks! if you died, who would twitter me. gee, that sounded selfish ",Kenya
1558852377,Sun Apr 19 09:34:53 PDT 2009,thisgoeshere,on a random update: some women just shouldn't be mothers  *grumble grumble*,Australia
1558883708,Sun Apr 19 09:40:05 PDT 2009,nuttychris,"Mmmmmm can smell dinner, god am hungry now ",Ecuador
1559005442,Sun Apr 19 10:00:07 PDT 2009,tweetpet,@pcnlove125  Clean Me!,Italy
1559005555,Sun Apr 19 10:00:10 PDT 2009,tweetpet,@adlantis  Clean Me!,Spain
1559005686,Sun Apr 19 10:00:11 PDT 2009,tweetpet,@tweetchild  Clean Me!,UK
1559005835,Sun Apr 19 10:00:12 PDT 2009,tweetpet,@chromachris  Clean Me!,Germany
1559005961,Sun Apr 19 10:00:13 PDT 2009,tweetpet,@reatlas  Clean Me!,Brazil
1559006047,Sun Apr 19 10:00:15 PDT 2009,tweetpet,@reatlas  hungry!,Russia
1559006131,Sun Apr 19 10:00:15 PDT 2009,tweetpet,@richstyles  Clean Me!,Ethiopia
1559006344,Sun Apr 19 10:00:16 PDT 2009,tweetpet,@eDTGCa  Clean Me!,Spain
1559641936,Sun Apr 19 11:40:27 PDT 2009,nuttychris,"@Teelou lmfao why the hell u get up so early lol, and i wish it wasnt me as takes the piss getting up for college ",China
1559875077,Sun Apr 19 12:16:15 PDT 2009,StDAY,Have an exam tomorrow. Have I studied at all? No. Fail. Have a response and a thesis due tomorrow. Have I done the reading? No. Fail. ,Ethiopia
1559967478,Sun Apr 19 12:30:26 PDT 2009,nuttychris,@DJFalcs nah i aint been paid ema for like the last 4 - 5 weeks  thats ï¿½150 ,Russia
1559967507,Sun Apr 19 12:30:27 PDT 2009,keza34,@paulpuddifoot stop teasing me.soooooooooo not far! ,Brazil
1559970753,Sun Apr 19 12:30:55 PDT 2009,nuttychris,@ComedyQueen lmfao unlucky  i no they do and when they over u have a lonnng summer haha,Ethiopia
1559973535,Sun Apr 19 12:31:21 PDT 2009,nuttychris,"@keza34 lmfao i have done, but they sed its not there fault ",Spain
1564043931,Mon Apr 20 01:29:08 PDT 2009,nuttychris,@richardbranson this just sucks  please say that there wont be rain next week,Chile
1564074016,Mon Apr 20 01:38:16 PDT 2009,nuttychris,@Jennymac22 nah just monday - tuesday and wednesday  but still enuff lol,Spain
1564143581,Mon Apr 20 02:00:03 PDT 2009,tweetpet,@adlantis  Clean Me!,Jamaica
1564143645,Mon Apr 20 02:00:03 PDT 2009,tweetpet,@tweetchild  Clean Me!,Japan
1564143689,Mon Apr 20 02:00:04 PDT 2009,tweetpet,@chromachris  Clean Me!,Thailand
1564143736,Mon Apr 20 02:00:04 PDT 2009,tweetpet,@reatlas  Clean Me!,Peru
1564143792,Mon Apr 20 02:00:05 PDT 2009,tweetpet,@richstyles  Clean Me!,Thailand
1564143883,Mon Apr 20 02:00:06 PDT 2009,tweetpet,@eDTGCa  Clean Me!,China
1564143990,Mon Apr 20 02:00:07 PDT 2009,tweetpet,@SRBMALIK  Clean Me!,Russia
1564144039,Mon Apr 20 02:00:07 PDT 2009,tweetpet,@anggiemoy  Clean Me!,Kenya
1564144072,Mon Apr 20 02:00:08 PDT 2009,tweetpet,@bjwheeler_2  Clean Me!,Brazil
1564144115,Mon Apr 20 02:00:08 PDT 2009,tweetpet,@astrid35  Clean Me!,South Africa
1564144153,Mon Apr 20 02:00:12 PDT 2009,tweetpet,@mikead  Clean Me!,Cuba
1564144189,Mon Apr 20 02:00:09 PDT 2009,tweetpet,@bridgettegreen  Clean Me!,Cuba
1564144200,Mon Apr 20 02:00:12 PDT 2009,nuttychris,@joshtastic1 i no they judging me ,Ecuador
1564159612,Mon Apr 20 02:04:40 PDT 2009,nuttychris,@Sasha_xx yeah but was just making sure lolm and nowt sat at college bored  wbu?,India
1564180454,Mon Apr 20 02:11:06 PDT 2009,nuttychris,@joshtastic1 lmfao yeah well twitter is the best way to comunicate and meet new people fb just bores me with apps ,New Zealand
1564185682,Mon Apr 20 02:12:43 PDT 2009,nuttychris,"@Sasha_xx omg why half 5, i fort i was bad when i got up at 6  lmfao",South Korea
1564327619,Mon Apr 20 02:56:50 PDT 2009,nuttychris,"@Teelou lmfao nah there are quite a few jobs around me, but there all like a hour a way and i cant get there ",Jamaica
1564332013,Mon Apr 20 02:58:09 PDT 2009,nuttychris,"@sorcha69 i no, it accturly is  which aint good ",France
1564342103,Mon Apr 20 03:01:02 PDT 2009,tweetpet,@blackharu777   hungry. Type 'feed' to feed me...,USA
1564345525,Mon Apr 20 03:02:02 PDT 2009,tweetpet,@Mzcertified   hungry. Type 'feed' to feed me...,France
1564348950,Mon Apr 20 03:03:02 PDT 2009,tweetpet,@aimss123   hungry. Type 'feed' to feed me...,Japan
1564392594,Mon Apr 20 03:16:13 PDT 2009,nuttychris,@saragarth lmfao better save me sum  as not fair i cant race to get there haha,Chile
1564424592,Mon Apr 20 03:25:43 PDT 2009,tsarnick,@Boddingtons yeah i know!! i'll be feeling it next Monday ,Spain
1564466095,Mon Apr 20 03:37:31 PDT 2009,nuttychris,"@Sasha_xx about a hour away, which sucks ",Indonesia
1564795375,Mon Apr 20 04:57:17 PDT 2009,tsarnick,@Agent_Red yep this is my hobby!! back to work next week ,Tanzania
1564797045,Mon Apr 20 04:57:40 PDT 2009,Jayme1988,@Eric_Chambers @ChubbyGayMan I feel like I have been shot in both shoulders... is that the same as tight? ,New Zealand
1564851525,Mon Apr 20 05:08:29 PDT 2009,Jayme1988,@Seamonkey86 Good Good just getting through paperwork ,Jamaica
1564951521,Mon Apr 20 05:27:43 PDT 2009,Jayme1988,"@Eric_Chambers Yes rob just reminded me, still no story  it best be good lol",Chile
1565098182,Mon Apr 20 05:53:34 PDT 2009,tsarnick,@Zanna85 hahaha. i have one... i don't think it was free but ,South Africa
1565321650,Mon Apr 20 06:28:28 PDT 2009,thisgoeshere,@smokedrinkdrive she did. in a cloud of twitter dust. ,China
1565359933,Mon Apr 20 06:34:01 PDT 2009,Karen230683,@NiaBassett poor you ,Brazil
1565995103,Mon Apr 20 08:00:02 PDT 2009,tweetpet,@pcnlove125  Clean Me!,Ethiopia
1565995453,Mon Apr 20 08:00:05 PDT 2009,tweetpet,@adlantis  Clean Me!,Germany
1565995671,Mon Apr 20 08:00:06 PDT 2009,tweetpet,@tweetchild  Clean Me!,India
1565995874,Mon Apr 20 08:00:07 PDT 2009,tweetpet,@chromachris  Clean Me!,Brazil
1565996055,Mon Apr 20 08:00:08 PDT 2009,tweetpet,@reatlas  Clean Me!,Cuba
1565996222,Mon Apr 20 08:00:09 PDT 2009,tweetpet,@richstyles  Clean Me!,Canada
1565996698,Mon Apr 20 08:00:12 PDT 2009,tweetpet,@eDTGCa  Clean Me!,UK
1565997071,Mon Apr 20 08:00:13 PDT 2009,tweetpet,@SRBMALIK  Clean Me!,Ecuador
1565997179,Mon Apr 20 08:00:15 PDT 2009,tweetpet,@anggiemoy  Clean Me!,Germany
1565997377,Mon Apr 20 08:00:16 PDT 2009,tweetpet,@bjwheeler_2  Clean Me!,Indonesia
1565997658,Mon Apr 20 08:00:18 PDT 2009,tweetpet,@astrid35  Clean Me!,USA
1565997806,Mon Apr 20 08:00:19 PDT 2009,tweetpet,@mikead  Clean Me!,Mexico
1565998073,Mon Apr 20 08:00:21 PDT 2009,tweetpet,@bridgettegreen  Clean Me!,Tanzania
1565998229,Mon Apr 20 08:00:22 PDT 2009,tweetpet,@blackharu777  Clean Me!,Japan
1573611111,Tue Apr 21 02:00:03 PDT 2009,tweetpet,@pcnlove125  Clean Me!,Peru
1573611172,Tue Apr 21 02:00:02 PDT 2009,tweetpet,@adlantis  Clean Me!,South Africa
1573611259,Tue Apr 21 02:00:03 PDT 2009,tweetpet,@tweetchild  Clean Me!,USA
1573611322,Tue Apr 21 02:00:03 PDT 2009,tweetpet,@chromachris  Clean Me!,Colombia
1573611398,Tue Apr 21 02:00:04 PDT 2009,tweetpet,@reatlas  Clean Me!,South Africa
1573611452,Tue Apr 21 02:00:04 PDT 2009,tweetpet,@richstyles  Clean Me!,Chile
1573611558,Tue Apr 21 02:00:05 PDT 2009,tweetpet,@eDTGCa  Clean Me!,Antarctica
1573611646,Tue Apr 21 02:00:06 PDT 2009,tweetpet,@SRBMALIK  Clean Me!,New Zealand
1573611732,Tue Apr 21 02:00:07 PDT 2009,tweetpet,@anggiemoy  Clean Me!,Cuba
1573611787,Tue Apr 21 02:00:08 PDT 2009,tweetpet,@bjwheeler_2  Clean Me!,Argentina
1573611828,Tue Apr 21 02:00:08 PDT 2009,tweetpet,@astrid35  Clean Me!,Egypt
1573611893,Tue Apr 21 02:00:09 PDT 2009,tweetpet,@mikead  Clean Me!,Dominican Republic
1573611946,Tue Apr 21 02:00:12 PDT 2009,tweetpet,@bridgettegreen  Clean Me!,Cuba
1573611999,Tue Apr 21 02:00:10 PDT 2009,tweetpet,@blackharu777  Clean Me!,India
1573612039,Tue Apr 21 02:00:10 PDT 2009,tweetpet,@Mzcertified  Clean Me!,Nigeria
1573612073,Tue Apr 21 02:00:13 PDT 2009,tweetpet,@aimss123  Clean Me!,Antarctica
1573612121,Tue Apr 21 02:00:15 PDT 2009,tweetpet,@greenbizdaily  Clean Me!,Italy
1573612171,Tue Apr 21 02:00:12 PDT 2009,tweetpet,@blacksmoke3  Clean Me!,Colombia
1573612231,Tue Apr 21 02:00:12 PDT 2009,tweetpet,@CeladonNewTown  Clean Me!,Tanzania
1573612276,Tue Apr 21 02:00:13 PDT 2009,tweetpet,@Accessoryamy  Clean Me!,Antarctica
1573612358,Tue Apr 21 02:00:14 PDT 2009,tweetpet,@ANALOVESTITO  Clean Me!,Spain
1573612390,Tue Apr 21 02:00:14 PDT 2009,tweetpet,@aubinerie  Clean Me!,South Africa
1573612441,Tue Apr 21 02:00:15 PDT 2009,tweetpet,@augiebop  Clean Me!,Chile
1573612501,Tue Apr 21 02:00:16 PDT 2009,tweetpet,@jimhat  Clean Me!,Indonesia
1573612541,Tue Apr 21 02:00:16 PDT 2009,tweetpet,@anioklin  Clean Me!,Spain
1573612593,Tue Apr 21 02:00:17 PDT 2009,tweetpet,@johnackley  Clean Me!,Ethiopia
1573612631,Tue Apr 21 02:00:17 PDT 2009,tweetpet,@SusanB328  Clean Me!,Ethiopia
1573612685,Tue Apr 21 02:00:18 PDT 2009,tweetpet,@MidasJackson  Clean Me!,Chile
1573612740,Tue Apr 21 02:00:18 PDT 2009,tweetpet,@jessicas55  Clean Me!,Russia
1573816976,Tue Apr 21 03:00:01 PDT 2009,tweetpet,@pcnlove125  Clean Me!,New Zealand
1573817032,Tue Apr 21 03:00:01 PDT 2009,tweetpet,@adlantis  Clean Me!,Chile
1573817120,Tue Apr 21 03:00:02 PDT 2009,tweetpet,@tweetchild  Clean Me!,India
1573817228,Tue Apr 21 03:00:03 PDT 2009,tweetpet,@chromachris  Clean Me!,Chile
1573817306,Tue Apr 21 03:00:03 PDT 2009,tweetpet,@reatlas  Clean Me!,Japan
1573817350,Tue Apr 21 03:00:04 PDT 2009,tweetpet,@richstyles  Clean Me!,Ecuador
1573817455,Tue Apr 21 03:00:05 PDT 2009,tweetpet,@eDTGCa  Clean Me!,Australia
1573817555,Tue Apr 21 03:00:06 PDT 2009,tweetpet,@SRBMALIK  Clean Me!,Mexico
1573817603,Tue Apr 21 03:00:06 PDT 2009,tweetpet,@anggiemoy  Clean Me!,Nigeria
1573817691,Tue Apr 21 03:00:07 PDT 2009,tweetpet,@bjwheeler_2  Clean Me!,India
1573817734,Tue Apr 21 03:00:08 PDT 2009,tweetpet,@astrid35  Clean Me!,Peru
1573817786,Tue Apr 21 03:00:09 PDT 2009,tweetpet,@mikead  Clean Me!,Spain
1573817878,Tue Apr 21 03:00:09 PDT 2009,tweetpet,@bridgettegreen  Clean Me!,UK
1573817929,Tue Apr 21 03:00:09 PDT 2009,tweetpet,@blackharu777  Clean Me!,Thailand
1573817969,Tue Apr 21 03:00:10 PDT 2009,tweetpet,@Mzcertified  Clean Me!,Tanzania
1573818021,Tue Apr 21 03:00:10 PDT 2009,tweetpet,@aimss123  Clean Me!,Chile
1573818071,Tue Apr 21 03:00:11 PDT 2009,tweetpet,@greenbizdaily  Clean Me!,Tanzania
1573818116,Tue Apr 21 03:00:11 PDT 2009,tweetpet,@blacksmoke3  Clean Me!,Kenya
1573818154,Tue Apr 21 03:00:12 PDT 2009,tweetpet,@CeladonNewTown  Clean Me!,South Korea
1573818189,Tue Apr 21 03:00:12 PDT 2009,tweetpet,@Accessoryamy  Clean Me!,Australia
1573818294,Tue Apr 21 03:00:13 PDT 2009,tweetpet,@ANALOVESTITO  Clean Me!,Chile
1573818337,Tue Apr 21 03:00:14 PDT 2009,tweetpet,@aubinerie  Clean Me!,Jamaica
1573818380,Tue Apr 21 03:00:14 PDT 2009,tweetpet,@augiebop  Clean Me!,India
1573818434,Tue Apr 21 03:00:15 PDT 2009,tweetpet,@jimhat  Clean Me!,New Zealand
1573818481,Tue Apr 21 03:00:15 PDT 2009,tweetpet,@anioklin  Clean Me!,Colombia
1573818521,Tue Apr 21 03:00:16 PDT 2009,tweetpet,@johnackley  Clean Me!,South Korea
1573818593,Tue Apr 21 03:00:16 PDT 2009,tweetpet,@SusanB328  Clean Me!,Brazil
1573818622,Tue Apr 21 03:00:17 PDT 2009,tweetpet,@MidasJackson  Clean Me!,Kenya
1573818659,Tue Apr 21 03:00:17 PDT 2009,tweetpet,@jessicas55  Clean Me!,Australia
1573875049,Tue Apr 21 03:16:02 PDT 2009,tweetpet,@Lissa121   hungry. Type 'feed' to feed me...,Cuba
1574006714,Tue Apr 21 03:51:50 PDT 2009,Karen230683,@ananyah u poor soul ,Thailand
1574038765,Tue Apr 21 04:00:05 PDT 2009,tweetpet,@reatlas  hungry!,Tanzania
1574039297,Tue Apr 21 04:00:09 PDT 2009,tweetpet,@astrid35  hungry!,China
1574039523,Tue Apr 21 04:00:11 PDT 2009,tweetpet,@Mzcertified  hungry!,Cuba
1574039582,Tue Apr 21 04:00:12 PDT 2009,tweetpet,@aimss123  hungry!,Ecuador
1574039642,Tue Apr 21 04:00:12 PDT 2009,tweetpet,@greenbizdaily  hungry!,South Africa
1574040098,Tue Apr 21 04:00:17 PDT 2009,tweetpet,@jimhat  hungry!,Italy
1676186532,Fri May 01 21:19:43 PDT 2009,StDAY,"@xoMusicLoverxo Awww! That means...oh, I can't even say it. I'll start crying. ",Colombia
1676423282,Fri May 01 22:00:14 PDT 2009,tweetpet,@eDTGCa  Clean Me!,Russia
1676423588,Fri May 01 22:00:17 PDT 2009,tweetpet,@SRBMALIK  Clean Me!,Dominican Republic
1676423618,Fri May 01 22:00:17 PDT 2009,tweetpet,@mikead  Clean Me!,France
1676423642,Fri May 01 22:00:18 PDT 2009,tweetpet,@anggiemoy  Clean Me!,Thailand
1676423683,Fri May 01 22:00:18 PDT 2009,tweetpet,@bridgettegreen  Clean Me!,Colombia
1676423754,Fri May 01 22:00:19 PDT 2009,tweetpet,@bjwheeler_2  Clean Me!,Argentina
1676423814,Fri May 01 22:00:19 PDT 2009,tweetpet,@blackharu777  Clean Me!,Ethiopia
1676423907,Fri May 01 22:00:20 PDT 2009,tweetpet,@astrid35  Clean Me!,Chile
1676423964,Fri May 01 22:00:20 PDT 2009,tweetpet,@Mzcertified  Clean Me!,Tanzania
1676423999,Fri May 01 22:00:21 PDT 2009,tweetpet,@astrid35  hungry!,Antarctica
1676424037,Fri May 01 22:00:21 PDT 2009,tweetpet,@mikead  Clean Me!,China
1676424089,Fri May 01 22:00:21 PDT 2009,tweetpet,@aimss123  Clean Me!,Colombia
1676424169,Fri May 01 22:00:22 PDT 2009,tweetpet,@bridgettegreen  Clean Me!,South Africa
1676424281,Fri May 01 22:00:23 PDT 2009,tweetpet,@blackharu777  Clean Me!,Ethiopia
1676424325,Fri May 01 22:00:24 PDT 2009,tweetpet,@Mzcertified  hungry!,India
1676424400,Fri May 01 22:00:25 PDT 2009,tweetpet,@aimss123  hungry!,Dominican Republic
1676424478,Fri May 01 22:00:25 PDT 2009,tweetpet,@greenbizdaily  hungry!,UK
1676424527,Fri May 01 22:00:26 PDT 2009,tweetpet,@greenbizdaily  Clean Me!,Spain
1676424597,Fri May 01 22:00:26 PDT 2009,tweetpet,@blacksmoke3  Clean Me!,Indonesia
1676424673,Fri May 01 22:00:27 PDT 2009,tweetpet,@CeladonNewTown  Clean Me!,Antarctica
1676424733,Fri May 01 22:00:27 PDT 2009,tweetpet,@Accessoryamy  Clean Me!,Australia
1676425017,Fri May 01 22:00:30 PDT 2009,tweetpet,@ANALOVESTITO  Clean Me!,Spain
1676425173,Fri May 01 22:00:32 PDT 2009,tweetpet,@Mzcertified  Clean Me!,Australia
1676425286,Fri May 01 22:00:33 PDT 2009,tweetpet,@aimss123  Clean Me!,Jamaica
1676425411,Fri May 01 22:00:34 PDT 2009,tweetpet,@jimhat  hungry!,Ecuador
1676425509,Fri May 01 22:00:35 PDT 2009,tweetpet,@greenbizdaily  Clean Me!,Antarctica
1676425628,Fri May 01 22:00:36 PDT 2009,tweetpet,@blacksmoke3  Clean Me!,South Africa
1676425868,Fri May 01 22:00:38 PDT 2009,tweetpet,@CeladonNewTown  Clean Me!,Thailand
1676425910,Fri May 01 22:00:38 PDT 2009,tweetpet,@augiebop  Clean Me!,Dominican Republic
1676425926,Fri May 01 22:00:39 PDT 2009,tweetpet,@Accessoryamy  Clean Me!,USA
1676425966,Fri May 01 22:00:39 PDT 2009,tweetpet,@jimhat  Clean Me!,Italy
1676426049,Fri May 01 22:00:40 PDT 2009,tweetpet,@anioklin  Clean Me!,India
1676426106,Fri May 01 22:00:40 PDT 2009,tweetpet,@johnackley  Clean Me!,Nigeria
1676426206,Fri May 01 22:00:41 PDT 2009,tweetpet,@SusanB328  Clean Me!,China
1676426272,Fri May 01 22:00:42 PDT 2009,tweetpet,@MidasJackson  Clean Me!,Canada
1676426324,Fri May 01 22:00:42 PDT 2009,tweetpet,@jessicas55  Clean Me!,Antarctica
1676426375,Fri May 01 22:00:43 PDT 2009,tweetpet,@ANALOVESTITO  Clean Me!,USA
1676426380,Fri May 01 22:00:43 PDT 2009,tweetpet,@Lissa121  Clean Me!,Mexico
1676426427,Fri May 01 22:00:43 PDT 2009,tweetpet,@aubinerie  Clean Me!,Antarctica
1676426495,Fri May 01 22:00:44 PDT 2009,tweetpet,@augiebop  Clean Me!,South Korea
1676426603,Fri May 01 22:00:45 PDT 2009,tweetpet,@jimhat  Clean Me!,Chile
1676426713,Fri May 01 22:00:46 PDT 2009,tweetpet,@anioklin  Clean Me!,China
1676426777,Fri May 01 22:00:46 PDT 2009,tweetpet,@johnackley  Clean Me!,Cuba
1676426825,Fri May 01 22:00:47 PDT 2009,tweetpet,@mandastico  Clean Me!,Dominican Republic
1676426876,Fri May 01 22:00:47 PDT 2009,tweetpet,@4eva623  Clean Me!,Argentina
1676426895,Fri May 01 22:00:48 PDT 2009,tweetpet,@SusanB328  Clean Me!,Mexico
1676426929,Fri May 01 22:00:48 PDT 2009,tweetpet,@wdreamer  Clean Me!,Peru
1676426946,Fri May 01 22:00:48 PDT 2009,tweetpet,@MidasJackson  Clean Me!,Spain
1676426980,Fri May 01 22:00:49 PDT 2009,tweetpet,@Kamryn6179  Clean Me!,Nigeria
1676427020,Fri May 01 22:00:49 PDT 2009,tweetpet,@jessicas55  Clean Me!,Ecuador
1676427031,Fri May 01 22:00:49 PDT 2009,tweetpet,@1luv633  Clean Me!,Kenya
1676427134,Fri May 01 22:00:50 PDT 2009,tweetpet,@b6KOhf  Clean Me!,Ecuador
1676427159,Fri May 01 22:00:51 PDT 2009,tweetpet,@yokPWK  hungry!,UK
1676427180,Fri May 01 22:00:51 PDT 2009,tweetpet,@yokPWK  Clean Me!,Ecuador
1676427210,Fri May 01 22:00:51 PDT 2009,tweetpet,@Lissa121  Clean Me!,Jamaica
1676427233,Fri May 01 22:00:51 PDT 2009,tweetpet,@Noprisoners  Clean Me!,South Korea
1676427286,Fri May 01 22:00:52 PDT 2009,tweetpet,@wtfwouldericado  Clean Me!,USA
1676427304,Fri May 01 22:00:52 PDT 2009,tweetpet,@wtfwouldericado  hungry!,South Africa
1676427320,Fri May 01 22:00:52 PDT 2009,tweetpet,@KM5nJo  Clean Me!,Dominican Republic
1676427408,Fri May 01 22:00:53 PDT 2009,tweetpet,@mandastico  Clean Me!,Antarctica
1676427463,Fri May 01 22:00:54 PDT 2009,tweetpet,@4eva623  Clean Me!,Canada
1676427525,Fri May 01 22:00:54 PDT 2009,tweetpet,@QeJP2B  Clean Me!,Italy
1676427568,Fri May 01 22:00:55 PDT 2009,tweetpet,@moneytotravel  Clean Me!,Australia
1676704158,Fri May 01 22:54:02 PDT 2009,lost_dog,@NyleW I am lost. Please help me find a good home. ,Ethiopia
1676988546,Fri May 01 23:59:57 PDT 2009,StDAY,"Ew. Stupid mobile web twitter.  ANYWAY, I realized my coworkers are still working. Poor them.",Jamaica
1677189389,Sat May 02 00:51:35 PDT 2009,lost_dog,@SallyD I am lost. Please help me find a good home. ,Japan
1677422210,Sat May 02 02:00:03 PDT 2009,tweetpet,@tweetchild  Clean Me!,China
1677422282,Sat May 02 02:00:04 PDT 2009,tweetpet,@chromachris  Clean Me!,Peru
1677422354,Sat May 02 02:00:05 PDT 2009,tweetpet,@reatlas  Clean Me!,Kenya
1677422416,Sat May 02 02:00:05 PDT 2009,tweetpet,@richstyles  Clean Me!,Germany
1677422509,Sat May 02 02:00:06 PDT 2009,tweetpet,@eDTGCa  Clean Me!,Australia
1677422623,Sat May 02 02:00:07 PDT 2009,tweetpet,@SRBMALIK  Clean Me!,Ecuador
1677422671,Sat May 02 02:00:08 PDT 2009,tweetpet,@anggiemoy  Clean Me!,Mexico
1677422729,Sat May 02 02:00:08 PDT 2009,tweetpet,@bjwheeler_2  Clean Me!,USA
1677422765,Sat May 02 02:00:09 PDT 2009,tweetpet,@astrid35  Clean Me!,Jamaica
1677422816,Sat May 02 02:00:09 PDT 2009,tweetpet,@mikead  Clean Me!,New Zealand
1677422848,Sat May 02 02:00:10 PDT 2009,tweetpet,@bridgettegreen  Clean Me!,Brazil
1677422903,Sat May 02 02:00:10 PDT 2009,tweetpet,@blackharu777  Clean Me!,Spain
1677422939,Sat May 02 02:00:11 PDT 2009,tweetpet,@Mzcertified  Clean Me!,UK
1677422988,Sat May 02 02:00:11 PDT 2009,tweetpet,@aimss123  Clean Me!,Russia
1677423044,Sat May 02 02:00:12 PDT 2009,tweetpet,@greenbizdaily  Clean Me!,Colombia
1677423132,Sat May 02 02:00:13 PDT 2009,tweetpet,@blacksmoke3  Clean Me!,South Africa
1677423173,Sat May 02 02:00:13 PDT 2009,tweetpet,@CeladonNewTown  Clean Me!,Kenya
1677423221,Sat May 02 02:00:14 PDT 2009,tweetpet,@Accessoryamy  Clean Me!,Dominican Republic
1677423294,Sat May 02 02:00:15 PDT 2009,tweetpet,@ANALOVESTITO  Clean Me!,Canada
1677423342,Sat May 02 02:00:15 PDT 2009,tweetpet,@aubinerie  Clean Me!,New Zealand
1677423396,Sat May 02 02:00:16 PDT 2009,tweetpet,@augiebop  Clean Me!,Brazil
1677423422,Sat May 02 02:00:16 PDT 2009,tweetpet,@jimhat  Clean Me!,Australia
1677423458,Sat May 02 02:00:17 PDT 2009,tweetpet,@anioklin  Clean Me!,Argentina
1677423500,Sat May 02 02:00:17 PDT 2009,tweetpet,@johnackley  Clean Me!,Mexico
1677423518,Sat May 02 02:00:18 PDT 2009,tweetpet,@SusanB328  Clean Me!,Argentina
1677423549,Sat May 02 02:00:18 PDT 2009,tweetpet,@MidasJackson  Clean Me!,New Zealand
1677423595,Sat May 02 02:00:19 PDT 2009,tweetpet,@jessicas55  Clean Me!,Canada
1677423628,Sat May 02 02:00:19 PDT 2009,tweetpet,@Lissa121  Clean Me!,Germany
1677423667,Sat May 02 02:00:20 PDT 2009,tweetpet,@mandastico  Clean Me!,France
1677423705,Sat May 02 02:00:20 PDT 2009,tweetpet,@4eva623  Clean Me!,Nigeria
1677423735,Sat May 02 02:00:21 PDT 2009,tweetpet,@wdreamer  Clean Me!,Ecuador
1677423769,Sat May 02 02:00:21 PDT 2009,tweetpet,@Kamryn6179  Clean Me!,Thailand
1677423808,Sat May 02 02:00:22 PDT 2009,tweetpet,@1luv633  Clean Me!,Dominican Republic
1677423853,Sat May 02 02:00:23 PDT 2009,tweetpet,@b6KOhf  Clean Me!,Egypt
1677423899,Sat May 02 02:00:23 PDT 2009,tweetpet,@yokPWK  Clean Me!,Brazil
1677423932,Sat May 02 02:00:24 PDT 2009,tweetpet,@Noprisoners  Clean Me!,Chile
1677423965,Sat May 02 02:00:24 PDT 2009,tweetpet,@wtfwouldericado  Clean Me!,New Zealand
1677423998,Sat May 02 02:00:25 PDT 2009,tweetpet,@KM5nJo  Clean Me!,Russia
1677424048,Sat May 02 02:00:25 PDT 2009,tweetpet,@QeJP2B  Clean Me!,Indonesia
1677424101,Sat May 02 02:00:26 PDT 2009,tweetpet,@moneytotravel  Clean Me!,UK
1677424134,Sat May 02 02:00:26 PDT 2009,tweetpet,@IQWXGwlK  Clean Me!,New Zealand
1677424167,Sat May 02 02:00:27 PDT 2009,tweetpet,@jokes337  Clean Me!,Canada
1677424202,Sat May 02 02:00:28 PDT 2009,tweetpet,@Kathrynsweets  Clean Me!,South Africa
1677424238,Sat May 02 02:00:28 PDT 2009,tweetpet,@mariajoyspencer  Clean Me!,Australia
1677424327,Sat May 02 02:00:29 PDT 2009,tweetpet,@Onenn  Clean Me!,UK
1677424358,Sat May 02 02:00:30 PDT 2009,tweetpet,@grupozis  Clean Me!,Russia
1677424397,Sat May 02 02:00:30 PDT 2009,tweetpet,@NBAgrl914  Clean Me!,Germany
1677424423,Sat May 02 02:00:31 PDT 2009,tweetpet,@chicagosweather  Clean Me!,Nigeria
1677424458,Sat May 02 02:00:31 PDT 2009,tweetpet,@oq8Ncq  Clean Me!,Argentina
1677424527,Sat May 02 02:00:32 PDT 2009,tweetpet,@christineA772  Clean Me!,New Zealand
1677424552,Sat May 02 02:00:33 PDT 2009,tweetpet,@jonathands  Clean Me!,Ecuador
1677424577,Sat May 02 02:00:33 PDT 2009,tweetpet,@2f3Gxx  Clean Me!,Antarctica
1677424610,Sat May 02 02:00:34 PDT 2009,tweetpet,@sxygirl22  Clean Me!,Jamaica
1677424647,Sat May 02 02:00:34 PDT 2009,tweetpet,@Makaylay  Clean Me!,Mexico
1677424691,Sat May 02 02:00:35 PDT 2009,tweetpet,@Mr_Moofaces  Clean Me!,Argentina
1677424730,Sat May 02 02:00:35 PDT 2009,tweetpet,@GladysSutton  Clean Me!,China
1677424756,Sat May 02 02:00:36 PDT 2009,tweetpet,@DiannaHummel  Clean Me!,Peru
1677424783,Sat May 02 02:00:36 PDT 2009,tweetpet,@RadioOne912  Clean Me!,Japan
1677424821,Sat May 02 02:00:37 PDT 2009,tweetpet,@Jibbigirl  Clean Me!,Canada
1677424849,Sat May 02 02:00:37 PDT 2009,tweetpet,@meganlewis92  Clean Me!,Spain
1677519173,Sat May 02 02:30:50 PDT 2009,lost_dog,@zuppaholic I am lost. Please help me find a good home. ,South Africa
1677606170,Sat May 02 03:00:05 PDT 2009,tweetpet,@chromachris  Clean Me!,Kenya
1677606226,Sat May 02 03:00:05 PDT 2009,tweetpet,@reatlas  Clean Me!,France
1677606268,Sat May 02 03:00:06 PDT 2009,tweetpet,@richstyles  Clean Me!,Tanzania
1677606357,Sat May 02 03:00:07 PDT 2009,tweetpet,@eDTGCa  Clean Me!,Cuba
1677606438,Sat May 02 03:00:08 PDT 2009,tweetpet,@SRBMALIK  Clean Me!,Egypt
1677606474,Sat May 02 03:00:08 PDT 2009,tweetpet,@anggiemoy  Clean Me!,South Africa
1677606508,Sat May 02 03:00:09 PDT 2009,tweetpet,@bjwheeler_2  Clean Me!,Antarctica
1677606543,Sat May 02 03:00:09 PDT 2009,tweetpet,@astrid35  Clean Me!,Antarctica
1677606584,Sat May 02 03:00:10 PDT 2009,tweetpet,@mikead  Clean Me!,Brazil
1677606620,Sat May 02 03:00:10 PDT 2009,tweetpet,@bridgettegreen  Clean Me!,South Korea
1677606653,Sat May 02 03:00:10 PDT 2009,tweetpet,@blackharu777  Clean Me!,New Zealand
1677606694,Sat May 02 03:00:11 PDT 2009,tweetpet,@Mzcertified  Clean Me!,Egypt
1677606731,Sat May 02 03:00:11 PDT 2009,tweetpet,@aimss123  Clean Me!,Russia
1677606760,Sat May 02 03:00:12 PDT 2009,tweetpet,@greenbizdaily  Clean Me!,Canada
1677606801,Sat May 02 03:00:12 PDT 2009,tweetpet,@blacksmoke3  Clean Me!,Egypt
1677606838,Sat May 02 03:00:13 PDT 2009,tweetpet,@CeladonNewTown  Clean Me!,Jamaica
1677606878,Sat May 02 03:00:13 PDT 2009,tweetpet,@Accessoryamy  Clean Me!,USA
1677606960,Sat May 02 03:00:14 PDT 2009,tweetpet,@ANALOVESTITO  Clean Me!,Colombia
1677606985,Sat May 02 03:00:15 PDT 2009,tweetpet,@aubinerie  Clean Me!,Australia
1677607018,Sat May 02 03:00:15 PDT 2009,tweetpet,@augiebop  Clean Me!,Dominican Republic
1677607042,Sat May 02 03:00:16 PDT 2009,tweetpet,@jimhat  Clean Me!,Ethiopia
1677607079,Sat May 02 03:00:16 PDT 2009,tweetpet,@anioklin  Clean Me!,Argentina
1677607113,Sat May 02 03:00:17 PDT 2009,tweetpet,@johnackley  Clean Me!,Egypt
1677607142,Sat May 02 03:00:17 PDT 2009,tweetpet,@SusanB328  Clean Me!,Ethiopia
1677607172,Sat May 02 03:00:18 PDT 2009,tweetpet,@MidasJackson  Clean Me!,Kenya
1677607209,Sat May 02 03:00:18 PDT 2009,tweetpet,@jessicas55  Clean Me!,Canada
1677607234,Sat May 02 03:00:18 PDT 2009,tweetpet,@Lissa121  Clean Me!,Chile
1677607260,Sat May 02 03:00:19 PDT 2009,tweetpet,@mandastico  Clean Me!,Indonesia
1677607285,Sat May 02 03:00:19 PDT 2009,tweetpet,@4eva623  Clean Me!,China
1677607315,Sat May 02 03:00:20 PDT 2009,tweetpet,@wdreamer  Clean Me!,Japan
1677607338,Sat May 02 03:00:20 PDT 2009,tweetpet,@Kamryn6179  Clean Me!,Indonesia
1677607366,Sat May 02 03:00:21 PDT 2009,tweetpet,@1luv633  Clean Me!,Indonesia
1677607401,Sat May 02 03:00:21 PDT 2009,tweetpet,@b6KOhf  Clean Me!,Italy
1677607440,Sat May 02 03:00:22 PDT 2009,tweetpet,@yokPWK  Clean Me!,Indonesia
1677607477,Sat May 02 03:00:22 PDT 2009,tweetpet,@Noprisoners  Clean Me!,Cuba
1677607504,Sat May 02 03:00:23 PDT 2009,tweetpet,@wtfwouldericado  Clean Me!,Mexico
1677607535,Sat May 02 03:00:23 PDT 2009,tweetpet,@KM5nJo  Clean Me!,Japan
1677607561,Sat May 02 03:00:24 PDT 2009,tweetpet,@QeJP2B  Clean Me!,Egypt
1677607591,Sat May 02 03:00:24 PDT 2009,tweetpet,@moneytotravel  Clean Me!,India
1677607631,Sat May 02 03:00:24 PDT 2009,tweetpet,@IQWXGwlK  Clean Me!,New Zealand
1677607659,Sat May 02 03:00:25 PDT 2009,tweetpet,@jokes337  Clean Me!,Ecuador
1677607691,Sat May 02 03:00:25 PDT 2009,tweetpet,@Kathrynsweets  Clean Me!,Ethiopia
1677607716,Sat May 02 03:00:26 PDT 2009,tweetpet,@mariajoyspencer  Clean Me!,Indonesia
1677607797,Sat May 02 03:00:27 PDT 2009,tweetpet,@Onenn  Clean Me!,Canada
1677607816,Sat May 02 03:00:27 PDT 2009,tweetpet,@grupozis  Clean Me!,Tanzania
1677607856,Sat May 02 03:00:28 PDT 2009,tweetpet,@NBAgrl914  Clean Me!,Tanzania
1677607885,Sat May 02 03:00:28 PDT 2009,tweetpet,@chicagosweather  Clean Me!,UK
1677607921,Sat May 02 03:00:29 PDT 2009,tweetpet,@oq8Ncq  Clean Me!,Jamaica
1677607991,Sat May 02 03:00:30 PDT 2009,tweetpet,@christineA772  Clean Me!,South Africa
1677609589,Sat May 02 03:00:58 PDT 2009,Karen230683,@pompeygal I'm just having soup ,Italy
1677678000,Sat May 02 03:23:14 PDT 2009,nuttychris,"@keza34 lmfao ooo sounds like a plan, god wish i was going out 2 night haha  god it not good haha",Italy
1677752995,Sat May 02 03:47:51 PDT 2009,lost_dog,@LOSTPETUSA I am lost. Please help me find a good home. ,Ethiopia
1677859582,Sat May 02 04:22:15 PDT 2009,Jayme1988,@ChubbyGayMan nothing much.im going to watch Hannah Montana  tomorow... Want to watch origins  you??,South Korea
1677986256,Sat May 02 04:59:54 PDT 2009,DarkPiano,"@aliholden Not good, I hate that! ",USA
1678213474,Sat May 02 05:56:33 PDT 2009,nuttychris,@WahooPooh yup sorry  it aint good lol,Tanzania
1678233006,Sat May 02 06:00:37 PDT 2009,tweetpet,@meganlewis92  Clean Me!,China
1678233051,Sat May 02 06:00:37 PDT 2009,tweetpet,@amateurdelta54  Clean Me!,Jamaica
1678233110,Sat May 02 06:00:38 PDT 2009,tweetpet,@littleblue62  Clean Me!,South Africa
1678233215,Sat May 02 06:00:39 PDT 2009,tweetpet,@Shawn1976  Clean Me!,Germany
1678235166,Sat May 02 06:01:02 PDT 2009,tweetpet,@TKgFMb   hungry. Type 'feed' to feed me...,Australia
1678235231,Sat May 02 06:01:03 PDT 2009,tweetpet,@palfour89   hungry. Type 'feed' to feed me...,Brazil
1678265576,Sat May 02 06:07:30 PDT 2009,nuttychris,@Rowdyeh it is bad news  and now you have tweeted #ChrisFlu you have got it so sorry  means you gotta twitter all day ,New Zealand
1678283207,Sat May 02 06:11:14 PDT 2009,TraceyHewins,"@James_Waters oooh. Not good,exspecially with a hangover. WOW you're day isn't going very well ",Spain
1678287758,Sat May 02 06:12:10 PDT 2009,nuttychris,Ok i am so sorry for all the people that have caught #ChrisFlu ,China
1678330204,Sat May 02 06:21:04 PDT 2009,nuttychris,OMG my headache killing me ,Chile
1678361971,Sat May 02 06:27:35 PDT 2009,nuttychris,"@TraceyHewins ermm took it hour ago lol, and nope i aint hung over aint drunk in ages  lol,",Mexico
1678403360,Sat May 02 06:35:39 PDT 2009,nuttychris,@TraceyHewins omg very contagious #ChrisFlu aint good ,Ethiopia
1678460716,Sat May 02 06:46:50 PDT 2009,Spidersamm,"i didnt get to meet bradie tonight, he was to sooky to come ",France
1678486808,Sat May 02 06:51:53 PDT 2009,nuttychris,"@ayeashleigh lmfao kwlio, aint that a lil early 2 b out on piss tho? and i think i should but when i tweet loads i userly get timed out ",Australia
1678509366,Sat May 02 06:56:09 PDT 2009,keza34,@saragarth know how you feel.i thought the same when i found out about #ChrisFlu wanted to end it all.  !!x,Egypt
1678544903,Sat May 02 07:02:28 PDT 2009,lost_dog,@JeanLevertHood I am lost. Please help me find a good home. ,Brazil
1678596941,Sat May 02 07:11:38 PDT 2009,Karen230683,@Yael_80 absolutely nothing!  back in work tomoz so short on staff I had to do some work today I'm knackered! Haha,Italy
1678630481,Sat May 02 07:17:27 PDT 2009,Karen230683,@casual_intruder I want strawberries ,Germany
1678661848,Sat May 02 07:22:48 PDT 2009,lost_dog,@irenerencsi I am lost. Please help me find a good home. ,Spain
1678845481,Sat May 02 07:52:40 PDT 2009,Karen230683,@casual_intruder I want ,Spain
1678870401,Sat May 02 07:56:42 PDT 2009,SongoftheOss,Still upset at not being a lottery winner again...no fair ,Argentina
1679759169,Sat May 02 10:06:47 PDT 2009,Karen230683,@Little_Lin been working lovey ,Egypt
1680200790,Sat May 02 11:08:00 PDT 2009,nuttychris,"@fluffs76 nah as that would take forever, + wld get timed out  but nice idea lol",Jamaica
1680702906,Sat May 02 12:17:54 PDT 2009,nuttychris,"@AlohaArleen dont you get timed out, as i always do so unfair ",Canada
1680871622,Sat May 02 12:41:30 PDT 2009,VioletsCRUK,I burnt the roof off my mouth with mashed potato earlier....i now have a big blister there. Whats best...Bonjela or something..ouch!! ,Kenya
1680884914,Sat May 02 12:43:14 PDT 2009,nuttychris,@franka91 still not working for me ,Brazil
1684955706,Sat May 02 22:34:21 PDT 2009,lost_dog,@adevenish I am lost. Please help me find a good home. ,Japan
1685161254,Sat May 02 23:16:53 PDT 2009,lost_dog,@LAmale I am lost. Please help me find a good home. ,Japan
1685609830,Sun May 03 01:11:04 PDT 2009,TraceyHewins,@OliverPhelps Hope you had a great time in Cali. Sorry 'bout the fight ,South Africa
1685702474,Sun May 03 01:38:35 PDT 2009,shanajaca,I HATE WAKING UP TO THIS!!!!! THIS SRLSY SUCKS I HATE LIVING IN BELGIUM!!!!!!!!!!! AAAAAAAAAAAAAAAAGGGGGGGGGHHHHHHHH  i want the songs to,Argentina
1685728593,Sun May 03 01:46:39 PDT 2009,shanajaca,@xXFriendXx Not having the music is what i hate ituns belgium ,Egypt
1685777967,Sun May 03 02:01:46 PDT 2009,shanajaca,@xXFriendXx Oh hun i can hear the samples but i am not able to buy the music untill it is on itunes belgium dont know when that will be ,India
1686117213,Sun May 03 03:50:58 PDT 2009,nuttychris,@xoCAZZA lmfao nah that would be impossible as would get timed out all the time lol  uva wise i cld probe do it lol,South Africa
1686233237,Sun May 03 04:27:44 PDT 2009,nuttychris,"@Record_Attempt nope, well i do live out the way of everything, as i live on the coast, we aint even got rugby team  lol",Chile
1686233824,Sun May 03 04:27:55 PDT 2009,Spidersamm,"@shaundiviney Shaun  this announcement better be worth it, andy said your making it out to be bigger than it is, haha :|",USA
1686260504,Sun May 03 04:35:48 PDT 2009,nuttychris,"@ayeashleigh lolage, god i need to get pissed  haha",France
1686327198,Sun May 03 04:55:42 PDT 2009,Spidersamm,"@aamelia i think they're announcing more shows :| but andy said the announcements not that big, so it will probably be shit ",South Korea
1686382264,Sun May 03 05:10:55 PDT 2009,nuttychris,"@AyeUpLaura omg i remeber when i use 2 go out every friday and saturday and drink in feild with m8s, but dont no more  i missing out haha",Canada
1686383535,Sun May 03 05:11:15 PDT 2009,nuttychris,@xoCAZZA i hate them haha ,Egypt
1686388890,Sun May 03 05:12:44 PDT 2009,nuttychris,God wish i was 18  this lokks like a nice day to be sat in park with ma m8s drinkin haha lol,China
1686408694,Sun May 03 05:18:06 PDT 2009,keza34,@nuttychris have i upsetyou? ,Chile
1686501301,Sun May 03 05:41:58 PDT 2009,nuttychris,"@ZRHERO lmfao and nope i aint got xbl  getting my xb put on live soon tho, when i get my interweby sorted lol",Tanzania
1686517168,Sun May 03 05:45:51 PDT 2009,lost_dog,@bthenextstep I am lost. Please help me find a good home. ,China
1686721406,Sun May 03 06:32:08 PDT 2009,nuttychris,OMG was banned again  which aint good  so you all miss me?,Argentina
1686775319,Sun May 03 06:43:41 PDT 2009,nuttychris,@AyeUpLaura lmfao aww thats unlucky  well u better hurry up and recover as i vote u go and get pissed 2nite and 2moz lol,Chile
1686826858,Sun May 03 06:54:31 PDT 2009,nuttychris,"@nessie111 nah am there all week next week, and week after  as got to catch up on cw, but i will tweet in class lol",Spain
1686953353,Sun May 03 07:19:16 PDT 2009,nuttychris,"@AyeUpLaura lol, i still got ages to wait till i can get a car,  as cant afford ï¿½1500 for insurance , lol u aint got tht long tho hehe",Thailand
1687339235,Sun May 03 08:25:58 PDT 2009,nuttychris,@ComedyQueen nah he still on  nj17 still alive  mmm not good haha,Russia
1687462652,Sun May 03 08:45:48 PDT 2009,nuttychris,"@AyeUpLaura omg not you, @nessie111 dont bleve me either  and thats better most haha",Canada
1687894934,Sun May 03 09:51:12 PDT 2009,nuttychris,"I think i am back, omg timed out AGAIN god this so aint healthy ",Antarctica
1687933319,Sun May 03 09:56:47 PDT 2009,nuttychris,"@keza34 ober tweet, you only get 100 tewets per hours, and i must tweet more than that, so therefore i get a hour ban ",Argentina
1688009482,Sun May 03 10:07:29 PDT 2009,lost_dog,@DonaldDonnyDon I am lost. Please help me find a good home. ,Jamaica
1688068612,Sun May 03 10:15:56 PDT 2009,nuttychris,@keza34 help @joshtastic1 is bullying me  haha,UK
1690785771,Sun May 03 16:22:26 PDT 2009,nuttychris,"@ComedyQueen yes it was a sneeze and it sounded like a duck, as per useral ",Tanzania
1690791119,Sun May 03 16:23:12 PDT 2009,Karen230683,@VioletsCRUK I keep thinking it's at my ear and I go mad shaking and jumping about  I won't sleep either LOL,Japan
1691734445,Sun May 03 18:29:55 PDT 2009,StDAY,Finally home. Collapsed on the couch. I'm feeling sick though. Last part of drive I felt queasy and like I was gonna puke. ,Cuba
1691889290,Sun May 03 18:49:40 PDT 2009,lost_dog,@christinebrewer I am lost. Please help me find a good home. ,Nigeria
1691936620,Sun May 03 18:55:51 PDT 2009,StDAY,@eeshkapeesh  sorry. Was trying to type on this stupid phone and it messed up. Fail.,Russia
1692016305,Sun May 03 19:05:54 PDT 2009,lost_dog,@Cara I am lost. Please help me find a good home. ,Dominican Republic
1692175965,Sun May 03 19:26:13 PDT 2009,lost_dog,@becca_greenberg I am lost. Please help me find a good home. ,Canada
1692256200,Sun May 03 19:36:23 PDT 2009,lost_dog,@unaverage_joe I am lost. Please help me find a good home. ,Kenya
1692335566,Sun May 03 19:46:33 PDT 2009,StDAY,@eeshkapeesh sorry you feel that way. ,Ethiopia
1692373815,Sun May 03 19:51:34 PDT 2009,StDAY,@eeshkapeesh oh. :/ well... Crap. My sympathetic ear is lame again. ,UK
1692553985,Sun May 03 20:14:56 PDT 2009,lost_dog,@Papadoc1 I am lost. Please help me find a good home. ,Brazil
1693257077,Sun May 03 22:00:17 PDT 2009,lost_dog,@LadyHilary I am lost. Please help me find a good home. ,Canada
1693485235,Sun May 03 22:42:04 PDT 2009,StDAY,"Why is so freakin' hot right now?! It's almost 11, it's not supposed to be near 70 degrees! ",New Zealand
1693868535,Mon May 04 00:05:51 PDT 2009,lost_dog,@KayParx I am lost. Please help me find a good home. ,Indonesia
1693944321,Mon May 04 00:24:25 PDT 2009,StDAY,@xoMusicLoverxo I didn't even notice that. Pasta building! ,Thailand
1693950870,Mon May 04 00:25:57 PDT 2009,StDAY,@xoMusicLoverxo and I ruined it already. Forgot the last a in pasta. Fail. ,South Africa
1693951756,Mon May 04 00:26:09 PDT 2009,lost_dog,@DJ_RIN I am lost. Please help me find a good home. ,Ethiopia
1694064694,Mon May 04 00:55:44 PDT 2009,Spidersamm,@staceymeow  why do i have to shutup then?,Russia
1694091143,Mon May 04 01:02:39 PDT 2009,lost_dog,@grimlyinventive I am lost. Please help me find a good home. ,India
1694444598,Mon May 04 02:39:25 PDT 2009,Karen230683,@Yael_80  poor you im sure it wont be that bad,Nigeria
1694452561,Mon May 04 02:41:40 PDT 2009,Karen230683,@graemeskelly its horrible ,Mexico
1694476540,Mon May 04 02:48:13 PDT 2009,tsarnick,@Sir_Almo haha yeah except the work days ,India
1694667937,Mon May 04 03:38:28 PDT 2009,keza34,@joshtastic1 you must my sun that i had yesterday.  what you put on bbq?something good i hope.,New Zealand
1694686125,Mon May 04 03:43:04 PDT 2009,Karen230683,@VioletsCRUK not up to anything!! ,Tanzania
1694739166,Mon May 04 03:56:13 PDT 2009,nuttychris,@sweetemmaxxx i no that happens alot  omg i so want pom bears lol,South Korea
1694813257,Mon May 04 04:13:15 PDT 2009,lost_dog,@lolflux I am lost. Please help me find a good home. ,Indonesia
1694849974,Mon May 04 04:21:33 PDT 2009,keza34,@Jamie_127 if i could i would. ,Peru
1694851127,Mon May 04 04:21:49 PDT 2009,nuttychris,@simon316 omg i h8 u i want a baccon butty  EVIL lol,Ecuador
1694872188,Mon May 04 04:26:25 PDT 2009,nuttychris,@sweetemmaxxx lol yeah making me hungry as well ,Russia
1694897229,Mon May 04 04:31:43 PDT 2009,TraceyHewins,@nuttychris Sadly. Nothing ,India
1694901861,Mon May 04 04:32:41 PDT 2009,VioletsCRUK,@jason_2008 I know!!! Such a crappy day for a bank holiday! ,Ethiopia
1694902622,Mon May 04 04:32:50 PDT 2009,nuttychris,@TraceyHewins lol that not good ,Australia
1694927576,Mon May 04 04:37:57 PDT 2009,nuttychris,@rehabinspain do you do twitter rehab as i think i need it lol ,New Zealand
1694929297,Mon May 04 04:38:18 PDT 2009,nuttychris,@TraceyHewins ooo that sucks  lol,Argentina
1694955165,Mon May 04 04:43:43 PDT 2009,Spidersamm,@HelloLizzi sameeeee  did you listen to that bside they recorded?,Egypt
1695159189,Mon May 04 05:22:44 PDT 2009,nuttychris,"@RIDDLEMAN nah dont do white suits haha, but omg my twn full of oaps  no fit lasses ",France
1695271103,Mon May 04 05:42:13 PDT 2009,nuttychris,@keza34 i aint always squabbling  lol,Germany
1695312574,Mon May 04 05:48:57 PDT 2009,tsarnick,"@TheLastDoctor hahahaha!! i tried to get her to go to the royal ball with me, but she didn't answer ",Russia
1695508229,Mon May 04 06:18:35 PDT 2009,nuttychris,"@TraceyHewins mmm choc chip all gd, just bn timed out ",Australia
1695511323,Mon May 04 06:19:01 PDT 2009,lost_dog,@adwsellers I am lost. Please help me find a good home. ,Ethiopia
1695583528,Mon May 04 06:29:15 PDT 2009,lost_dog,@nicolepennell I am lost. Please help me find a good home. ,Tanzania
1695800628,Mon May 04 06:58:39 PDT 2009,nuttychris,@ComedyQueen i am not bullying you  i aint that evil cmon what you take me fo hehe,Antarctica
1695845899,Mon May 04 07:04:27 PDT 2009,nuttychris,@ComedyQueen i aint a theif  honest ,Nigeria
1695955707,Mon May 04 07:18:38 PDT 2009,nuttychris,@ComedyQueen why you gotta go in half hour ,Australia
1695958530,Mon May 04 07:19:00 PDT 2009,Karen230683,@tracybet haha its really depressing ,Japan
1695963145,Mon May 04 07:19:35 PDT 2009,nuttychris,@mrelihan nope  all i no twitter is having trouble with avatars atm :S so if that any help then there u go lol,USA
1696135711,Mon May 04 07:41:00 PDT 2009,nuttychris,"@simon316 same here, looks like its bout to piss it down ",Mexico
1696136174,Mon May 04 07:41:03 PDT 2009,lost_dog,@kneeon I am lost. Please help me find a good home. ,UK
1751605581,Sat May 09 19:50:38 PDT 2009,mcraddictal,@mcr_chick i wanna sleep.lol. Urgh. I feel like crying ,South Korea
1751988405,Sat May 09 20:46:27 PDT 2009,Spidersamm,i just fell off the back of the moty and dad laughed at me cos  ahahah,South Korea
1752045801,Sat May 09 20:55:13 PDT 2009,StDAY,"@eeshkapeesh YES! I was eating and then it started playing and I was like, WHAT?! EW! ",Colombia
1752470459,Sat May 09 22:00:52 PDT 2009,StDAY,How is it that I still have 2 hours plus till I get off of work?!  3997.,Japan
1752504346,Sat May 09 22:06:32 PDT 2009,mcraddictal,@mcrfash1 oh no! I'm sorry! I have to go to warped alone ,Australia
1752696792,Sat May 09 22:41:12 PDT 2009,mcraddictal,"@MCRIsAPleasure yes, very  but i'll stay up a little while longer. It's 12:40am you're right. Lol",India
1752883070,Sat May 09 23:19:00 PDT 2009,lost_dog,@PrettiiRickii I am lost. Please help me find a good home. ,Antarctica
1752887055,Sat May 09 23:19:51 PDT 2009,lost_dog,@Tygurr3 I am lost. Please help me find a good home. ,Italy
1752891382,Sat May 09 23:20:42 PDT 2009,lost_dog,@bozchron I am lost. Please help me find a good home. ,Ecuador
1752895305,Sat May 09 23:21:33 PDT 2009,lost_dog,@dewdropper I am lost. Please help me find a good home. ,Kenya
1753085552,Sun May 10 00:04:34 PDT 2009,lost_dog,@PoliticalFresh I am lost. Please help me find a good home. ,Nigeria
1753293193,Sun May 10 00:57:13 PDT 2009,StDAY,@xoMusicLoverxo ...I was in the middle of S&amp;R and it wasn't developed fully. Now it's been half a year since I updated it. ,China
1753310509,Sun May 10 01:01:37 PDT 2009,StDAY,@xoMusicLoverxo Haha. Yeah I KNOW I need to update. I feel so guilty for lagging. ,Kenya
1753775745,Sun May 10 03:23:09 PDT 2009,Spidersamm,"@HelloLizzi why are you outside  are you with someone, atleast, haah",France
1753937162,Sun May 10 04:12:54 PDT 2009,tsarnick,"@MissxMarisa like, zoinks!! ok i'll try to let go of the hose, and the cupcakes ",Spain
1753987860,Sun May 10 04:27:37 PDT 2009,lost_dog,@DinosaurrsRawrr I am lost. Please help me find a good home. ,UK
1754107393,Sun May 10 05:00:26 PDT 2009,Karen230683,@snedwan crap so annoyed over hour and half my best is hour 16  told by physio yest not to do it so least I finished,Ecuador
1754189769,Sun May 10 05:20:44 PDT 2009,nuttychris,@keza34 oooo yeah he bn work today  #twittertakeover,Nigeria
1754196074,Sun May 10 05:22:17 PDT 2009,lost_dog,@beffy2k9 I am lost. Please help me find a good home. ,Russia
1754419867,Sun May 10 06:12:25 PDT 2009,Spidersamm,@staceymeow ILL ONLY DO A FEW batch ,USA
1754423115,Sun May 10 06:13:08 PDT 2009,Jayme1988,@Eric_Chambers Yeah there its still all a little old fashioned. But some people are adverse to change! ,Ecuador
1754448310,Sun May 10 06:18:26 PDT 2009,nuttychris,@ComedyQueen nah you aint wayy behing im only on 9401 so u can easy catch up if i get timed lol  #TwitterTakeover,Cuba
1754513081,Sun May 10 06:31:37 PDT 2009,mcraddictal,@AmberConfusion  it's just a phase...,China
1754590899,Sun May 10 06:46:51 PDT 2009,nuttychris,@ComedyQueen i no  but we still in it #TwitterTakeover hope fully if we can keep it in the cloud it will b on the list of special people,Indonesia
1754617678,Sun May 10 06:51:55 PDT 2009,nuttychris,@ComedyQueen omg we gone out of it  we gotta get it back up  hehe #TwitterTakeover haha,Italy
1754869201,Sun May 10 07:37:14 PDT 2009,mcraddictal,@MyCheMicALmuse i'm sorry hun.  are you still gonna take the classes?,Germany
1755214110,Sun May 10 08:33:30 PDT 2009,mcraddictal,@myhaloromance  i'll go over there and kill someone if i need to. ppl are such douches,Australia
1755305245,Sun May 10 08:47:49 PDT 2009,Karen230683,@leonkay yeah ,Argentina
1755374549,Sun May 10 08:58:47 PDT 2009,mcraddictal,@myhaloromance back to work again  bye love,Cuba
1755641483,Sun May 10 09:39:25 PDT 2009,lost_dog,@JCBlight I am lost. Please help me find a good home. ,Mexico
1755843561,Sun May 10 10:09:49 PDT 2009,lost_dog,@ELPhenomenal I am lost. Please help me find a good home. ,USA
1759048639,Sun May 10 18:20:40 PDT 2009,lost_dog,@JaxLicurse I am lost. Please help me find a good home. ,USA
1759049119,Sun May 10 18:20:44 PDT 2009,lost_dog,@shopmollyd I am lost. Please help me find a good home. ,New Zealand
1759051133,Sun May 10 18:21:01 PDT 2009,mcraddictal,@DaniDesolation cause he's a fucktard! ,UK
1759121956,Sun May 10 18:30:38 PDT 2009,mcraddictal,"@Dezz_MCR i'm really sorry, but no.  i haven't been able to get online today.",Spain
1759273381,Sun May 10 18:51:05 PDT 2009,mcraddictal,@TravisKing fuck! I was winning too. ,South Africa
1759535774,Sun May 10 19:25:46 PDT 2009,lost_dog,@RedTeflon I am lost. Please help me find a good home. ,Japan
1759960623,Sun May 10 20:20:34 PDT 2009,lost_dog,@parrisreddog I am lost. Please help me find a good home. ,Thailand
1770972679,Mon May 11 22:47:29 PDT 2009,mcraddictal,@Dezz_MCR emotional night for lori ,Indonesia
1771048775,Mon May 11 23:02:00 PDT 2009,mcraddictal,@TravisKing  okay. Whatever you say.,Mexico
1792057039,Wed May 13 21:59:05 PDT 2009,lost_dog,@wwsbabc7 I am lost. Please help me find a good home. ,Antarctica
1792961930,Thu May 14 00:51:29 PDT 2009,Jayme1988,@Chad_Lad I am good thanks. working hard! the boss is in my office today  how are you?,India
1793177020,Thu May 14 01:40:24 PDT 2009,StDAY,@xoMusicLoverxo Mobile twitter does suck. I hate it.  But it'll have to do for the moment...,India
1793236328,Thu May 14 01:54:30 PDT 2009,lost_dog,@knighttyme I am lost. Please help me find a good home. ,Jamaica
1793306987,Thu May 14 02:10:55 PDT 2009,Karen230683,Where has the sunshine gone ,Tanzania
1793309530,Thu May 14 02:11:31 PDT 2009,Karen230683,@tb78 ah that's boring ,Mexico
1793349151,Thu May 14 02:20:54 PDT 2009,lost_dog,@fun4fido I am lost. Please help me find a good home. ,Peru
1793392921,Thu May 14 02:31:10 PDT 2009,lost_dog,@Woo100 I am lost. Please help me find a good home. ,France
1793568154,Thu May 14 03:11:25 PDT 2009,tsarnick,@aussiecynic today was terrible  why was your day weird?,India
1793613976,Thu May 14 03:21:52 PDT 2009,lost_dog,@oldiesclub I am lost. Please help me find a good home. ,France
1793616086,Thu May 14 03:22:22 PDT 2009,Spidersamm,:o i got taught by good ol' Dan Reardons 3rd cousin today ;) awyeeee.... he was an asshole though ,Kenya
1793743661,Thu May 14 03:50:21 PDT 2009,tsarnick,"@Boddingtons he may be a chatter, but he's not a voter  #@architeuth1s",Peru
1793803394,Thu May 14 04:02:33 PDT 2009,wowlew,isPlayer Has Died! Sorry ,China
1793848112,Thu May 14 04:11:20 PDT 2009,tsarnick,@Boddingtons my prediction from the future is that your day will get steadily worse ,USA
1793875823,Thu May 14 04:16:45 PDT 2009,wowlew,isPlayer Has Died! Sorry ,Nigeria
1793898439,Thu May 14 04:21:01 PDT 2009,wowlew,isPlayer Has Died! Sorry ,UK
1793923840,Thu May 14 04:25:47 PDT 2009,wowlew,isPlayer Has Died! Sorry ,Japan
1794125037,Thu May 14 05:01:26 PDT 2009,lost_dog,@heyalexandraa I am lost. Please help me find a good home. ,Ecuador
1794186912,Thu May 14 05:11:25 PDT 2009,Spidersamm,poor farren ray  man you dickhead...,Cuba
1794260182,Thu May 14 05:22:58 PDT 2009,TraceyHewins,@ComedyQueen it seems to be okay now. But I had trouble when I first got on. It froze every time I tried to reply to someone. ,Kenya
1794355168,Thu May 14 05:37:01 PDT 2009,tsarnick,@architeuth1s true that!! web twitter is fucked!! tweetdeck you get many more @replies ,Cuba
1794742412,Thu May 14 06:28:10 PDT 2009,wowlew,isPlayer Has Died! Sorry ,South Korea
1794818607,Thu May 14 06:37:17 PDT 2009,wowlew,isPlayer Has Died! Sorry ,USA
1794904887,Thu May 14 06:47:25 PDT 2009,tsarnick,@aussiecynic haha yeah well i'm pretty pissed  tomoz should be fine though!! how's the writing going? ;),Chile
1794906243,Thu May 14 06:47:34 PDT 2009,wowlew,isPlayer Has Died! Sorry ,Egypt
1794952416,Thu May 14 06:52:49 PDT 2009,wowlew,isPlayer Has Died! Sorry ,Colombia
1795033582,Thu May 14 07:02:01 PDT 2009,wowlew,isPlayer Has Died! Sorry ,France
1795082604,Thu May 14 07:07:34 PDT 2009,wowlew,isPlayer Has Died! Sorry ,Indonesia
1795130733,Thu May 14 07:12:56 PDT 2009,wowlew,isPlayer Has Died! Sorry ,Russia
1795217859,Thu May 14 07:22:34 PDT 2009,Jayme1988,@mnrmg  not good... are you ok? need a hug?,Egypt
1795220568,Thu May 14 07:22:52 PDT 2009,wowlew,isPlayer Has Died! Sorry ,Russia
1795270284,Thu May 14 07:28:20 PDT 2009,Karen230683,@steve5424 it's windy though ,Russia
1795312310,Thu May 14 07:32:51 PDT 2009,wowlew,isPlayer Has Died! Sorry ,Russia
1795454581,Thu May 14 07:48:08 PDT 2009,lost_dog,@SarrahKaee I am lost. Please help me find a good home. ,Peru
1795494721,Thu May 14 07:52:18 PDT 2009,lost_dog,@martymcnabb I am lost. Please help me find a good home. ,Peru
1795499212,Thu May 14 07:52:46 PDT 2009,wowlew,isPlayer Has Died! Sorry ,Ethiopia
1795555493,Thu May 14 07:58:40 PDT 2009,wowlew,isPlayer Has Died! Sorry ,India
1795555997,Thu May 14 07:58:43 PDT 2009,tsarnick,@tequilakitty i think i just puked in my mouth a little ,Tanzania
1795592544,Thu May 14 08:02:22 PDT 2009,wowlew,isPlayer Has Died! Sorry ,Jamaica
1795654264,Thu May 14 08:08:42 PDT 2009,wowlew,isPlayer Has Died! Sorry ,South Korea
1795753188,Thu May 14 08:18:41 PDT 2009,wowlew,isPlayer Has Died! Sorry ,Ecuador
1795851923,Thu May 14 08:28:39 PDT 2009,wowlew,isPlayer Has Died! Sorry ,Italy
1796178219,Thu May 14 09:00:37 PDT 2009,mcraddictal,@jessiiswhoiam  alabama wouldn't suck if you were hereeee!,Japan
1796894440,Thu May 14 10:12:53 PDT 2009,wowlew,isPlayer Has Died! Sorry ,Jamaica
1822458305,Sat May 16 19:37:29 PDT 2009,StDAY,@xoMusicLoverxo EXACTLY!  I can't wait till fall either. Evil show.  I got chills with the George thing though. Yup. 007. ,China
1822895704,Sat May 16 20:38:15 PDT 2009,lost_dog,@jaresty I am lost. Please help me find a good home. ,Indonesia
1822973516,Sat May 16 20:49:10 PDT 2009,wowlew,isPlayer Has Died! Sorry ,Egypt
1823043293,Sat May 16 20:58:59 PDT 2009,wowlew,isPlayer Has Died! Sorry ,Chile
1823072319,Sat May 16 21:03:00 PDT 2009,wowlew,isPlayer Has Died! Sorry ,South Africa
1823080554,Sat May 16 21:04:09 PDT 2009,Karen230683,@colinkelly noooooooo colin we can't listen at work so annoyed ,South Africa
1823143490,Sat May 16 21:13:10 PDT 2009,wowlew,isPlayer Has Died! Sorry ,India
1823180156,Sat May 16 21:18:32 PDT 2009,mcraddictal,@mcrfash1  i don't like them,UK
1823615548,Sat May 16 22:27:57 PDT 2009,lost_dog,@Ringy_ I am lost. Please help me find a good home. ,New Zealand
1823811784,Sat May 16 23:03:46 PDT 2009,StDAY,Oh no! The pit of despair! ,Chile
1823815553,Sat May 16 23:04:29 PDT 2009,lost_dog,@RUDEGIRLONE I am lost. Please help me find a good home. ,New Zealand
1824289852,Sun May 17 00:45:50 PDT 2009,lost_dog,@KayakForums I am lost. Please help me find a good home. ,Ecuador
1824486580,Sun May 17 01:35:31 PDT 2009,mcraddictal,@PotFace i hate my family ,New Zealand
1824498306,Sun May 17 01:38:31 PDT 2009,shanajaca,Goodmorning everyone hope you will have a great day weather here sucks big time  pout pout lol  Xx,Egypt
1824504687,Sun May 17 01:40:11 PDT 2009,mcraddictal,@PotFace i have 3 yrs to go ,Canada
1824515386,Sun May 17 01:43:00 PDT 2009,mcraddictal,@PotFace  sorry. I hope that works out for you,UK
1824524421,Sun May 17 01:45:25 PDT 2009,mcraddictal,@PotFace i start working at an ice cream shop next weekend. ,Italy
1824572695,Sun May 17 01:58:32 PDT 2009,mcraddictal,My mom just walked by my room... It's 4am. I must be missing something. My posters scare me ,Russia
1824595541,Sun May 17 02:04:22 PDT 2009,mcraddictal,Random or Fucked up? My family teases me about drinking goat's blood and sacrificing my friends to satan. ,Jamaica
1824602426,Sun May 17 02:06:12 PDT 2009,mcraddictal,@PotFace why does everyone hate it where they live? ,Indonesia
1824617583,Sun May 17 02:10:13 PDT 2009,mcraddictal,@PotFace that's not boring.  just interesting,China
1824629906,Sun May 17 02:13:27 PDT 2009,mcraddictal,@MiDesfileNegro that doesn't mean anything  i haven't even seen them live cause they never come here,Jamaica
1824705391,Sun May 17 02:33:55 PDT 2009,mcraddictal,@PotFace that's so long ago. ,Jamaica
1824709766,Sun May 17 02:35:07 PDT 2009,mcraddictal,"Someone burned a whole in my blanket.  i don't even smoke. D: If i did, it would most definitely not be in my room",France
1824744725,Sun May 17 02:44:21 PDT 2009,mcraddictal,@TravisKing it kills you  which i don't wanna think about. what happens if you die from smoking? I go all emo-depressed kid.,France
1824839139,Sun May 17 03:10:00 PDT 2009,Spidersamm,"@staaceeyy awh i know, i listened on the radio HAHAH  disspointing.",South Africa
1824950969,Sun May 17 03:40:13 PDT 2009,lost_dog,@JeanBurgess I am lost. Please help me find a good home. ,Colombia
1824967756,Sun May 17 03:44:57 PDT 2009,nuttychris,God need a job ,USA
1824987374,Sun May 17 03:50:23 PDT 2009,lost_dog,@fredcameron I am lost. Please help me find a good home. ,Argentina
1825019592,Sun May 17 03:59:24 PDT 2009,nuttychris,omg i am so silly i forgot to press the refresh page ,South Korea
1825099036,Sun May 17 04:20:23 PDT 2009,tsarnick,.@Boy_Kill_Boy oh!! yeah well i didn't know you meant *that*!!!!  #noundiessunday,Russia
1825101560,Sun May 17 04:21:01 PDT 2009,tsarnick,.@Boddingtons i'm sorry that i'm retarded sometimes Princess  i'm very drunk #noundiessunday,Argentina
1825123106,Sun May 17 04:26:51 PDT 2009,lost_dog,@cbusmom I am lost. Please help me find a good home. ,Nigeria
1825177299,Sun May 17 04:40:40 PDT 2009,nuttychris,am back just had to restart lappy ,South Africa
1825180177,Sun May 17 04:41:23 PDT 2009,nuttychris,@arianneross nope wish i was  haha,Italy
1825788748,Sun May 17 06:50:37 PDT 2009,mcraddictal,@myhaloromance -cries- when i got out of walmart you were already gone ,Spain
1825972669,Sun May 17 07:22:09 PDT 2009,mcraddictal,@MCRmuffin  not really? Why's that?,Colombia
1826067443,Sun May 17 07:37:28 PDT 2009,lost_dog,@mbspence I am lost. Please help me find a good home. ,Argentina
1826269258,Sun May 17 08:06:16 PDT 2009,nuttychris,@saragarth same god it sucks ,Nigeria
1826419434,Sun May 17 08:28:04 PDT 2009,nuttychris,@ayeashleigh lmfao dont stick up for her not gd  lol,Brazil
1826525091,Sun May 17 08:42:46 PDT 2009,lost_dog,@NoodleButt I am lost. Please help me find a good home. ,Ecuador
1827043040,Sun May 17 09:52:16 PDT 2009,lost_dog,@bistrobess I am lost. Please help me find a good home. ,Brazil
1827331197,Sun May 17 10:29:11 PDT 2009,lost_dog,@vonmarieoliva I am lost. Please help me find a good home. ,Italy
1827415948,Sun May 17 10:39:52 PDT 2009,mcraddictal,@TravisKing i have 3 O_O but they're retard cats. Now there's 2 spiders.  it's so scary,Cuba
1827429020,Sun May 17 10:41:29 PDT 2009,lost_dog,@shania_18 I am lost. Please help me find a good home. ,South Korea
1827514048,Sun May 17 10:52:18 PDT 2009,Jayme1988,I miss all you guys  be back soon! X,South Africa
1827515570,Sun May 17 10:52:30 PDT 2009,mcraddictal,@TravisKing i'm sorry.  i didn't have time to dream. it was hot here too(cause alabama sucks). You always go to sleep supa late.,Brazil
1827604768,Sun May 17 11:03:42 PDT 2009,mcraddictal,I missed my 6000th update.  i knew i would,Peru
1827702245,Sun May 17 11:16:03 PDT 2009,nuttychris,"@AyeUpLaura dam  haha but u cld have, haha",Dominican Republic
1827724165,Sun May 17 11:18:48 PDT 2009,nuttychris,@Chynadoll1369 i kinda aint ,New Zealand
1827999747,Sun May 17 11:53:07 PDT 2009,lost_dog,@girlygirl1112 I am lost. Please help me find a good home. ,Jamaica
1828022822,Sun May 17 11:55:58 PDT 2009,wowlew,isPlayer Has Died! Sorry ,Cuba
1828077976,Sun May 17 12:02:33 PDT 2009,wowlew,isPlayer Has Died! Sorry ,Peru
1830576455,Sun May 17 17:08:06 PDT 2009,wowlew,isPlayer Has Died! Sorry ,China
1830579923,Sun May 17 17:08:33 PDT 2009,lost_dog,@Hobbskat I am lost. Please help me find a good home. ,South Korea
1831139800,Sun May 17 18:17:30 PDT 2009,wowlew,isPlayer Has Died! Sorry ,Dominican Republic
1832136893,Sun May 17 20:13:02 PDT 2009,wowlew,isPlayer Has Died! Sorry ,USA
1833341683,Sun May 17 22:59:39 PDT 2009,mcraddictal,@amberconfusion i know. It's stupid  i took 2 sleeping pills,Dominican Republic
1833397171,Sun May 17 23:09:32 PDT 2009,mcraddictal,Ok then. Apparently noone really is on.  Wtf?,New Zealand
1833438005,Sun May 17 23:17:05 PDT 2009,mcraddictal,@PaganVixen i wasn't ignoring natasha.  and i'm pretty sure i knew he was on even if i'm not getting updates from him.lol,India
1833456187,Sun May 17 23:20:36 PDT 2009,mcraddictal,I don't really get updates. Just dm's.  and words can't explain how i feel right now. Not in 140 characters,Brazil
1833482912,Sun May 17 23:25:47 PDT 2009,mcraddictal,Wish i'd stop fucking up. If i don't i'm gonna end up losing the ones i love most.  which is already happening.,Ethiopia
1833557202,Sun May 17 23:40:25 PDT 2009,mcraddictal,@PaganVixen what about for the ones that don't listen? ,Dominican Republic
1833588870,Sun May 17 23:46:45 PDT 2009,mcraddictal,@PaganVixen i don't listen to them.  but i've heard of them,Argentina
1833599289,Sun May 17 23:48:54 PDT 2009,mcraddictal,@PaganVixen it becomes me when i know there has to be something i can do to stop it. ,Mexico
1833616863,Sun May 17 23:52:27 PDT 2009,mcraddictal,@PaganVixen i'm sorry about that. ,Canada
1833630309,Sun May 17 23:55:15 PDT 2009,mcraddictal,@PaganVixen i can't even do that for her.  she lives in australia. Anything could happen to her. And i can't do shit about it. ,Antarctica
1833640200,Sun May 17 23:57:17 PDT 2009,mcraddictal,@PaganVixen i'll never be able to see her.  i'll never be able to see any off my friends,China
1833675567,Mon May 18 00:04:10 PDT 2009,mcraddictal,@PaganVixen idk her religion. I'm not a religion person. ,Germany
1833714368,Mon May 18 00:12:08 PDT 2009,lost_dog,@tantalise I am lost. Please help me find a good home. ,Tanzania
1833724389,Mon May 18 00:14:12 PDT 2009,lost_dog,@mitchellYO I am lost. Please help me find a good home. ,South Africa
1833746634,Mon May 18 00:18:54 PDT 2009,mcraddictal,I'm so sleepy.  i have school tomorrow. I'm sorry if i fall asleep.,Antarctica
1833949505,Mon May 18 01:03:09 PDT 2009,nuttychris,@Jason_Manford guess its too late then  haha,UK
1833969986,Mon May 18 01:07:52 PDT 2009,mcraddictal,@PotFace but it is.  cause i can't stop her,Egypt
1833986132,Mon May 18 01:11:28 PDT 2009,Spidersamm,"i chucked the dom ontop of the girls lockers cos it smelt gross and veronica went off at me  cos she couldnt reach it, ahahah",New Zealand
1834144150,Mon May 18 01:47:58 PDT 2009,Karen230683,@amysav83 yeah bored already ,Spain
1834187360,Mon May 18 01:58:09 PDT 2009,Karen230683,@rickypl1978 aaaw can I come with u  LOL it was my dad who always done my hair my mum was hopeless! No kids 3year old goddaughter,France
1834211061,Mon May 18 02:03:23 PDT 2009,Karen230683,@howlertwit bored already ,Australia
1834290590,Mon May 18 02:21:53 PDT 2009,lost_dog,@startabuzz I am lost. Please help me find a good home. ,Russia
1834542560,Mon May 18 03:20:01 PDT 2009,tsarnick,.@shaddybabybitch hey!! i'm a bit sick  how are you?,South Korea
1834581361,Mon May 18 03:28:52 PDT 2009,Spidersamm,@staaceeyy dont worry just stuff to do with my brother ,Indonesia
1834636227,Mon May 18 03:40:54 PDT 2009,lost_dog,@johnmashni I am lost. Please help me find a good home. ,Colombia
1834654085,Mon May 18 03:44:49 PDT 2009,Spidersamm,going to shower... i feel sick and worried ,Thailand
1834683253,Mon May 18 03:51:04 PDT 2009,lost_dog,@NicolaCBA I am lost. Please help me find a good home. ,Peru
1834753580,Mon May 18 04:05:21 PDT 2009,lost_dog,@nickodoherty I am lost. Please help me find a good home. ,Mexico
1834839967,Mon May 18 04:22:13 PDT 2009,mcraddictal,@PotFace i just wish i could help her. ,Jamaica
1834845422,Mon May 18 04:23:18 PDT 2009,ramdomthoughts,@pete_c You are the invisible man in TweetDeck mate ,South Korea
1834897456,Mon May 18 04:32:57 PDT 2009,DarkPiano,"@k8dt Quite welcome! I get blipped every now and then through what I have at imeem, but they recently changed to 30-second clips! ",India
1834921176,Mon May 18 04:37:14 PDT 2009,Karen230683,@VioletsCRUK hey I'm ok very bored ,Jamaica
1834936835,Mon May 18 04:40:06 PDT 2009,mcraddictal,@_xotashhh all this talk about fics is reminding me of how far behind i am.  idek if i'm keeping the site open,Chile
1834961382,Mon May 18 04:44:29 PDT 2009,mcraddictal,@_xotashhh but i said i was gonna finish growing pains. And i can't ever get on to read it and it's killing me.  and i wanna finish...,Ecuador
1834963987,Mon May 18 04:44:57 PDT 2009,mcraddictal,@_xotashhh the art and watch me fall. ,Ethiopia
1834971414,Mon May 18 04:46:14 PDT 2009,Jayme1988,@rjw8888 Work PC's are never good unless you work in ICT  lol,Russia
1835028598,Mon May 18 04:56:22 PDT 2009,Jayme1988,@AJM1030 We don't get drag race over here... I was not impressed ,South Korea
1835320548,Mon May 18 05:42:51 PDT 2009,lost_dog,@meepbobeep I am lost. Please help me find a good home. ,Jamaica
1835338065,Mon May 18 05:45:29 PDT 2009,VioletsCRUK,Im goin 2 hane 2 have a marathon tweeting session this week if im goin to be Twitter-barred all weekend!  From Fri l/time till Mon Evenin!,Egypt
1835436878,Mon May 18 05:59:34 PDT 2009,Spidersamm,"what is shimmy about? i need to know  for school. is it about liking agirl and wanting her to like him back or is that princess, haha",Thailand
1835457280,Mon May 18 06:02:07 PDT 2009,Jayme1988,My shoulder is giving me lots of grief!! I think it is the way I sleep ,Dominican Republic
1835475242,Mon May 18 06:04:36 PDT 2009,VioletsCRUK,@Karen230683 lol Im dreading it!!  Will have to try and fight the craving to twitter...il just spend the whole w/end drunk..that'll work!,Spain
1835479655,Mon May 18 06:05:11 PDT 2009,Jayme1988,@rjw8888 I did not even work out yesterday.. I think Its a mix of working out and sleeping funny.  its just painful,Indonesia
1835799688,Mon May 18 06:46:34 PDT 2009,mcraddictal,@PotFace i actually like school. most of my friends are graduating tomorrow ,Egypt
1835914458,Mon May 18 07:00:30 PDT 2009,lost_dog,@higaiimo I am lost. Please help me find a good home. ,Cuba
1835980789,Mon May 18 07:08:21 PDT 2009,TraceyHewins,@Jamie_127 Sorry about that--so much for your sandwich ,Germany
1836431615,Mon May 18 07:59:18 PDT 2009,mcraddictal,@MyCheMicALmuse i'm okay. And idk about muffin ,India
1836489639,Mon May 18 08:05:22 PDT 2009,lost_dog,@Tallasassy I am lost. Please help me find a good home. ,New Zealand
1879907224,Thu May 21 23:29:49 PDT 2009,wowlew,isPlayer Has Died! Sorry ,Thailand
1879921620,Thu May 21 23:32:25 PDT 2009,wowlew,isPlayer Has Died! Sorry ,Germany
1879932268,Thu May 21 23:34:22 PDT 2009,lost_dog,@AndyRattinger I am lost. Please help me find a good home. ,Mexico
1879934031,Thu May 21 23:34:42 PDT 2009,wowlew,isPlayer Has Died! Sorry ,USA
1879951734,Thu May 21 23:38:01 PDT 2009,wowlew,isPlayer Has Died! Sorry ,Canada
1879952365,Thu May 21 23:38:08 PDT 2009,mcraddictal,@AwesomeFrank i'm sorry to hear that  hate it when you feel bad.,Japan
1879961856,Thu May 21 23:39:58 PDT 2009,wowlew,isPlayer Has Died! Sorry ,Brazil
1879977715,Thu May 21 23:42:59 PDT 2009,wowlew,isPlayer Has Died! Sorry ,Dominican Republic
1879992587,Thu May 21 23:45:49 PDT 2009,wowlew,isPlayer Has Died! Sorry ,Colombia
1879997925,Thu May 21 23:46:50 PDT 2009,mcraddictal,@AwesomeFrank -worries-  when's the last time you...? U know...,Nigeria
1880008238,Thu May 21 23:48:50 PDT 2009,wowlew,isPlayer Has Died! Sorry ,China
1880025077,Thu May 21 23:52:00 PDT 2009,wowlew,isPlayer Has Died! Sorry ,Nigeria
1880029638,Thu May 21 23:52:51 PDT 2009,mcraddictal,@AwesomeFrank which isn't healthy... At all.. Dont you think i'd know? ,New Zealand
1880041028,Thu May 21 23:55:02 PDT 2009,wowlew,isPlayer Has Died! Sorry ,Peru
1880055444,Thu May 21 23:57:46 PDT 2009,wowlew,isPlayer Has Died! Sorry ,India
1880069665,Fri May 22 00:00:22 PDT 2009,Spidersamm,"got our music performance out of the way today, it wasnt as hectic as i though..mainly cos im a bass extraudonaire,hahahah not really but ",UK
1880173483,Fri May 22 00:20:10 PDT 2009,Jayme1988,@teejay0109 8:19 here ,Kenya
1880224728,Fri May 22 00:30:32 PDT 2009,Jayme1988,UH OH - Sacking ,Jamaica
1880301481,Fri May 22 00:45:48 PDT 2009,wowlew,isPlayer Has Died! Sorry ,USA
1880311836,Fri May 22 00:47:57 PDT 2009,wowlew,isPlayer Has Died! Sorry ,France
1880319906,Fri May 22 00:49:40 PDT 2009,Karen230683,@IanJenkin  I'm sad now LOL,Dominican Republic
1880447201,Fri May 22 01:16:27 PDT 2009,thisgoeshere,@erin82883 poor kids today are getting no value out of television when the cereal commercials go. i don't see any anymore. ,Thailand
1880477240,Fri May 22 01:22:57 PDT 2009,Karen230683,@IanJenkin so do I ,UK
1880521304,Fri May 22 01:32:26 PDT 2009,ramdomthoughts,Any tips / websites to check out anyone about using Groups in TweetDeck? I have NO clue at all ,Thailand
1880591368,Fri May 22 01:47:22 PDT 2009,tsarnick,".@ShaddyBabeBiTch yeah i think it was the first good day of the week, even though @MissxMarisa got stabbed &amp; is in hospital!!! ",UK
1880594299,Fri May 22 01:48:01 PDT 2009,tsarnick,.@freshypanda did you hear about how @MissxMarisa was stabbed today??? ,Australia
1880604349,Fri May 22 01:50:14 PDT 2009,tsarnick,".@lownleeeynjul did you hear how @MissxMarisa was stabbed today? she's ok, but in hospital right now ",Thailand
1880608320,Fri May 22 01:51:03 PDT 2009,tsarnick,".@ShaddyBabeBiTch she texted me &amp; i spoke to her mom. she's obviously in pain, but stable. not sure how bad it is ",South Africa
1880614697,Fri May 22 01:52:28 PDT 2009,tsarnick,.@Boy_Kill_Boy hey dude!! @MissxMarisa was stabbed today. she's ok!! but in hospital ,Dominican Republic
1880628821,Fri May 22 01:55:37 PDT 2009,wowlew,isPlayer Has Died! Sorry ,Australia
1880642602,Fri May 22 01:58:42 PDT 2009,VioletsCRUK,Bout to tune in to @colinkelly for the last time till Tuesday!  Will have major Face-Off withdrawl by then! lol,Italy
1880661955,Fri May 22 02:02:35 PDT 2009,wowlew,isPlayer Has Died! Sorry ,Canada
1880724866,Fri May 22 02:16:24 PDT 2009,lost_dog,@_MarkWood I am lost. Please help me find a good home. ,South Africa
1880736606,Fri May 22 02:19:05 PDT 2009,wowlew,isPlayer Has Died! Sorry ,South Korea
1880744068,Fri May 22 02:20:38 PDT 2009,VioletsCRUK,"@dbdc That is good news..and its Friday..even better!!! Yeah i am, will be a laugh! Shall miss my Twitter family tho..no tweets till Mon! ",Mexico
1880760908,Fri May 22 02:24:25 PDT 2009,wowlew,isPlayer Has Died! Sorry ,Cuba
1880770068,Fri May 22 02:26:29 PDT 2009,wowlew,isPlayer Has Died! Sorry ,Tanzania
1880778574,Fri May 22 02:28:22 PDT 2009,wowlew,isPlayer Has Died! Sorry ,UK
1880785894,Fri May 22 02:30:01 PDT 2009,wowlew,isPlayer Has Died! Sorry ,Argentina
1880794336,Fri May 22 02:31:43 PDT 2009,wowlew,isPlayer Has Died! Sorry ,Antarctica
1880806824,Fri May 22 02:34:28 PDT 2009,wowlew,isPlayer Has Died! Sorry ,Colombia
1880821016,Fri May 22 02:37:25 PDT 2009,wowlew,isPlayer Has Died! Sorry ,Indonesia
1880833664,Fri May 22 02:40:08 PDT 2009,wowlew,isPlayer Has Died! Sorry ,UK
1880850874,Fri May 22 02:43:43 PDT 2009,wowlew,isPlayer Has Died! Sorry ,Kenya
1880864764,Fri May 22 02:46:40 PDT 2009,wowlew,isPlayer Has Died! Sorry ,China
1880878214,Fri May 22 02:49:33 PDT 2009,wowlew,isPlayer Has Died! Sorry ,New Zealand
1880892193,Fri May 22 02:52:31 PDT 2009,wowlew,isPlayer Has Died! Sorry ,Germany
1880905949,Fri May 22 02:55:29 PDT 2009,wowlew,isPlayer Has Died! Sorry ,Colombia
1880907682,Fri May 22 02:55:52 PDT 2009,tsarnick,".@nik_kee_dee don't talk to me about TweetDeck!! i used to use it ALL the time, and it hasn't worked for a month!!! ",Indonesia
1880926528,Fri May 22 02:59:49 PDT 2009,tsarnick,".@fjkinnit oh it's a problem with Adobe Air. the settings are set to not connect to internet, so it's fucked!! i've reinstalled heaps ",Chile
1880930970,Fri May 22 03:00:31 PDT 2009,tsarnick,.@nik_kee_dee .@fjkinnit i did over 8000 tweets with TweetDeck before it died!!! i loved it SO ,Japan
1880976026,Fri May 22 03:10:00 PDT 2009,SallytheShizzle,@OfficialAS without ASA....i'm sorry if you didn't know that already ,France
1880981688,Fri May 22 03:11:08 PDT 2009,lost_dog,@WalsallCouncil I am lost. Please help me find a good home. ,Colombia
1881000837,Fri May 22 03:15:14 PDT 2009,lost_dog,@LocalGovTweets I am lost. Please help me find a good home. ,Dominican Republic
1881095686,Fri May 22 03:35:09 PDT 2009,Jayme1988,@GADataGuy Just working  long weekend ahead YEY!!,Argentina
1881158354,Fri May 22 03:47:41 PDT 2009,lost_dog,@southwalesargus I am lost. Please help me find a good home. ,Egypt
1881188780,Fri May 22 03:53:46 PDT 2009,Karen230683,"Spent all morning trying to fix laptop, when I day fix I mean pressing buttons! It's not working  thanks @rosskie for his help",New Zealand
1881190410,Fri May 22 03:54:05 PDT 2009,mcraddictal,"@neszlifeasmcrmy i miss you too  i was so worried. Well, today's my last day of school b4 the break... Glad u feel better. Love you.",Chile
1881192490,Fri May 22 03:54:30 PDT 2009,Karen230683,Have now got to rush and shower as I'm being kind and heading into my other job  *sigh*,USA
1881231138,Fri May 22 04:01:56 PDT 2009,lost_dog,@AndrewWyers I am lost. Please help me find a good home. ,India
1881233915,Fri May 22 04:02:26 PDT 2009,SallytheShizzle,@BrittGoosie yeah we know  don't look....... i CANT imagine why they were posted..... not.,Australia
1881238831,Fri May 22 04:03:23 PDT 2009,SallytheShizzle,@OfficialAS @angelapanagacos i'm scared ,Ethiopia
1881241919,Fri May 22 04:04:01 PDT 2009,lost_dog,@trashlee I am lost. Please help me find a good home. ,India
1881256790,Fri May 22 04:06:50 PDT 2009,Karen230683,@steve5424 I know ,UK
1881258894,Fri May 22 04:07:14 PDT 2009,Karen230683,@tb78 that makes me sad ,Argentina
1881310608,Fri May 22 04:16:54 PDT 2009,SallytheShizzle,@angelapanagacos yeah true true. I've been applying for jobs..... buut so far nothing ,Egypt
1881324465,Fri May 22 04:19:31 PDT 2009,Karen230683,@Glasgowlassy @violetscruk aaaaaaw your poor #largepussy ,Dominican Republic
1881324735,Fri May 22 04:19:34 PDT 2009,SallytheShizzle,@BrittGoosie aww -huggles- well some people are just shit heads  fuck 'em!,Canada
1881354174,Fri May 22 04:24:56 PDT 2009,SallytheShizzle,@BrittGoosie fair enough. It MAY be something connected to you..but that DOESNT mean people have to be mean about it ,Colombia
1881358481,Fri May 22 04:25:41 PDT 2009,SallytheShizzle,@angelapanagacos shit what about adge?!! WE CAN'T LEAVE HER!! ,Kenya
1881518172,Fri May 22 04:52:49 PDT 2009,SallytheShizzle,@BrittGoosie OOOOH! XD that aint good then ,USA
1881569339,Fri May 22 05:00:51 PDT 2009,lost_dog,@Kateisgreat5285 I am lost. Please help me find a good home. ,Chile
1881570645,Fri May 22 05:01:03 PDT 2009,VioletsCRUK,@deanscotland Thanks Dean...oh even just seeing those words non-tweeting makes me sad!!  lol You have a good one too!,USA
1881575157,Fri May 22 05:01:45 PDT 2009,tsarnick,".@MyInnerJules yeah!!! she's in hospital  she's ok, but it's pretty fucken psycho that it actually happened",Italy
1881586484,Fri May 22 05:03:29 PDT 2009,wowlew,isPlayer Has Died! Sorry ,Japan
1881618481,Fri May 22 05:08:32 PDT 2009,tsarnick,".@MyInnerJules oh sorry i wasn't saying that, just that American society is violent ",South Africa
1881626270,Fri May 22 05:09:44 PDT 2009,tsarnick,oh fucken BOOOOOOO!! told to turn the music down ,Thailand
1881668936,Fri May 22 05:16:13 PDT 2009,lost_dog,@RonBetta I am lost. Please help me find a good home. ,Germany
1881682515,Fri May 22 05:18:18 PDT 2009,lost_dog,@uklocalcouncils I am lost. Please help me find a good home. ,Italy
1881709973,Fri May 22 05:22:22 PDT 2009,tsarnick,.@ShaddyBabeBiTch oh!  do you still get to chat with him?,Tanzania
1881716365,Fri May 22 05:23:19 PDT 2009,SongoftheOss,@the_apostate oh you sweetie  sadly only one more follower so far ,France
1881744696,Fri May 22 05:27:26 PDT 2009,SallytheShizzle,@BrittGoosie the fuck?! You kidding me?! They're obviously dicks of a doctor then! ,New Zealand
1881771903,Fri May 22 05:31:17 PDT 2009,ramdomthoughts,Now I can't spell either ,Mexico
1881791639,Fri May 22 05:34:06 PDT 2009,wowlew,isPlayer Has Died! Sorry ,UK
1881793316,Fri May 22 05:34:20 PDT 2009,SallytheShizzle,@BrittGoosie the fuck? that's just retardedness. I mean SURE sometimes they can stuff up...but they need to be careful and do reserach ,Antarctica
1881830911,Fri May 22 05:39:36 PDT 2009,SallytheShizzle,@BrittGoosie  awww....i COULD have one...I was meant to have a bloodtest but I ran away :/ oh well. You can have 'em done again!,Dominican Republic
1881853478,Fri May 22 05:42:38 PDT 2009,wowlew,isPlayer Has Died! Sorry ,Chile
1881880683,Fri May 22 05:46:16 PDT 2009,mcraddictal,@AwesomeFrank you have enough stuff to worry about... ,Ecuador
1881889261,Fri May 22 05:47:25 PDT 2009,SallytheShizzle,@BrittGoosie woooah! yeah that's USUALLY an obvious thing to spot as well. It just sounds like CRAP doctors to me ,Cuba
1881915136,Fri May 22 05:50:49 PDT 2009,SallytheShizzle,@BrittGoosie O.O woah. HAHA. i'd sue their arses ,Italy
1881918928,Fri May 22 05:51:18 PDT 2009,Karen230683,@Yael_80 I've still not seen it ,Ecuador
1882002111,Fri May 22 06:01:54 PDT 2009,SallytheShizzle,@OfficialAS rofl  that isn't very good...maybe you can try pointing the mute button on the remote at him ;),Tanzania
1882024131,Fri May 22 06:04:36 PDT 2009,SallytheShizzle,@OfficialAS http://twitpic.com/5osvk - foxtel one isn't as awesome  there's on 2 jonas pages AND a pic on the cover ;),South Korea
1882149871,Fri May 22 06:19:50 PDT 2009,SallytheShizzle,@OfficialAS they're hogging the rain again!!  ROFL xD,Ethiopia
1882191859,Fri May 22 06:24:44 PDT 2009,Jayme1988,@mnrmg Good you feel well. I am good thanks. just waiting for the end of work ,India
1882393789,Fri May 22 06:47:31 PDT 2009,lost_dog,@LLEHSTUN I am lost. Please help me find a good home. ,Egypt
1882419705,Fri May 22 06:50:23 PDT 2009,SallytheShizzle,@_angeliina i know  some people just need to mature if they're doing it just to bait others XP,Colombia
1882456661,Fri May 22 06:54:26 PDT 2009,SallytheShizzle,@_angeliina yeah... i USED to speak with them... but I drifted XD hahaha. and well from my weird angle...it's looks really immature ,Australia
1882461838,Fri May 22 06:55:01 PDT 2009,SallytheShizzle,@OfficialAS http://twitpic.com/5outw - BABE DOESN'T HAVE THE SWINE FLU!!  HEEEEEE IS A SHEEP PIG! HE'S SPECIAL!! ;D he loves your butt ...,New Zealand
1882530169,Fri May 22 07:02:18 PDT 2009,SallytheShizzle,@OfficialAS http://twitpic.com/5ovvv - hurts.to.laugh  XP,Nigeria
1882660087,Fri May 22 07:15:55 PDT 2009,lost_dog,@aflfeeds I am lost. Please help me find a good home. ,Dominican Republic
1882816626,Fri May 22 07:32:06 PDT 2009,StDAY,Waking up any time before 8 is AWESOME! Right?? Right?? WRONG! ,Tanzania
1883052733,Fri May 22 07:55:50 PDT 2009,SallytheShizzle,@MariaBernal yuppers. DAMN you economy!! ,Cuba
1883081989,Fri May 22 07:58:45 PDT 2009,lost_dog,@AdelaideSports I am lost. Please help me find a good home. ,Canada
1914415727,Mon May 25 10:42:50 PDT 2009,Karen230683,@rosskie  our weather sucks,Thailand
1932364908,Tue May 26 21:19:21 PDT 2009,lost_dog,@RaF_grL I am lost. Please help me find a good home. ,Germany
1932433421,Tue May 26 21:27:32 PDT 2009,lost_dog,@swishathomas I am lost. Please help me find a good home. ,Jamaica
1932549167,Tue May 26 21:41:45 PDT 2009,lost_dog,@VeganInLA I am lost. Please help me find a good home. ,South Africa
1932565568,Tue May 26 21:43:50 PDT 2009,lost_dog,@kevinsanders I am lost. Please help me find a good home. ,Australia
1932838947,Tue May 26 22:20:26 PDT 2009,lost_dog,@amok_ I am lost. Please help me find a good home. ,Germany
1932881356,Tue May 26 22:26:33 PDT 2009,lost_dog,@rachelbest I am lost. Please help me find a good home. ,Argentina
1932894126,Tue May 26 22:28:27 PDT 2009,mcraddictal,"@MCRmuffin it's okay. A friend of mine... I'm just really close to him, and idk when I'll be able to get online to talk to him again. ",South Korea
1932955220,Tue May 26 22:37:28 PDT 2009,mcraddictal,@emoisforluvers no! I did answer  you didn't answer me.,Australia
1932964902,Tue May 26 22:38:57 PDT 2009,mcraddictal,@emoisforluvers  i never got your reply. Stupid twitter.,Thailand
1933036728,Tue May 26 22:50:00 PDT 2009,StDAY,"Aww, man! I bought a notebook that doesn't have perforated pages. I hate that. ",Russia
1933225868,Tue May 26 23:19:45 PDT 2009,StDAY,@commensense It is! I really liked it! But I can't wait for the FALL for the rest of the episodes! ,Chile
1936052959,Wed May 27 07:22:09 PDT 2009,lost_dog,@GaryBlueEyes I am lost. Please help me find a good home. ,Russia
1955939520,Thu May 28 20:53:30 PDT 2009,lost_dog,@djillpugh I am lost. Please help me find a good home. ,Brazil
1956086408,Thu May 28 21:09:45 PDT 2009,lost_dog,@doggiezen I am lost. Please help me find a good home. ,Egypt
1956159179,Thu May 28 21:18:12 PDT 2009,Spidersamm,@shaundiviney well i wont get one    noooo,Colombia
1956178984,Thu May 28 21:20:32 PDT 2009,Spidersamm,why do we have to go to school ,Ethiopia
1956190747,Thu May 28 21:21:57 PDT 2009,lost_dog,@DogLoverGurlie I am lost. Please help me find a good home. ,Germany
1956327855,Thu May 28 21:38:41 PDT 2009,SallytheShizzle,@ddlovato YOU LIKE HAVING THIS POWER OVER US! -meanie ,Kenya
1956343018,Thu May 28 21:40:35 PDT 2009,SallytheShizzle,@ddlovato my back hurts  stupid sitting on the floor :/ LOL TELL US ALREADY!!! pleeeease,Brazil
1956397748,Thu May 28 21:47:34 PDT 2009,lost_dog,@SeanL44 I am lost. Please help me find a good home. ,China
1956413956,Thu May 28 21:49:40 PDT 2009,lost_dog,@ChrisScala I am lost. Please help me find a good home. ,Spain
1956513117,Thu May 28 22:02:29 PDT 2009,mcraddictal,Okay. Seriously. I wanna sleep.  Idk if I'll be online tomorrow cause of my dad.  Love you guys. Goodnight.,Nigeria
1956528253,Thu May 28 22:04:29 PDT 2009,mcraddictal,@neszlifeasmcrmy  i know you wont be. I'm not going anywhere love. I'm here with you. And i want you to be happy. I love you so much.,Japan
1956532467,Thu May 28 22:05:03 PDT 2009,lost_dog,@jason_foss I am lost. Please help me find a good home. ,Japan
1956695119,Thu May 28 22:27:44 PDT 2009,SallytheShizzle,@ColorMeKelly -sigh- we won't get to hear for a while...which SUCKS! ,UK
1956782592,Thu May 28 22:40:40 PDT 2009,SallytheShizzle,@ColorMeKelly i give up  lmao. She isn't replying any time soon X(,Japan
1956856143,Thu May 28 22:52:00 PDT 2009,Spidersamm,@leonblair  i wanna be there  damn for living in tassie,USA
1957183431,Thu May 28 23:45:13 PDT 2009,SallytheShizzle,does anyone know how to convert 6 est to Aus time? ROFL xD fucking radio disney ,Spain
1957364648,Fri May 29 00:16:33 PDT 2009,Spidersamm,@shortstackband grrrrrrrrrrrrrrrrrrrrrrrr ,Chile
1957496192,Fri May 29 00:41:00 PDT 2009,lost_dog,@urbancritter I am lost. Please help me find a good home. ,Indonesia
1957549641,Fri May 29 00:51:12 PDT 2009,lost_dog,@dylandersen I am lost. Please help me find a good home. ,Thailand
1958046629,Fri May 29 02:28:50 PDT 2009,Spidersamm,so during that whole whole addiction talk with my brother and that lady....i broke down and couldnt help but cry ,Nigeria
1960164268,Fri May 29 07:31:35 PDT 2009,mcraddictal,@MCRmuffin i couldn't be there for her last night cause i fell asleep like a retard.  agh.,South Africa
1960354374,Fri May 29 07:49:55 PDT 2009,mcraddictal,"@Boy_Kill_Boy oh sorry! not getting all my replies  nothing against you. and yes, i do know nirvana",Canada
1960433085,Fri May 29 07:57:25 PDT 2009,lost_dog,@b_sorensen I am lost. Please help me find a good home. ,Mexico
1960611793,Fri May 29 08:14:02 PDT 2009,lost_dog,@geekasia I am lost. Please help me find a good home. ,Colombia
1960813431,Fri May 29 08:32:39 PDT 2009,lost_dog,@chantelnicole I am lost. Please help me find a good home. ,France
1960949720,Fri May 29 08:45:18 PDT 2009,Jayme1988,Omg Cliff Richard songs in my mind? Just why  lol,USA
1960991099,Fri May 29 08:49:10 PDT 2009,lost_dog,@finnmacool I am lost. Please help me find a good home. ,Japan
1960991910,Fri May 29 08:49:14 PDT 2009,lost_dog,@seth_cohen I am lost. Please help me find a good home. ,South Africa
1961060657,Fri May 29 08:55:32 PDT 2009,lost_dog,@MaXXXimumMyra I am lost. Please help me find a good home. ,Tanzania
1961264086,Fri May 29 09:14:02 PDT 2009,mcraddictal,@MCRmuffin ,Brazil
1961374293,Fri May 29 09:24:18 PDT 2009,VioletsCRUK,#ivealwayswantedtosay Sorry to his wife also for moonying her...she was a lovely lady and it was a dare...she did not deserve that! ,Colombia
1961919600,Fri May 29 10:14:40 PDT 2009,TraceyHewins,@Jamie_127 poor baby  you need some aloe. Nope sorry no hints,Canada
1962100167,Fri May 29 10:31:22 PDT 2009,lost_dog,@nebgen I am lost. Please help me find a good home. ,Brazil
1962403695,Fri May 29 10:59:39 PDT 2009,ramdomthoughts,Got insurance forms for Polo. Feel a bit  Has to be done though.,Russia
1962740328,Fri May 29 11:34:20 PDT 2009,lost_dog,@wenatcheewash I am lost. Please help me find a good home. ,Ecuador
1963089009,Fri May 29 12:11:08 PDT 2009,lost_dog,@TheTarquin I am lost. Please help me find a good home. ,Tanzania
1963325663,Fri May 29 12:33:12 PDT 2009,TraceyHewins,@OliverPhelps have a good time!! Sadly that means I'm probably gonna have rain ,Mexico
1963376719,Fri May 29 12:37:50 PDT 2009,lost_dog,@chilkotardis I am lost. Please help me find a good home. ,Egypt
1964555736,Fri May 29 14:25:29 PDT 2009,mcraddictal,@PotFace sorry i didnt reply earlier  i feel better now.,Italy
1964560446,Fri May 29 14:25:56 PDT 2009,SongoftheOss,"@_CorruptedAngel my god, really! Really? 50? Christ ",Ecuador
1964768818,Fri May 29 14:46:28 PDT 2009,SongoftheOss,Sadly I know a lot of women who like this song  ? http://blip.fm/~7a73f,USA
1964820920,Fri May 29 14:51:43 PDT 2009,SongoftheOss,@ThisStarChild *uhum* try that again - unlike the pretty women on here I just don't look 21 any more ,Nigeria
1964866217,Fri May 29 14:56:18 PDT 2009,SongoftheOss,I am out of credits - must work on my playlist  ? http://blip.fm/~7a7tv,Indonesia
1964894600,Fri May 29 14:59:11 PDT 2009,SongoftheOss,"@ABOResearch Pleased to hear it, but still I am shamed sometimes to hear what some men do ",UK
1965092328,Fri May 29 15:19:09 PDT 2009,SongoftheOss,@Applecored what I do now  anyhoo thanks for the *spank* :-O x,Peru
1965461453,Fri May 29 15:57:50 PDT 2009,lost_dog,@shaylaa I am lost. Please help me find a good home. ,Dominican Republic
1965592564,Fri May 29 16:11:36 PDT 2009,Jayme1988,@mnrmg I am doing the same  I want to travel a little!,Jamaica
1965676012,Fri May 29 16:20:30 PDT 2009,lost_dog,@LysdelTellez I am lost. Please help me find a good home. ,USA
1965676556,Fri May 29 16:20:33 PDT 2009,lost_dog,@hopei91 I am lost. Please help me find a good home. ,China
1965696326,Fri May 29 16:22:38 PDT 2009,lost_dog,@lauradanner I am lost. Please help me find a good home. ,Kenya
1965733451,Fri May 29 16:26:42 PDT 2009,SongoftheOss,night to @applecored - the light dims as you leave the chat room ,Kenya
1965807738,Fri May 29 16:34:47 PDT 2009,tsarnick,@Izzy_Cullen oh really!!! i've already put all the pics up!! sorry!!   http://twitpic.com/61oj0,France
1965915677,Fri May 29 16:46:45 PDT 2009,Spidersamm,@saamanthajaane :o exams. YUCK    that will be hectic!,Chile
1965969356,Fri May 29 16:52:50 PDT 2009,Jayme1988,"@honk4peace Yes, we do love and miss you @ChubbyGayMan Others have told me privately too ",Italy
1966109943,Fri May 29 17:08:33 PDT 2009,Spidersamm,"@staaceeyy weeooow, i feel fat.... i remember when i used to weigh that much  pfffffffffffffffffffffftttttttt long time ago, hahaha",Italy
1966240793,Fri May 29 17:23:38 PDT 2009,lost_dog,@danachs I am lost. Please help me find a good home. ,Ethiopia
1966258701,Fri May 29 17:25:44 PDT 2009,lost_dog,@bktassava I am lost. Please help me find a good home. ,Australia
1966270601,Fri May 29 17:27:09 PDT 2009,SongoftheOss,@ThisStarChild aww please explain &quot;botts&quot; I am all 'fused.... ,New Zealand
1966456811,Fri May 29 17:48:05 PDT 2009,mcraddictal,@AwesomeFrank ,Australia
1966570086,Fri May 29 18:00:32 PDT 2009,lost_dog,@wendilou I am lost. Please help me find a good home. ,Brazil
1966666833,Fri May 29 18:10:45 PDT 2009,lost_dog,@kylesm I am lost. Please help me find a good home. ,Kenya
1966686520,Fri May 29 18:12:50 PDT 2009,lost_dog,@JULIANAKATHY I am lost. Please help me find a good home. ,Colombia
1966760184,Fri May 29 18:20:59 PDT 2009,lost_dog,@XPOHeidi I am lost. Please help me find a good home. ,Argentina
1967037612,Fri May 29 18:51:34 PDT 2009,lost_dog,@ambergideon I am lost. Please help me find a good home. ,New Zealand
1967039516,Fri May 29 18:51:47 PDT 2009,Jayme1988,I am boiling.. and twitter keeps breaking ,South Africa
1967056308,Fri May 29 18:53:40 PDT 2009,lost_dog,@Unbelieva I am lost. Please help me find a good home. ,Egypt
1967247020,Fri May 29 19:13:58 PDT 2009,lost_dog,@heaatherr I am lost. Please help me find a good home. ,Spain
1967285531,Fri May 29 19:18:05 PDT 2009,lost_dog,@Bronte_Bear I am lost. Please help me find a good home. ,Italy
1967286059,Fri May 29 19:18:08 PDT 2009,lost_dog,@EllieMo I am lost. Please help me find a good home. ,Thailand
1967286532,Fri May 29 19:18:11 PDT 2009,lost_dog,@bradymcl I am lost. Please help me find a good home. ,South Africa
1967305289,Fri May 29 19:20:16 PDT 2009,lost_dog,@rainydaygoods I am lost. Please help me find a good home. ,Thailand
1967379436,Fri May 29 19:28:25 PDT 2009,lost_dog,@kjm001 I am lost. Please help me find a good home. ,Egypt
1967386032,Fri May 29 19:29:09 PDT 2009,Spidersamm,"@staaceeyy lawl lawl lawl lawl lawl lawl, i dont know wether to send it    gdgdfgdfhfd",Egypt
1967449603,Fri May 29 19:36:04 PDT 2009,StDAY,I. Want. To. Go. Home. Now. ,Ecuador
1967744918,Fri May 29 20:08:09 PDT 2009,Spidersamm,"having a smoke    but hes pretty, although he looked stoned, hahaha",South Korea
1968243768,Fri May 29 21:02:47 PDT 2009,mcraddictal,Natasha? -cries- are you there? (please say yes) i fel asleep again.  is anyone there? Lori? Paige? Anyone?,Peru
1968261924,Fri May 29 21:04:58 PDT 2009,mcraddictal,@AhSatanseesMCR i'm sorry ( i was super tired. Idk why. I should've said something. I didn't think i'd fall asleep so fast ,Nigeria
1968268387,Fri May 29 21:05:43 PDT 2009,mcraddictal,@MCRmuffin ,Cuba
1968383234,Fri May 29 21:19:26 PDT 2009,mcraddictal,@NoRaptors  why do people even act like they care? Don't you want me to be happy? ,New Zealand
1968464756,Fri May 29 21:29:38 PDT 2009,mcraddictal,"@NoRaptors you didn't do anything wrong  (well, besides talk to me)",France
1968486827,Fri May 29 21:32:23 PDT 2009,StDAY,"@a_simple_girl Goodnight, love! *hug* Okay! Ice ice baby! oh, that was BAD. Sorry. ",Nigeria
1968790025,Fri May 29 22:13:23 PDT 2009,mcraddictal,@chemicalzombie  -sits in corner- -holds self-,Colombia
1968828677,Fri May 29 22:19:05 PDT 2009,mcraddictal,-cries- Where'd she go?  Why does she keep leaving me?,Chile
1968907559,Fri May 29 22:31:01 PDT 2009,mcraddictal,@AwesomeFrank  yes i know. But i wish i didn't.,Thailand
1968917269,Fri May 29 22:32:26 PDT 2009,mcraddictal,@AwesomeFrank you're not stupid ,Antarctica
1968954267,Fri May 29 22:38:14 PDT 2009,thisgoeshere,"@erin82883 kk! thanks for being awesome erin! you are the best! catch you later, gotta sleep now. stupid work ",Mexico
1969733872,Sat May 30 01:01:53 PDT 2009,lost_dog,@HS_fan I am lost. Please help me find a good home. ,Ecuador
1969771811,Sat May 30 01:10:08 PDT 2009,lost_dog,@KatyMoeller I am lost. Please help me find a good home. ,Russia
1969808428,Sat May 30 01:18:17 PDT 2009,lost_dog,@kohanaross I am lost. Please help me find a good home. ,Spain
1970084580,Sat May 30 02:23:25 PDT 2009,ramdomthoughts,@lcaller Ha ha ha LOL At least you've got someone to nudge ,Jamaica
1970115443,Sat May 30 02:31:02 PDT 2009,SongoftheOss,@_CorruptedAngel that's an insult to rats ,Germany
1970138841,Sat May 30 02:36:45 PDT 2009,VioletsCRUK,"@jason_2008 Oh fgs is it gone again..grrrr...i can see it, dunno why no one else can!!  Oh and thanks for agreeing to share ur pizza!! lol",Thailand
1970152549,Sat May 30 02:40:13 PDT 2009,SongoftheOss,@LindseytheFirst you can but @thisstarchild doesn't know either - I must have one secret surely ,Thailand
1970161589,Sat May 30 02:42:32 PDT 2009,tsarnick,@Izzy_Cullen i know!! i'm really sorry. like 44 people have already voted ,Mexico
1970161760,Sat May 30 02:42:34 PDT 2009,SallytheShizzle,HOLY FUCK! I just remember I have a SHIT LOAD of uni assignments that are meant to be finished - I AM GONNA FAIL SHIIIIIIIIIIIIIIIIIIIT!! ,South Africa
1970174287,Sat May 30 02:45:48 PDT 2009,SongoftheOss,"@KillerSalad could be worse, my f'ing &quot;fitness&quot; regime won't allow chocolate - welcome to the world of fruit ",Germany
1970203328,Sat May 30 02:53:00 PDT 2009,SongoftheOss,@dontforgetchaos I think it might ,Colombia
1970204571,Sat May 30 02:53:19 PDT 2009,Spidersamm,so basically i want an acoustic geeetah!  ,Argentina
1970255707,Sat May 30 03:05:59 PDT 2009,SongoftheOss,@LindseytheFirst well tell that to @dharmaduck she's the one &quot;judging&quot; me....  *sympathy*,Indonesia
1970260807,Sat May 30 03:07:15 PDT 2009,SongoftheOss,"@SapphyNo1 @bigassbadger - I am getting the same profile appearing as well - someone must have put together some kind of bot, damn them ",USA
1970279401,Sat May 30 03:11:58 PDT 2009,SongoftheOss,"@the_apostate yes, precisely, you're not to wind me up - especially as I've work today  should I remote control servers while tweeting?",Indonesia
1970287308,Sat May 30 03:14:02 PDT 2009,VioletsCRUK,I am gonna sign out for a bit and see if my pic decides to come back and visit me again  plus i need to eat..im hank!! Tweet yas later xxx,Nigeria
1970300996,Sat May 30 03:17:30 PDT 2009,Spidersamm,"if i had your number previously you should pm me it, cos my simcard karked it and i lost all the numbers  or even if i didnt have it +",Dominican Republic
1970395265,Sat May 30 03:41:42 PDT 2009,mcraddictal,I'm sorry guys  I'm a fucking idiot tgat fell asleep again. Is anyone there? I tried to stay awake for Natasha. D:,Russia
1970435622,Sat May 30 03:51:32 PDT 2009,SongoftheOss,@ThisStarChild just so you know clothes aren't my photographic medium :-O I am off to work soon as well  *hug*,Russia
1970444254,Sat May 30 03:53:38 PDT 2009,nuttychris,"hey all cant tweet long  am at my libary as my phone has died on me again, god missing twitter like mad HELP!",Italy
1970453202,Sat May 30 03:55:48 PDT 2009,nuttychris,"@keza34 home just havent had the internet as changing provider, so bn usin fne, and now fne has died on me ",Spain
1970459159,Sat May 30 03:57:14 PDT 2009,nuttychris,@DutchieDude i no  and all good just no internet which sucks wbu?,Chile
1970472346,Sat May 30 04:00:24 PDT 2009,SongoftheOss,"@ms_cornwall ooh lucky you, I have work to do inside ",Cuba
1970472385,Sat May 30 04:00:24 PDT 2009,nuttychris,"@keza34 oh i havent, ive bn sat at home with withdrawels, so not good ",Dominican Republic
1970564810,Sat May 30 04:22:22 PDT 2009,Spidersamm,"i fucking miss my bestfriend, havent seen her in over a year ",France
1970570179,Sat May 30 04:23:40 PDT 2009,VioletsCRUK,@mfowmes Great to hear it..gawrjus here too! Bout to go for a marathon sunbathing sess! Tried that...its not makin any difference! ,Jamaica
1970662592,Sat May 30 04:45:22 PDT 2009,Jayme1988,It really is a nice day! I am gutted that I have not bought any flip flops yet ,Chile
1970704830,Sat May 30 04:54:56 PDT 2009,SongoftheOss,For those who are not working  ? http://blip.fm/~7be5l,USA
1970717271,Sat May 30 04:57:47 PDT 2009,SongoftheOss,@ms_cornwall oh look at that sun outside  have a fantastic barbecue and raise a sausage to us working today...,France
1970752801,Sat May 30 05:05:14 PDT 2009,Spidersamm,@staaceeyy mmmhm  hahah  but my marks have been getting worse and worse,Kenya
1970758056,Sat May 30 05:06:19 PDT 2009,SongoftheOss,@the_apostate oh damn you - you complete snitch and you said you would support me  see the truth @dharmaduck,Jamaica
1970765407,Sat May 30 05:07:56 PDT 2009,wowlew,isPlayer Has Died! Sorry ,Tanzania
1970781134,Sat May 30 05:11:14 PDT 2009,SongoftheOss,Morcheeba ï¿½ Slow Down - soon time to leave  so a final few tracks from me ? http://blip.fm/~7bekz,Ecuador
1970899985,Sat May 30 05:35:42 PDT 2009,SongoftheOss,"@DharmaDuck hang on a mo, if you start insulting me bets off and of course the f'ing @the_apostate will take advantage... ",Cuba
1971008329,Sat May 30 05:56:42 PDT 2009,SongoftheOss,Wish I could use this at work this afternoon  ? http://blip.fm/~7bfun,Ecuador
1971025337,Sat May 30 05:59:56 PDT 2009,SongoftheOss,"@Jayne0807 oh no they still there, how long does it have to take! I wish you an empty road though - too hot for long drive ",Cuba
1971032287,Sat May 30 06:00:55 PDT 2009,mcraddictal,@Boy_Kill_Boy  Not blaming you. Just sayin. I didn't know. Sorry.,Ethiopia
1971098784,Sat May 30 06:12:34 PDT 2009,SongoftheOss,Is it you get past 150 followers and all of a sudden bots are activated to hound you  Where are the rest of the real people?,India
1971136937,Sat May 30 06:19:07 PDT 2009,mcraddictal,@Boy_Kill_Boy oh  That's REALLY not good.,Cuba
1971171007,Sat May 30 06:24:53 PDT 2009,SongoftheOss,For @Applecored as I go offline and head into the hell that is work  *hugs* ? http://blip.fm/~7bgtt,New Zealand
1971184379,Sat May 30 06:27:07 PDT 2009,lost_dog,@cindymcasey I am lost. Please help me find a good home. ,South Africa
1971218573,Sat May 30 06:32:37 PDT 2009,SongoftheOss,@the_apostate thank you for that and for the rainfall - hopefully tomorrow I can have some space for me ,Thailand
1971322565,Sat May 30 06:49:25 PDT 2009,lost_dog,@inwaltztempo I am lost. Please help me find a good home. ,Mexico
1971430810,Sat May 30 07:05:38 PDT 2009,lost_dog,@NicaNoelle I am lost. Please help me find a good home. ,Chile
1971484453,Sat May 30 07:13:14 PDT 2009,tsarnick,.@MyInnerJules you have to work on Saturdays?? ,Brazil
1971702616,Sat May 30 07:42:28 PDT 2009,SallytheShizzle,boo. I was having fun until Billy/Sammie revealed herself  boooo,USA
1972029856,Sat May 30 08:24:49 PDT 2009,mcraddictal,@Boy_Kill_Boy you never replied  I said I was sorry,Chile
1972061509,Sat May 30 08:28:53 PDT 2009,tsarnick,.@architeuth1s she's gone man!!! GONE!!!! ,Chile
1972211678,Sat May 30 08:47:24 PDT 2009,mcraddictal,@myhaloromance  you're not answering D:,Thailand
1972525057,Sat May 30 09:23:20 PDT 2009,lost_dog,@dragtotop I am lost. Please help me find a good home. ,France
1972612734,Sat May 30 09:33:15 PDT 2009,Jayme1988,@rjw8888 I know. I know. Just lost track of time  how are you?,Japan
1972702951,Sat May 30 09:43:37 PDT 2009,lost_dog,@EverydayJourney I am lost. Please help me find a good home. ,Cuba
1973467554,Sat May 30 11:12:18 PDT 2009,mcraddictal,@roudy4561 i know how that is.  sorry,France
1973785930,Sat May 30 11:49:54 PDT 2009,mcraddictal,@MCRsavedMilife not by me ,Russia
1973885378,Sat May 30 12:01:26 PDT 2009,lost_dog,@onazza I am lost. Please help me find a good home. ,USA
1973905873,Sat May 30 12:03:48 PDT 2009,mcraddictal,@Boy_Kill_Boy IDFK!  Everyone's ignoring me.,Antarctica
1973938632,Sat May 30 12:07:35 PDT 2009,mcraddictal, I don't know what I did. @myhaloromance,Russia
1973956085,Sat May 30 12:09:36 PDT 2009,lost_dog,@deirdreryan I am lost. Please help me find a good home. ,Dominican Republic
1973992393,Sat May 30 12:13:46 PDT 2009,mcraddictal,Maybe that's why!! Agh!  w/e. I'll ttyl @myhaloromance,India
1974010304,Sat May 30 12:15:47 PDT 2009,mcraddictal,@NoRaptors  -walks away- you win,Germany
1974343271,Sat May 30 12:56:21 PDT 2009,Jayme1988,OMG I am hungy now... I should not have Skipped lunch   should listen to ----&gt; @rjw8888,Japan
1974405665,Sat May 30 13:04:18 PDT 2009,lost_dog,@norefunds I am lost. Please help me find a good home. ,Germany
1974472443,Sat May 30 13:12:19 PDT 2009,mcraddictal,@MatthewBryan zacky's hair looks good all the time. Sorry i'm deleting it ,France
1974493886,Sat May 30 13:14:53 PDT 2009,Jayme1988,I just poured vodka on myself! what a waste ,Germany
1974540658,Sat May 30 13:20:32 PDT 2009,mcraddictal,Lori?  I'm replying I promise.,Colombia
1974572174,Sat May 30 13:24:28 PDT 2009,Karen230683,@Sophie_Howard ello love I've just. Sen busy with work  few other things to sort out how's u?,France
1974622287,Sat May 30 13:30:35 PDT 2009,Karen230683,@Yael_80  I do have weird taste must post some pics of my exes u would love that LOL,Japan
1974622597,Sat May 30 13:30:37 PDT 2009,VioletsCRUK,"@pd1001 LOL only in spirit Paul.(literally).we would have been out together, but a certain someone (@glasgowlassy) lives in Canada!! ",Indonesia
1974706029,Sat May 30 13:40:48 PDT 2009,lost_dog,@peterolausson I am lost. Please help me find a good home. ,South Africa
1974885300,Sat May 30 14:00:56 PDT 2009,mcraddictal,@chemicalzombie i should've known that  I'm sorry,Thailand
1974917500,Sat May 30 14:04:30 PDT 2009,Jayme1988,@JamesMW78 I am a little sad Our Iran's got talent dream will never come to pass ,Japan
1974941616,Sat May 30 14:07:11 PDT 2009,lost_dog,@shoddygirl I am lost. Please help me find a good home. ,Egypt
1975033814,Sat May 30 14:18:29 PDT 2009,VioletsCRUK,"@mfowmes Ooh good chioce..i dnt have any though!!  May have a cheese, ham and onion relish toastie instead! What sort of PN is it?",Kenya
1975185553,Sat May 30 14:37:35 PDT 2009,lost_dog,@stmp4art I am lost. Please help me find a good home. ,Cuba
1975238017,Sat May 30 14:44:16 PDT 2009,Jayme1988,@GADataGuy No I was deported  Maybe next time!!! hehehe,Antarctica
1975327721,Sat May 30 14:55:38 PDT 2009,VioletsCRUK,@Glasgowlassy Eeeek thats why i couldn't cope with living in a hot country!! @rosskie ,Kenya
1975721550,Sat May 30 15:45:35 PDT 2009,mcraddictal,"@MiDesfileNegro where were you?  Btw, I was just listening to that.",New Zealand
1975807448,Sat May 30 15:56:47 PDT 2009,mcraddictal,@AwesomeFrank no...  I torment you?,Egypt
1975858015,Sat May 30 16:03:17 PDT 2009,Jayme1988,My sisters wont let me watch the Exorcist ,Brazil
1975890489,Sat May 30 16:07:26 PDT 2009,SongoftheOss,"@ThisStarChild what injury, you OK?  I can offer to rub oil into the area if that would help... x",Egypt
1975921983,Sat May 30 16:11:35 PDT 2009,DarkPiano,"@userpong Understandable, and I agree. Unfortunately, marketers are marketers. ",Chile
1975946883,Sat May 30 16:14:55 PDT 2009,mcraddictal,Where'd everyone go?  Anyone there?,Ethiopia
1975969196,Sat May 30 16:17:58 PDT 2009,StDAY,"Seriously, I had to restart it about 7 times. Stupid phone. ",Brazil
1975975728,Sat May 30 16:18:53 PDT 2009,lost_dog,@mszlamo I am lost. Please help me find a good home. ,Argentina
1975991079,Sat May 30 16:20:57 PDT 2009,lost_dog,@dcunited I am lost. Please help me find a good home. ,Antarctica
1976158427,Sat May 30 16:42:53 PDT 2009,SongoftheOss,@streetpete and I just missed it  how can you say that about the TT's I have all their 12&quot; remixes  still kudos on the honesty *sniff*,Kenya
1976167139,Sat May 30 16:44:04 PDT 2009,SongoftheOss,"@ThisStarChild By whom? To whom? By what implication? Tell meeeeeeeeeeeeeee - sorry lost plot, try me again ",Italy
1976237938,Sat May 30 16:53:23 PDT 2009,lost_dog,@theorris I am lost. Please help me find a good home. ,China
1976441305,Sat May 30 17:20:17 PDT 2009,StDAY,"Anyway, I'm REALLY not looking forward to work. Plus, my ankle is being all stupid.  I thought it was better! Now I'm limping more... ",Thailand
1976454397,Sat May 30 17:22:04 PDT 2009,lost_dog,@mbute I am lost. Please help me find a good home. ,India
1976657962,Sat May 30 18:41:56 PDT 2009,mcraddictal,Why do I miss her so much?  Agh! I wish I was there... Things would be different.,Antarctica
1976733891,Sat May 30 18:54:36 PDT 2009,lost_dog,@NickSolomon I am lost. Please help me find a good home. ,Ecuador
1976791217,Sat May 30 19:04:49 PDT 2009,lost_dog,@lainabeaar I am lost. Please help me find a good home. ,Tanzania
1976822399,Sat May 30 19:11:03 PDT 2009,StDAY,He changed it to the Top 40/pop station. From the GOOD rock station. Why?? I want to hit him. ,Russia
1976890726,Sat May 30 19:27:11 PDT 2009,StDAY,"Well, it might be a combo of my twitter frustrations and sheet BOREDOM at work. Blegh. ",Spain
1976893832,Sat May 30 19:27:56 PDT 2009,StDAY,Sheet? I meant sheer. Damn typo. ,Russia
1976906940,Sat May 30 19:30:57 PDT 2009,StDAY,Seriously? Love you top? I meant TOO! Damn typos AGAIN. ,India
1976990550,Sat May 30 19:48:06 PDT 2009,thisgoeshere,@juhidee119 yeah. well i know we have some in the supervalue but the gas stations don't  silly town. #andyhurleyday,Russia
1977154309,Sat May 30 20:14:14 PDT 2009,lost_dog,@IzzyCaboodle I am lost. Please help me find a good home. ,Spain
1977339994,Sat May 30 20:44:39 PDT 2009,lost_dog,@DavNews I am lost. Please help me find a good home. ,Thailand
1977701477,Sat May 30 21:31:06 PDT 2009,StDAY,I want to go HOME. I'm sick of working with these guys. ,Chile
1977852835,Sat May 30 21:51:29 PDT 2009,lost_dog,@michellemgaudet I am lost. Please help me find a good home. ,Italy
1977894060,Sat May 30 21:57:07 PDT 2009,tsarnick,".@ilivestrongnow hey, you're supposed to credit me ",Ecuador
1978006666,Sat May 30 22:12:42 PDT 2009,SallytheShizzle,@OfficialAS haha yeah... but i need it to get my phone. Dad says I have till 4 to find it... not gonna happen ,Canada
1978069690,Sat May 30 22:21:51 PDT 2009,lost_dog,@morulivlesudie I am lost. Please help me find a good home. ,USA
1978105017,Sat May 30 22:27:17 PDT 2009,SallytheShizzle,@OfficialAS lmao haha no i getcha... :/ i'm just...annoyed. Cause its NOT in my room and I put it in my mums and she can't find it.  fuck,China
1978176805,Sat May 30 22:38:05 PDT 2009,lost_dog,@SEKert I am lost. Please help me find a good home. ,Russia
1978202855,Sat May 30 22:42:10 PDT 2009,lost_dog,@joanofarse I am lost. Please help me find a good home. ,Ecuador
1978320362,Sat May 30 23:00:58 PDT 2009,mcraddictal,Lori? No. Where did you go? ,Kenya
1978492881,Sat May 30 23:31:42 PDT 2009,SallytheShizzle,@OfficialAS oh my god that's a lot  -huggles-,New Zealand
1978497802,Sat May 30 23:32:37 PDT 2009,thisgoeshere,@erin82883 i don't like the battery countdown. its like watching arnold from t3 die.  #andyhurleyday,South Africa
1978533116,Sat May 30 23:39:30 PDT 2009,mcraddictal,Damn... Everyone stopped talking to me at once ,Indonesia
1978627176,Sat May 30 23:57:02 PDT 2009,lost_dog,@damdams I am lost. Please help me find a good home. ,Dominican Republic
1978679883,Sun May 31 00:06:47 PDT 2009,mcraddictal,@chemicalzombie what? No crying  i messaged you.,Nigeria
1978787480,Sun May 31 00:28:09 PDT 2009,SallytheShizzle,@OfficialAS risk coming to see you...for fear of carrying swine flu to you guys ,Russia
1978880827,Sun May 31 00:47:46 PDT 2009,SallytheShizzle,@OfficialAS i'll come for sure (well hopefully). Not sure about times etc... gaah stupid school ,Peru
1979218514,Sun May 31 02:06:45 PDT 2009,TraceyHewins,@paulpuddifoot your pic/avatar is gone ,Chile
1979245346,Sun May 31 02:13:35 PDT 2009,TraceyHewins,@ComedyQueen oh no  Me either,Ecuador
1979316555,Sun May 31 02:31:30 PDT 2009,TraceyHewins,@ComedyQueen tried that.been up since 4am. Sleep not happening ,UK
1979321881,Sun May 31 02:32:51 PDT 2009,TraceyHewins,@amyshell bleh. I'm awake too ,Japan
1979346573,Sun May 31 02:39:11 PDT 2009,lost_dog,@emony21 I am lost. Please help me find a good home. ,Indonesia
1979432967,Sun May 31 03:01:29 PDT 2009,lost_dog,@Venixx I am lost. Please help me find a good home. ,Ethiopia
1979510721,Sun May 31 03:21:45 PDT 2009,Spidersamm,"@staaceeyy i wish..... hopefully we'll move after my brother moves....but thats wangaratta, which is ages out of melbssss  i cant win!!",Indonesia
1979605050,Sun May 31 03:46:00 PDT 2009,Spidersamm,"@staaceeyy nah cos thatl be rude as.  &amp; i gotta get from zee airport and then to the airport when i leave.. and i wort beable to, hahah",Indonesia
1979606294,Sun May 31 03:46:18 PDT 2009,Spidersamm,"@staaceeyy nah cos thatl be rude as.  &amp; i gotta get from zee airport and then to the airport when i leave.. and i won beable to, hahah",Japan
1979613046,Sun May 31 03:48:04 PDT 2009,lost_dog,@MaryMargaretJ I am lost. Please help me find a good home. ,Canada
1979635473,Sun May 31 03:53:31 PDT 2009,SongoftheOss,@PurpleMuffinMan aw you just jealous because you still waiting for body hair ,Colombia
1979675666,Sun May 31 04:03:05 PDT 2009,Spidersamm,@staaceeyy grrrrrrrrrrrrrrrrrrrrrrrr i need a job so i has money to come over whenever ,New Zealand
1979694636,Sun May 31 04:07:40 PDT 2009,SongoftheOss,"@SapphyNo1 oh no, now I have tainted the experience...sorry ",Russia
1979696459,Sun May 31 04:08:07 PDT 2009,thisgoeshere,@Ilkee i can't seem to get out of bed  i dun wanna work #andyhurleyday,Russia
1979707646,Sun May 31 04:10:50 PDT 2009,SongoftheOss,where did @thisstarchild go? ,Brazil
1979714587,Sun May 31 04:12:35 PDT 2009,VioletsCRUK,@Karen230683 LOL i thought it was a big moth and i waved it away..then veryone shouted &quot;its a bad Arlene!!&quot; I was traumatised!! pmsl ,Spain
1979719987,Sun May 31 04:13:58 PDT 2009,VioletsCRUK,@Pepsimo Aw that is a pity...im sure he loved it while he was there though! ,Russia
1979737588,Sun May 31 04:18:07 PDT 2009,SallytheShizzle,@OfficialAS yeah...neither. exams soon = O.O and I haven't seen you since..JB3D!! ,Spain
1979911244,Sun May 31 04:59:56 PDT 2009,SongoftheOss,"@BigAssBadger you on form, mine keeps crashing out when I try to off people ",Egypt
1980018532,Sun May 31 05:23:42 PDT 2009,SongoftheOss,@nessie_111 ooh why can't I assassinate it just hangs on me ,Chile
1980020841,Sun May 31 05:24:12 PDT 2009,Jayme1988,@justinewalshe I know I have been blocking since I signed on ,Colombia
1980056496,Sun May 31 05:31:47 PDT 2009,Jayme1988,@rjakesdub Not available here.  what was it?,Ecuador
1980076254,Sun May 31 05:36:04 PDT 2009,Jayme1988,"@rjakesdub had another couple of goes, it just ways not available in your country ",China
1980151284,Sun May 31 05:51:47 PDT 2009,wowlew,isPlayer Has Died! Sorry ,Germany
1980280830,Sun May 31 06:16:28 PDT 2009,Jayme1988,I don't want my 500th follower to be a horny kitty  lol,Kenya
1980343305,Sun May 31 06:27:53 PDT 2009,lost_dog,@annamarie1723 I am lost. Please help me find a good home. ,Germany
1980349808,Sun May 31 06:29:05 PDT 2009,Jayme1988,I just dropped from my 500  I must be saying something right lol,China
1980421436,Sun May 31 06:41:43 PDT 2009,mcraddictal,@roudy4561  i'm sorry. Lack of sleep.,Kenya
1980462897,Sun May 31 06:49:02 PDT 2009,SallytheShizzle,@angelapanagacos you...but...but...   naaaaaaaaw. I guess at least you're the FIRST to leave Oz :],UK
1980473205,Sun May 31 06:50:48 PDT 2009,ramdomthoughts,Maxie has missed me today. The banging below is freaking her out a bit. You &amp; me both ,Japan
1980489540,Sun May 31 06:53:33 PDT 2009,SongoftheOss,"@piginthepoke sorry to hear, hope things ease off soon for you ",Peru
1980494929,Sun May 31 06:54:28 PDT 2009,SongoftheOss,@Applecored off out in a bit for more sun a next week will be a long and tedious week ,Germany
1980498353,Sun May 31 06:55:04 PDT 2009,SongoftheOss,"@secretplanet no problem, I am always in awe of people who can draw well - it eludes me ",Dominican Republic
1980525757,Sun May 31 06:59:40 PDT 2009,thisgoeshere,@Ilkee my phone is doing that thing again  #andyhurleyday,Cuba
1980546618,Sun May 31 07:02:45 PDT 2009,SallytheShizzle,@angelapanagacos but it wouldn't be the same ,Japan
1980605993,Sun May 31 07:12:04 PDT 2009,ramdomthoughts,Feeling reallly knackered all of a sudden. Might have a lay down (ON MY OWN) for a bit ,Ethiopia
1980646972,Sun May 31 07:18:31 PDT 2009,mcraddictal,@Boy_Kill_Boy  i know... I blame twitter.,Tanzania
1980724362,Sun May 31 07:30:42 PDT 2009,lost_dog,@Valkyrieslife I am lost. Please help me find a good home. ,Italy
1980749664,Sun May 31 07:34:35 PDT 2009,SongoftheOss,"@Applecored ooh ice cream, a distant memory now I am *sigh* getting fit - must lose this tyre by christmas ",India
1980764012,Sun May 31 07:36:49 PDT 2009,lost_dog,@laurendestroyer I am lost. Please help me find a good home. ,Kenya
1980820755,Sun May 31 07:45:29 PDT 2009,SongoftheOss,@the_apostate yes but it won't taste so good ,Brazil
1980831670,Sun May 31 07:47:07 PDT 2009,Karen230683,@NiaBassett  anything I can help with? Prob not but nice to ask LOL x,Tanzania
1980857002,Sun May 31 07:50:54 PDT 2009,Jayme1988,@Bobby61557 Everyone needs to find a comfortable medium! bet it may not ever happen ,Canada
1980866273,Sun May 31 07:52:16 PDT 2009,SongoftheOss,"@applecored - oh why can I only give 3 props a day, no fair ",Thailand
1980988117,Sun May 31 08:09:20 PDT 2009,lost_dog,@zouna I am lost. Please help me find a good home. ,Mexico
1981018301,Sun May 31 08:13:32 PDT 2009,mcraddictal,@Boy_Kill_Boy dont tell me that ,Russia
1981020737,Sun May 31 08:13:53 PDT 2009,TraceyHewins,@Jamie_127 DAMN! I missed you again ,Peru
1981025465,Sun May 31 08:14:34 PDT 2009,lost_dog,@djmagenta I am lost. Please help me find a good home. ,Kenya
1981051210,Sun May 31 08:18:11 PDT 2009,Jayme1988,@Bobby61557 Sounds good! Our water here is fithly ,UK
1981061925,Sun May 31 08:19:43 PDT 2009,Karen230683,@aerobic247 no they go brown  @stevee5 already is cause he works outside dave looks like casper but does tan I go brown heehee,UK
1981070270,Sun May 31 08:20:51 PDT 2009,Karen230683,@NiaBassett  uch have a wee drink x,Colombia
1981070459,Sun May 31 08:20:52 PDT 2009,mcraddictal,@Boy_Kill_Boy  so was haunting in ct. That movie scared the shit outta me,Jamaica
1981098521,Sun May 31 08:24:49 PDT 2009,Jayme1988,Horny Kitty is not only promiscuous - she is also a liar! how can she be mine... and everyone else's  *cries*,Antarctica
1981205181,Sun May 31 08:39:14 PDT 2009,Jayme1988,@msheaff she followed me like 20 times today  SPAM!,Indonesia
1981205636,Sun May 31 08:39:18 PDT 2009,mcraddictal,@MCRsavedMilife is there something else besides your headache?? ,Brazil
1981228078,Sun May 31 08:42:18 PDT 2009,Karen230683,@ScruffyPanther ah no  has she gone but psycho? X,Nigeria
1981697783,Sun May 31 09:42:14 PDT 2009,Karen230683,@steve5424 noooooooooooo I just said to my mum I'd rather have a magnum  love them,Nigeria
1981750879,Sun May 31 09:48:59 PDT 2009,SongoftheOss,"@Applecored hmmm, have I chosen wisely....don't like this collar much ",Ecuador
1981801850,Sun May 31 09:55:21 PDT 2009,Karen230683,@steve5424 noooooo don't tease me ,Australia
1981821272,Sun May 31 09:57:44 PDT 2009,mcraddictal,Anyone here? ,Jamaica
1981833027,Sun May 31 09:59:12 PDT 2009,mcraddictal,@MCRmuffin -hugs- ,Peru
1981864575,Sun May 31 10:02:54 PDT 2009,SongoftheOss,@Applecored and.....where is my sympathy ,France
1981893865,Sun May 31 10:06:26 PDT 2009,SongoftheOss,"@Applecored the dm is broken again, counter either doesn't move or does down - stupid dm ",Brazil
1981974146,Sun May 31 10:16:14 PDT 2009,lost_dog,@thegforceny I am lost. Please help me find a good home. ,New Zealand
1981986867,Sun May 31 10:17:48 PDT 2009,SongoftheOss,I hope @thisstarchild has not been fried sunbathing ,Argentina
1981997047,Sun May 31 10:19:04 PDT 2009,mcraddictal,"@MatthewBryan oh, okay.... I dont even wanna use my other account.  idk if i'm gonna be on twitter anymore",Japan
1982476447,Sun May 31 11:17:07 PDT 2009,lost_dog,@LisaMKnight I am lost. Please help me find a good home. ,Nigeria
1982517640,Sun May 31 11:22:06 PDT 2009,Karen230683,@brianmcgui oh god that's awful  hope your ok thoughts with u and his family x,Colombia
1982538589,Sun May 31 11:24:37 PDT 2009,StDAY,I don't wanna get out of bed... Do I have to? Yes? Fiiiiiine... ,Peru
1982712307,Sun May 31 11:45:12 PDT 2009,SongoftheOss,@Applecored awww you were going to play nicely..... ,Peru
1983009559,Sun May 31 12:19:49 PDT 2009,SongoftheOss,@Applecored fair enough  any skype people on yet?,Spain
1983043056,Sun May 31 12:23:38 PDT 2009,Karen230683,@Hollowbabes aaaaw that's so sad poor thing ,Russia
1983067059,Sun May 31 12:26:27 PDT 2009,SongoftheOss,I am down on props where is @streetpete and @piginthepoke ,USA
1983081807,Sun May 31 12:28:10 PDT 2009,lost_dog,@fupster I am lost. Please help me find a good home. ,Canada
1983135124,Sun May 31 12:34:17 PDT 2009,lost_dog,@d_riley I am lost. Please help me find a good home. ,Jamaica
1983152847,Sun May 31 12:36:22 PDT 2009,lost_dog,@johnboyle I am lost. Please help me find a good home. ,Canada
1983266023,Sun May 31 12:49:39 PDT 2009,StDAY,My head hurts. Badly. ,New Zealand
1983268430,Sun May 31 12:49:56 PDT 2009,Jayme1988,@rjakesdub you don't want to... more spam! ,USA
1983361923,Sun May 31 13:00:43 PDT 2009,lost_dog,@kaerupix I am lost. Please help me find a good home. ,Mexico
1983398252,Sun May 31 13:04:49 PDT 2009,lost_dog,@D0GL0VER I am lost. Please help me find a good home. ,Antarctica
1983460461,Sun May 31 13:11:56 PDT 2009,SongoftheOss,@nessie_111 how you so far ahead  no fair *sob*,France
1983698863,Sun May 31 13:39:41 PDT 2009,SongoftheOss,@secretplanet join us sad looking lot - no lottery win again over the weekend ,Australia
1983911530,Sun May 31 14:04:33 PDT 2009,SongoftheOss,"@Applecored oh mystery like, you tease  *sigh* must be off in about 30 minutes I cannot be kanckered for tomorrow  *sniff*",Ethiopia
1983919129,Sun May 31 14:05:24 PDT 2009,shanajaca,@BeckaMoor I know 10 votes in 20 minutes it is ridiculus i have been voting all day but something is def wrong ,Germany
1983964979,Sun May 31 14:10:38 PDT 2009,VioletsCRUK,@Karen230683 @Glasgowlassy Right have downloaded the bloody thing...have added you 2...now my f'n mic won't work! Grrrr!! ,Indonesia
1984004616,Sun May 31 14:15:17 PDT 2009,SongoftheOss,@Applecored what I do now?  poor me *sympathy* *big eyes*,Japan
1984027703,Sun May 31 14:17:59 PDT 2009,lost_dog,@thentherewasnon I am lost. Please help me find a good home. ,UK
1984033946,Sun May 31 14:18:43 PDT 2009,SongoftheOss,"@_CorruptedAngel a bit of a handful, hey not a nice thing to say ",Russia
1984183693,Sun May 31 14:36:16 PDT 2009,lost_dog,@that_much I am lost. Please help me find a good home. ,Indonesia
1984285622,Sun May 31 14:48:26 PDT 2009,SongoftheOss,"@DazzW Bloody blip, 4 nights in a row just when I'm doing my closing set it goes nuts and starts freezing up - must the bloody americans ",Peru
1984294296,Sun May 31 14:49:29 PDT 2009,SongoftheOss,@_CorruptedAngel and what now? god I must be tired ,Canada
1984307757,Sun May 31 14:51:05 PDT 2009,SongoftheOss,"@_CorruptedAngel you only spank me half as hard, ow no fair ",Thailand
1984332354,Sun May 31 14:54:02 PDT 2009,SongoftheOss,Right literally my last 7 minutes... I cannot stay up late tonight  Will miss you people though x,Australia
1984345423,Sun May 31 14:55:38 PDT 2009,SongoftheOss,@ThisStarChild perhaps a little  honestly I really will have to sit on an icepack before I try and sleep...,Japan
1984388575,Sun May 31 15:00:42 PDT 2009,SongoftheOss,"@ThisStarChild I'm a sod  *sniff* only trying to pleasure, sorry please you m'lady :-O oh no he didn't",Brazil
1984421842,Sun May 31 15:04:38 PDT 2009,lost_dog,@ToledoUnleashed I am lost. Please help me find a good home. ,Dominican Republic
1984457315,Sun May 31 15:08:42 PDT 2009,VioletsCRUK,@Karen230683 @Glasgowlassy Ooh what you havin to eat? Still can't get this feckin mic to work!! ,Egypt
1984492376,Sun May 31 15:12:49 PDT 2009,lost_dog,@poppyscorner I am lost. Please help me find a good home. ,Mexico
1984576954,Sun May 31 15:22:54 PDT 2009,SallytheShizzle,why does today have to be monday?  (and who is calling BEFORE 8:30am?),Tanzania
1984724040,Sun May 31 15:40:44 PDT 2009,SallytheShizzle,why did I get up at 8 when I HAD the opportunity to get up at 9am?  awwww,Australia
1984756294,Sun May 31 15:44:48 PDT 2009,shanajaca,@tomsgal I rather hope not think i have been staring to much at my laptop ,Jamaica
1984810579,Sun May 31 15:51:17 PDT 2009,lost_dog,@tommyoropeza I am lost. Please help me find a good home. ,Jamaica
1984826546,Sun May 31 15:53:11 PDT 2009,thisgoeshere,@Ilkee i'm so sad this didn't make it farther  #andyhurleyday,New Zealand
1984845118,Sun May 31 15:55:26 PDT 2009,lost_dog,@TPhil9 I am lost. Please help me find a good home. ,Spain
1984850301,Sun May 31 15:56:04 PDT 2009,Jayme1988,@bobby_todd But I am a beauty school drop out ,Argentina
1985253216,Sun May 31 16:44:30 PDT 2009,lost_dog,@amandagalvan I am lost. Please help me find a good home. ,Germany
1985391968,Sun May 31 17:01:01 PDT 2009,SallytheShizzle,@StarfishDanehh dani please stop it. you're making yourself look bad and just upsetting people ,USA
1985496653,Sun May 31 17:12:58 PDT 2009,lost_dog,@AndrewGsays I am lost. Please help me find a good home. ,India
1985602191,Sun May 31 17:25:17 PDT 2009,TraceyHewins,@Jamie_127 you just suddenly disappeared ,Ecuador
1985749707,Sun May 31 17:42:03 PDT 2009,wowlew,isPlayer Has Died! Sorry ,Canada
1985759206,Sun May 31 17:43:07 PDT 2009,wowlew,isPlayer Has Died! Sorry ,Jamaica
1985770002,Sun May 31 17:44:20 PDT 2009,wowlew,isPlayer Has Died! Sorry ,Australia
1985891491,Sun May 31 17:58:16 PDT 2009,wowlew,isPlayer Has Died! Sorry ,Chile
1986656841,Sun May 31 19:08:32 PDT 2009,lost_dog,@petsearch I am lost. Please help me find a good home. ,Argentina
1986685374,Sun May 31 19:10:36 PDT 2009,lost_dog,@Pocketpups I am lost. Please help me find a good home. ,Russia
1988685304,Sun May 31 23:04:53 PDT 2009,mcraddictal, She's leaving me.... I know it.,China
1988692801,Sun May 31 23:06:06 PDT 2009,mcraddictal, This hurts Jess...so bad.,Dominican Republic
1988723315,Sun May 31 23:11:16 PDT 2009,SallytheShizzle,@OfficialAS sorry  I've been TRYING to finish this assignment. EPIC fail there  how was your day?,Brazil
1988724775,Sun May 31 23:11:30 PDT 2009,lost_dog,@Nico2lette I am lost. Please help me find a good home. ,Thailand
1988737686,Sun May 31 23:13:41 PDT 2009,mcraddictal,@MatthewBryan cause it feels like my best friend is giving up on me...and i need her ,Tanzania
1988746237,Sun May 31 23:15:08 PDT 2009,mcraddictal,@chemicalzombie  i need you,Antarctica
1988764631,Sun May 31 23:18:28 PDT 2009,mcraddictal,@AwesomeFrank  my fault? What is?,Thailand
1988804507,Sun May 31 23:25:25 PDT 2009,mcraddictal,@chemicalzombie  please dont get pissed at me. I just feel like i'm losing her (,South Korea
1988814224,Sun May 31 23:27:09 PDT 2009,mcraddictal,@MatthewBryan no she wont ,Spain
1988833177,Sun May 31 23:30:30 PDT 2009,Karen230683,@fjkeogh sure is ,Jamaica
1988843763,Sun May 31 23:32:19 PDT 2009,mcraddictal,@AwesomeFrank agh! I'm sorry i can't help you ,Indonesia
1988856468,Sun May 31 23:34:38 PDT 2009,mcraddictal,@chemicalzombie no! You know you're one of my best friends too Lori! ,UK
1988861385,Sun May 31 23:35:32 PDT 2009,mcraddictal,@AwesomeFrank i feel like i've lost Jess ,Colombia
1988917736,Sun May 31 23:45:57 PDT 2009,lost_dog,@animalfinders I am lost. Please help me find a good home. ,Jamaica
1988920812,Sun May 31 23:46:29 PDT 2009,mcraddictal,@Boy_Kill_Boy you said you would... ,Indonesia
1988935395,Sun May 31 23:49:17 PDT 2009,Spidersamm,@judez_xo ugly kids there?  woahh where am i then. ,Ethiopia
1988937049,Sun May 31 23:49:36 PDT 2009,mcraddictal,"I'm sorry  I don't want anyone blocking me... It's almost 2am, and I'm only getting worse.",Kenya
1988939163,Sun May 31 23:50:01 PDT 2009,mcraddictal,@Boy_Kill_Boy i'm sorry  I'm really sorry,Kenya
1989077837,Mon Jun 01 00:16:20 PDT 2009,lost_dog,@Charis_75 I am lost. Please help me find a good home. ,Argentina
1989129216,Mon Jun 01 00:26:28 PDT 2009,wowlew,isPlayer Has Died! Sorry ,USA
1989194918,Mon Jun 01 00:40:12 PDT 2009,Spidersamm,"@judez_xo sosososoos jelous of you right now  i wont deny it, hahaha",France
1989407586,Mon Jun 01 01:25:37 PDT 2009,nuttychris,how long dose a stupid MAC code take ,Ethiopia
1989416055,Mon Jun 01 01:27:31 PDT 2009,nuttychris,"@Dojie nah changing over interwebby providers, and BT are being wankers atm bn waiting 2weeks for it ",Brazil
1989452079,Mon Jun 01 01:35:36 PDT 2009,nuttychris,"@Dojie lmfao i would, problem tho, i am skint  need a job big style lol",Japan
1989462075,Mon Jun 01 01:37:53 PDT 2009,SallytheShizzle,i just ate a curly wurly and I wanna eat the other one...I'm reeeeeally hungry ,Dominican Republic
1989489188,Mon Jun 01 01:44:03 PDT 2009,Karen230683,@krisclark wee tiny fire LOL yeah girl got raped ,Germany
1989591139,Mon Jun 01 02:05:50 PDT 2009,Spidersamm,"@schaeferj89 HAHAHA i know ew.... but i cant talk so  i'd rather look like her than me, but hahah",Japan
1989632658,Mon Jun 01 02:14:54 PDT 2009,lost_dog,@TrueGabe I am lost. Please help me find a good home. ,USA
1989636954,Mon Jun 01 02:15:49 PDT 2009,Karen230683,@rickypl1978 I know ,Nigeria
1989725055,Mon Jun 01 02:35:12 PDT 2009,lost_dog,@blueskyrei I am lost. Please help me find a good home. ,Italy
1989827156,Mon Jun 01 02:57:12 PDT 2009,nuttychris,"@Dojie i no, but its part ya test and it sucks  hopefully it wont b on my test route lol",Egypt
1989912651,Mon Jun 01 03:14:49 PDT 2009,lost_dog,@ZenShadow I am lost. Please help me find a good home. ,China
1989921643,Mon Jun 01 03:16:37 PDT 2009,StDAY,Awake. Haven't actually gone to sleep. Damn insomnia. ,Germany
1989941120,Mon Jun 01 03:20:41 PDT 2009,StDAY,It's 3 freaking 20 am. ,Peru
1989960266,Mon Jun 01 03:24:45 PDT 2009,wowlew,isPlayer Has Died! Sorry ,Japan
1989972852,Mon Jun 01 03:27:16 PDT 2009,wowlew,isPlayer Has Died! Sorry ,South Africa
1989985230,Mon Jun 01 03:29:45 PDT 2009,wowlew,isPlayer Has Died! Sorry ,New Zealand
1989998047,Mon Jun 01 03:32:11 PDT 2009,mcraddictal,-cries- I miss her... And I just talked to her 2 hours ago  (I've lost my mind) it's 5:30am... And twitter's too quiet.,Chile
1990002706,Mon Jun 01 03:33:10 PDT 2009,wowlew,isPlayer Has Died! Sorry ,Canada
1990019756,Mon Jun 01 03:36:38 PDT 2009,wowlew,isPlayer Has Died! Sorry ,Kenya
1990031980,Mon Jun 01 03:39:11 PDT 2009,wowlew,isPlayer Has Died! Sorry ,Nigeria
1990044201,Mon Jun 01 03:41:37 PDT 2009,wowlew,isPlayer Has Died! Sorry ,Japan
1990045963,Mon Jun 01 03:41:59 PDT 2009,ramdomthoughts,@em_c Cheers Emma - no chance of that. Flat below was an auction job - now being done up = big job = loads of noise for me  Never mind eh.,France
1990055885,Mon Jun 01 03:44:04 PDT 2009,wowlew,isPlayer Has Died! Sorry ,South Korea
1990071130,Mon Jun 01 03:47:05 PDT 2009,wowlew,isPlayer Has Died! Sorry ,India
1990089646,Mon Jun 01 03:50:44 PDT 2009,wowlew,isPlayer Has Died! Sorry ,Dominican Republic
1990102563,Mon Jun 01 03:53:17 PDT 2009,wowlew,isPlayer Has Died! Sorry ,Dominican Republic
1990117247,Mon Jun 01 03:56:10 PDT 2009,wowlew,isPlayer Has Died! Sorry ,Brazil
1990130036,Mon Jun 01 03:58:37 PDT 2009,wowlew,isPlayer Has Died! Sorry ,Mexico
1990146049,Mon Jun 01 04:01:21 PDT 2009,wowlew,isPlayer Has Died! Sorry ,Antarctica
1990161115,Mon Jun 01 04:04:06 PDT 2009,wowlew,isPlayer Has Died! Sorry ,Antarctica
1990195131,Mon Jun 01 04:10:17 PDT 2009,wowlew,isPlayer Has Died! Sorry ,Mexico
1990216603,Mon Jun 01 04:14:10 PDT 2009,wowlew,isPlayer Has Died! Sorry ,China
1990220695,Mon Jun 01 04:14:55 PDT 2009,ramdomthoughts,Looking at Polo's form. Here goes  Will hand it in personally tomorrow instead of posting - worth the effort.,UK
1990233888,Mon Jun 01 04:17:11 PDT 2009,wowlew,isPlayer Has Died! Sorry ,Cuba
1990247705,Mon Jun 01 04:19:41 PDT 2009,wowlew,isPlayer Has Died! Sorry ,Ecuador
1990261952,Mon Jun 01 04:22:11 PDT 2009,wowlew,isPlayer Has Died! Sorry ,USA
1990278237,Mon Jun 01 04:25:08 PDT 2009,wowlew,isPlayer Has Died! Sorry ,Tanzania
1990284167,Mon Jun 01 04:26:10 PDT 2009,Spidersamm,"so for some reason im really really super stressed n shit and i dont know why... i just wanna move  mainland somewhere, grrrr",Cuba
1990292680,Mon Jun 01 04:27:42 PDT 2009,SallytheShizzle,@BrittGoosie naaaaw.Sucks that it's raining ,Canada
1990302907,Mon Jun 01 04:29:32 PDT 2009,wowlew,isPlayer Has Died! Sorry ,Mexico
1990320237,Mon Jun 01 04:32:25 PDT 2009,wowlew,isPlayer Has Died! Sorry ,Jamaica
1990334525,Mon Jun 01 04:34:53 PDT 2009,wowlew,isPlayer Has Died! Sorry ,India
1990352163,Mon Jun 01 04:37:54 PDT 2009,wowlew,isPlayer Has Died! Sorry ,Kenya
1990368653,Mon Jun 01 04:40:42 PDT 2009,wowlew,isPlayer Has Died! Sorry ,Egypt
1990395672,Mon Jun 01 04:45:20 PDT 2009,wowlew,isPlayer Has Died! Sorry ,Brazil
1990398191,Mon Jun 01 04:45:45 PDT 2009,ramdomthoughts,Thanks. Upsetting doing the form but expected ,Canada
1990411805,Mon Jun 01 04:48:02 PDT 2009,TraceyHewins,@chriscuzzy Sorry you're up so ear;y when you'd rather be sleeping. Has your sunburned tanned over yet? Mine hasn't ,Russia
1990421034,Mon Jun 01 04:49:33 PDT 2009,wowlew,isPlayer Has Died! Sorry ,Nigeria
1990436237,Mon Jun 01 04:52:00 PDT 2009,wowlew,isPlayer Has Died! Sorry ,Australia
1990452176,Mon Jun 01 04:54:34 PDT 2009,wowlew,isPlayer Has Died! Sorry ,Egypt
1990473314,Mon Jun 01 04:58:01 PDT 2009,wowlew,isPlayer Has Died! Sorry ,USA
1990493456,Mon Jun 01 05:00:59 PDT 2009,wowlew,isPlayer Has Died! Sorry ,Thailand
1990509589,Mon Jun 01 05:03:28 PDT 2009,wowlew,isPlayer Has Died! Sorry ,Spain
1990528782,Mon Jun 01 05:06:23 PDT 2009,wowlew,isPlayer Has Died! Sorry ,UK
1990546926,Mon Jun 01 05:09:13 PDT 2009,wowlew,isPlayer Has Died! Sorry ,UK
1990563023,Mon Jun 01 05:11:40 PDT 2009,wowlew,isPlayer Has Died! Sorry ,Nigeria
1990578960,Mon Jun 01 05:14:11 PDT 2009,wowlew,isPlayer Has Died! Sorry ,Canada
1990589952,Mon Jun 01 05:15:53 PDT 2009,Jayme1988,"@turpentine2009 I like the Saturdays, the Sugababes earlier stuff was brilliant. but they have split! ",Jamaica
1990595403,Mon Jun 01 05:16:43 PDT 2009,wowlew,isPlayer Has Died! Sorry ,New Zealand
1990613997,Mon Jun 01 05:19:35 PDT 2009,wowlew,isPlayer Has Died! Sorry ,Germany
1990634589,Mon Jun 01 05:22:41 PDT 2009,wowlew,isPlayer Has Died! Sorry ,Kenya
1990653335,Mon Jun 01 05:25:29 PDT 2009,wowlew,isPlayer Has Died! Sorry ,UK
1990681675,Mon Jun 01 05:29:37 PDT 2009,wowlew,isPlayer Has Died! Sorry ,Peru
1990705462,Mon Jun 01 05:32:56 PDT 2009,wowlew,isPlayer Has Died! Sorry ,Ethiopia
1990727358,Mon Jun 01 05:36:05 PDT 2009,wowlew,isPlayer Has Died! Sorry ,Ethiopia
1990747278,Mon Jun 01 05:38:57 PDT 2009,wowlew,isPlayer Has Died! Sorry ,Russia
1990765354,Mon Jun 01 05:41:27 PDT 2009,wowlew,isPlayer Has Died! Sorry ,Egypt
1990793315,Mon Jun 01 05:45:23 PDT 2009,wowlew,isPlayer Has Died! Sorry ,Canada
1990811812,Mon Jun 01 05:47:55 PDT 2009,wowlew,isPlayer Has Died! Sorry ,Italy
1990835437,Mon Jun 01 05:51:08 PDT 2009,wowlew,isPlayer Has Died! Sorry ,Mexico
1990855796,Mon Jun 01 05:53:52 PDT 2009,wowlew,isPlayer Has Died! Sorry ,Canada
1990874920,Mon Jun 01 05:56:26 PDT 2009,wowlew,isPlayer Has Died! Sorry ,Japan
1990893964,Mon Jun 01 05:59:00 PDT 2009,wowlew,isPlayer Has Died! Sorry ,Ecuador
1990920807,Mon Jun 01 06:02:09 PDT 2009,wowlew,isPlayer Has Died! Sorry ,Germany
1990947211,Mon Jun 01 06:05:28 PDT 2009,wowlew,isPlayer Has Died! Sorry ,Chile
1990959034,Mon Jun 01 06:06:58 PDT 2009,DarkPiano,@theladywrites Indeed it is.  Wishing you and your husband and all others healing...,India
1990970913,Mon Jun 01 06:08:27 PDT 2009,wowlew,isPlayer Has Died! Sorry ,France
1990994235,Mon Jun 01 06:11:19 PDT 2009,wowlew,isPlayer Has Died! Sorry ,Peru
1991016707,Mon Jun 01 06:14:06 PDT 2009,wowlew,isPlayer Has Died! Sorry ,China
1991036796,Mon Jun 01 06:16:32 PDT 2009,wowlew,isPlayer Has Died! Sorry ,China
1991111412,Mon Jun 01 06:25:29 PDT 2009,wowlew,isPlayer Has Died! Sorry ,Nigeria
1991123281,Mon Jun 01 06:26:54 PDT 2009,Spidersamm,OMGOMGOMGOMGOMG i neeed for pineapple juice  ima cry,UK
1991143519,Mon Jun 01 06:29:17 PDT 2009,wowlew,isPlayer Has Died! Sorry ,Tanzania
1991169736,Mon Jun 01 06:32:12 PDT 2009,wowlew,isPlayer Has Died! Sorry ,Peru
1991190570,Mon Jun 01 06:34:38 PDT 2009,wowlew,isPlayer Has Died! Sorry ,France
1991212834,Mon Jun 01 06:37:11 PDT 2009,wowlew,isPlayer Has Died! Sorry ,Egypt
1991234575,Mon Jun 01 06:39:42 PDT 2009,wowlew,isPlayer Has Died! Sorry ,Germany
1991274872,Mon Jun 01 06:44:16 PDT 2009,wowlew,isPlayer Has Died! Sorry ,South Korea
1991318715,Mon Jun 01 06:49:16 PDT 2009,wowlew,isPlayer Has Died! Sorry ,Canada
1991377654,Mon Jun 01 06:55:50 PDT 2009,wowlew,isPlayer Has Died! Sorry ,Mexico
1991394420,Mon Jun 01 06:57:41 PDT 2009,lost_dog,@CE54R I am lost. Please help me find a good home. ,Peru
1991394856,Mon Jun 01 06:57:44 PDT 2009,lost_dog,@The_Leedog I am lost. Please help me find a good home. ,Kenya
1991582462,Mon Jun 01 07:18:02 PDT 2009,SallytheShizzle,@BrittGoosie aww -huggles- you are a bit of a klutz. Hope you aren't too damaged from the fall ,Ecuador
1991751848,Mon Jun 01 07:36:06 PDT 2009,Spidersamm,http://bit.ly/zXDQu  and it just made me start crying again ,Germany
1991849417,Mon Jun 01 07:46:18 PDT 2009,SallytheShizzle,@BrittGoosie what's wrong? ,Egypt
1991908542,Mon Jun 01 07:52:30 PDT 2009,lost_dog,@princessofmars I am lost. Please help me find a good home. ,Mexico
1991982364,Mon Jun 01 08:00:07 PDT 2009,Spidersamm,"Perth stole my bestfriend  havent seen her in such a long time, i shall have to go see her perhaps?",South Africa
1992264904,Mon Jun 01 08:28:17 PDT 2009,shanajaca,@Barbiechick3004 So sorry you feel ill ,Indonesia
1993005093,Mon Jun 01 09:40:38 PDT 2009,lost_dog,@MLTNews I am lost. Please help me find a good home. ,Mexico
1993048769,Mon Jun 01 09:44:55 PDT 2009,mcraddictal,@Boy_Kill_Boy  dont give up,India
1993116288,Mon Jun 01 09:51:29 PDT 2009,mcraddictal,@Boy_Kill_Boy i'm not getting all your updates. ugh. ,Ethiopia
1993258151,Mon Jun 01 10:05:14 PDT 2009,lost_dog,@ProvidenceNews I am lost. Please help me find a good home. ,Ecuador
1993258754,Mon Jun 01 10:05:18 PDT 2009,lost_dog,@ValenciaBlog I am lost. Please help me find a good home. ,Ethiopia
1993344215,Mon Jun 01 10:13:35 PDT 2009,lost_dog,@FidelGastro I am lost. Please help me find a good home. ,Russia
1993926584,Mon Jun 01 11:08:39 PDT 2009,lost_dog,@LaMonteG I am lost. Please help me find a good home. ,France
1993926637,Mon Jun 01 11:08:39 PDT 2009,Karen230683,@nitch79 aaaaaaaaaw  wee girlies were super cute,France
1994017607,Mon Jun 01 11:17:02 PDT 2009,Karen230683,@NiaBassett  what they do? Nothing really xx,Spain
1994103203,Mon Jun 01 11:25:07 PDT 2009,lost_dog,@AnnetteFrey I am lost. Please help me find a good home. ,Argentina
1994104076,Mon Jun 01 11:25:12 PDT 2009,lost_dog,@lambybiscuits I am lost. Please help me find a good home. ,Mexico
1994492948,Mon Jun 01 12:00:17 PDT 2009,SongoftheOss,"@PurpleMuffinMan you are right, thanks for the spot - long day ",Thailand
1994579383,Mon Jun 01 12:08:16 PDT 2009,TraceyHewins,Starting to get a headache ,Japan
1994767234,Mon Jun 01 12:25:37 PDT 2009,Karen230683,@stephaniejcoull u make me feel sad  hope your ok x,Thailand
1994835942,Mon Jun 01 12:32:02 PDT 2009,mcraddictal,@PotFace ah... you're not folowing me ,China
1994950599,Mon Jun 01 12:42:56 PDT 2009,lost_dog,@DarienTimes I am lost. Please help me find a good home. ,Spain
1995012212,Mon Jun 01 12:48:41 PDT 2009,wowlew,isPlayer Has Died! Sorry ,Japan
1995020452,Mon Jun 01 12:49:28 PDT 2009,SongoftheOss,"@ThisStarChild it's just try, try, try with me - wrong reply earlier, god I am a bit tired  So galley slave is left, oh well....",Cuba
1995062578,Mon Jun 01 12:53:27 PDT 2009,lost_dog,@glaves I am lost. Please help me find a good home. ,South Korea
1995077572,Mon Jun 01 12:54:53 PDT 2009,wowlew,isPlayer Has Died! Sorry ,UK
1995102782,Mon Jun 01 12:57:20 PDT 2009,SongoftheOss,"@_CorruptedAngel sorry, really I am just knackered - must get big sleep tonight ",Italy
1995160678,Mon Jun 01 13:02:47 PDT 2009,mcraddictal,@MatthewBryan  I can't help it...,India
1995161437,Mon Jun 01 13:02:51 PDT 2009,shanajaca,@Stormlite02 You missed it by a thousand hun it is 3316 ,Ecuador
1995171920,Mon Jun 01 13:03:51 PDT 2009,wowlew,isPlayer Has Died! Sorry ,Peru
1995213491,Mon Jun 01 13:07:50 PDT 2009,wowlew,isPlayer Has Died! Sorry ,Ecuador
1995248336,Mon Jun 01 13:11:13 PDT 2009,wowlew,isPlayer Has Died! Sorry ,Indonesia
1995291070,Mon Jun 01 13:15:20 PDT 2009,mcraddictal,@xXMCR_LadyXx  is something wrong?,Brazil
1995400701,Mon Jun 01 13:25:52 PDT 2009,mcraddictal,Wow... I've givin up on alot of people.  Fuck...sorry. I need...erm...yea. Figure it out.,Thailand
1995423965,Mon Jun 01 13:28:08 PDT 2009,wowlew,isPlayer Has Died! Sorry ,Argentina
1995427287,Mon Jun 01 13:28:25 PDT 2009,mcraddictal,Hope noone's gonna be mad at me for blocking them  Starting to block people now...jsyk.,Kenya
1995510942,Mon Jun 01 13:36:25 PDT 2009,mcraddictal,&lt; still hungry  still haven't eatin.,Kenya
1995547477,Mon Jun 01 13:39:58 PDT 2009,mcraddictal,"No, I didn't leave you Jess.  I'm never gonna leave you. Just gimme a sec... I'm sorry. ily",India
1995580118,Mon Jun 01 13:43:06 PDT 2009,lost_dog,@JonPresents I am lost. Please help me find a good home. ,Kenya
1995647454,Mon Jun 01 13:49:33 PDT 2009,StDAY,@a_simple_girl Glad someone appreciates my humor. *hugs* and I'm pretty sure I'm gonna be limping again today. Darn foot!  Love you too!,France
1995757089,Mon Jun 01 14:00:02 PDT 2009,SongoftheOss,@ThisStarChild honestly you going to have sore head in the morning ,Germany
1995818186,Mon Jun 01 14:05:38 PDT 2009,lost_dog,@hankerific I am lost. Please help me find a good home. ,Japan
1995933679,Mon Jun 01 14:16:25 PDT 2009,mcraddictal,@DaniDesolation  i love you,India
1996081398,Mon Jun 01 14:30:21 PDT 2009,thisgoeshere,@smokedrinkdrive wow. no that's awesome! wish i could be creative ,USA
1996152179,Mon Jun 01 14:37:00 PDT 2009,mcraddictal,@NoRaptors why are you sorry? ,Canada
1996165342,Mon Jun 01 14:38:17 PDT 2009,mcraddictal,Why do I feel like I'm being replaced?  Agh. Nvm. Idec.,Antarctica
1996352308,Mon Jun 01 14:56:33 PDT 2009,lost_dog,@ayasawada I am lost. Please help me find a good home. ,Spain
1996393982,Mon Jun 01 15:00:40 PDT 2009,lost_dog,@animalmad I am lost. Please help me find a good home. ,Ethiopia
1996475831,Mon Jun 01 15:08:51 PDT 2009,lost_dog,@mariahrosemarie I am lost. Please help me find a good home. ,Italy
1996672460,Mon Jun 01 15:29:16 PDT 2009,lost_dog,@mary_martin I am lost. Please help me find a good home. ,China
1996707956,Mon Jun 01 15:32:58 PDT 2009,SongoftheOss,"Such a great song, why not more choices for it  â« http://blip.fm/~7gepn",Australia
1996787774,Mon Jun 01 15:41:29 PDT 2009,lost_dog,@shatter93 I am lost. Please help me find a good home. ,Argentina
1997005096,Mon Jun 01 16:04:58 PDT 2009,VioletsCRUK,@Karen230683 @glasgowlassy oh btw im leaving yas again from the 3rd to 6th July..goin back to Tarbert for another festival!! ,Tanzania
1997080008,Mon Jun 01 16:13:02 PDT 2009,VioletsCRUK,@Glasgowlassy I know..i hate waking up at the good part!!!  lol @karen230683,Egypt
1997108672,Mon Jun 01 16:16:07 PDT 2009,lost_dog,@AmandyAnderson I am lost. Please help me find a good home. ,South Korea
1997128121,Mon Jun 01 16:18:12 PDT 2009,lost_dog,@veganwordnerd I am lost. Please help me find a good home. ,China
1997376945,Mon Jun 01 16:44:36 PDT 2009,lost_dog,@citysearchLA I am lost. Please help me find a good home. ,Peru
1997379313,Mon Jun 01 16:44:51 PDT 2009,mcraddictal,@NoRaptors  i hate it when you're sad...,Ecuador
1997396942,Mon Jun 01 16:46:40 PDT 2009,lost_dog,@debiguity I am lost. Please help me find a good home. ,India
1997397504,Mon Jun 01 16:46:43 PDT 2009,lost_dog,@vegan_dietitian I am lost. Please help me find a good home. ,Peru
1997445143,Mon Jun 01 16:51:46 PDT 2009,mcraddictal,@MCRmuffin idk  i just started crying.,Dominican Republic
1997462697,Mon Jun 01 16:53:40 PDT 2009,mcraddictal,@MCRmuffin ): then i started thinking about you....and how i needed to talk to you  jeez. I'm impossible,USA
1997492097,Mon Jun 01 16:56:48 PDT 2009,mcraddictal,@MCRmuffin  yes i am. ily2,Ecuador
1997572131,Mon Jun 01 17:05:02 PDT 2009,lost_dog,@katiebearxo I am lost. Please help me find a good home. ,France
1997592813,Mon Jun 01 17:07:07 PDT 2009,lost_dog,@karifur I am lost. Please help me find a good home. ,Peru
1997593310,Mon Jun 01 17:07:11 PDT 2009,lost_dog,@thejohnblog I am lost. Please help me find a good home. ,Australia
1997597891,Mon Jun 01 17:07:39 PDT 2009,SallytheShizzle,@StarfishDanehh oooooh. Yeah... there was like one chat (a while back) where Joe didn't really do much.  buut he's better now ,USA
1997663889,Mon Jun 01 17:14:36 PDT 2009,wowlew,isPlayer Has Died! Sorry ,USA
1997671131,Mon Jun 01 17:15:20 PDT 2009,lost_dog,@Skywarpgold I am lost. Please help me find a good home. ,Argentina
1997693942,Mon Jun 01 17:17:43 PDT 2009,Jayme1988,@Chad_Lad NICE about BBQ!!!! i am starved today ,Cuba
1997732273,Mon Jun 01 17:21:40 PDT 2009,StDAY,"@Solzah Same here, same here. :/ I have to write a 10pg paper tomorrow. Very stressed about it.  But how are you?",Mexico
1997788145,Mon Jun 01 17:27:32 PDT 2009,StDAY,Aw hell. Just passed by a pizza place. Now I want pizza. ,Germany
1997906666,Mon Jun 01 17:39:48 PDT 2009,mcraddictal,Where'd everyone go?  I guess I'll bbl too...,Japan
1998248473,Mon Jun 01 18:14:17 PDT 2009,lost_dog,@amzam I am lost. Please help me find a good home. ,UK
1998343804,Mon Jun 01 18:23:41 PDT 2009,SallytheShizzle,@jaybby_ noooooo  guess what?! I REVIEWED MOTHER TRUCKA!,Indonesia
1998754987,Mon Jun 01 19:04:18 PDT 2009,lost_dog,@yourdogtweets I am lost. Please help me find a good home. ,Canada
1998776299,Mon Jun 01 19:06:21 PDT 2009,wowlew,isPlayer Has Died! Sorry ,Tanzania
1999262241,Mon Jun 01 19:55:07 PDT 2009,lost_dog,@unclelaird I am lost. Please help me find a good home. ,Jamaica
1999428615,Mon Jun 01 20:12:05 PDT 2009,mcraddictal,@MCRmuffin i'm sorry  -hugs-,South Korea
1999510691,Mon Jun 01 20:20:40 PDT 2009,lost_dog,@kylestevensband I am lost. Please help me find a good home. ,Canada
1999658022,Mon Jun 01 20:35:53 PDT 2009,StDAY,Okay. Break over. Back to work. Ewwww. ,Indonesia
1999660702,Mon Jun 01 20:36:09 PDT 2009,mcraddictal,@MCRmuffin you cant leave me ,Dominican Republic
1999676574,Mon Jun 01 20:37:48 PDT 2009,mcraddictal,@MCRmuffin promise? ,Russia
1999753783,Mon Jun 01 20:45:42 PDT 2009,StDAY,@xoMusicLoverxo I'm really sad now. Sounds like an awesome show. ,Peru
2000392248,Mon Jun 01 22:00:58 PDT 2009,Spidersamm,@x_farmgirl_x i dunno cos you guys have like 4 terms...we have 3 so its all different.... and ahhh ,New Zealand
2000500797,Mon Jun 01 22:15:26 PDT 2009,StDAY,2 more hours. Blah blah blah. :/ Radio switched to the rap. ,Antarctica
2000592909,Mon Jun 01 22:28:22 PDT 2009,StDAY,My boss took my position at the register. Now I have to limp around. Pooface. ,Colombia
2000676955,Mon Jun 01 22:40:43 PDT 2009,lost_dog,@rmpche I am lost. Please help me find a good home. ,Jamaica
2001093921,Mon Jun 01 23:49:26 PDT 2009,wowlew,isPlayer Has Died! Sorry ,Cuba
2001103720,Mon Jun 01 23:51:07 PDT 2009,wowlew,isPlayer Has Died! Sorry ,Jamaica
2001112039,Mon Jun 01 23:52:39 PDT 2009,wowlew,isPlayer Has Died! Sorry ,Jamaica
2001119781,Mon Jun 01 23:54:04 PDT 2009,wowlew,isPlayer Has Died! Sorry ,Nigeria
2001171182,Tue Jun 02 00:03:06 PDT 2009,Spidersamm,@bradiewebbstack i want maccas ,Spain
2001254412,Tue Jun 02 00:18:01 PDT 2009,lost_dog,@Dinodinodinio I am lost. Please help me find a good home. ,Australia
2001355290,Tue Jun 02 00:36:54 PDT 2009,SallytheShizzle,@MAGGIECHICKEN i can't go   -broke- I'mma cry from missing them. IT'S RIDICULOUS! I know they're playing a pub in northcote though as well,USA
2001372152,Tue Jun 02 00:40:12 PDT 2009,SallytheShizzle,@MAGGIECHICKEN lol why aren't any of your friends going?  thats mean of them! (take along a sibling?),Italy
2001372855,Tue Jun 02 00:40:20 PDT 2009,lost_dog,@SoSiCkOfUdotcom I am lost. Please help me find a good home. ,Peru
2001425652,Tue Jun 02 00:50:43 PDT 2009,nuttychris,"Anyway goooood morning everyone its nice and sunny out side, and i am sat in a class doing shity coursework  lol",Nigeria
2001439731,Tue Jun 02 00:53:32 PDT 2009,StDAY,And I think the flash drive is lost forever. Dammit. ,Jamaica
2001451457,Tue Jun 02 00:55:53 PDT 2009,Jayme1988,@JamesMW78 I am good. Been in work for an hour already.  your lazing in the sun idea is far better though!!!,South Africa
2001530748,Tue Jun 02 01:11:25 PDT 2009,nuttychris,"@Jamesashton20 i no init, got no internet at home  been w8in for a mac code for like 2 week nw, so hows you??",Peru
2001548352,Tue Jun 02 01:15:03 PDT 2009,VioletsCRUK,@Glasgowlassy Aw mine wasnt by choice...u know i do the longest g'night's ever! LOL Was p/off bout losing wireless connectn!  @karen230683,Nigeria
2001582274,Tue Jun 02 01:21:57 PDT 2009,VioletsCRUK,@tc2866 Youre right Tommy! We are bein fooled into thinking we actually live in a hot country! haha Gonna be gutted when rain comes back! ,Egypt
2001606657,Tue Jun 02 01:26:54 PDT 2009,nuttychris,"@akarra i no init, no internet  been waiting for mac code for ages  so you ok?",Argentina
2001634809,Tue Jun 02 01:32:41 PDT 2009,nuttychris,"@akarra business, spesh the health and safety bit doing merits in it  lol",Australia
2001955106,Tue Jun 02 02:39:06 PDT 2009,Spidersamm,"@bradiewebbstack CAKE IS YUCKY......  sorry, but i dont likes it.",Italy
2002013367,Tue Jun 02 02:51:06 PDT 2009,mcraddictal, I did it AGAIN! Agh! Should I just NOT sleep?! Ily so much Jess  I didn't mean to...,Jamaica
2002049631,Tue Jun 02 02:58:39 PDT 2009,mcraddictal,"-holds self- PLEASE wake up.... Idc if it's 5am. Please.  Now you guys have to listen to me moan. -cries- Jess, I need you.",France
2002094182,Tue Jun 02 03:07:18 PDT 2009,mcraddictal,"(Not a)Goodmorning... Hope everyone slept well. I sure as hell did. But, now I CAN'T sleep until Jess wakes up. Ugh! That could be hours ",Antarctica
2002139594,Tue Jun 02 03:16:24 PDT 2009,Spidersamm,"ily my wall, i need more stuffs ",Thailand
2002210821,Tue Jun 02 03:30:49 PDT 2009,lost_dog,@sarismum I am lost. Please help me find a good home. ,Japan
2002225846,Tue Jun 02 03:33:48 PDT 2009,mcraddictal,@NoRaptors oh right...you have school.  when does vacation start for you?,Ecuador
2002239335,Tue Jun 02 03:36:21 PDT 2009,SallytheShizzle,@hot30 the site is reeeally slow  -cries- won't open.... /fail.,South Korea
2002431573,Tue Jun 02 04:11:39 PDT 2009,mcraddictal,"@neszlifeasmcrmy awwwwe. Ily. I miss you too  D: i usually wake up early to talk anyway... But, sometimes i don't. ",Brazil
2002452086,Tue Jun 02 04:15:18 PDT 2009,Spidersamm,dad ran into me in the hallway and the laptop hit him and made it hit me in ze chin ,Cuba
2002459018,Tue Jun 02 04:16:30 PDT 2009,ramdomthoughts,@pete_c @ScottSharman  Nooooooo! Mushy peas are yuk ,Colombia
2002502688,Tue Jun 02 04:24:08 PDT 2009,Spidersamm,"@schaeferj89 i know :o  :o  hahah... im alright, could be better but  and you dear?",Spain
2002614910,Tue Jun 02 04:42:52 PDT 2009,mcraddictal,I'm gonna try to ge some sleep  Even though that's impossible without talking to Jess first... I'm still gonna try.,Jamaica
2002820850,Tue Jun 02 05:14:35 PDT 2009,Spidersamm,@judez_xo :O totally fkn jelous of you now   is bradie with them for once? haha,India
2002823817,Tue Jun 02 05:15:02 PDT 2009,lost_dog,@jellybeanhorror I am lost. Please help me find a good home. ,Kenya
2003058439,Tue Jun 02 05:47:25 PDT 2009,ramdomthoughts,That was tough  Polo's form handed in. Seeing the room again where I held him was emotional. Feel a bit  but Faithless in my ears helps.,France
2003118359,Tue Jun 02 05:55:03 PDT 2009,SallytheShizzle,OWW! I JUST BIT THE INSIDE OF MY MOUTH....i taste copper ,Dominican Republic
2003123318,Tue Jun 02 05:55:38 PDT 2009,VioletsCRUK,"I am so hungry today for some reason..so far my snackage has been crusty bread n cheese, fruitcake &amp; just had a cookie with my coffee!! ",Indonesia
2003144415,Tue Jun 02 05:58:17 PDT 2009,ramdomthoughts,@em_c I hate peas &amp; mushy = even worse ,New Zealand
2003155993,Tue Jun 02 05:59:43 PDT 2009,lost_dog,@Brixenivy I am lost. Please help me find a good home. ,Peru
2003174627,Tue Jun 02 06:01:48 PDT 2009,lost_dog,@bdel21 I am lost. Please help me find a good home. ,Brazil
2003217320,Tue Jun 02 06:06:51 PDT 2009,SallytheShizzle,@Jonas_Dreamgirl yeah... that is just wrong. But...iunno. Maybe we didn't vote enough -doubtful- I mean...GAH. we always vote ,Italy
2003238698,Tue Jun 02 06:09:24 PDT 2009,ramdomthoughts,@TorontoViewer That's me buggered then ,Ecuador
2003252188,Tue Jun 02 06:10:58 PDT 2009,ramdomthoughts,@spr33 You &amp; me both mate - I HATE all peas  yuk ,Mexico
2003429036,Tue Jun 02 06:31:01 PDT 2009,Spidersamm,"@schaeferj89 @torilovesbradie because we're not good enough for them here, haha  arghhdgfksdjgnk so boring and lame and makes me :'(",Colombia
2003498863,Tue Jun 02 06:38:40 PDT 2009,lost_dog,@GoodDogLouie I am lost. Please help me find a good home. ,Egypt
2003595541,Tue Jun 02 06:49:05 PDT 2009,lost_dog,@BarkRadio I am lost. Please help me find a good home. ,UK
2003596118,Tue Jun 02 06:49:08 PDT 2009,lost_dog,@matthewfrace I am lost. Please help me find a good home. ,Nigeria
2003696966,Tue Jun 02 06:59:46 PDT 2009,lost_dog,@FairfaxVANews I am lost. Please help me find a good home. ,China
2003718621,Tue Jun 02 07:01:52 PDT 2009,lost_dog,@Mahluf I am lost. Please help me find a good home. ,Indonesia
2003719134,Tue Jun 02 07:01:56 PDT 2009,lost_dog,@sensitivepantry I am lost. Please help me find a good home. ,Brazil
2003812482,Tue Jun 02 07:11:23 PDT 2009,SallytheShizzle,I'm finally getting to see Kelly Clarkson on GNW...grr can't believe mum wouldn't let me have the tv last night  she's funny XD,Chile
2003813528,Tue Jun 02 07:11:29 PDT 2009,Spidersamm,i miss Brodie Atkins-Duggan ALOT  silly perth stole her again,New Zealand
2003831196,Tue Jun 02 07:13:17 PDT 2009,ramdomthoughts,@pete_c Oh really - sad news mate ,Peru
2004062090,Tue Jun 02 07:36:15 PDT 2009,SallytheShizzle,@jaybby_ i know. WHY would somebody use my identity for a NEW PHONE?! I mean... I have other id but nothing &quot;officially&quot; recognised ,Mexico
2004068260,Tue Jun 02 07:36:52 PDT 2009,SallytheShizzle,@jaybby_ that and the person didn't believe I was 18 when I was asking about stuff  no fair!,UK
2004340408,Tue Jun 02 08:03:00 PDT 2009,Jayme1988,@JamesMW78 I know... me too  We need field desks!,Nigeria
2004394138,Tue Jun 02 08:08:00 PDT 2009,lost_dog,@traciwilson I am lost. Please help me find a good home. ,USA
2004394531,Tue Jun 02 08:08:02 PDT 2009,ramdomthoughts,@em_c Yep - tide completely out - no water whatsoever ,Thailand
2004548032,Tue Jun 02 08:22:18 PDT 2009,mcraddictal,@MCRIsAPleasure  i'm sorry rachel. Do you love him?,Italy
2004663848,Tue Jun 02 08:33:05 PDT 2009,lost_dog,@oldstorm I am lost. Please help me find a good home. ,Nigeria
2004686746,Tue Jun 02 08:35:12 PDT 2009,lost_dog,@adreamforsteph I am lost. Please help me find a good home. ,South Korea
2005593148,Tue Jun 02 09:55:09 PDT 2009,shanajaca,@Stormlite02 I didnt get it pout ,Chile
2005867952,Tue Jun 02 10:18:10 PDT 2009,VioletsCRUK,@Karen230683 I was near sick..&amp; to top it all off cause the back door been open all day its like a bloody insect farm in the house too!! ,Peru
2006430617,Tue Jun 02 11:09:27 PDT 2009,VioletsCRUK,@Karen230683 Gawd you be careful missus walking about at night on your own  seriously!!! @rosskie @glasgowlassy Got me worried now! :-/,China
2006525484,Tue Jun 02 11:17:44 PDT 2009,VioletsCRUK,@Karen230683 Oh don't you bloody dare!!! :-o Just be careful....he sounds dodgy that guy!!  @glasgowlassy,Mexico
2006890277,Tue Jun 02 11:50:11 PDT 2009,lost_dog,@kruble88 I am lost. Please help me find a good home. ,Argentina
2007057778,Tue Jun 02 12:05:01 PDT 2009,lost_dog,@doodledreamerx I am lost. Please help me find a good home. ,France
2008071026,Tue Jun 02 13:34:37 PDT 2009,lost_dog,@HeideWrite I am lost. Please help me find a good home. ,Thailand
2008071954,Tue Jun 02 13:34:43 PDT 2009,lost_dog,@amyurbach I am lost. Please help me find a good home. ,Japan
2008073030,Tue Jun 02 13:34:48 PDT 2009,lost_dog,@misssaramarie I am lost. Please help me find a good home. ,Thailand
2008074928,Tue Jun 02 13:34:59 PDT 2009,lost_dog,@nuzgirl I am lost. Please help me find a good home. ,India
2008240353,Tue Jun 02 13:49:59 PDT 2009,lost_dog,@LindsayLaird I am lost. Please help me find a good home. ,India
2008241248,Tue Jun 02 13:50:04 PDT 2009,lost_dog,@amine I am lost. Please help me find a good home. ,Japan
2008242257,Tue Jun 02 13:50:09 PDT 2009,lost_dog,@jonbarr I am lost. Please help me find a good home. ,Jamaica
2008243036,Tue Jun 02 13:50:13 PDT 2009,lost_dog,@ryanhickman I am lost. Please help me find a good home. ,Spain
2008243689,Tue Jun 02 13:50:17 PDT 2009,lost_dog,@walteralph I am lost. Please help me find a good home. ,Ethiopia
2008963959,Tue Jun 02 14:56:10 PDT 2009,SongoftheOss,"10 minute warning, the 6am start has just kicked in so must be off shortly  Love to all, knowing nods to some x",Thailand
2009028948,Tue Jun 02 15:02:15 PDT 2009,VioletsCRUK,@Pepsimo Aw that's awful...id be lost without her! My Dad passed away 9 yrs ago and i still miss him terribly!! ,Indonesia
2009040163,Tue Jun 02 15:03:18 PDT 2009,SongoftheOss,Has anyone heard from @streetpete or @piginthepoke this evening - missed them on blip ,China
2009275359,Tue Jun 02 15:25:49 PDT 2009,lost_dog,@amandakuhlman I am lost. Please help me find a good home. ,Peru
2009275988,Tue Jun 02 15:25:53 PDT 2009,lost_dog,@pwallace11 I am lost. Please help me find a good home. ,Russia
2009600088,Tue Jun 02 15:58:01 PDT 2009,Jayme1988,@Chad_Lad I am good thanks... just really tired.. cant sleep though ,Kenya
2009856645,Tue Jun 02 16:23:45 PDT 2009,Karen230683,@VioletsCRUK ouch  @glasgowlassy dont do that to yourself LOL,Italy
2010814881,Tue Jun 02 18:00:50 PDT 2009,StDAY,@a_simple_girl Okay...well...FINE!  No seriously. I'm on it. Bye.,Canada
2012639030,Tue Jun 02 21:01:02 PDT 2009,mcraddictal,@JessicklesFTW  no! Just go on hiatus  no closong,Thailand
2012714932,Tue Jun 02 21:09:07 PDT 2009,mcraddictal,@MCRmuffin  awwwww paige. -hugs tight-,Dominican Republic
2012718152,Tue Jun 02 21:09:28 PDT 2009,mcraddictal,@JessicklesFTW  i'll watch the site for you.,Australia
2013427929,Tue Jun 02 22:39:05 PDT 2009,Spidersamm,im sick of living like this... my room is a pigstye  .egjodgdfnio no matter how much i clean it... it gets messy within a few days ,South Africa
2013472703,Tue Jun 02 22:45:36 PDT 2009,StDAY,Crap. I suck. I'm nowhere and I mean NOWHERE near done. Shoot.  I hate this stupid paper.,Nigeria
2013778536,Tue Jun 02 23:33:10 PDT 2009,SallytheShizzle,i got rained on ,South Africa
2013803353,Tue Jun 02 23:37:17 PDT 2009,StDAY,@xoMusicLoverxo He's a bastard.  He said no. I seriously wish I had more time. ,France
2013809053,Tue Jun 02 23:38:13 PDT 2009,SallytheShizzle,i'm feeling a bit sleepy. Cold to hot does that to me :/ hrmmm I'm bored. My exam is like... NOT A NORMAL EXAM  uni is shit! ,Australia
2013837674,Tue Jun 02 23:42:55 PDT 2009,mcraddictal,@MiDesfileNegro agh! I'm so tired right now  -hugs- i wish i knew what's wrong.,Australia
2013874448,Tue Jun 02 23:49:06 PDT 2009,StDAY,@xoMusicLoverxo He freaking deserves it though. Dumb old man. Not letting me have more time so that I can finish this friggin' paper. ,Ecuador
2013895170,Tue Jun 02 23:52:39 PDT 2009,StDAY,"I'm Sorry, Mary - Matt Wertz. Seriously? THAT song is gonna play now? Grrrrr... ",South Korea
2013953475,Wed Jun 03 00:02:27 PDT 2009,lost_dog,@evermeire I am lost. Please help me find a good home. ,Ethiopia
2013975037,Wed Jun 03 00:05:59 PDT 2009,SallytheShizzle,@Jonas_Dreamgirl omg that happens to me too! They've put too much crap that it's impossible ,Mexico
2014024281,Wed Jun 03 00:14:22 PDT 2009,Jayme1988,I am sure I left half of my brain in bed... ,Ecuador
2014115031,Wed Jun 03 00:30:17 PDT 2009,Spidersamm,@andyclemmensen bahahah shauns so mean ,Nigeria
2014159639,Wed Jun 03 00:38:21 PDT 2009,wowlew,isPlayer Has Died! Sorry ,Argentina
2014247687,Wed Jun 03 00:54:51 PDT 2009,ramdomthoughts,@PaulWestlake 1.5Mbps up - WTF - pathetic eh ,Thailand
2014396090,Wed Jun 03 01:23:30 PDT 2009,Karen230683,Bed at 4am I'm tired  but loving the late night phonecalls! Not phone sex @aerobic247,Mexico
2014404655,Wed Jun 03 01:25:11 PDT 2009,Spidersamm,@sonnyjoeflangan awww are you shitted cos you cant help @bradiewebbstack @shaundiviney @andyclemmensen @shaunjumpnow ? haha ,Russia
2014421492,Wed Jun 03 01:28:32 PDT 2009,Karen230683,I've no plans for today and heard weather is to change  what to do?,Ecuador
2014426950,Wed Jun 03 01:29:39 PDT 2009,thisgoeshere,@erin82883 contact me before you buy tix tmw? is that cool? i'm setting my alarm. so psyched. sorry for conking out on you ,Antarctica
2014500594,Wed Jun 03 01:44:33 PDT 2009,Jayme1988,@Chad_Lad sushi does sound and look good though! not a bar close to us ,New Zealand
2014508682,Wed Jun 03 01:46:07 PDT 2009,StDAY,Ugh. Not going to sleep anytime soon. It's 1:45am. 11 hours till the deadline. Damn. ,Nigeria
2014522445,Wed Jun 03 01:48:59 PDT 2009,ramdomthoughts,@acetuk Cheers. Yep - should be fine as Airport Extreme is N. 50Mbps only works on N. Sorry to hear you only get 10 ,Argentina
2014633167,Wed Jun 03 02:10:30 PDT 2009,lost_dog,@yLanaRae I am lost. Please help me find a good home. ,Japan
2014716301,Wed Jun 03 02:27:01 PDT 2009,SallytheShizzle,i bit when I bit yesterday and it bled some more ,Canada
2014817504,Wed Jun 03 02:47:14 PDT 2009,SallytheShizzle,not tv time ,Kenya
2014898580,Wed Jun 03 03:03:05 PDT 2009,wowlew,isPlayer Has Died! Sorry ,Kenya
2014913416,Wed Jun 03 03:05:57 PDT 2009,wowlew,isPlayer Has Died! Sorry ,Canada
2014926519,Wed Jun 03 03:08:34 PDT 2009,wowlew,isPlayer Has Died! Sorry ,South Africa
2014957517,Wed Jun 03 03:14:48 PDT 2009,wowlew,isPlayer Has Died! Sorry ,India
2014972098,Wed Jun 03 03:17:39 PDT 2009,wowlew,isPlayer Has Died! Sorry ,Ecuador
2014987015,Wed Jun 03 03:20:36 PDT 2009,wowlew,isPlayer Has Died! Sorry ,New Zealand
2014999592,Wed Jun 03 03:23:06 PDT 2009,wowlew,isPlayer Has Died! Sorry ,Cuba
2015012003,Wed Jun 03 03:25:33 PDT 2009,wowlew,isPlayer Has Died! Sorry ,Indonesia
2015025840,Wed Jun 03 03:28:11 PDT 2009,wowlew,isPlayer Has Died! Sorry ,Italy
2015045045,Wed Jun 03 03:31:40 PDT 2009,wowlew,isPlayer Has Died! Sorry ,Nigeria
2015060998,Wed Jun 03 03:34:42 PDT 2009,wowlew,isPlayer Has Died! Sorry ,Australia
2015100181,Wed Jun 03 03:42:02 PDT 2009,wowlew,isPlayer Has Died! Sorry ,Nigeria
2015118677,Wed Jun 03 03:45:32 PDT 2009,wowlew,isPlayer Has Died! Sorry ,Cuba
2015135979,Wed Jun 03 03:48:43 PDT 2009,wowlew,isPlayer Has Died! Sorry ,Spain
2015141108,Wed Jun 03 03:49:40 PDT 2009,Karen230683,@rickypl1978 uff she still has long hair ,Mexico
2015170024,Wed Jun 03 03:54:45 PDT 2009,wowlew,isPlayer Has Died! Sorry ,France
2015188100,Wed Jun 03 03:58:00 PDT 2009,wowlew,isPlayer Has Died! Sorry ,Peru
2015206363,Wed Jun 03 04:01:01 PDT 2009,wowlew,isPlayer Has Died! Sorry ,Indonesia
2015225313,Wed Jun 03 04:04:13 PDT 2009,wowlew,isPlayer Has Died! Sorry ,Antarctica
2015243028,Wed Jun 03 04:07:12 PDT 2009,wowlew,isPlayer Has Died! Sorry ,Ecuador
2015260990,Wed Jun 03 04:10:22 PDT 2009,wowlew,isPlayer Has Died! Sorry ,Brazil
2015277977,Wed Jun 03 04:13:19 PDT 2009,wowlew,isPlayer Has Died! Sorry ,Ethiopia
2015296631,Wed Jun 03 04:16:31 PDT 2009,wowlew,isPlayer Has Died! Sorry ,Ecuador
2015317900,Wed Jun 03 04:20:11 PDT 2009,wowlew,isPlayer Has Died! Sorry ,Thailand
2015335903,Wed Jun 03 04:23:14 PDT 2009,wowlew,isPlayer Has Died! Sorry ,UK
2015353255,Wed Jun 03 04:26:10 PDT 2009,wowlew,isPlayer Has Died! Sorry ,Brazil
2015369725,Wed Jun 03 04:28:56 PDT 2009,lost_dog,@yangonthu I am lost. Please help me find a good home. ,South Korea
2015375837,Wed Jun 03 04:29:57 PDT 2009,wowlew,isPlayer Has Died! Sorry ,China
2015400476,Wed Jun 03 04:33:49 PDT 2009,wowlew,isPlayer Has Died! Sorry ,Ecuador
2015410635,Wed Jun 03 04:35:26 PDT 2009,ramdomthoughts,@xLilCx How sad ,Canada
2015417660,Wed Jun 03 04:36:33 PDT 2009,wowlew,isPlayer Has Died! Sorry ,South Korea
2015437414,Wed Jun 03 04:39:48 PDT 2009,wowlew,isPlayer Has Died! Sorry ,Ecuador
2015456852,Wed Jun 03 04:42:51 PDT 2009,wowlew,isPlayer Has Died! Sorry ,Ethiopia
2015467092,Wed Jun 03 04:44:32 PDT 2009,SallytheShizzle,@hot30 i made it today before dinner (bored) and it's paint XD chaser were good. Nothing TOO controversial (shame).  so do you agree...,Antarctica
2015475021,Wed Jun 03 04:45:46 PDT 2009,wowlew,isPlayer Has Died! Sorry ,USA
2015494549,Wed Jun 03 04:48:50 PDT 2009,wowlew,isPlayer Has Died! Sorry ,Jamaica
2015499432,Wed Jun 03 04:49:37 PDT 2009,SallytheShizzle,@hot30 oh have you ever blocked &quot;my horny kitty&quot;? I keep blocking them... they dont go away!! ,Germany
2015508721,Wed Jun 03 04:51:02 PDT 2009,Karen230683,Just picked up what I thought was fluff  it wasn't I feel slightly sick,South Korea
2015512235,Wed Jun 03 04:51:34 PDT 2009,SallytheShizzle,@BrittGoosie no. That's not fun  haha. Try for like.... -thinks- is there like... a curtain you can pull? XD,Japan
2015513368,Wed Jun 03 04:51:46 PDT 2009,wowlew,isPlayer Has Died! Sorry ,Japan
2015529785,Wed Jun 03 04:54:17 PDT 2009,Karen230683,@amy_wright spider ,Nigeria
2015542264,Wed Jun 03 04:56:11 PDT 2009,wowlew,isPlayer Has Died! Sorry ,China
2015553940,Wed Jun 03 04:58:00 PDT 2009,Karen230683,@VioletsCRUK it looked like fluff I've gone all queezy now  yuck,India
2015561542,Wed Jun 03 04:59:09 PDT 2009,wowlew,isPlayer Has Died! Sorry ,China
2015579140,Wed Jun 03 05:01:32 PDT 2009,VioletsCRUK,@Karen230683 Aww i hate that...my skin crawling at the thought!!! ,Ethiopia
2015584342,Wed Jun 03 05:02:17 PDT 2009,wowlew,isPlayer Has Died! Sorry ,Ethiopia
2015607410,Wed Jun 03 05:05:41 PDT 2009,SallytheShizzle,@OfficialAS i'mma cry  i don't want her to leave us!! :'(,Indonesia
2015607455,Wed Jun 03 05:05:41 PDT 2009,wowlew,isPlayer Has Died! Sorry ,Spain
2015625499,Wed Jun 03 05:08:16 PDT 2009,wowlew,isPlayer Has Died! Sorry ,Antarctica
2015625971,Wed Jun 03 05:08:20 PDT 2009,SallytheShizzle,@OfficialAS i know! why can't they go in summer!!    i'll just have to come over your place heaps and heaps (i'll wear an &quot;angela&quot;...,UK
2015645364,Wed Jun 03 05:11:07 PDT 2009,SallytheShizzle,@OfficialAS  oh well. It's not the hol house than makes ASA! it's ASA that makes ASA even if it's just SA ,Tanzania
2015646590,Wed Jun 03 05:11:18 PDT 2009,wowlew,isPlayer Has Died! Sorry ,Ecuador
2015658508,Wed Jun 03 05:13:04 PDT 2009,SallytheShizzle,@OfficialAS no you're NOT ungrateful... i actually wrote a 'letter' about missing you guys on JF  i can't believe GREECE! fuckng hell ,Peru
2015666842,Wed Jun 03 05:14:19 PDT 2009,wowlew,isPlayer Has Died! Sorry ,Spain
2015688862,Wed Jun 03 05:17:23 PDT 2009,wowlew,isPlayer Has Died! Sorry ,South Korea
2015710844,Wed Jun 03 05:20:28 PDT 2009,wowlew,isPlayer Has Died! Sorry ,Japan
2015728734,Wed Jun 03 05:23:01 PDT 2009,wowlew,isPlayer Has Died! Sorry ,Spain
2015745796,Wed Jun 03 05:25:21 PDT 2009,SallytheShizzle,@OfficialAS yeah neither. I'm TRYING to be happy. but a WHOLE MONTH?! and during our hols  nope. no way! I'm being selfish! we're being...,Canada
2015753038,Wed Jun 03 05:26:20 PDT 2009,wowlew,isPlayer Has Died! Sorry ,India
2015775160,Wed Jun 03 05:29:20 PDT 2009,wowlew,isPlayer Has Died! Sorry ,Ecuador
2015798985,Wed Jun 03 05:32:25 PDT 2009,wowlew,isPlayer Has Died! Sorry ,China
2015818991,Wed Jun 03 05:35:08 PDT 2009,wowlew,isPlayer Has Died! Sorry ,Tanzania
2015848976,Wed Jun 03 05:39:08 PDT 2009,wowlew,isPlayer Has Died! Sorry ,Jamaica
2015868282,Wed Jun 03 05:41:38 PDT 2009,SallytheShizzle,@hot30 http://twitpic.com/6glx9 - I want Andrew to sing again ,Chile
2015872274,Wed Jun 03 05:42:10 PDT 2009,wowlew,isPlayer Has Died! Sorry ,USA
2015898319,Wed Jun 03 05:45:35 PDT 2009,wowlew,isPlayer Has Died! Sorry ,Australia
2015945045,Wed Jun 03 05:51:31 PDT 2009,SallytheShizzle,@Jonas_Dreamgirl naaaaw. Don't worry. I'm sure they'll understand LOL XD i wish there was a way to delete them ,Mexico
2016041598,Wed Jun 03 06:03:08 PDT 2009,wowlew,isPlayer Has Died! Sorry ,Kenya
2016065952,Wed Jun 03 06:06:00 PDT 2009,wowlew,isPlayer Has Died! Sorry ,South Africa
2016095958,Wed Jun 03 06:09:30 PDT 2009,wowlew,isPlayer Has Died! Sorry ,Thailand
2016112132,Wed Jun 03 06:11:20 PDT 2009,Karen230683,@sara_morgan but it's birthday soon ,Australia
2016120548,Wed Jun 03 06:12:17 PDT 2009,ramdomthoughts,@synagence I think you are right ,Dominican Republic
2016123818,Wed Jun 03 06:12:40 PDT 2009,wowlew,isPlayer Has Died! Sorry ,Argentina
2016144437,Wed Jun 03 06:15:04 PDT 2009,lost_dog,@incendererm I am lost. Please help me find a good home. ,Spain
2016151940,Wed Jun 03 06:15:54 PDT 2009,wowlew,isPlayer Has Died! Sorry ,Cuba
2016178401,Wed Jun 03 06:18:55 PDT 2009,wowlew,isPlayer Has Died! Sorry ,Cuba
2016226013,Wed Jun 03 06:24:12 PDT 2009,VioletsCRUK,@Glasgowlassy lol aw your fum must be killin ya!! Bet you didn't want to go to work today? ,Indonesia
2016298663,Wed Jun 03 06:31:57 PDT 2009,Jayme1988,@Mykale007 same here.. but cloudy ,Jamaica
2016332085,Wed Jun 03 06:35:28 PDT 2009,lost_dog,@FamousPenName I am lost. Please help me find a good home. ,Egypt
2016332598,Wed Jun 03 06:35:32 PDT 2009,lost_dog,@realestatechick I am lost. Please help me find a good home. ,Australia
2016430372,Wed Jun 03 06:45:51 PDT 2009,lost_dog,@boonhogganbeck I am lost. Please help me find a good home. ,Egypt
2017158150,Wed Jun 03 07:57:06 PDT 2009,lost_dog,@lesbian1212 I am lost. Please help me find a good home. ,Colombia
2017438467,Wed Jun 03 08:23:29 PDT 2009,lost_dog,@tfurukaw I am lost. Please help me find a good home. ,Japan
2017533235,Wed Jun 03 08:32:44 PDT 2009,lost_dog,@msimonkey I am lost. Please help me find a good home. ,Antarctica
2017720555,Wed Jun 03 08:50:46 PDT 2009,StDAY,It's cooooold.  I want to curl up in my blankets SOOO bad. Stinkin' 57 degree weather. Stinkin' paper. Stinkin' friggin' college.,Antarctica
2018103447,Wed Jun 03 09:26:32 PDT 2009,lost_dog,@k1p1girl I am lost. Please help me find a good home. ,Indonesia
2018210273,Wed Jun 03 09:36:37 PDT 2009,VioletsCRUK,@Karen230683 Nightmare innit!! I curse the day my mum gave me my 1st beer...she could have waited till my 3rd brithday!  LOL @glasgowlassy,Canada
2018461384,Wed Jun 03 10:00:12 PDT 2009,SongoftheOss,"@_CorruptedAngel btw what? ooh bbq, nice - was hoping to have one this weekend but not looking good ",Italy
2030656838,Thu Jun 04 08:41:32 PDT 2009,wowlew,isPlayer Has Died! Sorry ,Nigeria
2031371872,Thu Jun 04 09:43:22 PDT 2009,TraceyHewins,@Jamie_127 it's ok. It's just been a quiet day on Twitter and you've been quiet and no one's talking to me ,Spain
2032530352,Thu Jun 04 11:23:30 PDT 2009,wowlew,isPlayer Has Died! Sorry ,Argentina
2033646536,Thu Jun 04 13:00:07 PDT 2009,lost_dog,@melissahathaway I am lost. Please help me find a good home. ,Mexico
2039681290,Thu Jun 04 22:32:32 PDT 2009,mcraddictal,"Where'd Lori go?  Lori, I need you.",Italy
2039707059,Thu Jun 04 22:36:14 PDT 2009,lost_dog,@folkin_around I am lost. Please help me find a good home. ,Peru
2039855573,Thu Jun 04 22:59:04 PDT 2009,mcraddictal,@MiDesfileNegro  Lori keeps disappearing..and I need her.,Spain
2039986243,Thu Jun 04 23:19:25 PDT 2009,mcraddictal,@MCRmuffin  NO! I'll stop...please don't.,Thailand
2039988743,Thu Jun 04 23:19:50 PDT 2009,mcraddictal,@MiDesfileNegro no  i dont wanna hurt you..,Colombia
2043999184,Fri Jun 05 08:43:22 PDT 2009,Karen230683,@VioletsCRUK @colinkelly can't see that link what u done to george? Lol he let me on his show  u haven't colin haha,Nigeria
2044254514,Fri Jun 05 09:05:32 PDT 2009,lost_dog,@NatalieJane30 I am lost. Please help me find a good home. ,Tanzania
2044500484,Fri Jun 05 09:27:01 PDT 2009,StDAY,I've been losing cell service quite frequently this morning. Not cool. Is it cause of the rain? I dunno but I don't like it. ,China
2044816733,Fri Jun 05 09:51:39 PDT 2009,lost_dog,@BarryBrothers I am lost. Please help me find a good home. ,Dominican Republic
2044977691,Fri Jun 05 10:03:52 PDT 2009,mcraddictal,I'm not Danielle  I'd never. Ily so much.,Ecuador
2045189244,Fri Jun 05 10:21:59 PDT 2009,lost_dog,@gemmakatie I am lost. Please help me find a good home. ,Germany
2045244638,Fri Jun 05 10:26:49 PDT 2009,SongoftheOss,But no Snowman Mix to choose  â« http://blip.fm/~7ou09,Colombia
2045268915,Fri Jun 05 10:28:57 PDT 2009,thisgoeshere,@strangetymes i know ima sorry  #petewentzday,New Zealand
2045548250,Fri Jun 05 10:53:17 PDT 2009,lost_dog,@keykat12 I am lost. Please help me find a good home. ,South Africa
2046209196,Fri Jun 05 11:51:00 PDT 2009,mcraddictal,@MatthewBryan I'm not even getting all of your DMs. ,Cuba
2046605443,Fri Jun 05 12:25:34 PDT 2009,wowlew,isPlayer Has Died! Sorry ,South Africa
2046776094,Fri Jun 05 12:40:34 PDT 2009,wowlew,isPlayer Has Died! Sorry ,Dominican Republic
2046807093,Fri Jun 05 12:43:15 PDT 2009,wowlew,isPlayer Has Died! Sorry ,UK
2047060966,Fri Jun 05 13:05:33 PDT 2009,wowlew,isPlayer Has Died! Sorry ,Antarctica
2047257273,Fri Jun 05 13:23:01 PDT 2009,mcraddictal, Seriously...she left me... Why now? :'( Where's Lori? Where's my stalkee? ((,Spain
2047425764,Fri Jun 05 13:38:04 PDT 2009,mcraddictal,"@MCRmuffin i'm sorry  i know how it feels love. I'm here...not saying much, but i'm still here.",Ecuador
2047801265,Fri Jun 05 14:12:05 PDT 2009,webwoke,"auchh, drop by 1  (32)elitestv.com",Antarctica
2048272376,Fri Jun 05 14:56:13 PDT 2009,lost_dog,@ricekristis I am lost. Please help me find a good home. ,Jamaica
2048371128,Fri Jun 05 15:05:31 PDT 2009,SongoftheOss,"oh hell no, please forgive me  #followfriday @FizzyDuck @rufergu",Kenya
2048402979,Fri Jun 05 15:08:34 PDT 2009,VioletsCRUK,@nitch79 lmao....yes quite....but wait...then they might shut down Twitter completely!!  Arrrgrggghhhhh Nnnnooooooooooooooooooo lol,Egypt
2048451725,Fri Jun 05 15:13:16 PDT 2009,mcraddictal,@JessicklesFTW  You have me worried... What's goin on?,Ethiopia
2048493637,Fri Jun 05 15:17:22 PDT 2009,mcraddictal,@MatthewBryan  now I'm scared of saying the wrong thing...,South Korea
2048504649,Fri Jun 05 15:18:28 PDT 2009,SongoftheOss,"@ms_cornwall oh no how come everyone is joining just as I go - is that a hint  - right my ball, my rules, *huff*",Canada
2048712262,Fri Jun 05 15:39:01 PDT 2009,VioletsCRUK,@kendoo Oh i just don't want to think about more rain...makes me depressed! ,Ethiopia
2048883634,Fri Jun 05 15:56:07 PDT 2009,webwoke,"auchh, drop by 1  (7)pedeee.com",Tanzania
2048883882,Fri Jun 05 15:56:08 PDT 2009,webwoke,"auchh, drop by 1  (17)rumahabi.com",Indonesia
2048903368,Fri Jun 05 15:58:07 PDT 2009,webwoke,"auchh, drop by 1  (18)twitter.com",Jamaica
2048903446,Fri Jun 05 15:58:07 PDT 2009,webwoke,"auchh, drop by 1  (19)yehia.org",New Zealand
2048903517,Fri Jun 05 15:58:08 PDT 2009,webwoke,"auchh, drop by 1  (20)reddit.com",Ethiopia
2048923620,Fri Jun 05 16:00:07 PDT 2009,webwoke,"auchh, drop by 1  (21)blogtopsites.com",India
2048923754,Fri Jun 05 16:00:07 PDT 2009,webwoke,"auchh, drop by 1  (22)blogcatalog.com",Nigeria
2048923863,Fri Jun 05 16:00:08 PDT 2009,webwoke,"auchh, drop by 1  (23)sulumitsretsambew-id.com",Mexico
2048944915,Fri Jun 05 16:02:06 PDT 2009,webwoke,"auchh, drop by 1  (24)slideboom.com",Peru
2048945164,Fri Jun 05 16:02:08 PDT 2009,webwoke,"auchh, drop by 1  (26)tribbleagency.com",Italy
2048965055,Fri Jun 05 16:04:07 PDT 2009,webwoke,"auchh, drop by 1  (27)alexasalsabila.com",Peru
2048965132,Fri Jun 05 16:04:07 PDT 2009,webwoke,"auchh, drop by 1  (28)renantech.com",Colombia
2048965241,Fri Jun 05 16:04:08 PDT 2009,webwoke,"auchh, drop by 1  (29)buzzfeed.com",Spain
2049057520,Fri Jun 05 16:13:21 PDT 2009,lost_dog,@laffinboy95 I am lost. Please help me find a good home. ,Ecuador
2049136722,Fri Jun 05 16:21:30 PDT 2009,lost_dog,@stacey_baby I am lost. Please help me find a good home. ,Brazil
2049156358,Fri Jun 05 16:23:35 PDT 2009,lost_dog,@rechtsteiner I am lost. Please help me find a good home. ,Germany
2049254321,Fri Jun 05 16:33:45 PDT 2009,lost_dog,@jnassi I am lost. Please help me find a good home. ,Japan
2049361886,Fri Jun 05 16:44:53 PDT 2009,mcraddictal,"@AhSatanseesMCR  who? Sorry, i was washing dishes.",Germany
2049526306,Fri Jun 05 17:02:08 PDT 2009,lost_dog,@sorenf I am lost. Please help me find a good home. ,South Africa
2049699624,Fri Jun 05 17:20:30 PDT 2009,lost_dog,@HarperStreet I am lost. Please help me find a good home. ,China
2049700125,Fri Jun 05 17:20:34 PDT 2009,lost_dog,@ohwowcourtney I am lost. Please help me find a good home. ,Germany
2049700985,Fri Jun 05 17:20:39 PDT 2009,SallytheShizzle,@santiii lmao yaaaaay! I hate the time differences ,Ethiopia
2049849514,Fri Jun 05 17:36:39 PDT 2009,thisgoeshere,@juhidee119 no. i dunno why.  #petewentzday,Antarctica
2049905448,Fri Jun 05 17:42:39 PDT 2009,lost_dog,@tekniklr I am lost. Please help me find a good home. ,Dominican Republic
2049985237,Fri Jun 05 17:51:27 PDT 2009,Jayme1988,@kellydmahaffey  just give him plenty of smooches and snuggles and tell him you do!!!,Mexico
2050260370,Fri Jun 05 18:21:12 PDT 2009,lost_dog,@allofcraigslist I am lost. Please help me find a good home. ,UK
2050376096,Fri Jun 05 18:33:32 PDT 2009,mcraddictal,Really missing Lori and Paige right now... ,Russia
2050528148,Fri Jun 05 18:49:54 PDT 2009,mcraddictal,@travisking  i'm such a fattie! xD i want food in general..well...mostly pancakes.,Thailand
2050599079,Fri Jun 05 18:57:45 PDT 2009,lost_dog,@ErikaKane718 I am lost. Please help me find a good home. ,Ethiopia
2050683278,Fri Jun 05 19:06:33 PDT 2009,thisgoeshere,"ever just have one of those days where things start going wrong and all you wanna do is cry? yeah, that's me ",Canada
2050817864,Fri Jun 05 19:20:47 PDT 2009,Spidersamm,"@EskimoJoelted nah things are ok, we werent related, so ... im mainly sad for his family ",Canada
2050894855,Fri Jun 05 19:29:15 PDT 2009,Spidersamm,@EskimoJoelted awh i wouldnt beable to cope if i went through what happened to you &amp; stuff ,Cuba
2050922894,Fri Jun 05 19:32:18 PDT 2009,mcraddictal,@NoRaptors What?  No...it's not for fun anymore. I don't cut for fun. It was a joke... Agh. Nvm. -holds self-,Nigeria
2050981088,Fri Jun 05 19:38:41 PDT 2009,mcraddictal,@NoRaptors  why are you sorry? You didn't do anything wrong..,UK
2051073070,Fri Jun 05 19:48:46 PDT 2009,lost_dog,@gsblueeyes I am lost. Please help me find a good home. ,Colombia
2051182703,Fri Jun 05 20:59:52 PDT 2009,StDAY,Wooing? Seriously? I MEANT WORKING. Fail. ,South Africa
2051192881,Fri Jun 05 21:02:28 PDT 2009,StDAY,@xoMusicLoverxo oh crap. I didn't notice that. Triple fail. Sorry. ,South Africa
2051249804,Fri Jun 05 21:20:01 PDT 2009,lost_dog,@Godmysavior I am lost. Please help me find a good home. ,Colombia
2051264769,Fri Jun 05 21:24:11 PDT 2009,SallytheShizzle,@Jonasbrothers what's with the question mark? ROFL... MAKE SURE IT GOES ON YOUTUBE IS ALL I CAN SAY!  isn't playing in oz (i think),Russia
2051271644,Fri Jun 05 21:26:11 PDT 2009,lost_dog,@SettembreVino I am lost. Please help me find a good home. ,South Africa
2051311457,Fri Jun 05 21:36:58 PDT 2009,lost_dog,@sheribomb I am lost. Please help me find a good home. ,Jamaica
2051342542,Fri Jun 05 21:43:32 PDT 2009,StDAY,@a_simple_girl Awww.  Read my story about the hobo and the monkey. Maybe it'll make you feel better. *hugs* Dont be sad! ,Cuba
2051372907,Fri Jun 05 21:50:17 PDT 2009,lost_dog,@aznichole I am lost. Please help me find a good home. ,Argentina
2051602922,Fri Jun 05 22:23:13 PDT 2009,ramdomthoughts,I have a headache ,Mexico
2052093637,Fri Jun 05 23:38:33 PDT 2009,Spidersamm,@HelloLizzi oh damn    and oh how lovely of him :|,Mexico
2052200999,Fri Jun 05 23:58:21 PDT 2009,VioletsCRUK,(yawns) cannot believe im wakened so early on a Saturday morning!!  We Eva had a bad dream and woke us all up at 7.10 am boohoo!!!,Argentina
2052255985,Sat Jun 06 00:08:06 PDT 2009,Spidersamm,@nevershoutmaria HAHAHAH awwwwwww ,Australia
2052289301,Sat Jun 06 00:14:15 PDT 2009,VioletsCRUK,Everyone is talking off bad weather! I have wakened up to blue skies and sun...im scared now cause means the rain is comin to us!!  Nooooo,Australia
2052376289,Sat Jun 06 00:31:26 PDT 2009,mcraddictal, Is anyone here?? Lori? Paige?,France
2052379276,Sat Jun 06 00:32:02 PDT 2009,webwoke,damn... drop by 1  17. tareeinternet.com,Peru
2052379326,Sat Jun 06 00:32:02 PDT 2009,webwoke,damn... drop by 1  18. reddit.com,Spain
2052389393,Sat Jun 06 00:34:02 PDT 2009,webwoke,aughh... drop by 1  19. rumahabi.com,Japan
2052389460,Sat Jun 06 00:34:02 PDT 2009,webwoke,damn... drop by 1  20. twitter.com,Japan
2052389488,Sat Jun 06 00:34:03 PDT 2009,webwoke,F**K! drop by 1  21. yehia.org,South Korea
2052391128,Sat Jun 06 00:34:21 PDT 2009,mcraddictal,@AwesomeFrank Sorry... ,Italy
2052395960,Sat Jun 06 00:35:20 PDT 2009,mcraddictal,I wish Jess was awake.  Argh... I miss you Jess. -bangs head against wall-,Tanzania
2052399583,Sat Jun 06 00:36:01 PDT 2009,webwoke,ohh s**t... drop by 1  22. blogtopsites.com,Ethiopia
2052420061,Sat Jun 06 00:40:11 PDT 2009,mcraddictal,@chemicalzombie dont make me say it  you know.,Mexico
2052429636,Sat Jun 06 00:42:05 PDT 2009,webwoke,auch... drop by 10  55. pedeee.com,Australia
2052439921,Sat Jun 06 00:44:11 PDT 2009,webwoke,ohh s**t... drop by 1  70. hubpages.com,India
2052439950,Sat Jun 06 00:44:12 PDT 2009,webwoke,auch... drop by 1  71. kcbtours.com,Jamaica
2052440679,Sat Jun 06 00:44:21 PDT 2009,mcraddictal,Jess please wake up.  Please.  I need you. #thisismewhining #imissjess #sorryyouhaftalisten #turningintotravis,USA
2052442864,Sat Jun 06 00:44:46 PDT 2009,mcraddictal,@AwesomeFrank ditto ,Ethiopia
2052447557,Sat Jun 06 00:45:42 PDT 2009,mcraddictal,@chemicalzombie  are you gonna make me say it? It's just that..er... Noone was home. It would've been easy to get away with.,Chile
2052449094,Sat Jun 06 00:46:02 PDT 2009,webwoke,come on... drop by 1  72. blogcatalog.com,Japan
2052449132,Sat Jun 06 00:46:03 PDT 2009,webwoke,F**K! drop by 1  73. blogtopsites.com,France
2052449166,Sat Jun 06 00:46:03 PDT 2009,webwoke,aughh... drop by 2  75. jumptags.com,Indonesia
2052454172,Sat Jun 06 00:47:03 PDT 2009,VioletsCRUK,@sara_morgan Aw no..the dreaded rain!! We live in Scotland so imsyre we will get it soon enough too!! ,Chile
2052458811,Sat Jun 06 00:48:01 PDT 2009,webwoke,come on... drop by 1  76. myselfroad.com,UK
2052458896,Sat Jun 06 00:48:02 PDT 2009,webwoke,aughh... drop by 1  78. seolithic.com,Ethiopia
2052465807,Sat Jun 06 00:49:31 PDT 2009,VioletsCRUK,@jason_2008 Morning!! Looks bright here too..sunny at the mo..dunno for how long though!  Lycra dance sounds good!! lol,Egypt
2052468118,Sat Jun 06 00:50:02 PDT 2009,webwoke,"owww god, drop by 1  79. buzzfeed.com",Argentina
2052477905,Sat Jun 06 00:52:02 PDT 2009,webwoke,ohh s**t... drop by 2  83. evilscience.org,Tanzania
2052477940,Sat Jun 06 00:52:03 PDT 2009,webwoke,ohh s**t... drop by 2  84. businessweek.com,Tanzania
2052487385,Sat Jun 06 00:54:02 PDT 2009,webwoke,damn... drop by 2  86. opera.com,Brazil
2052487435,Sat Jun 06 00:54:02 PDT 2009,webwoke,"owww god, drop by 2  87. instablogs.com",South Africa
2052487506,Sat Jun 06 00:54:03 PDT 2009,mcraddictal,Am I still not getting all my replies? Or am I being ignored? ,Colombia
2052496719,Sat Jun 06 00:56:02 PDT 2009,webwoke,"noooo..., drop by 2  91. technorati.com",Dominican Republic
2052496760,Sat Jun 06 00:56:03 PDT 2009,webwoke,damn... drop by 2  92. ontoplist.com,China
2052502951,Sat Jun 06 00:57:23 PDT 2009,mcraddictal,"Okay...take that as being ignored.  I'm gonna try go back to sleep then, I guess. Ily Lori. Goodnight everyone.",South Africa
2052505881,Sat Jun 06 00:58:02 PDT 2009,webwoke,auch... drop by 2  93. johnchow-cow.com,Dominican Republic
2052505920,Sat Jun 06 00:58:03 PDT 2009,webwoke,ohh s**t... drop by 2  94. blogratings.com,Cuba
2052505966,Sat Jun 06 00:58:03 PDT 2009,webwoke,damn... drop by 2  95. slideserve.com,Argentina
2052515307,Sat Jun 06 01:00:02 PDT 2009,webwoke,F**K! drop by 2  96. zimbio.com,Kenya
2052515390,Sat Jun 06 01:00:02 PDT 2009,webwoke,ohh s**t... drop by 2  97. mybloglog.com,Argentina
2052515450,Sat Jun 06 01:00:03 PDT 2009,webwoke,aughh... drop by 2  98. digg.com,Dominican Republic
2052516536,Sat Jun 06 01:00:11 PDT 2009,mcraddictal,"@neszlifeasmcrmy nessy  i'm not getting all of my replies, so i never got what you sent yesterday. I wasn't ignoring you. Ily (",Thailand
2052519813,Sat Jun 06 01:00:47 PDT 2009,VioletsCRUK,@j_mccoy Can't kids all up and running bout like loonies!!! Bed sounds lovely tho..i wish!   lol Loud music helpin..will be dancin sn! lol,Germany
2052526229,Sat Jun 06 01:02:03 PDT 2009,webwoke,holys**t drop by 2  99. thescene.us,Peru
2052526284,Sat Jun 06 01:02:03 PDT 2009,webwoke,damn... drop by 2  100. badrss.com,Cuba
2052526312,Sat Jun 06 01:02:04 PDT 2009,webwoke,ohh s**t... drop by 2  101. bukisa.com,Tanzania
2052535714,Sat Jun 06 01:04:02 PDT 2009,webwoke,holys**t drop by 2  102. newsunseo.com,Egypt
2052535778,Sat Jun 06 01:04:03 PDT 2009,webwoke,damn... drop by 2  103. itkeepsyourunning.com,Germany
2052535806,Sat Jun 06 01:04:03 PDT 2009,webwoke,damn... drop by 2  104. ardhindie.com,Ethiopia
2052545405,Sat Jun 06 01:06:02 PDT 2009,webwoke,come on... drop by 2  105. wordpress.com,South Korea
2052545463,Sat Jun 06 01:06:03 PDT 2009,webwoke,holys**t drop by 2  106. thesulumitsretsambew.com,Japan
2052554744,Sat Jun 06 01:08:02 PDT 2009,webwoke,holys**t drop by 2  108. disqus.com,Thailand
2052554768,Sat Jun 06 01:08:03 PDT 2009,webwoke,come on... drop by 2  109. yehia.org,Kenya
2052554808,Sat Jun 06 01:08:03 PDT 2009,webwoke,auch... drop by 2  110. seo-guy.com,UK
2052561084,Sat Jun 06 01:09:25 PDT 2009,Spidersamm,@aamelia nope im not  why ?,Japan
2052567758,Sat Jun 06 01:10:51 PDT 2009,Spidersamm,hmmmm my background makes me  cant believe hes gone.,Mexico
2052581569,Sat Jun 06 01:13:55 PDT 2009,Karen230683,Oh fuck a duck its big Jim's birthday I've not got him anything oooops ,Indonesia
2052714272,Sat Jun 06 01:44:18 PDT 2009,Karen230683,@steve5424 not a whole lot ,Kenya
2052725836,Sat Jun 06 01:46:59 PDT 2009,mcraddictal,Jeez. Now I'm crying for her...  Just cause I know how it feels.,Spain
2052753420,Sat Jun 06 01:53:30 PDT 2009,mcraddictal,Lori?  You never answered...,USA
2052805215,Sat Jun 06 02:05:26 PDT 2009,SallytheShizzle,@OfficialAS  -hugggles-,Peru
2052828065,Sat Jun 06 02:10:49 PDT 2009,mcraddictal,@MatthewBryan are you there? ,Cuba
2052835595,Sat Jun 06 02:12:36 PDT 2009,mcraddictal,"Paige is leaving...   Now, I'm really gonna be alone.",Nigeria
2052875093,Sat Jun 06 02:22:03 PDT 2009,mcraddictal,@MCRmuffin I know  I'm sorry,Ethiopia
2052882193,Sat Jun 06 02:23:45 PDT 2009,mcraddictal,Not really a good best friend  I have favorites... I can't help it! Sorry.,Thailand
2052894190,Sat Jun 06 02:26:41 PDT 2009,Spidersamm,@shaundiviney lolz a girl said that if she got swine flu you would be the first person she would sneeze on :|   not nice  hahah,Kenya
2052919455,Sat Jun 06 02:32:50 PDT 2009,VioletsCRUK,@marginatasnaily I know!!!  Have hoovered it but still feels sandy ffs!! Nightmare!! lol,Cuba
2052940009,Sat Jun 06 02:37:51 PDT 2009,lost_dog,@lioney_sg I am lost. Please help me find a good home. ,Tanzania
2053397162,Sat Jun 06 04:24:33 PDT 2009,Karen230683,Twitter is being a twat ,Egypt
2053441621,Sat Jun 06 04:34:03 PDT 2009,webwoke,F**K! drop by 4  33. renantech.com,Tanzania
2053497926,Sat Jun 06 04:46:04 PDT 2009,webwoke,"owww god, drop by 1  88. instablogs.com",Indonesia
2053497973,Sat Jun 06 04:46:05 PDT 2009,webwoke,damn... drop by 1  89. sulumits-retsambew.biz,Dominican Republic
2053507079,Sat Jun 06 04:48:03 PDT 2009,webwoke,ohh s**t... drop by 1  90. sulumitsretsambew-id.com,Thailand
2053507113,Sat Jun 06 04:48:03 PDT 2009,webwoke,"owww god, drop by 1  91. yehiapress.org",Argentina
2053507147,Sat Jun 06 04:48:04 PDT 2009,webwoke,aughh... drop by 1  92. technorati.com,Antarctica
2053516483,Sat Jun 06 04:50:03 PDT 2009,webwoke,aughh... drop by 1  93. ontoplist.com,New Zealand
2053516531,Sat Jun 06 04:50:04 PDT 2009,webwoke,damn... drop by 1  94. johnchow-cow.com,Jamaica
2053516578,Sat Jun 06 04:50:04 PDT 2009,webwoke,come on... drop by 1  95. blogratings.com,Colombia
2053537577,Sat Jun 06 04:54:22 PDT 2009,SallytheShizzle,@OfficialAS  -hugggggles- hide under your blankeys! I wish I was there to protect you ,UK
2053630163,Sat Jun 06 05:12:15 PDT 2009,Karen230683,@daveg38 yes ,France
2053901797,Sat Jun 06 06:01:59 PDT 2009,Spidersamm,alcohol would be really nice right now...... im not in the best of best moods ,Dominican Republic
2053911390,Sat Jun 06 06:03:34 PDT 2009,Karen230683,@Glasgowlassy your poor wee fum has suffered greatly  @violetscruk,Germany
2054106032,Sat Jun 06 06:34:19 PDT 2009,Spidersamm,"so, ima cry......... i hate living here so fecking much ",Argentina
2054341471,Sat Jun 06 07:08:15 PDT 2009,thisgoeshere,@lemongeneration sorry. bored is never fun. ,Nigeria
2054538814,Sat Jun 06 07:34:18 PDT 2009,mcraddictal,@neszlifeasmcrmy oh nessy.  i know how you feel. I wish you were here everyday..,China
2054590825,Sat Jun 06 07:40:55 PDT 2009,SallytheShizzle,@OfficialAS it doesn't like me ,New Zealand
2055008801,Sat Jun 06 08:31:19 PDT 2009,SongoftheOss,Afternoon everyone just playing some tunes while I work  *sigh* forgive me if no response but not on twitter - dm me anything good ,Indonesia
2055049616,Sat Jun 06 08:36:05 PDT 2009,webwoke,F**K! drop by 1  37. vox.com,Kenya
2055049678,Sat Jun 06 08:36:05 PDT 2009,webwoke,ohh s**t... drop by 1  46. sulumitsretsambew.org,Japan
2055049758,Sat Jun 06 08:36:07 PDT 2009,webwoke,F**K! drop by 1  47. topofblogs.com,Argentina
2055066766,Sat Jun 06 08:38:05 PDT 2009,webwoke,auch... drop by 1  48. webhostingtalk.com,South Africa
2055066835,Sat Jun 06 08:38:06 PDT 2009,webwoke,auch... drop by 1  49. seoibiza.com,Cuba
2055084285,Sat Jun 06 08:40:06 PDT 2009,webwoke,ohh s**t... drop by 1  53. sulumitsretsambew.biz,Italy
2055101956,Sat Jun 06 08:42:04 PDT 2009,webwoke,"owww god, drop by 1  54. dailyfunnypics.com",Germany
2055102044,Sat Jun 06 08:42:05 PDT 2009,webwoke,holys**t drop by 1  55. rumahabi.com,Antarctica
2055102113,Sat Jun 06 08:42:05 PDT 2009,webwoke,damn... drop by 1  72. blogcatalog.com,Thailand
2055119638,Sat Jun 06 08:44:06 PDT 2009,webwoke,"owww god, drop by 1  73. blogtopsites.com",UK
2055119723,Sat Jun 06 08:44:07 PDT 2009,webwoke,come on... drop by 1  74. facebook.com,USA
2055119783,Sat Jun 06 08:44:07 PDT 2009,webwoke,auch... drop by 1  75. jumptags.com,India
2055137415,Sat Jun 06 08:46:05 PDT 2009,webwoke,come on... drop by 1  76. myselfroad.com,Ecuador
2055137604,Sat Jun 06 08:46:06 PDT 2009,webwoke,"noooo..., drop by 1  78. seolithic.com",UK
2055154831,Sat Jun 06 08:48:05 PDT 2009,webwoke,come on... drop by 1  79. buzzfeed.com,Brazil
2055154902,Sat Jun 06 08:48:05 PDT 2009,webwoke,auch... drop by 1  80. blogmarks.net,Canada
2055171987,Sat Jun 06 08:50:05 PDT 2009,webwoke,ohh s**t... drop by 1  82. techpresident.com,Egypt
2055172069,Sat Jun 06 08:50:06 PDT 2009,webwoke,come on... drop by 1  83. trytomakemoneyonline.com,Cuba
2055172137,Sat Jun 06 08:50:06 PDT 2009,webwoke,"owww god, drop by 1  84. evilscience.org",Colombia
2055189493,Sat Jun 06 08:52:05 PDT 2009,webwoke,holys**t drop by 1  85. businessweek.com,USA
2055189627,Sat Jun 06 08:52:06 PDT 2009,webwoke,F**K! drop by 1  86. opera.com,Canada
2055206809,Sat Jun 06 08:54:04 PDT 2009,webwoke,F**K! drop by 1  97. zimbio.com,Japan
2055206932,Sat Jun 06 08:54:05 PDT 2009,webwoke,F**K! drop by 1  98. mybloglog.com,Chile
2055225506,Sat Jun 06 08:56:05 PDT 2009,webwoke,F**K! drop by 1  100. thescene.us,Brazil
2055225563,Sat Jun 06 08:56:06 PDT 2009,webwoke,damn... drop by 1  101. badrss.com,Colombia
2055225634,Sat Jun 06 08:56:06 PDT 2009,webwoke,"noooo..., drop by 1  102. bukisa.com",Japan
2055243551,Sat Jun 06 08:58:06 PDT 2009,webwoke,aughh... drop by 1  105. ardhindie.com,Russia
2055262627,Sat Jun 06 09:00:06 PDT 2009,webwoke,come on... drop by 1  106. wordpress.com,France
2055262767,Sat Jun 06 09:00:06 PDT 2009,webwoke,holys**t drop by 1  107. thesulumitsretsambew.com,Chile
2055262865,Sat Jun 06 09:00:07 PDT 2009,webwoke,damn... drop by 1  108. indianpad.com,Chile
2055282635,Sat Jun 06 09:02:05 PDT 2009,webwoke,auch... drop by 1  109. disqus.com,Ethiopia
2055404372,Sat Jun 06 09:15:15 PDT 2009,Karen230683,"Won't be on a great deal unless I'm home early so have a great night everyone, yes my backside is still burning ouch ",Australia
2055502943,Sat Jun 06 09:26:07 PDT 2009,VioletsCRUK,@MattLewisMusic Aww you not well again Matt?  Whats up?,Egypt
2055592871,Sat Jun 06 09:36:00 PDT 2009,lost_dog,@Nerakxx I am lost. Please help me find a good home. ,USA
2055632341,Sat Jun 06 09:40:20 PDT 2009,Karen230683,@jaboc I explained earlier lol sunbed ,Indonesia
2055767319,Sat Jun 06 09:55:09 PDT 2009,SongoftheOss,@_CorruptedAngel aw I just going  have fun x,Argentina
2056104812,Sat Jun 06 10:32:06 PDT 2009,webwoke,damn... drop by 1  23. blogtopsites.com,Kenya
2056104862,Sat Jun 06 10:32:06 PDT 2009,webwoke,auch... drop by 1  24. sulumitsretsambew-id.com,Argentina
2056104960,Sat Jun 06 10:32:07 PDT 2009,webwoke,damn... drop by 1  25. slideboom.com,USA
2056123076,Sat Jun 06 10:34:06 PDT 2009,webwoke,come on... drop by 1  27. tribbleagency.com,Spain
2056123161,Sat Jun 06 10:34:07 PDT 2009,webwoke,F**K! drop by 1  28. alexasalsabila.com,Australia
2056135826,Sat Jun 06 10:35:29 PDT 2009,lost_dog,@digates I am lost. Please help me find a good home. ,Egypt
2056288313,Sat Jun 06 10:52:19 PDT 2009,lost_dog,@dazzlepants I am lost. Please help me find a good home. ,Spain
2056307038,Sat Jun 06 10:54:24 PDT 2009,lost_dog,@fellion I am lost. Please help me find a good home. ,Nigeria
2056858860,Sat Jun 06 11:55:46 PDT 2009,Jayme1988,@rjakesdub I could only get normal   customization is brilliant!!,Russia
2056972547,Sat Jun 06 12:08:07 PDT 2009,lost_dog,@cotntail I am lost. Please help me find a good home. ,USA
2057083283,Sat Jun 06 12:20:23 PDT 2009,lost_dog,@djd1414 I am lost. Please help me find a good home. ,Jamaica
2057141850,Sat Jun 06 12:27:03 PDT 2009,DarkPiano,@musicstr7 Oh no!  Feel better soon!,UK
2057205486,Sat Jun 06 12:34:07 PDT 2009,webwoke,damn... drop by 1  68. wabuf.com,UK
2057205549,Sat Jun 06 12:34:08 PDT 2009,webwoke,come on... drop by 1  69. twitter.com,Colombia
2057223423,Sat Jun 06 12:36:07 PDT 2009,webwoke,damn... drop by 1  72. kcbtours.com,India
2057223502,Sat Jun 06 12:36:08 PDT 2009,webwoke,"owww god, drop by 1  73. nanzurezuta.com",Russia
2057240841,Sat Jun 06 12:38:06 PDT 2009,webwoke,F**K! drop by 1  75. blogtopsites.com,South Africa
2057264103,Sat Jun 06 12:40:39 PDT 2009,Karen230683,@amysav83 uff u would be in England ,Spain
2057270146,Sat Jun 06 12:41:20 PDT 2009,Karen230683,@graemeskelly that's quite sad  haha,Jamaica
2057611341,Sat Jun 06 13:19:41 PDT 2009,VioletsCRUK,@marginatasnaily lol i was chucked of 4 times in 24 hours ysterday!! We call it the 'sin bin' you can look from the sides but not play!! ,Italy
2057654240,Sat Jun 06 13:24:34 PDT 2009,VioletsCRUK,@marginatasnaily its nuts..just says you have been twittering too much try again later!  It must be to stop it bein too slow or something!,India
2057699723,Sat Jun 06 13:29:50 PDT 2009,lost_dog,@jakefincher I am lost. Please help me find a good home. ,Spain
2057899373,Sat Jun 06 13:52:39 PDT 2009,Karen230683,@VioletsCRUK hot fireman isn't a nice drunk I'm quite sad ,Ethiopia
2057955079,Sat Jun 06 13:59:08 PDT 2009,VioletsCRUK,@Karen230683 ufffffff if hes a an arsehole when drunk then hes a no go!!  Thats bollocks!!,Antarctica
2057988102,Sat Jun 06 14:02:49 PDT 2009,Karen230683,@VioletsCRUK I know that's my way of thinking ,China
2058089646,Sat Jun 06 14:14:42 PDT 2009,lost_dog,@swinfrey I am lost. Please help me find a good home. ,UK
2058107539,Sat Jun 06 14:16:48 PDT 2009,lost_dog,@nickisanenigma I am lost. Please help me find a good home. ,Kenya
2058158532,Sat Jun 06 14:22:55 PDT 2009,Jayme1988,@pdurham I know.. I wish I lived closer to a few of you guys on here  we would have a riot!! we should (in the future) ..,New Zealand
2058165830,Sat Jun 06 14:23:49 PDT 2009,mcraddictal,Is anyone here?  -feels ignored-,New Zealand
2058255412,Sat Jun 06 14:34:35 PDT 2009,VioletsCRUK,"Oh i may have to go to bed soon..,,,Arrrggghhhh i really dnt want to get up at 6.30 on a Sunday but i must! ",UK
2058362978,Sat Jun 06 14:47:22 PDT 2009,lost_dog,@TORIANBEAN14 I am lost. Please help me find a good home. ,USA
2058429392,Sat Jun 06 14:55:32 PDT 2009,lost_dog,@treygreg I am lost. Please help me find a good home. ,Italy
2058738800,Sat Jun 06 15:32:04 PDT 2009,keza34,Cant believe i got sent to naughty step.first time eva omg ,New Zealand
2058911146,Sat Jun 06 15:52:26 PDT 2009,lost_dog,@violinistfreak I am lost. Please help me find a good home. ,UK
2059036769,Sat Jun 06 16:07:17 PDT 2009,mcraddictal,@MyCheMicaLmuse what?  what is it?,UK
2059074446,Sat Jun 06 16:11:42 PDT 2009,mcraddictal,@MyCheMicALmuse pleaseeee tell me? -bites nails- what happened? ,Japan
2059242705,Sat Jun 06 16:32:09 PDT 2009,webwoke,auch... drop by 2  13. blogcatalog.com,Egypt
2059258631,Sat Jun 06 16:34:07 PDT 2009,webwoke,holys**t drop by 2  14. mybuckster.com,China
2059258710,Sat Jun 06 16:34:07 PDT 2009,webwoke,auch... drop by 2  15. blogspot.com,USA
2059272486,Sat Jun 06 16:35:47 PDT 2009,Jayme1988,@Chad_Lad @Mykale007 MRS Durham has been kicked out! ,Australia
2059275095,Sat Jun 06 16:36:07 PDT 2009,webwoke,"noooo..., drop by 1  20. rumahabi.com",Canada
2059275143,Sat Jun 06 16:36:08 PDT 2009,webwoke,come on... drop by 37  53. sulumitsretsambewno.com,Colombia
2059275200,Sat Jun 06 16:36:08 PDT 2009,webwoke,come on... drop by 2  55. sulumitsretsambew.biz,Japan
2059291148,Sat Jun 06 16:38:07 PDT 2009,webwoke,"noooo..., drop by 1  56. dailyfunnypics.com",Peru
2059291197,Sat Jun 06 16:38:08 PDT 2009,webwoke,holys**t drop by 37  57. twitter.com,Antarctica
2059291251,Sat Jun 06 16:38:08 PDT 2009,webwoke,"owww god, drop by 2  58. rumahabi.com",Brazil
2059307469,Sat Jun 06 16:40:08 PDT 2009,webwoke,ohh s**t... drop by 2  60. articledashboard.com,Italy
2059323902,Sat Jun 06 16:42:07 PDT 2009,webwoke,"owww god, drop by 2  62. webwoke.com",Antarctica
2059340240,Sat Jun 06 16:44:07 PDT 2009,webwoke,holys**t drop by 2  65.,Indonesia
2059340349,Sat Jun 06 16:44:08 PDT 2009,webwoke,F**K! drop by 1  66. marketingwithrenee.com,Peru
2059356739,Sat Jun 06 16:46:08 PDT 2009,webwoke,F**K! drop by 1  69. wabuf.com,Brazil
2059372879,Sat Jun 06 16:48:07 PDT 2009,webwoke,damn... drop by 7  71. ezinearticles.com,Japan
2059372957,Sat Jun 06 16:48:08 PDT 2009,webwoke,holys**t drop by 1  77. myselfroad.com,Canada
2059389232,Sat Jun 06 16:50:08 PDT 2009,webwoke,"noooo..., drop by 9  79. hubpages.com",Indonesia
2059389346,Sat Jun 06 16:50:08 PDT 2009,webwoke,F**K! drop by 2  80. seolithic.com,India
2059389418,Sat Jun 06 16:50:09 PDT 2009,webwoke,holys**t drop by 2  81. buzzfeed.com,Germany
2059405904,Sat Jun 06 16:52:09 PDT 2009,webwoke,auch... drop by 3  85. trytomakemoneyonline.com,Australia
2059410148,Sat Jun 06 16:52:39 PDT 2009,StDAY,I'm really tired.  I want to go home. Only an hour and a half left thankfully.,India
2059421795,Sat Jun 06 16:54:08 PDT 2009,webwoke,aughh... drop by 3  86. evilscience.org,Japan
2059421855,Sat Jun 06 16:54:08 PDT 2009,webwoke,"noooo..., drop by 3  87. businessweek.com",Indonesia
2059421911,Sat Jun 06 16:54:09 PDT 2009,webwoke,F**K! drop by 3  88. opera.com,Cuba
2059437697,Sat Jun 06 16:56:08 PDT 2009,webwoke,auch... drop by 3  89. tvents.com,Nigeria
2059437750,Sat Jun 06 16:56:08 PDT 2009,webwoke,ohh s**t... drop by 3  90. instablogs.com,Ecuador
2059437811,Sat Jun 06 16:56:08 PDT 2009,webwoke,aughh... drop by 3  91. sulumitsretsambew-id.com,Mexico
2059453787,Sat Jun 06 16:58:07 PDT 2009,webwoke,F**K! drop by 3  92. sulumits-retsambew.biz,Australia
2059453882,Sat Jun 06 16:58:08 PDT 2009,webwoke,"noooo..., drop by 2  94. ontoplist.com",Germany
2059453947,Sat Jun 06 16:58:08 PDT 2009,webwoke,aughh... drop by 2  95. johnchow-cow.com,Colombia
2059470748,Sat Jun 06 17:00:08 PDT 2009,webwoke,"owww god, drop by 3  97. blogratings.com",Italy
2059470836,Sat Jun 06 17:00:09 PDT 2009,webwoke,aughh... drop by 3  98. top10optimizer.com,India
2059488451,Sat Jun 06 17:02:07 PDT 2009,webwoke,F**K! drop by 3  99. zimbio.com,Brazil
2059488508,Sat Jun 06 17:02:08 PDT 2009,webwoke,auch... drop by 3  100. mybloglog.com,Mexico
2059505268,Sat Jun 06 17:04:08 PDT 2009,webwoke,aughh... drop by 3  102. thescene.us,Germany
2059505340,Sat Jun 06 17:04:08 PDT 2009,webwoke,auch... drop by 3  103. badrss.com,USA
2059505407,Sat Jun 06 17:04:08 PDT 2009,webwoke,"noooo..., drop by 3  104. bukisa.com",UK
2059522283,Sat Jun 06 17:06:07 PDT 2009,webwoke,ohh s**t... drop by 2  105. itkeepsyourunning.com,Spain
2059522341,Sat Jun 06 17:06:08 PDT 2009,webwoke,come on... drop by 2  106. ardhindie.com,Spain
2059522406,Sat Jun 06 17:06:08 PDT 2009,webwoke,damn... drop by 2  107. wordpress.com,Nigeria
2059539174,Sat Jun 06 17:08:07 PDT 2009,webwoke,"noooo..., drop by 2  108. thesulumitsretsambew.com",Germany
2059539247,Sat Jun 06 17:08:08 PDT 2009,webwoke,holys**t drop by 2  109. indianpad.com,South Africa
2059539346,Sat Jun 06 17:08:08 PDT 2009,webwoke,ohh s**t... drop by 2  110. disqus.com,Russia
2059694491,Sat Jun 06 17:26:56 PDT 2009,SallytheShizzle,@Jonasbrothers i wish. You guys are mean sometimes. 19th? THE 19TH FOR AUSTRALIA?! you really hate us  lmaaooooo jk,Italy
2059712327,Sat Jun 06 17:29:09 PDT 2009,TraceyHewins,@Josh_Biggs I can't get online--it slows him up too much ,Tanzania
2059741016,Sat Jun 06 17:32:35 PDT 2009,SallytheShizzle,@jaybby_ awww like even DURING the day? -hugggggles- I'll try not leave you!! ,USA
2059796929,Sat Jun 06 17:39:26 PDT 2009,SallytheShizzle,@jaybby_ o.o; that's awkward although a little amusing from my view XD maaan that sucks! ,Antarctica
2059811965,Sat Jun 06 17:41:08 PDT 2009,SallytheShizzle,@jaybby_ lmao that's how it ALWAYS is  buuut OMG!! HAPPY SUMMER DAYS! -jealous- lol,Argentina
2059888409,Sat Jun 06 17:50:24 PDT 2009,lost_dog,@Debbi237 I am lost. Please help me find a good home. ,Mexico
2059967423,Sat Jun 06 18:00:03 PDT 2009,SallytheShizzle,@takemeback if she's with trace that means she's DENYING herself selena!! ,Cuba
2060028456,Sat Jun 06 18:07:05 PDT 2009,SallytheShizzle,@jaybby_ oh. EWWWW. Stupid people and couples  HAHA. I'm so cruel to couples. Friends should pay MORE attention to friends!,Japan
2060150170,Sat Jun 06 18:21:19 PDT 2009,lost_dog,@harrypotter45 I am lost. Please help me find a good home. ,Ecuador
2060379860,Sat Jun 06 18:47:49 PDT 2009,lost_dog,@solarcomet I am lost. Please help me find a good home. ,Egypt
2060440616,Sat Jun 06 18:54:42 PDT 2009,SallytheShizzle,@jaybby_ why? are the storms going to stop ,Jamaica
2060602911,Sat Jun 06 19:13:00 PDT 2009,SallytheShizzle,@jonasbrothers I just saw sports centre. Um. You guys were GOOD although I can't watch the show. WAY TOO MUCH GENDER BIAS! ,Ecuador
2060738563,Sat Jun 06 19:29:02 PDT 2009,mcraddictal,I really don't wanna leave Paige...anyone but Paige.  #thisfuckingsucks,Dominican Republic
2060759168,Sat Jun 06 19:31:25 PDT 2009,mcraddictal, I need you more than you need me...and this hurts Paige.,Egypt
2060814617,Sat Jun 06 19:37:48 PDT 2009,mcraddictal,I'm sorry  Please just forget Paige....,Italy
2060827336,Sat Jun 06 19:39:19 PDT 2009,mcraddictal,Try... Ily so much.  Jeez. I can't stop crying.,Italy
2060917413,Sat Jun 06 19:49:47 PDT 2009,mcraddictal,@NoRaptors i'm gonna miss you sooooo much ,Argentina
2060999465,Sat Jun 06 19:59:15 PDT 2009,mcraddictal,@NoRaptors hard to explain...i hope we can stay in touch..even though i know we can't ,UK
2061025442,Sat Jun 06 20:02:06 PDT 2009,mcraddictal,@NoRaptors  i can't get online.,Antarctica
2061085106,Sat Jun 06 20:08:56 PDT 2009,mcraddictal,BRB. Don't leave yet Ian. ,Peru
2061123222,Sat Jun 06 20:13:27 PDT 2009,lost_dog,@mb24hf I am lost. Please help me find a good home. ,Egypt
2061227033,Sat Jun 06 20:26:09 PDT 2009,mcraddictal,"@NoRaptors ((( if i left, i'd miss you guys too much. Especially you.  #tooattached",Thailand
2061248612,Sat Jun 06 20:28:44 PDT 2009,Spidersamm,"on ze couch, just woke up again  watching some movie with that short robber dude thats in home alone, with the weird voice",USA
2061250826,Sat Jun 06 20:29:01 PDT 2009,mcraddictal,@NoRaptors noooooo begging  i hate that. I'm such a pansy,Colombia
2061271584,Sat Jun 06 20:31:29 PDT 2009,mcraddictal,@NoRaptors agh. You're gonna force me to leave now...  no begging.,Mexico
2061293275,Sat Jun 06 20:34:09 PDT 2009,webwoke,come on... drop by 3  15. sulumitsretsambewmaster.com,UK
2061307042,Sat Jun 06 20:35:49 PDT 2009,StDAY,Ow. Just accidentally sat on my ankle and it hurts. ,Cuba
2061374401,Sat Jun 06 20:44:09 PDT 2009,webwoke,damn... drop by 1  46. blogtoplist.com,Kenya
2061390054,Sat Jun 06 20:46:07 PDT 2009,mcraddictal,@NoRaptors leaving now  i wuv you.and you never answered :'( bye...,Dominican Republic
2061418240,Sat Jun 06 20:49:41 PDT 2009,mcraddictal,@NoRaptors  yea...jeez. I'm gonna miss you... -hugs supah tight-,France
2061418252,Sat Jun 06 20:49:42 PDT 2009,SallytheShizzle,I'm headed off. Sorry I couldn't talk for longer  Shopping time HUZZAH! (btw figured our where I learnt that from. Adi!),Ecuador
2061484435,Sat Jun 06 20:58:09 PDT 2009,webwoke,come on... drop by 19  90. ezinearticles.com,China
2061534881,Sat Jun 06 21:04:18 PDT 2009,thisgoeshere,@doombox she stopped seeing bill and is on a date and smooching with her boss ,Ethiopia
2061677969,Sat Jun 06 21:22:32 PDT 2009,lost_dog,@lennystands I am lost. Please help me find a good home. ,Spain
2061683952,Sat Jun 06 21:23:18 PDT 2009,StDAY,@xoMusicLoverxo You were teasing me! Hurt my feelings. ,Tanzania
2061688839,Sat Jun 06 21:23:57 PDT 2009,StDAY,"@eeshkapeesh Honey, no matter what, the overwhelming FAIL can't be forgotten. Sorry. ",Thailand
2061703290,Sat Jun 06 21:25:49 PDT 2009,StDAY,@xoMusicLoverxo You're just being mean now.  How am I supposed to write when you're being mean to me!,South Africa
2061786547,Sat Jun 06 21:36:47 PDT 2009,StDAY,@eeshkapeesh STOP. DRIVE. NO TWEETS THAT ENDANGER YOUR BEING! ,Brazil
2061919177,Sat Jun 06 21:54:51 PDT 2009,StDAY,"@a_simple_girl Thanks, love. I've been dying to see it. Stupid technological difficulties... ",South Korea
2061959453,Sat Jun 06 22:00:18 PDT 2009,Spidersamm,i want a om nom nom shirt  hurrrrryyyy ups jumpnow &amp; shannon ,Antarctica
2062039024,Sat Jun 06 22:11:14 PDT 2009,Spidersamm,"@staaceeyy awh, are you okay darling?  ily2",South Africa
2062058920,Sat Jun 06 22:14:08 PDT 2009,mcraddictal,@NoRaptors  but i do.,Japan
2062095057,Sat Jun 06 22:19:29 PDT 2009,Spidersamm,@staaceeyy awh no  im so sorry &lt;3  whats wrong with mumma? trauma from what happened?,Indonesia
2062116031,Sat Jun 06 22:22:30 PDT 2009,mcraddictal,@NoRaptors  stop it.,Italy
2062121804,Sat Jun 06 22:23:21 PDT 2009,mcraddictal,"@chemicalzombie no..Lori, I hate it when you cry  Please don't.",Japan
2062129574,Sat Jun 06 22:24:33 PDT 2009,mcraddictal,@AwesomeFrank i'm sorry  i'll miss you too,India
2062133269,Sat Jun 06 22:25:05 PDT 2009,mcraddictal,@NoRaptors no.don't say that ,Indonesia
2062139151,Sat Jun 06 22:25:57 PDT 2009,mcraddictal,@MCRmuffin  ily,India
2062149072,Sat Jun 06 22:27:29 PDT 2009,lost_dog,@RizzyCupcakes I am lost. Please help me find a good home. ,Colombia
2062154999,Sat Jun 06 22:28:24 PDT 2009,mcraddictal,@NoRaptors stop it...you know i hate that ,India
2062182973,Sat Jun 06 22:32:31 PDT 2009,mcraddictal,@MCRmuffin you and Lori and Ian make me want to stay ,USA
2062244082,Sat Jun 06 22:41:59 PDT 2009,thisgoeshere,@erin82883 no me neither. he just bothered me with the comments. doesn't have to be so mean ,Italy
2062680557,Sat Jun 06 23:57:56 PDT 2009,StDAY,@a_simple_girl I can't hear anything...  But it LOOKS cute...,France
2062681505,Sat Jun 06 23:58:07 PDT 2009,mcraddictal,@NoRaptors  -cries- i miss you already,South Africa
2062686096,Sat Jun 06 23:59:02 PDT 2009,mcraddictal,"@MCRmuffin paige, i'm so sorry  ily so much.",India
2062742569,Sun Jun 07 00:09:12 PDT 2009,mcraddictal,@MatthewBryan  my last night on twitter...ily -hugs- ...bye... -sits in corner and cries-,Dominican Republic
2062747216,Sun Jun 07 00:10:05 PDT 2009,StDAY,@a_simple_girl Again??? Damn. It keeps happening to me too! I hate it. ,Thailand
2062750435,Sun Jun 07 00:10:40 PDT 2009,StDAY,@a_simple_girl Dammit. I just checked and it hit me again! Ewwwww. ,UK
2062774037,Sun Jun 07 00:15:13 PDT 2009,mcraddictal,"@AhSatanseesMCR now, i wanna stay SOOO bad...it's so hard leaving ",Russia
2062791145,Sun Jun 07 00:18:40 PDT 2009,mcraddictal,@AhSatanseesMCR  you're right..maybe breaks.,France
2062858091,Sun Jun 07 00:32:10 PDT 2009,webwoke,auch... drop by 1  17. tareeinternet.com,Canada
2062858150,Sun Jun 07 00:32:11 PDT 2009,webwoke,damn... drop by 1  18. reddit.com,Russia
2062868061,Sun Jun 07 00:34:10 PDT 2009,webwoke,come on... drop by 1  19. twitter.com,Chile
2062868101,Sun Jun 07 00:34:11 PDT 2009,webwoke,come on... drop by 1  20. rumahabi.com,Australia
2062868136,Sun Jun 07 00:34:11 PDT 2009,webwoke,damn... drop by 1  21. blogspot.com,UK
2062878263,Sun Jun 07 00:36:10 PDT 2009,webwoke,aughh... drop by 1  22. blogtopsites.com,Peru
2062878296,Sun Jun 07 00:36:10 PDT 2009,webwoke,come on... drop by 1  23. sulumitsretsambew-id.com,Italy
2062878325,Sun Jun 07 00:36:10 PDT 2009,webwoke,holys**t drop by 1  24. yehia.org,Ethiopia
2062887974,Sun Jun 07 00:38:10 PDT 2009,webwoke,F**K! drop by 1  27. tribbleagency.com,Indonesia
2062897519,Sun Jun 07 00:40:10 PDT 2009,webwoke,aughh... drop by 1  28. alexasalsabila.com,Antarctica
2062897559,Sun Jun 07 00:40:10 PDT 2009,webwoke,damn... drop by 1  29. 1888pressrelease.com,Russia
2062897603,Sun Jun 07 00:40:11 PDT 2009,webwoke,F**K! drop by 1  30. topseos.com,Argentina
2062907559,Sun Jun 07 00:42:11 PDT 2009,webwoke,aughh... drop by 1  31. linkedin.com,Tanzania
2062907591,Sun Jun 07 00:42:11 PDT 2009,webwoke,ohh s**t... drop by 1  32. phreakaholic.com,Peru
2062907610,Sun Jun 07 00:42:12 PDT 2009,webwoke,aughh... drop by 1  33. elitestv.com,Mexico
2062917148,Sun Jun 07 00:44:10 PDT 2009,webwoke,F**K! drop by 1  34. renantech.com,Russia
2062917196,Sun Jun 07 00:44:11 PDT 2009,webwoke,ohh s**t... drop by 1  35. sulumits-retsambew.biz,Ecuador
2062917236,Sun Jun 07 00:44:11 PDT 2009,webwoke,F**K! drop by 17  52. articlesbase.com,Cuba
2062936564,Sun Jun 07 00:48:10 PDT 2009,webwoke,come on... drop by 1  58. twitter.com,Thailand
2062936600,Sun Jun 07 00:48:10 PDT 2009,webwoke,"owww god, drop by 1  59. rumahabi.com",Chile
2062946147,Sun Jun 07 00:50:10 PDT 2009,webwoke,ohh s**t... drop by 1  60. sulumitsretsambewblog.com,Ethiopia
2062946187,Sun Jun 07 00:50:10 PDT 2009,webwoke,"noooo..., drop by 1  61. articledashboard.com",Nigeria
2062946229,Sun Jun 07 00:50:11 PDT 2009,webwoke,come on... drop by 1  62. slideshare.net,Germany
2062952489,Sun Jun 07 00:51:28 PDT 2009,lost_dog,@turtlesruntron I am lost. Please help me find a good home. ,Dominican Republic
2062955950,Sun Jun 07 00:52:10 PDT 2009,webwoke,auch... drop by 1  63. webwoke.com,USA
2062955983,Sun Jun 07 00:52:10 PDT 2009,webwoke,holys**t drop by 1  64. wongsableng.net,Russia
2062965575,Sun Jun 07 00:54:10 PDT 2009,webwoke,ohh s**t... drop by 1  66.,Antarctica
2062965627,Sun Jun 07 00:54:11 PDT 2009,webwoke,come on... drop by 1  67. marketingwithrenee.com,Thailand
2062965674,Sun Jun 07 00:54:11 PDT 2009,webwoke,aughh... drop by 1  68. prankoffate.info,Spain
2062975078,Sun Jun 07 00:56:09 PDT 2009,Spidersamm,dog just bit me  hand a huge ass lump on my hand now :@,Italy
2062975116,Sun Jun 07 00:56:10 PDT 2009,webwoke,ohh s**t... drop by 1  70. wabuf.com,India
2062975143,Sun Jun 07 00:56:10 PDT 2009,webwoke,holys**t drop by 1  71. jumptags.com,Dominican Republic
2062984661,Sun Jun 07 00:58:10 PDT 2009,webwoke,ohh s**t... drop by 1  72. kcbtours.com,New Zealand
2062984727,Sun Jun 07 00:58:11 PDT 2009,webwoke,auch... drop by 1  74. blogcatalog.com,Italy
2062994358,Sun Jun 07 01:00:10 PDT 2009,webwoke,F**K! drop by 1  75. blogtopsites.com,South Korea
2062994466,Sun Jun 07 01:00:10 PDT 2009,webwoke,holys**t drop by 2  78. blogratings.com,Russia
2063005050,Sun Jun 07 01:02:09 PDT 2009,webwoke,damn... drop by 3  80. seolithic.com,Peru
2063005124,Sun Jun 07 01:02:10 PDT 2009,webwoke,ohh s**t... drop by 3  82. buzzfeed.com,Germany
2063014994,Sun Jun 07 01:04:11 PDT 2009,webwoke,come on... drop by 4  85. trytomakemoneyonline.com,Ethiopia
2063015030,Sun Jun 07 01:04:11 PDT 2009,webwoke,damn... drop by 4  86. evilscience.org,Cuba
2063024725,Sun Jun 07 01:06:10 PDT 2009,webwoke,ohh s**t... drop by 4  87. businessweek.com,Canada
2063024781,Sun Jun 07 01:06:11 PDT 2009,webwoke,auch... drop by 4  89. opera.com,Jamaica
2063034116,Sun Jun 07 01:08:10 PDT 2009,webwoke,aughh... drop by 4  90. tvents.com,Egypt
2063034142,Sun Jun 07 01:08:10 PDT 2009,webwoke,"noooo..., drop by 3  91. sulumitsretsambew-id.com",Spain
2063034174,Sun Jun 07 01:08:10 PDT 2009,webwoke,"noooo..., drop by 3  92. sulumits-retsambew.biz",France
2063043738,Sun Jun 07 01:10:10 PDT 2009,webwoke,F**K! drop by 1  93. ontoplist.com,Dominican Republic
2063043787,Sun Jun 07 01:10:10 PDT 2009,webwoke,F**K! drop by 5  95. ezinearticles.com,Japan
2063043826,Sun Jun 07 01:10:11 PDT 2009,webwoke,ohh s**t... drop by 2  96. johnchow-cow.com,Germany
2063052401,Sun Jun 07 01:12:01 PDT 2009,webwoke,aughh... drop by 2  97. newsunseo.com,Italy
2063052447,Sun Jun 07 01:12:02 PDT 2009,webwoke,"owww god, drop by 2  98. top10optimizer.com",South Africa
2063052481,Sun Jun 07 01:12:02 PDT 2009,webwoke,ohh s**t... drop by 2  99. zimbio.com,Colombia
2063142203,Sun Jun 07 01:31:20 PDT 2009,StDAY,@xoMusicLoverxo It's a plan. Cause that's just nasty. ,Dominican Republic
2063210217,Sun Jun 07 01:46:23 PDT 2009,Spidersamm,"@schaeferj89 i do, i look different in photos, so eh ",Chile
2063216276,Sun Jun 07 01:47:48 PDT 2009,Spidersamm,"@shaundiviney no, cos you diss bubble-o bills   hahaha",Ethiopia
2063704547,Sun Jun 07 03:45:01 PDT 2009,SallytheShizzle,@OfficialAS fair enough  I'll slap your vis comm teachers face? KK?! lmao but THURSDAY THURSDAY THURSDAY!,Italy
2063713147,Sun Jun 07 03:47:02 PDT 2009,SallytheShizzle,@OfficialAS haha yeah I remember those days. FOLIOS ARE INSANE! they're mean to make people do them ,South Africa
2063891223,Sun Jun 07 04:28:45 PDT 2009,Karen230683,@tb78 a wee bit ,Cuba
2063901332,Sun Jun 07 04:30:57 PDT 2009,SallytheShizzle,@OfficialAS http://twitpic.com/6tn2j - oooh stupid thing  Umm I don't know how...it was easy for me. SOFTWARE! do you have it?,Thailand
2063917639,Sun Jun 07 04:34:38 PDT 2009,Karen230683,@IanJenkin aye not bad i will be suffering tomorrow ,Colombia
2063999051,Sun Jun 07 04:52:47 PDT 2009,thisgoeshere,crap! all my rings are on the sink! ,Dominican Republic
2064033110,Sun Jun 07 05:00:04 PDT 2009,webwoke,damn... drop by 14  63. webhostingtalk.com,South Korea
2064054056,Sun Jun 07 05:04:03 PDT 2009,webwoke,aughh... drop by 1  99. top10optimizer.com,Thailand
2064064348,Sun Jun 07 05:06:03 PDT 2009,webwoke,F**K! drop by 1  101. mybloglog.com,Tanzania
2064064391,Sun Jun 07 05:06:04 PDT 2009,webwoke,come on... drop by 1  102. digg.com,USA
2064064430,Sun Jun 07 05:06:04 PDT 2009,webwoke,ohh s**t... drop by 1  103. thescene.us,Peru
2064074098,Sun Jun 07 05:08:03 PDT 2009,webwoke,damn... drop by 2  109. wordpress.com,India
2064074137,Sun Jun 07 05:08:03 PDT 2009,webwoke,come on... drop by 2  110. thesulumitsretsambew.com,Ecuador
2064223093,Sun Jun 07 05:37:38 PDT 2009,Karen230683,@Glasgowlassy I know  wrong pants to wear to go running pmsl @violetscruk #chaffedpussy,Thailand
2064261801,Sun Jun 07 05:45:10 PDT 2009,Spidersamm,"@judez_xo rarely let my emotions show, i just keep it all bottled up ",Kenya
2064281796,Sun Jun 07 05:48:56 PDT 2009,Karen230683,@Glasgowlassy I was hoping to come home and someone would offer a massage but no I'm still waiting ,Indonesia
2064298504,Sun Jun 07 05:51:59 PDT 2009,Spidersamm,"@judez_xo awh  yeah ive had alot of people say stuff similar to that, i need to take notice... its also my self-confidence that doesnt+",Spain
2064314438,Sun Jun 07 05:54:54 PDT 2009,Spidersamm,@EskimoJoelted yeah i know  i just think that Tasmania is full of the 'assholes',Mexico
2064326893,Sun Jun 07 05:57:10 PDT 2009,SallytheShizzle,@BrittGoosie come back...but not till tey're not there  cause KSW just isn't KSW WITHOUT britt-britt!,Tanzania
2064420380,Sun Jun 07 06:13:02 PDT 2009,Spidersamm,"@staaceeyy sorry :'( ily?   i cant help it stacey, ive listened to what every fuckhead has said to me and ive just grown to believe it",South Africa
2064536100,Sun Jun 07 06:32:04 PDT 2009,webwoke,"owww god, drop by 1  67. marketingwithrenee.com",South Africa
2064544809,Sun Jun 07 06:33:28 PDT 2009,Karen230683,@linehan yeah it was she is away in the pub lol wish I was ,UK
2064548443,Sun Jun 07 06:34:03 PDT 2009,webwoke,ohh s**t... drop by 1  70. wabuf.com,Cuba
2064548549,Sun Jun 07 06:34:04 PDT 2009,webwoke,come on... drop by 1  72. jumptags.com,Brazil
2064561115,Sun Jun 07 06:36:03 PDT 2009,webwoke,ohh s**t... drop by 1  73. kcbtours.com,Brazil
2064622338,Sun Jun 07 06:45:37 PDT 2009,thisgoeshere,@strangetymes i forgot i had to go to emilys grad party today. so our tru blood watching is gonna have to be pushed back  sorry,Germany
2064628444,Sun Jun 07 06:46:34 PDT 2009,lost_dog,@EvieHolland I am lost. Please help me find a good home. ,Tanzania
2064728235,Sun Jun 07 07:01:30 PDT 2009,SallytheShizzle,@OfficialAS haha omg did it just stop you from posting as well? HOW ANNOYING IS IT?!! ,Indonesia
2064733196,Sun Jun 07 07:02:14 PDT 2009,Spidersamm,"@staaceeyy haha he is confusing, i just hope they dont  &lt;/3",Dominican Republic
2064763662,Sun Jun 07 07:06:45 PDT 2009,SallytheShizzle,barking dogs... AGAIN! ,Peru
2064870210,Sun Jun 07 07:22:12 PDT 2009,thisgoeshere,@juhidee119 i am.  are you doing better than last night?,Chile
2065072004,Sun Jun 07 07:49:54 PDT 2009,lost_dog,@gabbrgrl I am lost. Please help me find a good home. ,UK
2065163750,Sun Jun 07 08:01:52 PDT 2009,SallytheShizzle,@OfficialAS no i didn't ditch you. My net's slowed down  and it's hard to load things -cries- g'nite!!,Spain
2065413969,Sun Jun 07 08:32:45 PDT 2009,Spidersamm,"@schaeferj89 oh,so i cant steal her ",India
2065633372,Sun Jun 07 08:59:37 PDT 2009,Spidersamm,"@EskimoJoelted yeah  and LOL at what that borat dude did to him at ze MTV awards, HAHAHAHAHAHHA so crurel",Peru
2065637458,Sun Jun 07 09:00:05 PDT 2009,webwoke,F**K! drop by 43  59. sulumitsretsambewno.com,India
2065641162,Sun Jun 07 09:00:26 PDT 2009,Spidersamm,"@eskimojoelted yeah  and LOL at what that borat dude did to him at ze MTV awards, HAHAHAHA so cruel.",Kenya
2065724963,Sun Jun 07 09:10:06 PDT 2009,webwoke,"owww god, drop by 2  74. jumptags.com",Italy
2065756219,Sun Jun 07 09:13:41 PDT 2009,lost_dog,@laolsen I am lost. Please help me find a good home. ,China
2065773903,Sun Jun 07 09:15:45 PDT 2009,Spidersamm,"ooof, im going to bed cos its 2  and i probably wont get up till forever tomorrow D:",Australia
2065920769,Sun Jun 07 09:32:56 PDT 2009,thisgoeshere,@erin82883 oh. i didn't know that! well yay! tmw is too far away. ,Thailand
2065953431,Sun Jun 07 09:36:37 PDT 2009,thisgoeshere,"@juhidee119 sadly no, i would have let him. it was my co worker. ",Tanzania
2066192718,Sun Jun 07 10:03:37 PDT 2009,lost_dog,@mfgreer I am lost. Please help me find a good home. ,Thailand
2066347761,Sun Jun 07 10:20:54 PDT 2009,ramdomthoughts,@pete_c WWDC is tomorrow mate? ll be at college tomorrow evening - unable to watch live coverage  But yes - will be buying one.,USA
2066625739,Sun Jun 07 10:52:25 PDT 2009,SongoftheOss,"@_CorruptedAngel don't do that! I was all worried, personal safety is very important especially in virtual life *cross stare* ",Australia
2066688097,Sun Jun 07 10:59:29 PDT 2009,Karen230683,@mories23 I'm just going for a bath then pjs and bed with a DVD work tomoz ,Japan
2066744946,Sun Jun 07 11:05:34 PDT 2009,lost_dog,@schweick13 I am lost. Please help me find a good home. ,Jamaica
2066856513,Sun Jun 07 11:17:54 PDT 2009,lost_dog,@BeachMomof2 I am lost. Please help me find a good home. ,Spain
2067025057,Sun Jun 07 11:36:39 PDT 2009,thisgoeshere,@Ilkee you are? ima not  *is shamed*,Brazil
2067274801,Sun Jun 07 12:03:32 PDT 2009,lost_dog,@sylvietta89 I am lost. Please help me find a good home. ,South Africa
2067314001,Sun Jun 07 12:07:38 PDT 2009,lost_dog,@rozcallahn I am lost. Please help me find a good home. ,South Korea
2067471741,Sun Jun 07 12:24:14 PDT 2009,lost_dog,@sp3ncerati I am lost. Please help me find a good home. ,USA
2067545529,Sun Jun 07 12:32:06 PDT 2009,webwoke,"owww god, drop by 1  21. sulumitsretsambew-id.com",Japan
2067545641,Sun Jun 07 12:32:07 PDT 2009,webwoke,aughh... drop by 1  22. yehia.org,Colombia
2067564228,Sun Jun 07 12:34:06 PDT 2009,webwoke,holys**t drop by 1  23. slideboom.com,Ecuador
2067564391,Sun Jun 07 12:34:07 PDT 2009,webwoke,auch... drop by 1  25. tribbleagency.com,France
2067583159,Sun Jun 07 12:36:06 PDT 2009,webwoke,F**K! drop by 1  26. alexasalsabila.com,Chile
2067583265,Sun Jun 07 12:36:06 PDT 2009,webwoke,damn... drop by 1  27. 1888pressrelease.com,Egypt
2067583339,Sun Jun 07 12:36:07 PDT 2009,webwoke,damn... drop by 1  28. topseos.com,Cuba
2067602280,Sun Jun 07 12:38:06 PDT 2009,webwoke,damn... drop by 1  29. linkedin.com,Jamaica
2067602382,Sun Jun 07 12:38:06 PDT 2009,webwoke,aughh... drop by 1  30. phreakaholic.com,China
2067602468,Sun Jun 07 12:38:07 PDT 2009,webwoke,ohh s**t... drop by 1  31. elitestv.com,Indonesia
2067621549,Sun Jun 07 12:40:06 PDT 2009,webwoke,come on... drop by 1  32. renantech.com,Indonesia
2067621652,Sun Jun 07 12:40:07 PDT 2009,webwoke,"noooo..., drop by 1  33. sulumits-retsambew.biz",New Zealand
2067621774,Sun Jun 07 12:40:08 PDT 2009,webwoke,come on... drop by 1  34. thewhitehatter.com,Argentina
2067636547,Sun Jun 07 12:41:40 PDT 2009,VioletsCRUK,@jimkerr09 That was a really lovely tribute to your young friend....i'm sorry for your loss.  He sounded like a great lad!,Colombia
2067640720,Sun Jun 07 12:42:06 PDT 2009,webwoke,"owww god, drop by 1  36. vox.com",Japan
2067640781,Sun Jun 07 12:42:08 PDT 2009,webwoke,"noooo..., drop by 1  37. kabonfootprint.com",Nigeria
2067659260,Sun Jun 07 12:44:05 PDT 2009,webwoke,aughh... drop by 1  38. airevilo.com,Colombia
2067659437,Sun Jun 07 12:44:06 PDT 2009,webwoke,ohh s**t... drop by 1  40. blogspot.com,India
2067678410,Sun Jun 07 12:46:06 PDT 2009,webwoke,holys**t drop by 1  41. docstoc.com,India
2067678537,Sun Jun 07 12:46:06 PDT 2009,webwoke,"owww god, drop by 1  42. billhartzer.com",Indonesia
2067678639,Sun Jun 07 12:46:07 PDT 2009,webwoke,auch... drop by 1  43. topofblogs.com,USA
2067697514,Sun Jun 07 12:48:05 PDT 2009,webwoke,come on... drop by 1  44. blogtoplist.com,India
2067697672,Sun Jun 07 12:48:06 PDT 2009,webwoke,holys**t drop by 1  46. seoibiza.com,Germany
2067716419,Sun Jun 07 12:50:06 PDT 2009,webwoke,ohh s**t... drop by 1  47. domainmagnate.com,Tanzania
2067716555,Sun Jun 07 12:50:06 PDT 2009,webwoke,aughh... drop by 1  48. articlesbase.com,Dominican Republic
2067733186,Sun Jun 07 12:51:51 PDT 2009,lost_dog,@rakeycullen I am lost. Please help me find a good home. ,Colombia
2067735483,Sun Jun 07 12:52:06 PDT 2009,webwoke,aughh... drop by 1  50. sulumitsretsambew.org,India
2067735627,Sun Jun 07 12:52:07 PDT 2009,webwoke,aughh... drop by 1  51. sulumitsretsambew.biz,Chile
2067814724,Sun Jun 07 13:00:27 PDT 2009,VioletsCRUK,@IanJenkin lol aw i was hoping you'd be in there long enough to do a few home improvements!! ,South Africa
2067875215,Sun Jun 07 13:06:36 PDT 2009,VioletsCRUK,@Pepsimo Aw thats a shame...i hope he improves soon! You feel so helpless when they are poorly..theres nothin worse. ,France
2068236125,Sun Jun 07 13:44:04 PDT 2009,Karen230683,@Glasgowlassy I want that  @violetscruk,Brazil
2068390225,Sun Jun 07 14:00:07 PDT 2009,SongoftheOss,@lizwoolly which annoying profile are you getting no the spears one ,Brazil
2068736009,Sun Jun 07 14:36:20 PDT 2009,SongoftheOss,"@Applecored poor you, 11 min render  have you thought of the medium of crayon? ",Japan
2068856131,Sun Jun 07 14:49:27 PDT 2009,SongoftheOss,"@_CorruptedAngel oh no, I have to go soon as well - no lotto win again this weekend  x",Ecuador
2069503331,Sun Jun 07 15:59:58 PDT 2009,keza34,@Dojie i know havent broke 200 tweets all day.so not fair  xoxo,Antarctica
2069926712,Sun Jun 07 16:47:06 PDT 2009,lost_dog,@idiophone I am lost. Please help me find a good home. ,China
2069927195,Sun Jun 07 16:47:10 PDT 2009,lost_dog,@spokesdog I am lost. Please help me find a good home. ,Argentina
2070007551,Sun Jun 07 16:56:08 PDT 2009,webwoke,"noooo..., drop by 37  57. sulumitsretsambewno.com",Ecuador
2070022504,Sun Jun 07 16:57:46 PDT 2009,TraceyHewins,@DaleBuchanan so's my abdomen ,Brazil
2070025685,Sun Jun 07 16:58:07 PDT 2009,webwoke,ohh s**t... drop by 1  62.,Germany
2070025765,Sun Jun 07 16:58:08 PDT 2009,webwoke,ohh s**t... drop by 1  63. blogspot.com,Antarctica
2070025849,Sun Jun 07 16:58:10 PDT 2009,webwoke,F**K! drop by 1  64. marketingwithrenee.com,USA
2070044810,Sun Jun 07 17:00:06 PDT 2009,webwoke,damn... drop by 1  65. prankoffate.info,USA
2070045068,Sun Jun 07 17:00:08 PDT 2009,webwoke,"owww god, drop by 1  67. wabuf.com",New Zealand
2070084591,Sun Jun 07 17:04:07 PDT 2009,webwoke,damn... drop by 2  72. blogcatalog.com,New Zealand
2070084670,Sun Jun 07 17:04:07 PDT 2009,webwoke,"noooo..., drop by 2  73. jumptags.com",Ethiopia
2070084768,Sun Jun 07 17:04:08 PDT 2009,webwoke,ohh s**t... drop by 2  74. blogtopsites.com,Antarctica
2070104739,Sun Jun 07 17:06:07 PDT 2009,webwoke,"owww god, drop by 2  75. articledashboard.com",Tanzania
2070104965,Sun Jun 07 17:06:08 PDT 2009,webwoke,"owww god, drop by 3  78. blogratings.com",UK
2070123783,Sun Jun 07 17:08:07 PDT 2009,webwoke,"owww god, drop by 3  81. buzzfeed.com",South Korea
2070123919,Sun Jun 07 17:08:08 PDT 2009,webwoke,come on... drop by 3  82. blogmarks.net,South Korea
2070142508,Sun Jun 07 17:10:06 PDT 2009,webwoke,damn... drop by 8  84. seolithic.com,France
2070142638,Sun Jun 07 17:10:07 PDT 2009,webwoke,damn... drop by 5  85. trytomakemoneyonline.com,Indonesia
2070142741,Sun Jun 07 17:10:08 PDT 2009,webwoke,aughh... drop by 5  86. evilscience.org,UK
2070161726,Sun Jun 07 17:12:07 PDT 2009,webwoke,auch... drop by 5  87. businessweek.com,Cuba
2070161832,Sun Jun 07 17:12:08 PDT 2009,webwoke,aughh... drop by 5  88. sulumitsretsambewmaster.com,Ethiopia
2070161926,Sun Jun 07 17:12:08 PDT 2009,webwoke,aughh... drop by 5  89. opera.com,Colombia
2070563754,Sun Jun 07 17:55:12 PDT 2009,Jayme1988,@Rob_Cohn headache alllll gone thanks you!... take your rest MR!! I do not want a run down Rob ,Jamaica
2070660653,Sun Jun 07 18:05:11 PDT 2009,Jayme1988,OMG the BNP are prevailing... please someone take me away from this country and is ignorant people ,Germany
2070827126,Sun Jun 07 18:21:54 PDT 2009,Jayme1988,@bigkelleh People with the intention to ban other races and make homosexuality illegal are being voted into government ,Nigeria
2071011572,Sun Jun 07 18:40:59 PDT 2009,lost_dog,@amberleonen I am lost. Please help me find a good home. ,Peru
2071149311,Sun Jun 07 18:55:05 PDT 2009,lost_dog,@MissClock I am lost. Please help me find a good home. ,India
2071313618,Sun Jun 07 19:11:31 PDT 2009,Karen230683,@Glasgowlassy heehee I'm still a #sleepypussy  how ya?,Australia
2071745141,Sun Jun 07 19:51:44 PDT 2009,lost_dog,@thechadj I am lost. Please help me find a good home. ,Australia
2071814482,Sun Jun 07 19:57:56 PDT 2009,lost_dog,@Out_Inc I am lost. Please help me find a good home. ,Canada
2071838614,Sun Jun 07 20:00:09 PDT 2009,lost_dog,@gregkureluk I am lost. Please help me find a good home. ,Nigeria
2071865727,Sun Jun 07 20:02:25 PDT 2009,lost_dog,@AllieW I am lost. Please help me find a good home. ,Nigeria
2071866380,Sun Jun 07 20:02:28 PDT 2009,lost_dog,@TheSpinDoctor I am lost. Please help me find a good home. ,Nigeria
2071889599,Sun Jun 07 20:04:39 PDT 2009,lost_dog,@Shannon_Fox925 I am lost. Please help me find a good home. ,Indonesia
2072079020,Sun Jun 07 20:21:54 PDT 2009,lost_dog,@miznatch I am lost. Please help me find a good home. ,Jamaica
2072194594,Sun Jun 07 20:34:08 PDT 2009,webwoke,auch... drop by 1  23. slideboom.com,Colombia
2072213230,Sun Jun 07 20:36:08 PDT 2009,webwoke,F**K! drop by 1  25. tribbleagency.com,South Korea
2072213321,Sun Jun 07 20:36:09 PDT 2009,webwoke,damn... drop by 1  26. alexasalsabila.com,Tanzania
2072213449,Sun Jun 07 20:36:10 PDT 2009,webwoke,holys**t drop by 1  27. 1888pressrelease.com,Italy
2072231661,Sun Jun 07 20:38:08 PDT 2009,webwoke,F**K! drop by 1  28. topseos.com,South Korea
2072231731,Sun Jun 07 20:38:09 PDT 2009,webwoke,F**K! drop by 1  29. linkedin.com,Brazil
2072231815,Sun Jun 07 20:38:09 PDT 2009,webwoke,ohh s**t... drop by 1  30. phreakaholic.com,Cuba
2072257293,Sun Jun 07 20:40:59 PDT 2009,lost_dog,@cherrichiodo I am lost. Please help me find a good home. ,New Zealand
2072285109,Sun Jun 07 20:44:08 PDT 2009,webwoke,damn... drop by 34  52. twitter.com,South Africa
2072285184,Sun Jun 07 20:44:08 PDT 2009,webwoke,"owww god, drop by 18  57. blogspot.com",Germany
2072407553,Sun Jun 07 20:58:09 PDT 2009,webwoke,aughh... drop by 37  88. instablogs.com,Ethiopia
2072459083,Sun Jun 07 21:03:58 PDT 2009,lost_dog,@Eevee410 I am lost. Please help me find a good home. ,UK
2072477170,Sun Jun 07 21:06:03 PDT 2009,lost_dog,@WookieeChew I am lost. Please help me find a good home. ,Dominican Republic
2174369143,Sun Jun 14 22:24:35 PDT 2009,SallytheShizzle,@Jonas_Dreamgirl i haven't seen the ad either  I don't watch much tv XD,Germany
2174641428,Sun Jun 14 22:59:28 PDT 2009,StDAY,Ew. I've still got an hour left. Blegh. ,France
2174676244,Sun Jun 14 23:03:51 PDT 2009,StDAY,Crap. I think I'm getting cramps. Boo. ,Italy
2174942510,Sun Jun 14 23:41:20 PDT 2009,lost_dog,@fightingmania I am lost. Please help me find a good home. ,Canada
2175117045,Mon Jun 15 00:07:41 PDT 2009,lost_dog,@destuhknee I am lost. Please help me find a good home. ,India
2175328478,Mon Jun 15 00:41:02 PDT 2009,Spidersamm,reading through the dolly magazine ''marijuana. it can mess up your head and your life.''   fuckyou dolly your not helping.,Thailand
2175337059,Mon Jun 15 00:42:27 PDT 2009,SallytheShizzle,SOMEBODY RECORD THAT THING THEY'RE DOING FOR JONAS!! &lt;3 i'd do it but my bro is playing xbox360 now ,Ecuador
2175363971,Mon Jun 15 00:46:54 PDT 2009,Karen230683,@VioletsCRUK friend txt wants to go wee wander round shops! Then I got rachel at 4.30  no relaxing with monster child lol,Egypt
2175528428,Mon Jun 15 01:14:31 PDT 2009,lost_dog,@K9Magazine I am lost. Please help me find a good home. ,Ecuador
2175564038,Mon Jun 15 01:20:42 PDT 2009,Spidersamm,@shaundiviney better come to Tassie :@  :@ ,Cuba
2175572623,Mon Jun 15 01:22:11 PDT 2009,Spidersamm,@staaceeyy yes  + him and dad get really bad intergestion thingy aswell which wouldnt help.,Australia
2175576360,Mon Jun 15 01:22:51 PDT 2009,Spidersamm,"i dont want stack to do another tour cos it will just cost me to much money AGAIN, haha ",Germany
2175595270,Mon Jun 15 01:26:07 PDT 2009,Spidersamm,"heart burn  thanks chicken strips, hahah",Cuba
2175713064,Mon Jun 15 01:46:40 PDT 2009,SallytheShizzle,@wimjimjam it's okay... thanks. Stupid thing  haha,Peru
2175729682,Mon Jun 15 01:49:43 PDT 2009,Karen230683,@David_Laing I have no office the now it's a building site ,Cuba
2175730695,Mon Jun 15 01:49:53 PDT 2009,VioletsCRUK,Oh i want the sun back..its too cloudy! boohoo! ,South Africa
2175776327,Mon Jun 15 01:58:12 PDT 2009,SallytheShizzle,it should NOT take a 14 sec video an estimated 40 mins... -glares- ,Germany
2175799614,Mon Jun 15 02:02:02 PDT 2009,Karen230683,@NiaBassett oh god  hope she is ok huge hugs xxx,Ecuador
2175863102,Mon Jun 15 02:12:58 PDT 2009,nuttychris,@DutchieDude nope  why??,Italy
2175865579,Mon Jun 15 02:13:24 PDT 2009,nuttychris,How are you all?? omg 2 weeks left at college  dont want to leave for summer as will suck lol,Mexico
2175870852,Mon Jun 15 02:14:22 PDT 2009,Karen230683,It's raining  and doesn't look like it will stop,Ecuador
2175961428,Mon Jun 15 02:30:29 PDT 2009,VioletsCRUK,@deejay96 LOL famous for what? Tweeting a loada bollocks?!! OMG is it all those Britney Vid things..offs!! ,Canada
2175991551,Mon Jun 15 02:35:50 PDT 2009,VioletsCRUK,@Karen230683 Just in last 10 mins ffs..there is something seriously wrong with this situation!!! LOL ,Russia
2176257341,Mon Jun 15 03:21:59 PDT 2009,SallytheShizzle,@OfficialAS dangit! It's meant to have transfered my OLD number  -grumbles- can I be stuffed trying to change it?! HAHA,USA
2176558474,Mon Jun 15 04:11:22 PDT 2009,SallytheShizzle,@MAGGIECHICKEN haha yeah...i block people once a day...usually before I go to bed and I get a MILLION following me ,Germany
2176594709,Mon Jun 15 04:16:52 PDT 2009,lost_dog,@ScotRadcliffe I am lost. Please help me find a good home. ,Peru
2176996724,Mon Jun 15 05:13:37 PDT 2009,lost_dog,@CharahForevah I am lost. Please help me find a good home. ,USA
2177139875,Mon Jun 15 05:31:51 PDT 2009,lost_dog,@fwotd I am lost. Please help me find a good home. ,Italy
2177179010,Mon Jun 15 05:36:44 PDT 2009,Karen230683,@Sophie_Howard you poor things  xx,Colombia
2177290279,Mon Jun 15 05:50:09 PDT 2009,lost_dog,@sarahashley I am lost. Please help me find a good home. ,India
2177414816,Mon Jun 15 06:03:56 PDT 2009,Jayme1988,My Hip hurts lol I sound 70 but it really does ,France
2177428238,Mon Jun 15 06:05:20 PDT 2009,VioletsCRUK,@Karen230683 Awww booo that is crap!! Hate goin shopping and coming home empty handed! ,USA
2177495977,Mon Jun 15 06:12:29 PDT 2009,lost_dog,@TrainYourK9 I am lost. Please help me find a good home. ,Peru
2177664008,Mon Jun 15 06:29:49 PDT 2009,SallytheShizzle,@EricaHeartsYou naaaw. Have you slept at all?! ,Cuba
2177693056,Mon Jun 15 06:32:38 PDT 2009,Jayme1988,Wow we just flipped with the weather.... Rain Rain Go Away ,Brazil
2178008096,Mon Jun 15 07:03:19 PDT 2009,lost_dog,@Ingress66 I am lost. Please help me find a good home. ,Kenya
2178716550,Mon Jun 15 08:06:15 PDT 2009,nuttychris,@iHaps lmfao got interweb trouble @ home so am hardly on  wat u bn up 2 then?,UK
2179001922,Mon Jun 15 08:30:26 PDT 2009,lost_dog,@youragentinaz I am lost. Please help me find a good home. ,Tanzania
2179100123,Mon Jun 15 08:38:39 PDT 2009,lost_dog,@Beautytwit I am lost. Please help me find a good home. ,Tanzania
2179125740,Mon Jun 15 08:40:46 PDT 2009,lost_dog,@allisonpeltz I am lost. Please help me find a good home. ,Kenya
2180871501,Mon Jun 15 11:03:26 PDT 2009,StDAY,"Ew. I'm gonna close tonight, get home near 1am, sleep around 2, THEN have to get up EARLY to open tomorrow. Poo. ",New Zealand
2182288573,Mon Jun 15 12:58:30 PDT 2009,lost_dog,@NaughtyAllie I am lost. Please help me find a good home. ,Tanzania
2183616999,Mon Jun 15 14:45:09 PDT 2009,lost_dog,@lordofsquad I am lost. Please help me find a good home. ,USA
2183955574,Mon Jun 15 15:12:55 PDT 2009,lost_dog,@bluelacy I am lost. Please help me find a good home. ,Argentina
2184077702,Mon Jun 15 15:23:23 PDT 2009,lost_dog,@News3ThisAM I am lost. Please help me find a good home. ,Chile
2184170496,Mon Jun 15 15:31:19 PDT 2009,VioletsCRUK,@talkrubbish Aw thanks..im just bout to head up to bed in next 5 mins! Enjoy the beers! Boohoo!  LOL xx,Australia
2184432446,Mon Jun 15 15:54:12 PDT 2009,lost_dog,@bayareabeer I am lost. Please help me find a good home. ,Indonesia
2184436213,Mon Jun 15 15:54:32 PDT 2009,Karen230683,@Glasgowlassy @rosskie aaaaaaaaaaaaaaaargh why did I look ,Mexico
2184571616,Mon Jun 15 16:06:15 PDT 2009,Karen230683,@Glasgowlassy but she looks cuter #hairyfluffypussy  @violetscruk,UK
2184713015,Mon Jun 15 16:18:35 PDT 2009,lost_dog,@Zubbytubby I am lost. Please help me find a good home. ,Germany
2184896793,Mon Jun 15 16:34:52 PDT 2009,lost_dog,@meritageresort I am lost. Please help me find a good home. ,Italy
2185608502,Mon Jun 15 17:38:15 PDT 2009,StDAY,What I MEANT to do was something clever using the lyrics from This Town but it FAILED by sending before I was done. ,Egypt
2186048395,Mon Jun 15 18:16:53 PDT 2009,StDAY,But my boss was on the register so I didn't get to speak with him again. ,New Zealand
2186756872,Mon Jun 15 19:17:33 PDT 2009,lost_dog,@skyelinnet I am lost. Please help me find a good home. ,Chile
2186896412,Mon Jun 15 19:29:41 PDT 2009,SallytheShizzle,@IamJoeBeastmode you're not fighting with Sandy again are you?! ,Russia
2186907484,Mon Jun 15 19:30:35 PDT 2009,SallytheShizzle,@CasanovaJSandy i take that as a definite yes then!  -huggles-,South Korea
2186968551,Mon Jun 15 19:35:53 PDT 2009,lost_dog,@MargotB12 I am lost. Please help me find a good home. ,China
2187176284,Mon Jun 15 19:54:09 PDT 2009,lost_dog,@amberdestiny I am lost. Please help me find a good home. ,Indonesia
2187503283,Mon Jun 15 20:22:42 PDT 2009,lost_dog,@nlpascal I am lost. Please help me find a good home. ,Thailand
2187617927,Mon Jun 15 20:32:53 PDT 2009,lost_dog,@jonberrydesign I am lost. Please help me find a good home. ,Antarctica
2187618477,Mon Jun 15 20:32:56 PDT 2009,lost_dog,@therealzyannah I am lost. Please help me find a good home. ,Peru
2187642707,Mon Jun 15 20:35:08 PDT 2009,lost_dog,@julieebaby I am lost. Please help me find a good home. ,Chile
2188072694,Mon Jun 15 21:15:23 PDT 2009,StDAY,I switched my morning shift tomorrow for Wednesday. AWESOME. Now I can SLEEP after tonight. ,Australia
2188839272,Mon Jun 15 22:40:15 PDT 2009,StDAY,Blegh. I've got an hour and a half left. Boo. ,India
2189010676,Mon Jun 15 23:02:37 PDT 2009,SallytheShizzle,"Mum's making me cook, clean and all this stuff  -grumbles- stupid thing...",South Africa
2189067683,Mon Jun 15 23:10:06 PDT 2009,StDAY,@xoMusicLoverxo you should sleep... It's GOOD to sleep. I wish I could go home... But I still have like an HOUR of NOTHING. ,Chile
2189127774,Mon Jun 15 23:18:17 PDT 2009,lost_dog,@rhar4all I am lost. Please help me find a good home. ,New Zealand
2189173292,Mon Jun 15 23:24:43 PDT 2009,SallytheShizzle,oh this also means that the vid I'm making for adge...won't probably be uploaded till VERY LATE...it's not complete ,Chile
2189185544,Mon Jun 15 23:26:24 PDT 2009,lost_dog,@ShouldBeBlond I am lost. Please help me find a good home. ,Spain
2189204481,Mon Jun 15 23:29:07 PDT 2009,SallytheShizzle,@OfficialAS haha suuuuure... i mena I'm happy to see Patrick do &quot;Enchanted&quot; and &quot;Thriller&quot; xD buuuuut not as much time to talk to you ,Ecuador
2189242794,Mon Jun 15 23:34:31 PDT 2009,lost_dog,@roxiesworld I am lost. Please help me find a good home. ,Antarctica
2189251032,Mon Jun 15 23:35:40 PDT 2009,StDAY,How come everyone is going to sleep and I'm still stuck here?!? No fair!! ,Kenya
2189468451,Tue Jun 16 00:06:03 PDT 2009,lost_dog,@PetsAndAnimals I am lost. Please help me find a good home. ,New Zealand
2189964963,Tue Jun 16 01:23:16 PDT 2009,Karen230683,@highdigi heading in shortly a meeting ,Italy
2190034787,Tue Jun 16 01:34:58 PDT 2009,Spidersamm,fuckin cold ,Germany
2190371714,Tue Jun 16 02:32:17 PDT 2009,lost_dog,@beer_brewer I am lost. Please help me find a good home. ,Germany
2190508599,Tue Jun 16 02:56:04 PDT 2009,nuttychris,@o2sbe evening long time no tweet hows you? and wish i was but ya no  no pennys,Egypt
2190561034,Tue Jun 16 03:04:51 PDT 2009,lost_dog,@herefordtimes I am lost. Please help me find a good home. ,Japan
2190583487,Tue Jun 16 03:08:41 PDT 2009,nuttychris,"@sweetemmaxxx you miss me, and no internet at home  so can only tweet in college, or on mobile so no @ replys, lol so hows you?",Brazil
2190594091,Tue Jun 16 03:10:31 PDT 2009,nuttychris,"@Wossy evening, help! dunno what with, but i cant work as not in mood ",Thailand
2190617142,Tue Jun 16 03:14:39 PDT 2009,Jayme1988,@stevenblue I was going to fix but I only had a machine with IDE and the HDD had SATA ,Antarctica
2190641949,Tue Jun 16 03:18:55 PDT 2009,Jayme1988,@stevenblue But alas! IDE is now becoming obsolete ,Chile
2190688776,Tue Jun 16 03:26:56 PDT 2009,nuttychris,"@Jamesashton20 lol, teaching job am guessing? and dont talk to me about jobs as my mum telling me i need one for over summer and nxt yr ",Canada
2190744845,Tue Jun 16 03:36:21 PDT 2009,Jayme1988,I want my new PC lol no music means ,Egypt
2190760604,Tue Jun 16 03:39:06 PDT 2009,nuttychris,@sweetemmaxxx oh so i dont really get her ,Chile
2190784004,Tue Jun 16 03:43:03 PDT 2009,nuttychris,"got to go now as other tutor will be in soon, and ya no  so tweet l8a xxxxxxxxxxx",Thailand
2190785986,Tue Jun 16 03:43:23 PDT 2009,nuttychris,"@sofisticat awww get better, gtg as other tutor in soon ",Chile
2190806790,Tue Jun 16 03:46:48 PDT 2009,lost_dog,@RoryConstant I am lost. Please help me find a good home. ,China
2191145098,Tue Jun 16 04:37:34 PDT 2009,Jayme1988,RUBBING IT IN MUCH? why is there a wedding community person following me ,Italy
2191147185,Tue Jun 16 04:37:52 PDT 2009,lost_dog,@MacWoman I am lost. Please help me find a good home. ,Egypt
2191235420,Tue Jun 16 04:50:06 PDT 2009,lost_dog,@lkl I am lost. Please help me find a good home. ,Nigeria
2191405924,Tue Jun 16 05:12:26 PDT 2009,lost_dog,@angryJohnny I am lost. Please help me find a good home. ,Argentina
2191432789,Tue Jun 16 05:15:52 PDT 2009,Spidersamm,i want lava cake mthrfckr.   hmm,Ecuador
2191481232,Tue Jun 16 05:21:57 PDT 2009,Spidersamm,fk you myspace im going now ,Jamaica
2192054837,Tue Jun 16 06:25:58 PDT 2009,lost_dog,@frankcworld I am lost. Please help me find a good home. ,USA
2192174026,Tue Jun 16 06:37:44 PDT 2009,SallytheShizzle,I think I'm gonna get off twitter. I CANT take the LVATT talk :'( It makes me cry...  I DONT wanna know about it till Friday! :/,New Zealand
2192312279,Tue Jun 16 06:50:42 PDT 2009,lost_dog,@lindseyglover I am lost. Please help me find a good home. ,Dominican Republic
2192734358,Tue Jun 16 07:28:26 PDT 2009,SallytheShizzle,@OfficialAS i know...I'm soo depressed over this  love you,Canada
2192737851,Tue Jun 16 07:28:45 PDT 2009,SallytheShizzle,@IamJoeBeastmode Hey JOEY! Bring me LVATT please  I'm so sad. You yanks have it ,South Korea
2192790344,Tue Jun 16 07:33:13 PDT 2009,SallytheShizzle,@OfficialAS she'd be lke &quot;you just got a phooone&quot; haha and I'm not downloading it eitehr... unless i can't get it for months ,Thailand
2192937592,Tue Jun 16 07:46:03 PDT 2009,lost_dog,@johnnietolengo I am lost. Please help me find a good home. ,Nigeria
2193007732,Tue Jun 16 07:52:04 PDT 2009,SongoftheOss,"@shandreen oh I wish, honestly just one place on the entire web that could be porn free - is it that much to ask, well yes sadly ",Germany
2193425585,Tue Jun 16 08:26:31 PDT 2009,SallytheShizzle,Thanks world. Go burn. /emo. G'NIGHT! go fuck each other with your JB love ,USA
2193446647,Tue Jun 16 08:28:14 PDT 2009,SongoftheOss,Why isn't Bluetones - BloodBubble on here  â« http://blip.fm/~8blyt,New Zealand
2194674363,Tue Jun 16 10:06:35 PDT 2009,lost_dog,@mehulved I am lost. Please help me find a good home. ,Canada
2194933430,Tue Jun 16 10:27:18 PDT 2009,SongoftheOss,"@ms_cornwall oh god damn it, didn't think of that arrghhh just spent last half hour blocking bloody h0tt1e women  how you?",Australia
2195894464,Tue Jun 16 11:44:55 PDT 2009,lost_dog,@kbl104 I am lost. Please help me find a good home. ,Argentina
2196001869,Tue Jun 16 11:53:43 PDT 2009,Karen230683,@EmsyD No ,Brazil
2196124527,Tue Jun 16 12:03:31 PDT 2009,lost_dog,@studionumber9 I am lost. Please help me find a good home. ,Mexico
2196130567,Tue Jun 16 12:04:00 PDT 2009,Karen230683,@EmsyD nooooooo silly me ,China
2196332837,Tue Jun 16 12:19:59 PDT 2009,lost_dog,@AustinRamsland I am lost. Please help me find a good home. ,Ecuador
2196436430,Tue Jun 16 12:28:16 PDT 2009,lost_dog,@X1063 I am lost. Please help me find a good home. ,Indonesia
2197602645,Tue Jun 16 14:49:35 PDT 2009,lost_dog,@LKAC I am lost. Please help me find a good home. ,Nigeria
2197737963,Tue Jun 16 15:05:40 PDT 2009,Spidersamm,"fucking oath i cant tweet to much otherwise my phone will go flat and ill miss my shit stack call, ",Colombia
2197798635,Tue Jun 16 15:11:36 PDT 2009,Karen230683,@VioletsCRUK @glasgowlassy hello #twitterpussies i've  missed ya tonight ,India
2197809735,Tue Jun 16 15:12:39 PDT 2009,Karen230683,@Firequacker I know  poor thing,Colombia
2198002199,Tue Jun 16 15:28:49 PDT 2009,Karen230683,Oh fuck a duck u all could have reminded me I'm working tomorrow! 3am seems so close ,South Africa
2198040553,Tue Jun 16 15:31:39 PDT 2009,Karen230683,@mories23 I know ,Germany
2198077643,Tue Jun 16 15:34:29 PDT 2009,lost_dog,@blondetree I am lost. Please help me find a good home. ,Japan
2198122312,Tue Jun 16 15:38:04 PDT 2009,VioletsCRUK,@Karen230683 @glasgowlassy Trouble is she has a brain tumour and thats why she is over...wants to see us all before..well its not good! ,Nigeria
2198129428,Tue Jun 16 15:38:39 PDT 2009,Karen230683,@VioletsCRUK I be heading shortly  @glasgowlassy,France
2198153659,Tue Jun 16 15:40:38 PDT 2009,lost_dog,@zacharygresser I am lost. Please help me find a good home. ,Tanzania
2198392321,Tue Jun 16 16:00:55 PDT 2009,Karen230683,@VioletsCRUK no wonder I would be too  shall txt u tomoz I'm off to bed night night #twitterpuss xxx,USA
2198407137,Tue Jun 16 16:02:11 PDT 2009,Karen230683,@amysav83 @aerobic247 yes gang up on me  I was thinking more wasp/bee,Colombia
2198897412,Tue Jun 16 16:43:42 PDT 2009,VioletsCRUK,@Glasgowlassy Oh i know..trying not to think bout it ffs..so young with a wee boy too!! Don't know how im gonna handle it yet!  Awkward!!!,Australia
2198997026,Tue Jun 16 16:52:24 PDT 2009,SallytheShizzle,@JonasBrothers I'm still upset you at guys ,New Zealand
2199548095,Tue Jun 16 17:39:37 PDT 2009,SallytheShizzle,@CasanovaJSandy but you guys still got it  I've decided JB hates the southern half of the world.... ROFL XD,China
2199569029,Tue Jun 16 17:41:25 PDT 2009,SallytheShizzle,@7ohhfivahx Friday 19th ,Antarctica
2199647303,Tue Jun 16 17:48:12 PDT 2009,SallytheShizzle,http://twitpic.com/7l240 - Anyone notice a distinct LACK of red dancing hat wearing men?!! ,Peru
2200025432,Tue Jun 16 18:20:06 PDT 2009,SallytheShizzle,@IamJoeBeastmode pfft but you don't love me ,Chile
2201053453,Tue Jun 16 19:44:25 PDT 2009,SallytheShizzle,@Jonasbrothers I would have LOVED to get a copy on the 16th but noooo you make us wait! I'm going to be angry UNTIL friday  LOve you guys,Antarctica
2201224775,Tue Jun 16 19:58:47 PDT 2009,lost_dog,@Roos_Isle_360 I am lost. Please help me find a good home. ,Nigeria
2201227646,Tue Jun 16 19:59:02 PDT 2009,SallytheShizzle,my cat is in my closet... he's gonna be ruining my stash of art works ,UK
2201283024,Tue Jun 16 20:03:37 PDT 2009,StDAY,ARE YOU KIDDING ME?!?! I didn't pass one of my classes...  The one with the DAMNED PAPERS. ,Italy
2201359663,Tue Jun 16 20:09:58 PDT 2009,StDAY,I'm not gonna let this class mess me up or bum me out. I'll get over it. It just SUCKS that I KILLED myself for a class I didn't pass. ,India
2201409247,Tue Jun 16 20:14:06 PDT 2009,StDAY,"Damn. I have a HORRIBLE GPA. I just noticed. Gosh, I FAIL.  I really need to improve next year... ",Italy
2201777223,Tue Jun 16 20:45:30 PDT 2009,lost_dog,@arianna_skye I am lost. Please help me find a good home. ,Canada
2202319379,Tue Jun 16 21:35:46 PDT 2009,Karen230683,@dbdc aaaaw I'm just starting my day  hope last few hours fly by,France
2202894245,Tue Jun 16 22:37:00 PDT 2009,lost_dog,@blazin5050 I am lost. Please help me find a good home. ,Brazil
2202923168,Tue Jun 16 22:40:22 PDT 2009,StDAY,"I really hate it when people talk about me either, when I'm not in the room or as if I'm not there. It's freaking rude. ",Chile
2203163746,Tue Jun 16 23:09:23 PDT 2009,lost_dog,@thepshaw I am lost. Please help me find a good home. ,Ecuador
2203167721,Tue Jun 16 23:09:54 PDT 2009,Karen230683,@AngeKinder ugh its horrible!! Poor us  ppl in airport looking at me like I have swine flu!!,Canada
2203267006,Tue Jun 16 23:22:06 PDT 2009,Karen230683,@steve5424 yeah hayfever  and Morning how's u and the boys?? Cats that is lol,Kenya
2203366952,Tue Jun 16 23:35:00 PDT 2009,Karen230683,@gavdixon lol mine is the worst its been so far this morning ,South Korea
2204008264,Wed Jun 17 01:05:12 PDT 2009,StDAY,"And even though the weather thing on my phone says it's 59 degrees, I think it LIES. I'm kicking off my covers. It's stuffy and hot. ",India
2204081967,Wed Jun 17 01:16:33 PDT 2009,Spidersamm,"dear @melbourne if i have swine flu when i come back, i will...... i dunno  not be happy.",India
2204247827,Wed Jun 17 01:42:52 PDT 2009,Spidersamm,@andyclemmensen grrrrrrrr i didnt even tweet much while i was at school because i was saving my battery for after  &amp; you didnt even call,Argentina
2204315252,Wed Jun 17 01:53:46 PDT 2009,VioletsCRUK,@jason_2008 Aw you must be on your best behaviour then!! Im goin to be off today 2...have some family stuff to sort out!  Talk to u l8r!,Egypt
2204369472,Wed Jun 17 02:02:08 PDT 2009,Spidersamm,"@saamanthajaane hahhaha im really dumb  like my memory is SUPER bad this year, even my bloody social worker said that hahah",Germany
2204474868,Wed Jun 17 02:18:50 PDT 2009,VioletsCRUK,@OfficialAJC Isnt it bollocks!!! ,Dominican Republic
2204698550,Wed Jun 17 02:54:16 PDT 2009,Spidersamm,@staaceeyy pfffffffft what else was i supposed to write! pft pft pft go read it now then! haahhaahahahha would that be better...no ily ,Germany
2204831025,Wed Jun 17 03:14:45 PDT 2009,Jayme1988,@lilandtedsmum I am good thanks... just getting my PC sorted. my other one had a meltdown ,Argentina
2204892152,Wed Jun 17 03:24:38 PDT 2009,Spidersamm,@SpiderxBear im never happy. people piss me off and make me ,Kenya
2204959644,Wed Jun 17 03:35:12 PDT 2009,VioletsCRUK,@garry1bowie Shocking innit?!! I blame this shitty weather..its depressing! ,South Africa
2205151003,Wed Jun 17 04:04:53 PDT 2009,VioletsCRUK,@Glasgowlassy Oh its pissin down here too!!  A yrly physical is this through work or is it what they do in Canada? @karen230683,Argentina
2205486191,Wed Jun 17 04:50:41 PDT 2009,nuttychris,"@o2sbe lmfao busy week, unlucky but spose at least it wont be boring, and i am all good thanks loadsa cw to do  wish i was there  haha",Japan
2205595959,Wed Jun 17 05:04:22 PDT 2009,lost_dog,@melatidreamer I am lost. Please help me find a good home. ,Egypt
2205597492,Wed Jun 17 05:04:33 PDT 2009,SallytheShizzle,@OfficialAS lmaooooo same! GAAH  that vid is    rofl. Naww you always have work  cd soon!,Kenya
2205638183,Wed Jun 17 05:09:27 PDT 2009,nuttychris,"@JohnathanMac yeah i kinda new, as tryed uploading a new site that i made other day, but wont let me ",Colombia
2205642391,Wed Jun 17 05:09:57 PDT 2009,nuttychris,@nelsonmaud fucking amazing just got shit loadsa work to do  haha,South Africa
2205663067,Wed Jun 17 05:12:14 PDT 2009,nuttychris,"@keza34 working hard understatement, i have done shit loads  so not good  and all gd wbu?",Dominican Republic
2205742828,Wed Jun 17 05:21:23 PDT 2009,nuttychris,@keza34 aint had a lessong in 2 - 3 weeks as been in college 5days a week  lol,Australia
2205761646,Wed Jun 17 05:23:37 PDT 2009,nuttychris,@keza34 yup  god is sucks  lol,India
2205805051,Wed Jun 17 05:28:34 PDT 2009,nuttychris,@TraceyHewins its ok i guess loadsa coursework ,Australia
2205824835,Wed Jun 17 05:30:45 PDT 2009,lost_dog,@bizshrink I am lost. Please help me find a good home. ,Japan
2205829606,Wed Jun 17 05:31:17 PDT 2009,nuttychris,"@Josh_Biggs i am doing a national diploma in business,  so annoying atm as got loadsa cw to do  lol",UK
2205848755,Wed Jun 17 05:33:29 PDT 2009,Jayme1988,Oh lots of work to do... thanks a bunch thunder storm ,Tanzania
2206176369,Wed Jun 17 06:07:45 PDT 2009,lost_dog,@KateK729 I am lost. Please help me find a good home. ,Kenya
2206348233,Wed Jun 17 06:24:13 PDT 2009,SallytheShizzle,@OfficialAS but my net kept cutting out on me  lmaooo reason i was so annoyed before...a  bit earler,USA
2206601060,Wed Jun 17 06:47:20 PDT 2009,StDAY,Yeah...I don't know if I'm going back to sleep... This ain't cool.  I only slept like 4 hours. ,Dominican Republic
2206896286,Wed Jun 17 07:12:16 PDT 2009,Jayme1988,UK jobless total at 12-year high http://news.bbc.co.uk/1/hi/business/8104546.stm ,Tanzania
2207009814,Wed Jun 17 07:21:45 PDT 2009,StDAY,Ow. I got a muscle cramp in my shoulder. Owwwww. ,Dominican Republic
2207292540,Wed Jun 17 07:44:41 PDT 2009,nuttychris,@TraceyHewins i no its well bad lol  but hey needs to be done,Indonesia
2207313923,Wed Jun 17 07:46:22 PDT 2009,Karen230683,I am soooooooo stressed ,Kenya
2207838058,Wed Jun 17 08:26:52 PDT 2009,StDAY,So my initial alarm was for 27 minutes ago. My second one is for 20 minutes from now. I don't like being awake for both. ,Kenya
2207862764,Wed Jun 17 08:28:46 PDT 2009,StDAY,I might take a short little nap right now... Like half an hour... My head hurts from not sleeping... ,Mexico
2209356412,Wed Jun 17 10:17:50 PDT 2009,Karen230683,@sammo16 haha I have no wine in my house so I won't bother ,Australia
2209365961,Wed Jun 17 10:18:27 PDT 2009,Karen230683,@Firequacker good idea! Forgot it was broke and my ipod touch needs charged ,China
2209413880,Wed Jun 17 10:21:41 PDT 2009,lost_dog,@ChandraRyan I am lost. Please help me find a good home. ,Tanzania
2209415227,Wed Jun 17 10:21:47 PDT 2009,lost_dog,@DanversHerald I am lost. Please help me find a good home. ,Tanzania
2209416240,Wed Jun 17 10:21:51 PDT 2009,lost_dog,@DebbieDunn I am lost. Please help me find a good home. ,Kenya
2209417469,Wed Jun 17 10:21:56 PDT 2009,lost_dog,@FrostyPixie I am lost. Please help me find a good home. ,Russia
2209419659,Wed Jun 17 10:22:06 PDT 2009,lost_dog,@JamieDrokan I am lost. Please help me find a good home. ,UK
2209421139,Wed Jun 17 10:22:12 PDT 2009,lost_dog,@SarahBonkowski I am lost. Please help me find a good home. ,Nigeria
2209422405,Wed Jun 17 10:22:17 PDT 2009,lost_dog,@TSDonahue I am lost. Please help me find a good home. ,Australia
2209423348,Wed Jun 17 10:22:21 PDT 2009,lost_dog,@ThinkingSheep I am lost. Please help me find a good home. ,Peru
2209424879,Wed Jun 17 10:22:27 PDT 2009,lost_dog,@amandadadesky I am lost. Please help me find a good home. ,Cuba
2209426037,Wed Jun 17 10:22:32 PDT 2009,lost_dog,@jdwcornell I am lost. Please help me find a good home. ,India
2209428737,Wed Jun 17 10:22:43 PDT 2009,lost_dog,@kallenwa I am lost. Please help me find a good home. ,Russia
2209429795,Wed Jun 17 10:22:47 PDT 2009,lost_dog,@petcabaret I am lost. Please help me find a good home. ,Thailand
2209730317,Wed Jun 17 10:43:47 PDT 2009,lost_dog,@Bergtronzero I am lost. Please help me find a good home. ,Cuba
2211329846,Wed Jun 17 12:43:17 PDT 2009,lost_dog,@tweeter93 I am lost. Please help me find a good home. ,Australia
2212135003,Wed Jun 17 13:43:08 PDT 2009,lost_dog,@ME_here I am lost. Please help me find a good home. ,Colombia
2212245430,Wed Jun 17 13:51:27 PDT 2009,lost_dog,@madlymad I am lost. Please help me find a good home. ,Mexico
2213174857,Wed Jun 17 15:01:48 PDT 2009,lost_dog,@greenstarcoop I am lost. Please help me find a good home. ,Argentina
2213257317,Wed Jun 17 15:08:07 PDT 2009,lost_dog,@Rafaela_Freitas I am lost. Please help me find a good home. ,Kenya
2213335264,Wed Jun 17 15:14:17 PDT 2009,lost_dog,@debbiet I am lost. Please help me find a good home. ,France
2213362239,Wed Jun 17 15:16:23 PDT 2009,lost_dog,@bopa1125 I am lost. Please help me find a good home. ,Chile
2214119056,Wed Jun 17 16:17:36 PDT 2009,SallytheShizzle,"@ItsChelseaStaub you can hope. IF Obama hadn't been elected though, a LOT of other countries would have been disappointed too ",Germany
2214134024,Wed Jun 17 16:18:52 PDT 2009,SallytheShizzle,@CasanovaJSandy hey hey  how b you? where is everyone? ,Spain
2214285766,Wed Jun 17 16:31:38 PDT 2009,lost_dog,@kgustafson I am lost. Please help me find a good home. ,France
2214656741,Wed Jun 17 17:03:04 PDT 2009,SallytheShizzle,@CasanovaJSandy naawwww i got it straight away  i can't be cool :'(,Nigeria
2214753147,Wed Jun 17 17:11:06 PDT 2009,SallytheShizzle,@CasanovaJSandy fuckers!!  noooooooo -stabs twitter- but... :'(,UK
2214864121,Wed Jun 17 17:20:26 PDT 2009,lost_dog,@vilvic I am lost. Please help me find a good home. ,Egypt
2214891576,Wed Jun 17 17:22:44 PDT 2009,SallytheShizzle,@dorkierthanyou i tried to click the link but it dones't like me ,Nigeria
2215347011,Wed Jun 17 18:01:01 PDT 2009,lost_dog,@crockett_clarke I am lost. Please help me find a good home. ,Tanzania
2215571113,Wed Jun 17 18:19:18 PDT 2009,lost_dog,@thenicebrian I am lost. Please help me find a good home. ,Dominican Republic
2215774282,Wed Jun 17 18:35:35 PDT 2009,lost_dog,@nettie_b I am lost. Please help me find a good home. ,Spain
2216147266,Wed Jun 17 19:06:01 PDT 2009,lost_dog,@movements I am lost. Please help me find a good home. ,Japan
2216175017,Wed Jun 17 19:08:08 PDT 2009,lost_dog,@jalbus I am lost. Please help me find a good home. ,Egypt
2216605928,Wed Jun 17 19:42:42 PDT 2009,lost_dog,@thomashoffecker I am lost. Please help me find a good home. ,Colombia
2216899289,Wed Jun 17 20:07:09 PDT 2009,lost_dog,@missingpetads I am lost. Please help me find a good home. ,South Africa
2217314737,Wed Jun 17 20:41:33 PDT 2009,lost_dog,@lela_chelle I am lost. Please help me find a good home. ,Japan
2217409600,Wed Jun 17 20:49:42 PDT 2009,lost_dog,@ponyryder I am lost. Please help me find a good home. ,South Korea
2217799695,Wed Jun 17 21:24:10 PDT 2009,lost_dog,@MichiNOLA I am lost. Please help me find a good home. ,Australia
2218031547,Wed Jun 17 21:46:27 PDT 2009,lost_dog,@robbertbobbert I am lost. Please help me find a good home. ,Mexico
2218436998,Wed Jun 17 22:28:57 PDT 2009,lost_dog,@dustinoliver I am lost. Please help me find a good home. ,Chile
2218755306,Wed Jun 17 23:05:12 PDT 2009,StDAY,"The nightly news is depressing.  Car crashes, suicides, and now I hear sirens from my window. What's up with the world? ",Brazil
2218892742,Wed Jun 17 23:21:35 PDT 2009,StDAY,Everyone's turning their avatar green! I dont know if I can change mine on my phone and I don't have access to a computer! ,Dominican Republic
2218931640,Wed Jun 17 23:26:25 PDT 2009,StDAY,What the hell! I can't switch it back now!  This sucks! I'm stuck with these nasty bright green until I get back on a computer. ,Tanzania
2218948692,Wed Jun 17 23:28:34 PDT 2009,StDAY, This ain't cool... Maybe I can get on the computer before I go to sleep... Hopefully...,France
2220419500,Thu Jun 18 03:01:44 PDT 2009,Jayme1988,Why do female porn stars keep following me  lol,Nigeria
2220592238,Thu Jun 18 03:28:50 PDT 2009,SallytheShizzle,@wimjimjam i knooow. I want them now...but we don't even have anything to make them with  boooooo,India
2220606046,Thu Jun 18 03:30:50 PDT 2009,lost_dog,@aiimee_x I am lost. Please help me find a good home. ,Italy
2220790075,Thu Jun 18 03:59:11 PDT 2009,lost_dog,@gladsrealty I am lost. Please help me find a good home. ,Ethiopia
2221053316,Thu Jun 18 04:35:45 PDT 2009,SallytheShizzle,@stephanie_x_x i wanna do the 40 hour famine this year...but I don't have anyone to sponsor me ,Nigeria
2221089299,Thu Jun 18 04:40:30 PDT 2009,SallytheShizzle,@wimjimjam LMAO. 50 cents!! haha. Oh yeah.. economic problems :/ stupid thing  ALTHOUGH fastfood SHOULD be on a rising ;),Chile
2221242656,Thu Jun 18 05:00:07 PDT 2009,lost_dog,@erikbruce I am lost. Please help me find a good home. ,Italy
2221387107,Thu Jun 18 05:17:09 PDT 2009,Jayme1988,@ji_ric ,Antarctica
2221696997,Thu Jun 18 05:51:08 PDT 2009,lost_dog,@npdatadiva I am lost. Please help me find a good home. ,Canada
2221776790,Thu Jun 18 05:59:17 PDT 2009,lost_dog,@MichHudson I am lost. Please help me find a good home. ,Spain
2221863783,Thu Jun 18 06:07:29 PDT 2009,lost_dog,@maireos I am lost. Please help me find a good home. ,Peru
2221871493,Thu Jun 18 06:08:15 PDT 2009,SallytheShizzle,@stephanie_x_x That's one of the reasons i haven't watched any recent shows jb have been on... their new music  LOL TOMORROW ,Antarctica
2222132294,Thu Jun 18 06:32:37 PDT 2009,lost_dog,@newzjunky I am lost. Please help me find a good home. ,India
2222133013,Thu Jun 18 06:32:41 PDT 2009,lost_dog,@vcuspoon I am lost. Please help me find a good home. ,Tanzania
2222138083,Thu Jun 18 06:33:08 PDT 2009,SallytheShizzle,@OfficialAS waaaaah I just made my 3rd attempt to load your bday vid...but imovie is being a shithead again ,Germany
2222438427,Thu Jun 18 06:59:07 PDT 2009,SallytheShizzle,@OfficialAS my bum !  sorry...  i'm always in a valencia mood xD,Canada
2222898060,Thu Jun 18 07:35:14 PDT 2009,lost_dog,@ImTiredOf I am lost. Please help me find a good home. ,Canada
2223056384,Thu Jun 18 07:47:37 PDT 2009,lost_dog,@amberrawli I am lost. Please help me find a good home. ,Italy
2223161274,Thu Jun 18 07:55:48 PDT 2009,lost_dog,@iamdamnsam I am lost. Please help me find a good home. ,Italy
2223468374,Thu Jun 18 08:18:43 PDT 2009,lost_dog,@Slashination I am lost. Please help me find a good home. ,China
2223524335,Thu Jun 18 08:22:57 PDT 2009,lost_dog,@dunchinson I am lost. Please help me find a good home. ,Antarctica
2223571052,Thu Jun 18 08:26:27 PDT 2009,Jayme1988,@lilandtedsmum Having problems... I don't have a passport  got to take my life  documents in with me... and I am stuck in work ,Kenya
2224214443,Thu Jun 18 09:13:39 PDT 2009,lost_dog,@exmouthjournal I am lost. Please help me find a good home. ,France
2224742232,Thu Jun 18 09:52:38 PDT 2009,Karen230683,Home but not for long late shift with 2 of the workmen and my boss!! Woo hoo ,UK
2225553599,Thu Jun 18 10:51:52 PDT 2009,lost_dog,@OKMayer I am lost. Please help me find a good home. ,Italy
2226128195,Thu Jun 18 11:34:00 PDT 2009,lost_dog,@StolenDogs I am lost. Please help me find a good home. ,China
2226627241,Thu Jun 18 12:11:06 PDT 2009,SongoftheOss,"@_CorruptedAngel not the r word, too much for me  any lady chooses to be with me free and fair x",Germany
2226679996,Thu Jun 18 12:15:02 PDT 2009,SongoftheOss,"@_CorruptedAngel oh the quote I recognise, just you could have modified it for me  *wipes tear* x",Dominican Republic
2226766851,Thu Jun 18 12:21:34 PDT 2009,SongoftheOss,"On hindsight, telling you I could not get into spymaster was a stupid idea, everyone has been trying to kill me ",Nigeria
2226900727,Thu Jun 18 12:31:41 PDT 2009,Karen230683,@wide_receiver my laptop died ,Jamaica
2226940374,Thu Jun 18 12:34:39 PDT 2009,Karen230683,@wide_receiver god damn it why did u have to say that? ,Italy
2227651429,Thu Jun 18 13:27:52 PDT 2009,lost_dog,@alyssenoel I am lost. Please help me find a good home. ,South Korea
2228321785,Thu Jun 18 14:17:40 PDT 2009,StDAY,@eeshkapeesh The whole green thing messed up my pic. ,New Zealand
2228881783,Thu Jun 18 15:00:22 PDT 2009,Karen230683,@Glasgowlassy ah I'm wide awake  hate whisky! How's u? U home?,Tanzania
2228987321,Thu Jun 18 15:08:19 PDT 2009,lost_dog,@ibcreative I am lost. Please help me find a good home. ,Australia
2229042814,Thu Jun 18 15:12:31 PDT 2009,lost_dog,@CaesarPigeon I am lost. Please help me find a good home. ,Canada
2229043559,Thu Jun 18 15:12:34 PDT 2009,lost_dog,@mawds666 I am lost. Please help me find a good home. ,India
2229093910,Thu Jun 18 15:16:27 PDT 2009,Karen230683,@wide_receiver gimme some ,Australia
2229122690,Thu Jun 18 15:18:42 PDT 2009,lost_dog,@markrbaird I am lost. Please help me find a good home. ,Thailand
2229127489,Thu Jun 18 15:19:06 PDT 2009,Karen230683,@NiaBassett wish someone else Would make me some ,Cuba
2229219424,Thu Jun 18 15:26:20 PDT 2009,Karen230683,@nitch79 that's not funny  lol I'm alright x,Kenya
2229226556,Thu Jun 18 15:26:56 PDT 2009,lost_dog,@nathanep I am lost. Please help me find a good home. ,Russia
2229306244,Thu Jun 18 15:33:12 PDT 2009,SongoftheOss,@ThisStarChild but who wants to see all those scars  as for the workshop I explained there was a mixup with the slides....cough....,China
2229327545,Thu Jun 18 15:34:55 PDT 2009,SallytheShizzle,i need to take some nurofemln. The pain is resettling in ,USA
2229352457,Thu Jun 18 15:36:53 PDT 2009,SongoftheOss,@tammielynne hey? what is going on I am keep being told bizarre things...has my tiny small male brain finally failed ,Kenya
2229482809,Thu Jun 18 15:47:18 PDT 2009,lost_dog,@xoxoJBhautner I am lost. Please help me find a good home. ,France
2229743477,Thu Jun 18 16:08:41 PDT 2009,Jayme1988,@rjakesdub never good sweetie ,Cuba
2229793738,Thu Jun 18 16:12:54 PDT 2009,StDAY,Seriously I NEED to clean. This place is a sty. Why can't I focus??  If I don't clean NOW I won't be able to write soon. ,Thailand
2230268109,Thu Jun 18 16:52:31 PDT 2009,lost_dog,@Helentheclark I am lost. Please help me find a good home. ,Indonesia
2230365274,Thu Jun 18 17:00:42 PDT 2009,lost_dog,@GiinyOjeda I am lost. Please help me find a good home. ,Tanzania
2230642289,Thu Jun 18 17:24:05 PDT 2009,lost_dog,@JustOutPortland I am lost. Please help me find a good home. ,Russia
2230643012,Thu Jun 18 17:24:09 PDT 2009,lost_dog,@VaultMartini I am lost. Please help me find a good home. ,New Zealand
2230811189,Thu Jun 18 17:38:20 PDT 2009,lost_dog,@TheBuzzByBrian I am lost. Please help me find a good home. ,Germany
2230825247,Thu Jun 18 17:39:36 PDT 2009,SallytheShizzle,@BrittGoosie naaaaw. Maybe cause it costs more to call you  I don't get calls either  not even from my friends here :'(,South Africa
2230835412,Thu Jun 18 17:40:25 PDT 2009,lost_dog,@pearlgirl I am lost. Please help me find a good home. ,Canada
2232041349,Thu Jun 18 19:22:17 PDT 2009,lost_dog,@spider702 I am lost. Please help me find a good home. ,Antarctica
2232560742,Thu Jun 18 20:04:49 PDT 2009,lost_dog,@lesliepardo I am lost. Please help me find a good home. ,Jamaica
2232586855,Thu Jun 18 20:06:54 PDT 2009,lost_dog,@ralphpinkus I am lost. Please help me find a good home. ,Antarctica
2232781691,Thu Jun 18 20:23:10 PDT 2009,lost_dog,@portlandriders I am lost. Please help me find a good home. ,Australia
2233509957,Thu Jun 18 21:27:58 PDT 2009,lost_dog,@Melissa_Randall I am lost. Please help me find a good home. ,Mexico
2233564740,Thu Jun 18 21:32:59 PDT 2009,SallytheShizzle,By the end of next week...I'm going to be 4-eyes  BUUT I got CR bedsheets and I hope to get LVATT tonight,Mexico
2233598225,Thu Jun 18 21:36:08 PDT 2009,lost_dog,@jon_hansen I am lost. Please help me find a good home. ,Cuba
2233714936,Thu Jun 18 21:47:04 PDT 2009,SallytheShizzle,http://twitpic.com/7rz3o - NO deformed JB  nAWWWWW!! At least it's them in spirit!  yeah... i was happy I have a single bed ,China
2233968074,Thu Jun 18 22:11:59 PDT 2009,SallytheShizzle,oh and guess what I found out? My eyes aren't shaped the usual way. Mine are sorta weird which gives me my headaches ,Ethiopia
2234020933,Thu Jun 18 22:17:24 PDT 2009,SallytheShizzle,@OfficialAS HAHHA YES ;) mum said i have to wear them all the time  buuuut only cause she thinks i'll smash em XD haha she knows me,Dominican Republic
2234254465,Thu Jun 18 22:42:34 PDT 2009,StDAY,Ugh. Just got my schedule for next week. I'm working the weekend again. Why? I told him I'd rather work weekdays and NOT on Sundays ,Japan
2234471991,Thu Jun 18 23:07:08 PDT 2009,Spidersamm,this accountant is saying big words i dont understand  im just sitting up the back being quiet  i just want to talllllkkkk!!!! mahhaha,Canada
2234710391,Thu Jun 18 23:35:24 PDT 2009,SallytheShizzle,I hate people who have those signs at concerts. I think it's disrespectful to other people...means SOMEONE can't see ,Ethiopia
2234809825,Thu Jun 18 23:48:01 PDT 2009,SallytheShizzle,@OfficialAS -virtual hugs- you can laugh at me next week ,Russia
2234920668,Fri Jun 19 00:02:00 PDT 2009,lost_dog,@hachipuppy I am lost. Please help me find a good home. ,Thailand
2235198772,Fri Jun 19 00:39:10 PDT 2009,StDAY,@eeshkapeesh Awww.  That sucks. I hate when that happens. (nearly every night for me),Colombia
2235237143,Fri Jun 19 00:44:38 PDT 2009,SallytheShizzle,@EricaHeartsYou why were you sad  -huggles-,Colombia
2235265168,Fri Jun 19 00:48:29 PDT 2009,SallytheShizzle,@EricaHeartsYou naaaaaw  That sucks!! Oh well...just have some fun ,Italy
2235397473,Fri Jun 19 01:06:54 PDT 2009,lost_dog,@okinawajapan I am lost. Please help me find a good home. ,Cuba
2236003066,Fri Jun 19 02:36:46 PDT 2009,Jayme1988,@rjw8888 I think I may have to come in here tomorrow morning  lets hope not.. you should take your weekends off!!,Spain
2236284601,Fri Jun 19 03:18:46 PDT 2009,SallytheShizzle,@OfficialAS lmao it's cool! I was TRYING to hack into Maccas wi-fi but I was too far away  sooo yesh XD,South Korea
2236305159,Fri Jun 19 03:22:00 PDT 2009,nuttychris,"@Jamesashton20 just stressed out, need to do a redo 2 assignments, and do anothe pass as have lost it somewhere  all got 2 b done by 4pm",Chile
2236336464,Fri Jun 19 03:26:58 PDT 2009,nuttychris,"@Jamesashton20 so all gd, at least it only one pass, about 2 pages of work i will need to do ",Japan
2236439663,Fri Jun 19 03:42:43 PDT 2009,lost_dog,@hosslass I am lost. Please help me find a good home. ,Chile
2236467542,Fri Jun 19 03:46:56 PDT 2009,nuttychris,@Dozeymagz that hurts ,Italy
2236481836,Fri Jun 19 03:49:08 PDT 2009,SongoftheOss,How could someone mess with the classic Vienna - I feel tears  â« http://blip.fm/~8hzol,India
2236620934,Fri Jun 19 04:09:10 PDT 2009,Spidersamm,@swayswaystacey i know  they dont reckon she'll make it much longer :'( and awh  im sorry dearrrrr (L),Italy
2236691601,Fri Jun 19 04:18:56 PDT 2009,SongoftheOss,@tattyted831 I know but I still hate it when I miss someone  x,Nigeria
2236954448,Fri Jun 19 04:53:40 PDT 2009,lost_dog,@notryagain I am lost. Please help me find a good home. ,Nigeria
2236984484,Fri Jun 19 04:57:24 PDT 2009,SallytheShizzle,@wimjimjam booo that sucks  and is very unfortunate :'( damn you no water!,Canada
2237047542,Fri Jun 19 05:04:47 PDT 2009,SallytheShizzle,I have to TIP the cd onto itunes cause it's not playing as a cd anymore  i think i broke my earphones OR &quot;Carla&quot; doesn't like JB,Nigeria
2237100212,Fri Jun 19 05:10:57 PDT 2009,Spidersamm,@swayswaystacey  what? ,Japan
2237121585,Fri Jun 19 05:13:26 PDT 2009,Spidersamm,"@swayswaystacey ily to  whats wrong, did i do something?",South Korea
2237132176,Fri Jun 19 05:14:42 PDT 2009,VioletsCRUK,@colinkelly ofgs my eyes are all filled up here...poor woman! ,Spain
2237210824,Fri Jun 19 05:23:40 PDT 2009,Jayme1988,@honk4peace I only had a bottle of water with me... although they could do with some clean water ,Argentina
2237278461,Fri Jun 19 05:31:12 PDT 2009,SongoftheOss,"@FizzyDuck technically I signed off 10 minutes ago, I am using lazy git powers to slow my departure  will miss your top humour though ",Egypt
2237290680,Fri Jun 19 05:32:31 PDT 2009,SongoftheOss,"@_CorruptedAngel working from home today, just leaving twit, sorry  dm me any news, especially more of your dreams *wink* oh no he didn't",Japan
2237562507,Fri Jun 19 06:00:29 PDT 2009,SongoftheOss,@secretplanet seems a little unreasonable to block you  still true love and all that... catch up later really must go now x,Peru
2237802529,Fri Jun 19 06:23:00 PDT 2009,Spidersamm,rrrrrrrr im going to bed cos im annoyed now ,Thailand
2237818716,Fri Jun 19 06:24:28 PDT 2009,Karen230683,@Glasgowlassy wee soul  god sake that when u got home?? What u doing tonight?? @violetscruk,Jamaica
2237871304,Fri Jun 19 06:29:17 PDT 2009,Spidersamm,"@swayswaystacey mhm my skin, haahha  rrrgghhh night xo",Ecuador
2237970009,Fri Jun 19 06:38:04 PDT 2009,SallytheShizzle,@OfficialAS http://twitpic.com/7sqll - haha! naaaaaaw coold ,China
2238104923,Fri Jun 19 06:49:46 PDT 2009,lost_dog,@SBen20 I am lost. Please help me find a good home. ,South Korea
2238128441,Fri Jun 19 06:51:43 PDT 2009,Spidersamm,@swayswaystacey i always shit stir people about everything and lots of them dont see the humour ,Peru
2238322874,Fri Jun 19 07:07:35 PDT 2009,Jayme1988,@turpentine2009 No I don't. good song though! sorry I don't have it  how are you doing #followfriday,Ecuador
2238335611,Fri Jun 19 07:08:39 PDT 2009,lost_dog,@GroovyRoom I am lost. Please help me find a good home. ,Nigeria
2238754272,Fri Jun 19 07:41:50 PDT 2009,lost_dog,@doglost I am lost. Please help me find a good home. ,Nigeria
2239370139,Fri Jun 19 08:27:38 PDT 2009,lost_dog,@amira4lyfe I am lost. Please help me find a good home. ,India
2239650337,Fri Jun 19 08:48:07 PDT 2009,Spidersamm,"@swayswaystacey same same, im tired  night. xo",Germany
2240776364,Fri Jun 19 10:08:57 PDT 2009,StDAY,@eeshkapeesh I KNOW! I hate it too! It messes up and makes my typing confusing! ,Ecuador
2240998617,Fri Jun 19 10:25:08 PDT 2009,lost_dog,@HudsonHomeTeam I am lost. Please help me find a good home. ,Tanzania
2241301959,Fri Jun 19 10:47:07 PDT 2009,Karen230683,@VioletsCRUK I can't be bothered ,Canada
2241310875,Fri Jun 19 10:47:47 PDT 2009,lost_dog,@moroccoblu I am lost. Please help me find a good home. ,China
2241990007,Fri Jun 19 11:37:51 PDT 2009,SongoftheOss,"@shandreen lucky enough I am big enough to take it then, well I say big, more medium, well, more just enough...*sigh* ",Argentina
2243151975,Fri Jun 19 13:05:18 PDT 2009,lost_dog,@Yonitin1 I am lost. Please help me find a good home. ,Nigeria
2244235215,Fri Jun 19 14:28:54 PDT 2009,Karen230683,Uch where are my #twitterpussies ? @glasgowlassy @violetscruk ,Peru
2244472766,Fri Jun 19 14:47:30 PDT 2009,Karen230683,@leonkay evening mr kay how's things? Twitter ain't the same without ya ,Indonesia
2244548514,Fri Jun 19 14:53:37 PDT 2009,StDAY,I guess that's a no on A Cinderella Story...  Especially since my DVD player is on the fritz too. What's up with technology FAILING today?,Tanzania
2244857717,Fri Jun 19 15:18:57 PDT 2009,Karen230683,@madagazcar uff noooooooo I want one ,Russia
2244974348,Fri Jun 19 15:28:47 PDT 2009,VioletsCRUK,"@Karen230683 Awww its been crap not being able to get on much today, but my Mum goin away in morning so had to make effort!  @glasgowlassy",Spain
2245231052,Fri Jun 19 15:50:29 PDT 2009,SongoftheOss,@Suze_W I think I may have upset @harpibizarre nothing intended and feel bad now  x,Cuba
2245852428,Fri Jun 19 16:44:00 PDT 2009,lost_dog,@axel2010a I am lost. Please help me find a good home. ,Australia
2245853116,Fri Jun 19 16:44:04 PDT 2009,lost_dog,@melissamcd I am lost. Please help me find a good home. ,Canada
2246243397,Fri Jun 19 17:18:18 PDT 2009,SallytheShizzle,i WANT TO GO TO THE BEEEEEEEACH! But if I do...I'd freeze  I HATE WINTEEEEEER!!,Kenya
2246336110,Fri Jun 19 17:26:40 PDT 2009,lost_dog,@csinger4ever I am lost. Please help me find a good home. ,Dominican Republic
2246582782,Fri Jun 19 17:48:58 PDT 2009,lost_dog,@steven_king I am lost. Please help me find a good home. ,South Korea
2247103186,Fri Jun 19 18:35:37 PDT 2009,lost_dog,@xheatherbrucex I am lost. Please help me find a good home. ,India
2247687177,Fri Jun 19 19:28:19 PDT 2009,lost_dog,@thepetfund I am lost. Please help me find a good home. ,Spain
2248174490,Fri Jun 19 20:12:53 PDT 2009,lost_dog,@GretaFrances I am lost. Please help me find a good home. ,Argentina
2248350005,Fri Jun 19 20:29:08 PDT 2009,lost_dog,@lorrie63 I am lost. Please help me find a good home. ,Ethiopia
2248478827,Fri Jun 19 20:41:20 PDT 2009,lost_dog,@ricmunoz I am lost. Please help me find a good home. ,Colombia
2249022591,Fri Jun 19 21:35:07 PDT 2009,Spidersamm,"samantha paige, what a shit name  hahah",Australia
2249185317,Fri Jun 19 21:52:16 PDT 2009,lost_dog,@CreativeGirl I am lost. Please help me find a good home. ,Nigeria
2249525746,Fri Jun 19 22:30:02 PDT 2009,SallytheShizzle,@OfficialAS it doesn't get an upload location  stupid piece of shit!,Ethiopia
2249619570,Fri Jun 19 22:40:55 PDT 2009,SallytheShizzle,@OfficialAS yes...but i set it always to private and THEN set to public :X hahahaha it's stupid  it was awesome too,Cuba
2249885697,Fri Jun 19 23:13:26 PDT 2009,Spidersamm,"dood, people wonder why my skin pisses me off.. its shitty+ i cant wear makeup without it irratating and going red ew  ouch, ugly  hahah",Colombia
2249898704,Fri Jun 19 23:15:04 PDT 2009,Spidersamm,@evAllTimeLow but not now cos ihavent even been wearing makeup and the weather makes my skin shitty and  hmm,Colombia
2249947266,Fri Jun 19 23:21:18 PDT 2009,lost_dog,@piciwarelungi I am lost. Please help me find a good home. ,USA
2250173235,Fri Jun 19 23:52:34 PDT 2009,StDAY,Ugh. I really do think I'm getting sick. Not cool.  I hate coughs.,Spain
2250335021,Sat Jun 20 00:15:59 PDT 2009,lost_dog,@_intricacy I am lost. Please help me find a good home. ,Brazil
2250697816,Sat Jun 20 01:13:50 PDT 2009,StDAY,I am Sam!!!! Awwww! I LOVE THIS MOVIE! Oh no. Can't watch it. I'll cry. ,India
2250737580,Sat Jun 20 01:20:30 PDT 2009,StDAY,"Oh my god, I forgot they were gonna give King Arthur today! I missed it! I haven't seen that in FOREVER! ",Kenya
2250810635,Sat Jun 20 01:33:23 PDT 2009,lost_dog,@Adolf_Twitler I am lost. Please help me find a good home. ,Cuba
2251045060,Sat Jun 20 02:15:54 PDT 2009,SallytheShizzle,@stephanie_x_x so you can easily already go out and get it? Or she's not letting you spend the money?! That sucks ,Spain
2251064087,Sat Jun 20 02:19:31 PDT 2009,SallytheShizzle,@wimjimjam yes yes yes... stupid people  UNLESS it's my twitter use? ROFL...but I use wi-fi at home :/,Dominican Republic
2251161097,Sat Jun 20 02:37:40 PDT 2009,SallytheShizzle,I GIVE UP! GAAAAAAAH! I'm NOT touching the mobile net on my phone for a while. SHIT HEADS! unlimited FB or not ,Canada
2251177765,Sat Jun 20 02:40:45 PDT 2009,Karen230683, out tonight for my birthday and I got a huuuuuge spot  TYPICAL,Jamaica
2251231290,Sat Jun 20 02:50:58 PDT 2009,SallytheShizzle,@wimjimjam damn your brother!!  -glares- what's at&amp;t... the company you were with?,South Africa
2251307871,Sat Jun 20 03:05:08 PDT 2009,SallytheShizzle,8pm and we're NOT getting dinner tonight  BLOODY PARENTS! &quot;we're not cooking!&quot; -glares- HAHAHA,Tanzania
2251328059,Sat Jun 20 03:08:53 PDT 2009,SallytheShizzle,@wimjimjam so you guys get LESS holidays? Naw that sucks  But you get Xmas and New Year and stuff?,Egypt
2251336436,Sat Jun 20 03:10:27 PDT 2009,SallytheShizzle,@TraceCyrus they're going to put an EXTRA tax on alco-pops in Australia  too many kids buying. I LIKE MY ALCO-POPS!! :'(,Kenya
2251394538,Sat Jun 20 03:21:50 PDT 2009,SallytheShizzle,@wimjimjam is it a big project? What arses you get a small break AND homework ,South Korea
2251445740,Sat Jun 20 03:31:47 PDT 2009,Spidersamm,"@swayswaystacey hahaha awh, what did he say ",Kenya
2251512900,Sat Jun 20 03:44:54 PDT 2009,SallytheShizzle,I'm hungry. GAAAAAAAAH. No freaking dinner ...yes I'm sorry I'm still complaining ,Italy
2251805584,Sat Jun 20 04:38:05 PDT 2009,Spidersamm,@swayswaystacey  i dont have a nintendo 64... thats the thing  HAHA on wii its shit.,Mexico
2251869922,Sat Jun 20 04:49:33 PDT 2009,Spidersamm,i think ima go to bed.  sam is tired,Germany
2251898565,Sat Jun 20 04:54:36 PDT 2009,Spidersamm,@swayswaystacey tired  bored  sick of internet,Tanzania
2252002820,Sat Jun 20 05:11:36 PDT 2009,Karen230683,@Stev02008 me too ,Argentina
2252232560,Sat Jun 20 05:47:35 PDT 2009,StDAY,PLEASE tell me I'll be able to get back to sleep. Because I've already been up for longer than I want. Why am even awake??? It's 5:47am!! ,Colombia
2252414522,Sat Jun 20 06:12:54 PDT 2009,lost_dog,@mischiefmuttntx I am lost. Please help me find a good home. ,Indonesia
2252460811,Sat Jun 20 06:19:01 PDT 2009,lost_dog,@nevillecurtis I am lost. Please help me find a good home. ,China
2252476990,Sat Jun 20 06:21:07 PDT 2009,lost_dog,@Debra_Hamel I am lost. Please help me find a good home. ,Chile
2252928803,Sat Jun 20 07:15:55 PDT 2009,lost_dog,@brianne1017 I am lost. Please help me find a good home. ,South Africa
2253057283,Sat Jun 20 07:30:20 PDT 2009,lost_dog,@tinkerile I am lost. Please help me find a good home. ,Brazil
2253131297,Sat Jun 20 07:38:29 PDT 2009,lost_dog,@Samanthakhan I am lost. Please help me find a good home. ,Japan
2253247732,Sat Jun 20 07:50:44 PDT 2009,lost_dog,@JesusSister I am lost. Please help me find a good home. ,Canada
2253322627,Sat Jun 20 07:58:40 PDT 2009,Karen230683,@Glasgowlassy nope ,Spain
2253566612,Sat Jun 20 08:23:03 PDT 2009,Jayme1988,@Chad_Lad I have a car and insurance to sort out in the next 2 weeks... no more shoes for me  lol,Canada
2253568715,Sat Jun 20 08:23:16 PDT 2009,lost_dog,@Moekelsak I am lost. Please help me find a good home. ,Antarctica
2253714106,Sat Jun 20 08:37:29 PDT 2009,lost_dog,@ecorrado I am lost. Please help me find a good home. ,Jamaica
2254325342,Sat Jun 20 09:34:31 PDT 2009,lost_dog,@killerlipstick I am lost. Please help me find a good home. ,Ethiopia
2254933455,Sat Jun 20 10:30:28 PDT 2009,StDAY,At work. Yay. My throat still feels weird. Ugh. I don't want to get sick. ,New Zealand
2255250582,Sat Jun 20 10:59:10 PDT 2009,StDAY,"Told her I went to sleep at 2, woke up at 5:30 and &quot;slept&quot; till 9 but it was more like drifting in and out and actual sleep.  Ugh.",India
2255261821,Sat Jun 20 11:00:09 PDT 2009,lost_dog,@figmdn I am lost. Please help me find a good home. ,Cuba
2255581747,Sat Jun 20 11:28:47 PDT 2009,lost_dog,@Jerkasaurous I am lost. Please help me find a good home. ,France
2255614423,Sat Jun 20 11:31:40 PDT 2009,StDAY,My coworker is telling me about stuff going on with her husband. I don't want to seem rude but I REALLY don't care! ,China
2255627969,Sat Jun 20 11:32:53 PDT 2009,lost_dog,@CaraMandart I am lost. Please help me find a good home. ,Spain
2255989000,Sat Jun 20 12:05:38 PDT 2009,lost_dog,@petsdotca I am lost. Please help me find a good home. ,Egypt
2255989568,Sat Jun 20 12:05:41 PDT 2009,lost_dog,@tamieelyn I am lost. Please help me find a good home. ,Ethiopia
2256033046,Sat Jun 20 12:09:36 PDT 2009,Jayme1988,Off to have a bath! (I want a new shower) ,Italy
2256129402,Sat Jun 20 12:18:17 PDT 2009,StDAY,Great. The first customer was this snot-nosed teenage boy who put me in a worse mood. Ugh. ,Argentina
2256711970,Sat Jun 20 13:11:23 PDT 2009,lost_dog,@beckiechangg I am lost. Please help me find a good home. ,Dominican Republic
2257272850,Sat Jun 20 14:04:25 PDT 2009,lost_dog,@Steveston I am lost. Please help me find a good home. ,Ecuador
2257423201,Sat Jun 20 14:18:48 PDT 2009,lost_dog,@Wilma_woo I am lost. Please help me find a good home. ,Peru
2258325187,Sat Jun 20 15:44:36 PDT 2009,lost_dog,@NoBarb I am lost. Please help me find a good home. ,Kenya
2258688320,Sat Jun 20 16:20:04 PDT 2009,VioletsCRUK,@talkrubbish  no i didn't - think they were on to me when they seen me trying to sneak him up my jumper! LOL Hows you?,Spain
2258811021,Sat Jun 20 16:32:08 PDT 2009,Jayme1988,@pdurham All good although. baby sister has toothache and has cried for 10 hours straight ,Russia
2258839490,Sat Jun 20 16:35:00 PDT 2009,StDAY,"@a_simple_girl super. (sarcasm). I'm annoyed, tired from 3 hrs of sleep, working and my throat hurts.  but how are you sweetie?",Peru
2258925544,Sat Jun 20 16:43:33 PDT 2009,lost_dog,@EdmOilers023 I am lost. Please help me find a good home. ,Peru
2259534928,Sat Jun 20 17:44:40 PDT 2009,lost_dog,@thebluemoongirl I am lost. Please help me find a good home. ,Argentina
2259789052,Sat Jun 20 18:09:55 PDT 2009,SallytheShizzle,"I'd rather die than let this pain take me over again. It's so hard, to let you go ",Japan
2259906312,Sat Jun 20 18:21:20 PDT 2009,lost_dog,@SteveStucker I am lost. Please help me find a good home. ,UK
2260282014,Sat Jun 20 18:58:07 PDT 2009,SallytheShizzle,@OfficialAS pfft i WONT! It's with my family.. we're looking at suits and shit. I want a kevin scarf :/ but i won't get it ,Russia
2260318663,Sat Jun 20 19:01:33 PDT 2009,Spidersamm,"omy gosh, my face is so shit... skin  ehrrrhh god dislike me i swear... ",Italy
2260597938,Sat Jun 20 19:28:35 PDT 2009,lost_dog,@wendymonster I am lost. Please help me find a good home. ,Peru
2260705766,Sat Jun 20 19:38:48 PDT 2009,lost_dog,@whatsonlondonUK I am lost. Please help me find a good home. ,Chile
2260813549,Sat Jun 20 19:48:50 PDT 2009,Spidersamm,"@swayswaystacey i saw you!!!!! i didnt run away, gosh shhhh now stacey your beautiful, i'd love to look like you  heaps of people would",Argentina
2260834666,Sat Jun 20 19:50:48 PDT 2009,Spidersamm,http://twitpic.com/7yziq - i miss you  bfffffffffffffffffl! actually bfatt AHAHAHA,New Zealand
2260845775,Sat Jun 20 19:51:54 PDT 2009,StDAY,Ugggggh! This thing is so SLOW. ,Japan
2260874193,Sat Jun 20 19:54:37 PDT 2009,SallytheShizzle,@BrittGoosie no! That sucks!!  At least your phone has music ,Colombia
2260879194,Sat Jun 20 19:55:05 PDT 2009,lost_dog,@raggedyannn I am lost. Please help me find a good home. ,Kenya
2261528186,Sat Jun 20 20:56:01 PDT 2009,lost_dog,@drush15 I am lost. Please help me find a good home. ,Peru
2261721183,Sat Jun 20 21:14:21 PDT 2009,lost_dog,@brigittec7 I am lost. Please help me find a good home. ,Dominican Republic
2261783087,Sat Jun 20 21:20:29 PDT 2009,lost_dog,@nikkiikky I am lost. Please help me find a good home. ,Dominican Republic
2261783536,Sat Jun 20 21:20:32 PDT 2009,lost_dog,@therealamina I am lost. Please help me find a good home. ,Peru
2262313285,Sat Jun 20 22:16:20 PDT 2009,Spidersamm,"@swayswaystacey same  but i dont know what course i'd wanna do, i dont know what i want... ill just get a job with dad and do nothing.",Ecuador
2262424288,Sat Jun 20 22:29:09 PDT 2009,StDAY,DAMMIT! AHHH! This aint cool. I'm so MAD. WHAT THE HELL!! ,Dominican Republic
2262436022,Sat Jun 20 22:30:29 PDT 2009,Spidersamm,"@swayswaystacey yes  hmmmpph! i feel really stupid, hahah",Russia
2262790108,Sat Jun 20 23:14:24 PDT 2009,lost_dog,@namillionaireee I am lost. Please help me find a good home. ,Brazil
2263314731,Sun Jun 21 00:29:25 PDT 2009,StDAY,"All my music was erased and while I was adding them again, the computer messed up. ",Canada
2263322223,Sun Jun 21 00:30:30 PDT 2009,StDAY,I hate computer problems. Ugh. A horrid end to a REALLY CRAPPY day. ,Egypt
2263333010,Sun Jun 21 00:32:09 PDT 2009,SallytheShizzle,@MariaBernal no! Pfft 4 hours...isn't much (okay it sorta is). I forget that you guys live in large states ,China
2263350812,Sun Jun 21 00:34:55 PDT 2009,SallytheShizzle,@MariaBernal pfft. I'd be upset too  I guess it's too hard to see a concert that far.  Maybe you can just... stalk 'em ;),Italy
2263418280,Sun Jun 21 00:45:37 PDT 2009,lost_dog,@forpawz I am lost. Please help me find a good home. ,Chile
2263646627,Sun Jun 21 01:24:00 PDT 2009,StDAY,Saturday SUCKED. And now I only have 700 songs on my phone. What?!  Gonna try to sleep.,Brazil
2263731242,Sun Jun 21 01:38:56 PDT 2009,StDAY,I had planned on straightening my hair. But then the computer DIED so I didn't straighten it. ,USA
2263737989,Sun Jun 21 01:40:06 PDT 2009,StDAY,"@xoMusicLoverxo OH BOY, is it a long story. ",Canada
2263993135,Sun Jun 21 02:26:27 PDT 2009,StDAY,Seriously? All my ringtones are gone? Ugh. So not cool. ,Australia
2264123556,Sun Jun 21 02:51:36 PDT 2009,Karen230683,@Glasgowlassy ah no  u need to sort them oot,Ecuador
2264260777,Sun Jun 21 03:17:43 PDT 2009,lost_dog,@agerstein I am lost. Please help me find a good home. ,Indonesia
2264261038,Sun Jun 21 03:17:46 PDT 2009,lost_dog,@jesswholohan I am lost. Please help me find a good home. ,Ethiopia
2264335549,Sun Jun 21 03:32:29 PDT 2009,SallytheShizzle,@OfficialAS you sure... cause car backfiring USUALLY equals gunshot sound...GRAB YOUR PHONE AND KEEP IT CLOSE!! ,Antarctica
2264384155,Sun Jun 21 03:42:01 PDT 2009,SallytheShizzle,@OfficialAS http://twitpic.com/7yod7 - omg...WHERE IS THIS FROM?! gaah. Arses! :'( and that's not true. 2 1/2 stars? That's tight! ,India
2264560292,Sun Jun 21 04:15:24 PDT 2009,SallytheShizzle,@OfficialAS http://twitpic.com/7yod7 - cut off...AGAIN!   I keep thinking BLUES BROTHERS! haha,Russia
2264588818,Sun Jun 21 04:20:42 PDT 2009,lost_dog,@kbethlee I am lost. Please help me find a good home. ,Australia
2264652772,Sun Jun 21 04:32:28 PDT 2009,SallytheShizzle,@OfficialAS http://twitpic.com/7yod7 - dang... talk about disappointment ,Peru
2264768417,Sun Jun 21 04:53:14 PDT 2009,lost_dog,@tyroga I am lost. Please help me find a good home. ,UK
2264867707,Sun Jun 21 05:10:03 PDT 2009,SongoftheOss,"@pinktank1 no me in the UK, just wired last night - feeling it today though  and to you a joyful Summer Solstice ",Antarctica
2265303093,Sun Jun 21 06:16:29 PDT 2009,lost_dog,@jaynawallace I am lost. Please help me find a good home. ,Nigeria
2265398086,Sun Jun 21 06:29:42 PDT 2009,SallytheShizzle,@Jonasbrothers IT'S YOUR FAULT I'M ANNOYING @WIMJIMJAM sorry honey  &lt;3 you HAHAHAHAH ,Peru
2265503358,Sun Jun 21 06:43:33 PDT 2009,SongoftheOss,@ms_cornwall aw bless  sure you are  right really must go......,Chile
2265557776,Sun Jun 21 06:50:37 PDT 2009,SallytheShizzle,@jonasbrothers but that's not really food. I had vegemite before on bread but it tasted like nutella. My brother's fault! ,New Zealand
2265613965,Sun Jun 21 06:57:49 PDT 2009,SallytheShizzle,@EricaHeartsYou naw. Too late for bed? ,Germany
2265692095,Sun Jun 21 07:07:07 PDT 2009,SallytheShizzle,"@jonasbrothers so in 12 days time... you boys are EXPECTED to be in Frankston, Victoria...unless you DM and say you can't come ",New Zealand
2265789103,Sun Jun 21 07:18:44 PDT 2009,SallytheShizzle,@jonasbrothers i'm cold now  i wasn't before. I hate it when it becomes cold  blanky for me? I'll...give you...OVER THE KNEEE LENGTH SOX,Nigeria
2265930947,Sun Jun 21 07:35:08 PDT 2009,SallytheShizzle,@jonasbrothers guys you have to give me advice. If I delete my account then I'm losing stories from when i was 14 :/ that's sad ,New Zealand
2266009165,Sun Jun 21 07:44:00 PDT 2009,SallytheShizzle,@wimjimjam yeah I guess :/ hope I don't lose them after that point :/ naaaaaw bye bye world ,Canada
2266044959,Sun Jun 21 07:48:03 PDT 2009,lost_dog,@ollielu I am lost. Please help me find a good home. ,Jamaica
2267005240,Sun Jun 21 09:28:02 PDT 2009,lost_dog,@fannyrust I am lost. Please help me find a good home. ,Egypt
2267115986,Sun Jun 21 09:39:08 PDT 2009,Karen230683,Right I'm off to work until about 12 twitterberry and ubertwitter r being twats so looks like twitter free night! ,Kenya
2283407226,Mon Jun 22 12:35:18 PDT 2009,lost_dog,@Rebecca_Bourque I am lost. Please help me find a good home. ,USA
2284228976,Mon Jun 22 13:37:32 PDT 2009,lost_dog,@KaerusGrp I am lost. Please help me find a good home. ,Tanzania
2284315168,Mon Jun 22 13:43:57 PDT 2009,lost_dog,@oregonclaire I am lost. Please help me find a good home. ,UK
2284523233,Mon Jun 22 13:59:20 PDT 2009,lost_dog,@brianwjones I am lost. Please help me find a good home. ,UK
2285207107,Mon Jun 22 14:50:30 PDT 2009,SongoftheOss,"@FizzyDuck god no, builders, the turn a small quick easy job into a major demolition piece &amp; rebuild &amp; then sod off for 6 months people ",Canada
2285498903,Mon Jun 22 15:12:26 PDT 2009,lost_dog,@MainlineMom I am lost. Please help me find a good home. ,Nigeria
2285634864,Mon Jun 22 15:22:52 PDT 2009,SongoftheOss,@kittylecat fair point  I am off now so no intertwit with you sadly  still am digging my racquet out for some swishing practice  x,Germany
2285737809,Mon Jun 22 15:30:56 PDT 2009,lost_dog,@renbren I am lost. Please help me find a good home. ,South Korea
2286578925,Mon Jun 22 16:38:20 PDT 2009,lost_dog,@Pistacia I am lost. Please help me find a good home. ,France
2286728262,Mon Jun 22 16:50:37 PDT 2009,lost_dog,@originalparksta I am lost. Please help me find a good home. ,Italy
2286825561,Mon Jun 22 16:58:47 PDT 2009,lost_dog,@yeahlor I am lost. Please help me find a good home. ,Kenya
2287002212,Mon Jun 22 17:13:03 PDT 2009,lost_dog,@LexusBCollie I am lost. Please help me find a good home. ,Indonesia
2287027757,Mon Jun 22 17:15:09 PDT 2009,lost_dog,@JVHernandez I am lost. Please help me find a good home. ,Egypt
2288136035,Mon Jun 22 18:45:59 PDT 2009,SallytheShizzle,@OfficialAS omg.. i THINK you should NEVER make something at school again to eat! ESPECIALLY if you keep getting food poisoning from it ,Spain
2288155632,Mon Jun 22 18:47:35 PDT 2009,SallytheShizzle,@OfficialAS naaw -huggles- i hope you feel better. Stupid food tech! ,USA
2288155807,Mon Jun 22 18:47:35 PDT 2009,StDAY,I'm falling asleep on the counter. Literally. Resting my head on my arms and pretty close to sleeping. It's so BORIIIING. ,South Korea
2289543790,Mon Jun 22 20:37:39 PDT 2009,StDAY,Ewww... Answered the phone at work and there was this nasty green liquid-y stuff on the bottom. Gross! ,USA
2296588727,Tue Jun 23 09:22:12 PDT 2009,StDAY,Okay. I'm awake. Woo. Got 6 hours of sleep. Not HORRIBLE. But I'm feeling like crap.  I WAS planning on going out to breakfast...,Italy
2297988363,Tue Jun 23 11:07:07 PDT 2009,lost_dog,@bruingrl_14 I am lost. Please help me find a good home. ,Chile
2297989146,Tue Jun 23 11:07:10 PDT 2009,lost_dog,@ecphelps I am lost. Please help me find a good home. ,India
2298263051,Tue Jun 23 11:27:33 PDT 2009,lost_dog,@EmpressCGC I am lost. Please help me find a good home. ,Jamaica
2298263835,Tue Jun 23 11:27:37 PDT 2009,lost_dog,@pokerman78 I am lost. Please help me find a good home. ,Italy
2298512403,Tue Jun 23 11:46:15 PDT 2009,StDAY,@a_simple_girl Sorry hon! *hugs and cradles in arms* I'm at work so...I'm working... ,Brazil
2298756739,Tue Jun 23 12:04:29 PDT 2009,SongoftheOss,Do not listen to this if feeling sad  Thanks to @Ribbonlynn @frustratedauthor @WunderTwinPowersActivate @Bla... â« http://blip.fm/~8r1la,Cuba
2298885567,Tue Jun 23 12:14:02 PDT 2009,SongoftheOss,"@FizzyDuck not a good week so far, do you know if terminal use of firearms in a meeting falls under a disciplinary offence  x",Antarctica
2299702675,Tue Jun 23 13:14:27 PDT 2009,lost_dog,@MrPsychotronic I am lost. Please help me find a good home. ,Russia
2300388511,Tue Jun 23 14:05:07 PDT 2009,lost_dog,@SPOILED_ROTTEN1 I am lost. Please help me find a good home. ,Nigeria
2300389430,Tue Jun 23 14:05:10 PDT 2009,lost_dog,@lamborn I am lost. Please help me find a good home. ,Jamaica
2300473364,Tue Jun 23 14:11:29 PDT 2009,lost_dog,@steph0515 I am lost. Please help me find a good home. ,Jamaica
2301026673,Tue Jun 23 14:54:16 PDT 2009,StDAY,I'm BORED. It's been BEYOND slow and I still have 4 hours. ,South Korea
2301322885,Tue Jun 23 15:17:21 PDT 2009,lost_dog,@macgyvor I am lost. Please help me find a good home. ,New Zealand
2301464586,Tue Jun 23 15:28:35 PDT 2009,ramdomthoughts,My 20Mbps connection has slowed rightbdown to dial up ggrrr. Had enough trying to get Show 149 out tonight  - tomorrow AM hopefully.,Mexico
2302321324,Tue Jun 23 16:38:40 PDT 2009,Jayme1988,@lizwoolly :S busy week!! I am 8 - 6:30 tomorrow ,Thailand
2302353247,Tue Jun 23 16:41:20 PDT 2009,Jayme1988,@lilandtedsmum I know  can last for 2 weeks hope it's gone soon!!,China
2303018118,Tue Jun 23 17:36:54 PDT 2009,lost_dog,@10news I am lost. Please help me find a good home. ,Peru
2303018755,Tue Jun 23 17:36:58 PDT 2009,lost_dog,@WyattGarcia21 I am lost. Please help me find a good home. ,Colombia
2303019533,Tue Jun 23 17:37:02 PDT 2009,lost_dog,@kgtv I am lost. Please help me find a good home. ,New Zealand
2303070528,Tue Jun 23 17:41:19 PDT 2009,lost_dog,@LauraAndRudy I am lost. Please help me find a good home. ,Peru
2303146940,Tue Jun 23 17:47:39 PDT 2009,lost_dog,@themuttmart I am lost. Please help me find a good home. ,Spain
2303295965,Tue Jun 23 17:59:55 PDT 2009,lost_dog,@lakesgirl31 I am lost. Please help me find a good home. ,Nigeria
2321445062,Wed Jun 24 21:03:57 PDT 2009,lost_dog,@Paigejac I am lost. Please help me find a good home. ,Canada
2321540709,Wed Jun 24 21:12:06 PDT 2009,lost_dog,@ickest I am lost. Please help me find a good home. ,Thailand
2321655864,Wed Jun 24 21:22:16 PDT 2009,SallytheShizzle,@BrittGoosie :/ not good! Do you know what the new drug was? ,Egypt
2321691453,Wed Jun 24 21:25:28 PDT 2009,SallytheShizzle,@BrittGoosie yeah i wouldn't advice you to get it for her. Even if it means having a fight with her ,USA
2321723016,Wed Jun 24 21:28:21 PDT 2009,lost_dog,@WTFitsroz I am lost. Please help me find a good home. ,Indonesia
2321733867,Wed Jun 24 21:29:22 PDT 2009,Spidersamm,"if i dont die in a plane crash on saturday or sunday, i have another chance of being in plane crash the next sunday going to melbsie  ahhh",South Africa
2321768043,Wed Jun 24 21:32:21 PDT 2009,SallytheShizzle,@BrittGoosie yeah I read that too  that's so bad! But I guess if it were illegal your sister would STILL get to it? :'(,Chile
2321807468,Wed Jun 24 21:35:50 PDT 2009,SallytheShizzle,@BrittGoosie yeah....  well hopefully she'll only stick to one kind and then get OVER the whole drug scene ,France
2322059621,Wed Jun 24 21:59:16 PDT 2009,Spidersamm,"so cold, its raining like a motherfucker &amp; theres like fog surrounding and grey sky  scaryyy",Mexico
2322106890,Wed Jun 24 22:03:37 PDT 2009,SallytheShizzle,@MariaBernal ooh special magazine!!  We get 'em here too but they're like $10 so I only get like 2 year ,Chile
2322187185,Wed Jun 24 22:11:25 PDT 2009,lost_dog,@wallingford I am lost. Please help me find a good home. ,Germany
2322288752,Wed Jun 24 22:21:34 PDT 2009,lost_dog,@CoolGuyGreg I am lost. Please help me find a good home. ,Canada
2322347803,Wed Jun 24 22:27:40 PDT 2009,lost_dog,@dfcv I am lost. Please help me find a good home. ,Tanzania
2322608312,Wed Jun 24 22:55:40 PDT 2009,SallytheShizzle,I feel like dancing in my room but there's NO SPACE! ,Canada
2322687735,Wed Jun 24 23:04:36 PDT 2009,lost_dog,@marissa_in_cali I am lost. Please help me find a good home. ,South Korea
2323152734,Thu Jun 25 00:01:15 PDT 2009,lost_dog,@azza_turbo I am lost. Please help me find a good home. ,Brazil
2323512885,Thu Jun 25 00:49:13 PDT 2009,Spidersamm,"@swayswaystacey aww ily..  but im not really  i look acceptable in photos, ahaha.   + sorry i didnt reply, had no credit &lt;3",Mexico
2323690575,Thu Jun 25 01:14:41 PDT 2009,Spidersamm,@swayswaystacey hahaha i wish ,Nigeria
2323726974,Thu Jun 25 01:20:02 PDT 2009,Spidersamm,"@swayswaystacey hahaha i know :| just cos of my fringe, lawllll fail.  &amp;  eh ima go",Japan
2323745881,Thu Jun 25 01:22:55 PDT 2009,Jayme1988,@lynnbryn Lol those wobblers take a while to get used to. when I started in the gym a couple of months back. my legs hated the treadmill ,China
2323889241,Thu Jun 25 01:44:44 PDT 2009,lost_dog,@SirGrenville I am lost. Please help me find a good home. ,China
2324803680,Thu Jun 25 04:05:00 PDT 2009,lost_dog,@lhac I am lost. Please help me find a good home. ,Canada
2324807324,Thu Jun 25 04:05:28 PDT 2009,SallytheShizzle,EEEER at mum. She's blamming me for what exactly? I PUT all the stuff away except for the kitty litter!! ,Italy
2324832318,Thu Jun 25 04:09:07 PDT 2009,lost_dog,@Queenofthemorn I am lost. Please help me find a good home. ,Italy
2324976298,Thu Jun 25 04:29:24 PDT 2009,lost_dog,@SupahHero I am lost. Please help me find a good home. ,China
2325022188,Thu Jun 25 04:35:31 PDT 2009,lost_dog,@boredercollie I am lost. Please help me find a good home. ,Jamaica
2325145298,Thu Jun 25 04:51:55 PDT 2009,SallytheShizzle,@wimjimjam ooh cause you're an ULTIMATE TH fan  i don't have limewire and utorrent wouldn't let me download their cd ,Nigeria
2325380641,Thu Jun 25 05:20:22 PDT 2009,lost_dog,@the236diner I am lost. Please help me find a good home. ,India
2325398720,Thu Jun 25 05:22:28 PDT 2009,SallytheShizzle,why doesn't my pic show up when I tweetsearch? ,Kenya
2325852136,Thu Jun 25 06:10:02 PDT 2009,SallytheShizzle,@wimjimjam gaaaah i replied but it didn't show up  naaw. I originally said...you have aircon ,India
2326128965,Thu Jun 25 06:35:38 PDT 2009,SallytheShizzle,I just have to point out it's been like 12 hours since I hurt my foot and it STILL pains ,Argentina
2326228276,Thu Jun 25 06:44:30 PDT 2009,SallytheShizzle,@OfficialAS -huggles- naaaw! Your mind is just going round in circles? ,Indonesia
2326272045,Thu Jun 25 06:48:18 PDT 2009,lost_dog,@trooppetrie I am lost. Please help me find a good home. ,Tanzania
2326344337,Thu Jun 25 06:54:36 PDT 2009,Jayme1988,"@bobby_todd No its wednesdays, I hate.. ",Egypt
2326588770,Thu Jun 25 07:14:42 PDT 2009,lost_dog,@Carly_FTS I am lost. Please help me find a good home. ,Mexico
2326689658,Thu Jun 25 07:22:51 PDT 2009,lost_dog,@inathlone I am lost. Please help me find a good home. ,Italy
2328636087,Thu Jun 25 09:49:04 PDT 2009,lost_dog,@Kram I am lost. Please help me find a good home. ,South Africa
2328965183,Thu Jun 25 10:11:34 PDT 2009,lost_dog,@W_Hancock I am lost. Please help me find a good home. ,Egypt
1467934017,Mon Apr 06 22:52:56 PDT 2009,tsarnick,@RumLover if more than one lady agrees to attend with with you then I am fine with it! ,UK
1468068524,Mon Apr 06 23:32:37 PDT 2009,tsarnick,@OfficialPRofOZ you deserve it  you work very hard for Oz!!,Colombia
1468086442,Mon Apr 06 23:38:19 PDT 2009,tsarnick,@OfficialPRofOZ just a gentle reminder my dear ,Ecuador
1468162226,Tue Apr 07 00:03:17 PDT 2009,tsarnick,@robs_maid thanks ,Egypt
1468177064,Tue Apr 07 00:08:02 PDT 2009,tsarnick,"@MissxMarisa i like coffee, water, coke and beer ",Ecuador
1468195618,Tue Apr 07 00:14:05 PDT 2009,StDAY,Tomorrow/today is my free/lazy day. I'm so happy.  I'm gonna SLEEP like nobody's business and maybe actually WRITE something. ,Antarctica
1468224051,Tue Apr 07 00:23:44 PDT 2009,shanajaca,@StephenChallens I am looking forward to some funny tweets from you  have a nice day XX,UK
1468224075,Tue Apr 07 00:23:44 PDT 2009,ramdomthoughts,@Artytypes No - I won't say what I was gonna say - morning ,Dominican Republic
1468236275,Tue Apr 07 00:27:56 PDT 2009,ramdomthoughts,It happens to me loads. If you reply - my ID is ramdomthoughts NOT randomthoughts - I spell it wrong deliberately. ,Tanzania
1468252270,Tue Apr 07 00:33:22 PDT 2009,tsarnick,@OfficialPRofOZ back at ya ,Antarctica
1468265637,Tue Apr 07 00:38:03 PDT 2009,tsarnick,@robs_maid with the flashing. at me specifically ,Ecuador
1468281936,Tue Apr 07 00:43:43 PDT 2009,Karen230683,Morning everyone ,Cuba
1468335595,Tue Apr 07 01:02:44 PDT 2009,tsarnick,"@MissxMarisa cool, listening to them now thanks!! ",France
1468365026,Tue Apr 07 01:13:25 PDT 2009,tsarnick,"@MissxMarisa cool cool, i really like Mexican food ",Indonesia
1468367213,Tue Apr 07 01:14:14 PDT 2009,VioletsCRUK,Morning all! Hope you have a good one ,France
1468420945,Tue Apr 07 01:33:51 PDT 2009,ramdomthoughts,@jharsem Nice that you''ve changed your avatar so we know what you look like ,UK
1468517381,Tue Apr 07 02:09:18 PDT 2009,StDAY,"@andydavis Aw! Sounds like you need a hug... Um, that came out creepier than I'd planned. Sorry for the loneliness! Sleep well! ",Australia
1468530728,Tue Apr 07 02:14:11 PDT 2009,tsarnick,@Boddingtons see ya Anastasia!! have a marvellous day ,Brazil
1468542536,Tue Apr 07 02:18:36 PDT 2009,Karen230683,@rosskie so far it has been all shopping  more again today heehee what u up to?,South Korea
1468612501,Tue Apr 07 02:43:46 PDT 2009,tsarnick,"@gunkanator geez, i wouldn't say that on here ",UK
1468626482,Tue Apr 07 02:48:48 PDT 2009,ramdomthoughts,@Nutronic Good luck! In general mate - most job centres are like that - so out of touch ,Ecuador
1468652516,Tue Apr 07 02:58:16 PDT 2009,ramdomthoughts,"@twinkleboi Stay calm. I'm sure he is more afraid of you, compared to you of him. Put yourself in his shoes  He's not gonna hurt you ",Dominican Republic
1468668867,Tue Apr 07 03:03:41 PDT 2009,ramdomthoughts,My camelbak has arrived - will give it a go later this evening for a run - no more dehydration  http://twitpic.com/2y8i9,Peru
1468757321,Tue Apr 07 03:34:13 PDT 2009,VioletsCRUK,@ewaninbelfast Morning! Enjoy yoiur day off ,Ecuador
1468758725,Tue Apr 07 03:34:41 PDT 2009,Karen230683,@steve5424 i noticed that  im ok what u been up to then?,South Africa
1468769917,Tue Apr 07 03:38:29 PDT 2009,tsarnick,@MissxMarisa which MSI show? i'm seeing them in brisbane on 12 april ,China
1468771940,Tue Apr 07 03:39:08 PDT 2009,tsarnick,@StevieG144 haha yeah that's her job!! ,Australia
1468902736,Tue Apr 07 04:19:32 PDT 2009,DarkPiano,"@suesshirtshop Same to you, Sue! ",UK
1468953373,Tue Apr 07 04:33:58 PDT 2009,tsarnick,"@MissxMarisa haha, anyway that's *my* word! *I* zing people! only the Tsar may zing ",France
1468971727,Tue Apr 07 04:39:08 PDT 2009,ramdomthoughts,@cybster That is nice - I admit ,Canada
1468988661,Tue Apr 07 04:43:50 PDT 2009,ramdomthoughts,@twinkleboi He's waiting for you - with his mates ,Peru
1469008661,Tue Apr 07 04:49:07 PDT 2009,TraceyHewins,@Dalevich my husband used Chantix. Smoking the patches didn't help ,Spain
1469027266,Tue Apr 07 04:54:03 PDT 2009,TraceyHewins,@TomFelton you bragged! The pancake god is getting even with you ,Tanzania
1469087776,Tue Apr 07 05:09:06 PDT 2009,ramdomthoughts,Right people - everyone follow @Artytypes - she's a nice lady ,Australia
1469197775,Tue Apr 07 05:34:26 PDT 2009,ramdomthoughts,@pixiec Thanks. You have something similar for your marathon training? I get really dehydrated after 6 miles - let alone 20 odd ,Ecuador
1469269989,Tue Apr 07 05:49:59 PDT 2009,tsarnick,@tequilakitty haha you're a bit paranoid aren't you??  i like it. i don't want to get blocked!,South Africa
1469292030,Tue Apr 07 05:54:33 PDT 2009,tsarnick,"@Zanna85 you know, i really think you could ",Japan
1469292394,Tue Apr 07 05:54:40 PDT 2009,TraceyHewins,@mrskutcher Nice pic. You are such a shutterbug ,Thailand
1469421889,Tue Apr 07 06:19:58 PDT 2009,TraceyHewins,@caitlinh38 Caution: It can be addictive ,Cuba
1469422871,Tue Apr 07 06:20:09 PDT 2009,shanajaca,Oh god sweet nicotine and tar i crave you both so bad today what is wrong with me lol hahaha  XX,Indonesia
1469474340,Tue Apr 07 06:29:38 PDT 2009,shanajaca,@javastix Random there sweetheart but i am thinking dammit why is the price always going up when i need gas lol hahaha  XX,Antarctica
1469502411,Tue Apr 07 06:34:38 PDT 2009,shanajaca,@ralfsbabe Ok thinking smokes or chocolates is what you are talking about  XX,Colombia
1469504583,Tue Apr 07 06:35:03 PDT 2009,ramdomthoughts,@twinkleboi You do a lot of talking fella - got your arse in gear (in a nice way) ,Ecuador
1469530931,Tue Apr 07 06:39:46 PDT 2009,shanajaca,ohohohohoh i love this song deleriums Silence feat sarah mclachlan yeah  XX,UK
1469728419,Tue Apr 07 07:14:42 PDT 2009,Jayme1988,@buckhollywood happy Tuesday!! ,Cuba
1469902113,Tue Apr 07 07:45:30 PDT 2009,TraceyHewins,@TomFelton EAT CHOCOALTE!! BOTH OF YOU ,Indonesia
1469928515,Tue Apr 07 07:50:21 PDT 2009,TraceyHewins,@StephenChallens Have fun. your friend is trying to help you out  Telling everyone to floow yhou ,Russia
1470099182,Tue Apr 07 08:20:41 PDT 2009,tsarnick,"@tequilakitty yeah it was ok... i slept for half of it! woke up early, then went back to bed ",Brazil
1548498896,Fri Apr 17 21:07:18 PDT 2009,thisgoeshere,@XxHayXx0 yay! isn't he though??? i want the pants. for all myself ,Dominican Republic
1550909090,Sat Apr 18 07:36:23 PDT 2009,ramdomthoughts,@twinkleboi Bragging again ,Egypt
1550967238,Sat Apr 18 07:46:22 PDT 2009,mcraddictal,Listenin to escape the fate loveeeees! ,USA
1550993737,Sat Apr 18 07:51:05 PDT 2009,ramdomthoughts,@twinkleboi *sigh* my wit is wasted on you some times ,Brazil
1551553810,Sat Apr 18 09:21:41 PDT 2009,VioletsCRUK,"@leonkay Lol - just got your comment there! Trampoline is fine, nt yet fallen 2 bits! I have been bouncing on it all day! What you up to? ",Antarctica
1551650672,Sat Apr 18 09:37:01 PDT 2009,Karen230683,@tb78 hmmm im sure it tells u on there ,Mexico
1551713443,Sat Apr 18 09:46:54 PDT 2009,VioletsCRUK,@leonkay Ha! I like it...very cool...shame about the straw right enough! Lol Catch ya later. ,France
1553303495,Sat Apr 18 13:54:31 PDT 2009,Karen230683,@highdigi but I like u bestest if that's a word ,Germany
1553305864,Sat Apr 18 13:54:53 PDT 2009,thisgoeshere,@XxHayXx0 hell! the brand is on the bottom. of course... ,New Zealand
1553523864,Sat Apr 18 14:29:55 PDT 2009,TraceyHewins,"Gotta jump off for now,do the dinner thing,deal with husbands and kids and blah,blah,blah. Elvis has left the building-temporarily ",Nigeria
1553553996,Sat Apr 18 14:34:48 PDT 2009,DarkPiano,@YouCanPlayPiano Link? ,Australia
1553585777,Sat Apr 18 14:40:03 PDT 2009,thisgoeshere,@thrillerx that's you! i've seen you around fuckcity! ah ha. sorry if that's creepy. i stalk andy ,Japan
1554136230,Sat Apr 18 16:10:03 PDT 2009,DarkPiano,@LadyMelancon Hey there! ,Russia
1555818829,Sat Apr 18 20:47:01 PDT 2009,StDAY,"FINALLY home. Gotta do some schoolwork. But since it's still early-ish, there's hope for some writing later on. ",New Zealand
1555933459,Sat Apr 18 21:07:15 PDT 2009,thisgoeshere,ok. this last bit. seriosuly!  'time' by she wants revenge and timbaland is freaking amazing. that us all. sweet dreams!,Peru
1556911033,Sun Apr 19 00:58:23 PDT 2009,tsarnick,"@SheIsDangerous haha cool, @lovebaroness is very good at kidnapping!  power twitter eh? i use tweetdeck",South Africa
1556941685,Sun Apr 19 01:07:59 PDT 2009,tsarnick,@MissxMarisa hahaha cool! sounds incredible  that is so awesome!!!,Colombia
1557076327,Sun Apr 19 01:52:56 PDT 2009,ramdomthoughts,@twinkleboi LOL I thought you were taken over by the devil there for a minute ,South Africa
1557076832,Sun Apr 19 01:53:06 PDT 2009,VioletsCRUK,@leonkay Morning...nice hat! ,Tanzania
1557090368,Sun Apr 19 01:57:48 PDT 2009,ramdomthoughts,@richardepryor Thank you ,USA
1557136147,Sun Apr 19 02:13:05 PDT 2009,ramdomthoughts,@em_c It's surprising how many people are out running at 8am. All my chores done - can now relax for the day ,China
1557192648,Sun Apr 19 02:33:43 PDT 2009,ramdomthoughts,@em_c Good try  Well done with the painting by the way.,Japan
1557216647,Sun Apr 19 02:42:40 PDT 2009,VioletsCRUK,@jason_2008 Nice one..hope you have a good day. Isn't this weather amazing!?! Talk to you later..enjoy your walk. ,Russia
1557336906,Sun Apr 19 03:29:10 PDT 2009,VioletsCRUK,@linehan Lol Oh right - don't worry we won't make you the official Tweeter-upperer organiser. Hope the hangover is better later. ,Egypt
1557375199,Sun Apr 19 03:43:44 PDT 2009,ramdomthoughts,@marcusjroberts I really like your animal shots on your Flickr page - especially of the cats - great work ,Chile
1557387978,Sun Apr 19 03:48:25 PDT 2009,ramdomthoughts,@Scott_UK Haha I thought you had 'seen the light' there for a minute ,Russia
1557496715,Sun Apr 19 04:28:16 PDT 2009,DarkPiano,Loren DiGiorgi &quot;Prologue&quot; ? http://twt.fm/62980 A quiet lullabye for your Sunday morning ,Cuba
1557527246,Sun Apr 19 04:39:00 PDT 2009,ramdomthoughts,@tga1976 LOL It's called growing up  I was around in the rave days - been there - done all that ,India
1557568229,Sun Apr 19 04:53:12 PDT 2009,DarkPiano,"@CCGAL Thanks for the support, Janelle! ",Spain
1557633208,Sun Apr 19 05:13:57 PDT 2009,DarkPiano,@CoachCharrise Best of the best to ya ,Russia
1557634237,Sun Apr 19 05:14:18 PDT 2009,TraceyHewins,@Rowdyeh good evening. It's morning here ,Nigeria
1557647017,Sun Apr 19 05:18:23 PDT 2009,DarkPiano,@jmbuckingham Not me. I'm as pure as the snow. But I drifted. ,Canada
1557679355,Sun Apr 19 05:28:33 PDT 2009,TraceyHewins,"@bustyb73 I'll be outside at some point doing mine patrol, a little gardening-raking up dead leaves and such ",Brazil
1557712780,Sun Apr 19 05:38:33 PDT 2009,TraceyHewins,"@Rowdyeh Eating chocolate's the first, right ",France
1557715520,Sun Apr 19 05:39:26 PDT 2009,nuttychris,"@TraceyHewins no alot worse, you have a fter school DT haha ",Canada
1557732454,Sun Apr 19 05:44:29 PDT 2009,nuttychris,"@ComedyQueen better admit tho ,,,, and ooooooooo you will win that one mwhahaha  how do i vote? ",Indonesia
1557749271,Sun Apr 19 05:49:26 PDT 2009,TraceyHewins,@hyundaiman Hi stranger!  Haven't chatted at you for a bit. How you feeling?,Peru
1557783992,Sun Apr 19 05:59:22 PDT 2009,tsarnick,@fjkinnit yeah awesome song eh ,Brazil
1557801986,Sun Apr 19 06:04:00 PDT 2009,nuttychris,I would love to welcome all my new followers ,France
1557803166,Sun Apr 19 06:04:19 PDT 2009,TraceyHewins,"@hyundaiman no,no,no things to see people to do ",UK
1557937964,Sun Apr 19 06:38:59 PDT 2009,nuttychris,"@keza34 omg :O i aint no gorilla,,, thanks for telling me  what ever i say next you didnt read mum ",Peru
1557940135,Sun Apr 19 06:39:30 PDT 2009,nuttychris,"@ComedyQueen you are a nooooooooob  there we go sed it, lmfao, but as if u called me a gorilla i am mre of a pig tbh  haha",UK
1557940300,Sun Apr 19 06:39:32 PDT 2009,keza34,@ComedyQueen what a fibber.dont choke when your halo slips.lol ,South Korea
1557960915,Sun Apr 19 06:44:29 PDT 2009,nuttychris,@ComedyQueen go on get them out  i am more than happy to sign the divorce papers mwhahaha  oj cant let u get away that easy ,Kenya
1558025802,Sun Apr 19 06:59:38 PDT 2009,tsarnick,@lownleeeynjul i didn't have any ideas that are better than the light bulb!! let me think about it ,Chile
1558116585,Sun Apr 19 07:19:18 PDT 2009,nuttychris,@gemmak500 that i flirt to much haha ,Mexico
1558142467,Sun Apr 19 07:24:47 PDT 2009,nuttychris,@robangus lmfao i flirt with any1 as its fun  but i do it to much haha ,China
1558371360,Sun Apr 19 08:10:00 PDT 2009,tsarnick,"@PRofOZ who purred at you?? and yeah, i just meant &quot;scene 1&quot; of the vampire movie ",Colombia
1558425208,Sun Apr 19 08:20:08 PDT 2009,VioletsCRUK,@aeroplaneblondi I fundraise for Cancer Research Uk..it is about that mostly. Think he has a few random questions for me too though. Fun! ,China
1558477489,Sun Apr 19 08:29:51 PDT 2009,nuttychris,"@cherrybun lmfao yeah but i dunno how many you are allowed :S but god i so over tweet,  hehe",Ethiopia
1558588175,Sun Apr 19 08:49:45 PDT 2009,nuttychris,@ComedyQueen woop omg as if you feel loved you spoon  and woop they better syay there ,Australia
1558589838,Sun Apr 19 08:50:04 PDT 2009,keza34,@robangus got to be original with judy garland.but not seen it for ages. ,Mexico
1558616862,Sun Apr 19 08:54:48 PDT 2009,nuttychris,@sofisticat i want to get 1million followers and raise 500k at the same time  as i am kwl lol,Ethiopia
1558646965,Sun Apr 19 09:00:05 PDT 2009,nuttychris,"@ComedyQueen lmfao well i should be good if not tell me off mwhaha,, and i will tweet info ina bit lmfao ",Germany
1558795441,Sun Apr 19 09:25:26 PDT 2009,DarkPiano,Hows everybody this fine Sunday?! You all hangin' in? ,Russia
1558855135,Sun Apr 19 09:35:18 PDT 2009,nuttychris,"@ComedyQueen lmfao yeah maybe, but i get dust the gets in my eye, and i feel like HPotter, not good, and well thats all gd thn gd girl ",UK
1559355005,Sun Apr 19 10:55:26 PDT 2009,ramdomthoughts,@DanMonkey Depeche Mode's new album is out tomorrow Dan ,New Zealand
1559451338,Sun Apr 19 11:10:31 PDT 2009,DarkPiano,@PianoGeek Hey! Back atcha! ,Chile
1559485318,Sun Apr 19 11:15:52 PDT 2009,ramdomthoughts,@DanMonkey I admire you for tweeting that - brave man!  Never mention it again LOL ,Cuba
1559675351,Sun Apr 19 11:45:42 PDT 2009,keza34,@nuttychris i know i tweet you all the time as well.lol ,Indonesia
1563468909,Sun Apr 19 22:57:29 PDT 2009,tsarnick,"@MMofOz hahahaha, &quot;one of those dumpster women&quot;.... that is awesome ",New Zealand
1563621042,Sun Apr 19 23:33:09 PDT 2009,tsarnick,@MissxMarisa hahahaha  you make that sound like a bad thing!!!!!,Jamaica
1563776204,Mon Apr 20 00:12:56 PDT 2009,keza34,@PoisonIvy69 morning.hope you are havin a good day so far. ,Japan
1563813772,Mon Apr 20 00:23:13 PDT 2009,keza34,@pob34 white hoodie for me then.lol ,Thailand
1563850504,Mon Apr 20 00:33:13 PDT 2009,keza34,@pob34 ok then.dont forget dog food if u can. ,Tanzania
1563954800,Mon Apr 20 01:02:29 PDT 2009,tsarnick,@Zanna85 hahaha coolz!!! i'm working on the movie now... i'll put it down to talk to you ,Indonesia
1564009096,Mon Apr 20 01:18:38 PDT 2009,nuttychris,"@ComedyQueen lmfao i like, i think and haha shldnt tweet so much ",Tanzania
1564040758,Mon Apr 20 01:28:11 PDT 2009,nuttychris,@jamescaan let us no some of the weird business you see  lol,Italy
1564059539,Mon Apr 20 01:33:43 PDT 2009,nuttychris,"@Serendipi is it sunny? Yes, so may as well ",Ecuador
1564121797,Mon Apr 20 01:53:10 PDT 2009,nuttychris,"@saragarth dont feel sorry for me, as i am special  and god and your bitch , but i am all gd thanks wbu? ",Australia
1564153385,Mon Apr 20 02:02:46 PDT 2009,nuttychris,Give this guy a follow @superkonker ,Antarctica
1564153664,Mon Apr 20 02:02:51 PDT 2009,StDAY,I rang up a girl's purchase today at work and she used a Cardinals themed credit card. Guess who I was reminded of? Haha. ,France
1564156621,Mon Apr 20 02:03:46 PDT 2009,nuttychris,"@Jennymac22 addict of twitter, but cmon i aint that bad am i ",Ethiopia
1564170723,Mon Apr 20 02:08:10 PDT 2009,nuttychris,"@joshtastic1 lmfao well my mates say i have issues, only cause they dunno how to work it ",Antarctica
1564299966,Mon Apr 20 02:48:25 PDT 2009,nuttychris,@treborlady woop least some one did lol ,UK
1564333177,Mon Apr 20 02:58:31 PDT 2009,nuttychris,@treborlady a national diploma in business woop go me  lmfao,Canada
1564350260,Mon Apr 20 03:03:27 PDT 2009,nuttychris,Thinking of quitting smoking then join @robangus on the #twitterquitter ,France
1564366026,Mon Apr 20 03:08:14 PDT 2009,nuttychris,"@saragarth honest,,,, honest??? and omg as if u eating burnt spaghtti, should be eating chocolate ",USA
1564383243,Mon Apr 20 03:13:27 PDT 2009,nuttychris,"@saragarth nah i think you find its calling my name, as it wants to have a lil visit to my belly  lol and gdgd ",Nigeria
1564417895,Mon Apr 20 03:23:49 PDT 2009,nuttychris,"@ayeashleigh i so would, as am strange like that  but would get some proper weird looks haha ",Argentina
1564471055,Mon Apr 20 03:38:55 PDT 2009,VioletsCRUK,@colinkelly Lol the bouncing part..YES..the interview part not so much! Haha Hope you are goin to go easy on me. ,Dominican Republic
1564487852,Mon Apr 20 03:43:40 PDT 2009,tsarnick,@Boddingtons haha yeah probably!! i can use it at work and on my phone though ,Colombia
1564522448,Mon Apr 20 03:53:14 PDT 2009,DarkPiano,"@TraceyHewins Same here, but a great morning anyway. ",Ethiopia
1564541704,Mon Apr 20 03:58:18 PDT 2009,DarkPiano,"@coachparadise Hey there, Paradise. Thanks for the rainbows. ",Thailand
1564542358,Mon Apr 20 03:58:29 PDT 2009,shanajaca,@TomFelton Do not change the pink recording studio it gives us happy songs and hence deserves to stay lol  XX,Argentina
1564542563,Mon Apr 20 03:58:33 PDT 2009,DarkPiano,@CoachCharrise Morning to you! ,South Africa
1564602501,Mon Apr 20 04:13:32 PDT 2009,DarkPiano,@Allegromouse And good morning to you! ,UK
1564604608,Mon Apr 20 04:14:04 PDT 2009,DarkPiano,@TracyeDukes Right back atcha! ,China
1564668746,Mon Apr 20 04:29:12 PDT 2009,keza34,@PoisonIvy69 you will melt. i feel sorry for you then.omg lol ,Australia
1564711536,Mon Apr 20 04:38:54 PDT 2009,keza34,All my followers #follow @saragarth &amp; @scottjpage.both need more followers.please help.both cool people and worth following. ,Colombia
1564735419,Mon Apr 20 04:44:16 PDT 2009,TraceyHewins,"@hypnotistchris what a couple of morons Hey, I know it's not follow friday but @scottjpage could use more followers ",Tanzania
1564755844,Mon Apr 20 04:48:46 PDT 2009,TraceyHewins,@cokeman777 morning ,Germany
1564828385,Mon Apr 20 05:03:53 PDT 2009,DarkPiano,"@TracyeDukes Hey, thank you! Both for the listen and the kind words! ",Australia
1564829372,Mon Apr 20 05:04:04 PDT 2009,DarkPiano,@Loren57 Thank you from one Loren to another! ,South Korea
1564830537,Mon Apr 20 05:04:18 PDT 2009,DarkPiano,@LatteWithLori And good morning to you! Hope you had a great one too! ,UK
1564881140,Mon Apr 20 05:14:17 PDT 2009,keza34,@TraceyHewins thank you.hope you are gettin more followers as well.lol ,Argentina
1564881368,Mon Apr 20 05:14:19 PDT 2009,TraceyHewins,@scottjpage 29 now ,France
1565016756,Mon Apr 20 05:39:21 PDT 2009,shanajaca,Just bought myself a tanning bed how cool is that (HOT) lol  XX,Dominican Republic
1565045225,Mon Apr 20 05:44:25 PDT 2009,keza34,@paulpuddifoot grass needs cutting.lol  how are you on this fine day?,India
1565134988,Mon Apr 20 05:59:45 PDT 2009,TraceyHewins,@scottjpage We should work on getting you 50 ,Nigeria
1565194720,Mon Apr 20 06:09:04 PDT 2009,mcraddictal,@tbsnewagain woooooo! Tomorrow! ,Nigeria
1565197570,Mon Apr 20 06:09:31 PDT 2009,TraceyHewins,"@keza34 trust me, we have 'em we're just not as creative with the slang I guess. They're just cookies w/chocolate here ",Germany
1565296197,Mon Apr 20 06:24:42 PDT 2009,TraceyHewins,let's all welcome @brittenybaby brand new and needs followers ,France
1565362413,Mon Apr 20 06:34:23 PDT 2009,thisgoeshere,"@smokedrinkdrive oh really? yay! yeah, the names may be different but i think my tone is pretty universal ",China
1565502056,Mon Apr 20 06:54:38 PDT 2009,keza34,@saragarth but like gloves for toes.nice and toastie in winter.mine just happen to be like a rainbow.lol ,Antarctica
1565539132,Mon Apr 20 06:59:49 PDT 2009,thisgoeshere,@smokedrinkdrive yay! you can be someone completely new! are you gonna change your name?  jk. that's awesome though! hope its better,Antarctica
1565649499,Mon Apr 20 07:14:56 PDT 2009,thisgoeshere,@erin82883 here too. i'm real quiet and ppl don't think i can be anything but nice. but i can! ,Chile
1573330175,Tue Apr 21 00:41:00 PDT 2009,tsarnick,@MissxMarisa hey i got another victim for you  http://tinyurl.com/dgmwdt,France
1573458078,Tue Apr 21 01:15:50 PDT 2009,tsarnick,@missxmarisa http://twitpic.com/3pe9i - hahaha wow!! that's cool!! like... literally or whatevs ,Germany
1573667810,Tue Apr 21 02:16:06 PDT 2009,keza34,@ab_p stretch marks are proof of a real woman.you want a clone that is perfect get a barbie or blow-up doll.LOL ,Brazil
1573685458,Tue Apr 21 02:21:27 PDT 2009,VioletsCRUK,@highdigi Brilliant! Glad you got something sorted out. Thanks and hope you have a nice day. ,Colombia
1573700635,Tue Apr 21 02:26:06 PDT 2009,VioletsCRUK,@highdigi Nothing worse! Rain has just started here so im glad of bein' inside. Thanks Jonathan..talk to you later. ,Jamaica
1573719128,Tue Apr 21 02:31:36 PDT 2009,VioletsCRUK,@pd1001 I am good thanks...oh gardening is nt my strong point - good luck with that! I cut grass and water house plants that's it. ,Cuba
1573734826,Tue Apr 21 02:36:16 PDT 2009,keza34,@fudgecrumpet what type of cake ?can i have some.lol ,Mexico
1573947982,Tue Apr 21 03:36:15 PDT 2009,VioletsCRUK,@dbdc Morning Danny! How's things - you been to your meeting already? ,China
1573969310,Tue Apr 21 03:42:04 PDT 2009,mcraddictal,@neszlifeasmcrmy bahahah! I slept more nessy! ,Italy
1574023741,Tue Apr 21 03:56:13 PDT 2009,VioletsCRUK,@Sion71 Morning..almost afternoon!  How are you enjoying your week off so far? ,Jamaica
1574086674,Tue Apr 21 04:11:32 PDT 2009,DarkPiano,"@bellaclara Love that, Clare!  Hello and good day to you! ",Tanzania
1574088507,Tue Apr 21 04:11:58 PDT 2009,VioletsCRUK,@snedwan Is Susan Boyer opening an account at your Wank Bank too!?! lol ,Chile
1574107790,Tue Apr 21 04:16:36 PDT 2009,VioletsCRUK,@snedwan PMSL - sure she is becoming an international sex symbol. She'll be in Nuts before we know it! ,UK
1574128794,Tue Apr 21 04:21:39 PDT 2009,DarkPiano,@CoCreatorRadio Morning! ,Ethiopia
1676223569,Fri May 01 21:25:48 PDT 2009,StDAY,Yup. Definitely not. &quot;You Can Never Go Back&quot; - Jon McLaughlin. ,Indonesia
1676253996,Fri May 01 21:30:47 PDT 2009,StDAY,"@xoMusicLoverxo Honestly, it was the first thing I thought of when I read the sign.  Blue! You're my boy!",South Africa
1676482918,Fri May 01 22:10:45 PDT 2009,mcraddictal,@AwesomeFrank bye love ,Antarctica
1676642786,Fri May 01 22:41:12 PDT 2009,Karen230683,I am actually having to do some work today!!!! Ridiculous ,Antarctica
1676872456,Fri May 01 23:31:32 PDT 2009,tsarnick,@F_PROZPanda do you have any presents for me? any footage? ,Russia
1676973815,Fri May 01 23:56:15 PDT 2009,tsarnick,"@StevieG144 Stevie G!! yo, what's up bruz?? ",Egypt
1677074905,Sat May 02 00:21:02 PDT 2009,StDAY,"@xoMusicLoverxo if I was talking to you, I'd tell you good night.  Haha. Night, J. ",South Korea
1677377334,Sat May 02 01:45:53 PDT 2009,tsarnick,@Zanna85 we've had 44 votes in the photo contest!! a record!! you're very popular ,Egypt
1677409769,Sat May 02 01:56:04 PDT 2009,tsarnick,"@MissxMarisa hahaha yeah, it's totally not a bad thing ",Ecuador
1677477422,Sat May 02 02:17:04 PDT 2009,keza34,@jacqueline47 http://twitpic.com/4e7ek - what more could a young'un want on a warm day.lol ,Colombia
1677535591,Sat May 02 02:36:12 PDT 2009,VioletsCRUK,Morning all!!! Did you have a good night last night? ,Australia
1677551516,Sat May 02 02:41:33 PDT 2009,tsarnick,@IAmHavoc hahaha really??? pics or it's not real!!! ,Nigeria
1677581432,Sat May 02 02:51:51 PDT 2009,keza34,@gerdaduring ok tweet you later.hope it doesnt take to long ,Dominican Republic
1677595199,Sat May 02 02:56:32 PDT 2009,VioletsCRUK,@garry1bowie I know i am - i didnt get to bed till 4.30 am!!! Think i need another large coffee and a shower!! What you up to today? ,Antarctica
1677610551,Sat May 02 03:01:17 PDT 2009,VioletsCRUK,"@garry1bowie Hope the weather stays dry, would be good to get out and not be drenched in the process!  Better sober up first tho!! lol :p",Ecuador
1677611960,Sat May 02 03:01:44 PDT 2009,tsarnick,@PetalOfRed maybe you should  in caps!,USA
1677672545,Sat May 02 03:21:24 PDT 2009,keza34,@nuttychris doin this and maybe this and some pot washing and then this then drunk.haha lol ,Chile
1677701291,Sat May 02 03:31:00 PDT 2009,tsarnick,@MissxMarisa you should appreciate it Scenie. you're very lucky ,India
1677701719,Sat May 02 03:31:07 PDT 2009,keza34,@annwhit chip butties rule.food of the devil but what the hell.LOL ,Germany
1677720961,Sat May 02 03:37:15 PDT 2009,nuttychris,"@keza34 lol, omg as if u not going to the party 2nite lol ",UK
1677793110,Sat May 02 04:01:13 PDT 2009,keza34,@nuttychris dont think so.might go as spoon.lol ,Spain
1677795997,Sat May 02 04:02:06 PDT 2009,tsarnick,@FakerParis hahaha i'm never emo. i leave that to @MissxMarisa ,New Zealand
1677810752,Sat May 02 04:06:47 PDT 2009,tsarnick,@nik_kee_dee be nice!!! it's the only way to be truly triumphant!! ,Kenya
1677859822,Sat May 02 04:22:19 PDT 2009,keza34,@Dutchrudder nice picliked others as well.yes you are a good boy.lol ,New Zealand
1677995755,Sat May 02 05:02:12 PDT 2009,DarkPiano,"@suesshirtshop Was very busy! Looking forward to doing whatever I want today, including nothing! ",Japan
1678033302,Sat May 02 05:12:17 PDT 2009,DarkPiano,"@rolytaylor No, not yet! But I'm workin' on it! ",Egypt
1678088583,Sat May 02 05:26:49 PDT 2009,keza34,@nuttychris what do you think?alcohol and other things (wink wink nudge nudge)lol ,Chile
1678111461,Sat May 02 05:32:35 PDT 2009,keza34,@saragarth cant get us by spread of #flu so have to contaminate us instead.EVIL SWINES.LOL ,South Korea
1678151258,Sat May 02 05:42:17 PDT 2009,nuttychris,@eMxyzptlk woop 2 confirmed cases of Chris Flu found in the UK and past via twitter  lol,Spain
1678173067,Sat May 02 05:47:22 PDT 2009,nuttychris,@eMxyzptlk renamed it to #TwitterFlu haha  and deal no cures here haha,Dominican Republic
1678174053,Sat May 02 05:47:36 PDT 2009,tsarnick,"@IAmHavoc that's awesome, thanks for voting!!! ",Ecuador
1678218670,Sat May 02 05:57:41 PDT 2009,nuttychris,"@WahooPooh mmm pink  stands out, and makes mre people ill that way haha #chrisflu",Brazil
1678243422,Sat May 02 06:02:48 PDT 2009,TraceyHewins,@nelsonmaud LOVE this song!! ,Nigeria
1678264245,Sat May 02 06:07:13 PDT 2009,TraceyHewins,@James_Waters cringe when she flirts back! ,Ecuador
1678266249,Sat May 02 06:07:40 PDT 2009,TraceyHewins,@keza34 of course. Yet for some reason we still love 'em ,Spain
1678312819,Sat May 02 06:17:29 PDT 2009,nuttychris,@TraceyHewins Nope shouldnt do ,Australia
1678315289,Sat May 02 06:18:01 PDT 2009,TraceyHewins,@keza34 Watching the Wizard of Oz for the millionth time with me. Cooking for me! lol I know. I'm lucky ,Argentina
1678336931,Sat May 02 06:22:29 PDT 2009,TraceyHewins,"@dickie_doodle So does he. He'll dust, too. AND he is an amazing cook so I really shouldn't grouse. ",Brazil
1678337126,Sat May 02 06:22:31 PDT 2009,nuttychris,? Miley Cyrus - The Climb ? - Bloody Tune ,Egypt
1678413751,Sat May 02 06:37:44 PDT 2009,keza34,@nuttychris wouldnt know.not my thing.lol ,Spain
1678466535,Sat May 02 06:47:58 PDT 2009,nuttychris,@Bonelle :o ooo i no hu u mean now lolage ,Italy
1678546709,Sat May 02 07:02:48 PDT 2009,nuttychris,@saragarth woop you should be ,Egypt
1678574933,Sat May 02 07:07:47 PDT 2009,Spidersamm,"@aamelia hahaha nah he couldnt come to the party :S me and my friend just wanted to meet him cos his name is bradie, haha ",Dominican Republic
1678606165,Sat May 02 07:13:14 PDT 2009,DarkPiano,@FilmTruth Thats wonderful! ,Mexico
1678664668,Sat May 02 07:23:16 PDT 2009,tsarnick,@Greek4Honeybee good morning!!!  how are you?,Italy
1678691062,Sat May 02 07:27:44 PDT 2009,tsarnick,@FakerParis oh wow you admitted it!! we australians don't have the same drive to be emo as you canadians ,Colombia
1678943764,Sat May 02 08:08:10 PDT 2009,StDAY,@eeshkapeesh I bet. :/ But it's over! ,Indonesia
1679109471,Sat May 02 08:33:26 PDT 2009,keza34,@treasaint she will want feeding shortly and a walk so leaving her in peace.lol ,Nigeria
1679211386,Sat May 02 08:48:30 PDT 2009,keza34,@jacqueline47 hope shes quick about it.lol ,Canada
1679418055,Sat May 02 09:18:24 PDT 2009,nuttychris,@Caraandclo nm am in a hype ,Egypt
1679731221,Sat May 02 10:02:55 PDT 2009,DarkPiano,"@micheledeville Lovely day to you, Michele! ",New Zealand
1679803985,Sat May 02 10:13:02 PDT 2009,nuttychris,@xoCAZZA but hey its all good i think well i hopw so ,New Zealand
1680167527,Sat May 02 11:03:25 PDT 2009,thisgoeshere,"@KageFC4 and i think the correct term would have been bell captian or al, but whatever. he's kinda a nut ",Spain
1680205063,Sat May 02 11:08:35 PDT 2009,nuttychris,@Lexilynne well ya no i tweet about everything lol  and yeah well i can talk more then women can haha,Brazil
1680274469,Sat May 02 11:18:16 PDT 2009,nuttychris,@Lexilynne lol okies mouth shut now  have fun watching primark  hehe ;),Thailand
1680348217,Sat May 02 11:28:29 PDT 2009,thisgoeshere,"@smokedrinkdrive you! *tackles* i think i did that yesterday but i don't care, i'm doing it again! ",Spain
1680349104,Sat May 02 11:28:36 PDT 2009,nuttychris,@DefinitelyMayb yup sure do  lol,Nigeria
1680742201,Sat May 02 12:23:24 PDT 2009,thisgoeshere,@Ilkee i think she's sleeping. or possibly working. again. that girl is super woman ,India
1680775859,Sat May 02 12:28:09 PDT 2009,thisgoeshere,@smokedrinkdrive i still have the bone!  that's kinda morbid but i keep stuff like that ,UK
1680776514,Sat May 02 12:28:14 PDT 2009,nuttychris,@AlohaArleen when do you think is the best time to tweet? lol god am nosey arnt i  hehe,Russia
1680813590,Sat May 02 12:33:23 PDT 2009,nuttychris,"@AlohaArleen ooo so its all good, you better watch you back as i will be joing that 20k updates group  lol",South Korea
1684955281,Sat May 02 22:34:15 PDT 2009,thisgoeshere,"@thisisryanross and if so, i change my mind and wanna be hispanic and wear a skirt that fans out pretty and sing &quot;america&quot; on a rooftop ",USA
1684982123,Sat May 02 22:39:40 PDT 2009,tsarnick,"@freshypanda wow, dude!! nice choice of honeymoon location!! now *that's* CLASS ",Peru
1685030335,Sat May 02 22:49:21 PDT 2009,StDAY,@xoMusicLoverxo  and that means... Haha. ,Cuba
1685055556,Sat May 02 22:54:39 PDT 2009,tsarnick,@GallifreyReject haha cool thanks!! people actually call me Tsar  and i have a twitter empire before i try to take over russia again!,USA
1685077196,Sat May 02 22:59:10 PDT 2009,StDAY,"@xoMusicLoverxo oh, I know. I wouldn't think you'd lie about that.  thanks again. ",South Korea
1685172317,Sat May 02 23:19:21 PDT 2009,StDAY,The Story - Brandi Carlile. Whoa. This is the song I wrote my first story to. Seems so long ago... Love this song.  So beautiful.,Dominican Republic
1685345406,Sun May 03 00:00:03 PDT 2009,mcraddictal,@XThe_Happy_EmoX hahaha! yay!!! ,New Zealand
1685483067,Sun May 03 00:35:21 PDT 2009,tsarnick,@MissxMarisa so you did see a movie then?? ,Brazil
1685745066,Sun May 03 01:51:45 PDT 2009,shanajaca,@xXFriendXx  STOP!!!!!!! STOP!!!!!!! KNOW SLEEP THIGHT DONT LET THE BED BUGS BITE LOL  XX,Ethiopia
1685809836,Sun May 03 02:11:46 PDT 2009,shanajaca,It seems i missed Toms tweets yesterday by mere minutes lol went to bed around the same time  LOLxx,UK
1685997050,Sun May 03 03:12:01 PDT 2009,tsarnick,@FakerParis haha yeah!! it's the horse latitudes time of day  we had a wedding in OZ today!!,Peru
1686013230,Sun May 03 03:17:20 PDT 2009,tsarnick,@missxmarisa http://twitpic.com/4h0pa - i would fucking love to see that in RL ,Germany
1686041788,Sun May 03 03:26:58 PDT 2009,VioletsCRUK,@garry1bowie Thanks..you too!! Really nd to run..im so late!! lol Shall tweet ya later!  See ya!,Colombia
1686042123,Sun May 03 03:27:04 PDT 2009,Spidersamm,"@andyclemmensen awh i know, he deserves it  nawh",UK
1686104966,Sun May 03 03:47:02 PDT 2009,nuttychris,@nessie111 :O you got out ov bed b4 12 :O you feeling ok? and woop radio 1  lol,Ethiopia
1686138757,Sun May 03 03:58:01 PDT 2009,nuttychris,"@Record_Attempt lmfao kwlio, questio is did you wim, or did you let him win lol ",Thailand
1686184030,Sun May 03 04:12:16 PDT 2009,tsarnick,@MissxMarisa haha yeah i've seen a live film clip of that!!! i'm drinking beer and southern comfort ,Cuba
1686201116,Sun May 03 04:17:43 PDT 2009,nuttychris,"@Record_Attempt im not a huge fan, but i do watch it sumtimes, and yeah can play a lil, ",Brazil
1686201868,Sun May 03 04:17:58 PDT 2009,nuttychris,@xoCAZZA cmon i need to learn a word in french haha ,Italy
1686251928,Sun May 03 04:33:15 PDT 2009,tsarnick,"@adamsweb cool, looking at it on wikipedia now!! nice gear ",Thailand
1686267004,Sun May 03 04:37:46 PDT 2009,DarkPiano,"@rkuang I like Steinway, Petrof and Yamaha as my top 3. Not necessarily in that order ",Canada
1686267785,Sun May 03 04:38:00 PDT 2009,DarkPiano,Morning everyone ,USA
1686268431,Sun May 03 04:38:12 PDT 2009,Karen230683,@shelliwazzu  luckily they are all at my work and not on here,China
1686285644,Sun May 03 04:43:22 PDT 2009,Karen230683,@shelliwazzu yup that's them ,India
1686299586,Sun May 03 04:47:33 PDT 2009,DarkPiano,"@JohnhampsonUK Yeah coffee can do that. They have reduced-acid blends here in the states. Do they there? And yes, tea IS healthier! ",Ecuador
1686300358,Sun May 03 04:47:47 PDT 2009,TraceyHewins,@annwhit LOL had a tball game to go to then had friends over and had a fire ,Cuba
1686301857,Sun May 03 04:48:14 PDT 2009,TraceyHewins,@Rayboy8 welcome back Ryan ,Italy
1686318570,Sun May 03 04:53:11 PDT 2009,DarkPiano,"@21stcenturyfox Thanks for retweeting that, Megan! ",Antarctica
1686318914,Sun May 03 04:53:17 PDT 2009,TraceyHewins,@keza34 all great here. Just having my morning coffee ,South Korea
1686319327,Sun May 03 04:53:25 PDT 2009,DarkPiano,@TraceyHewins Good! lol you haven't been timed out yet?! ,Italy
1686320115,Sun May 03 04:53:39 PDT 2009,TraceyHewins,@nuttychris good times ,UK
1686352852,Sun May 03 05:02:49 PDT 2009,keza34,@annwhit most certainly will. so hows you this fine day? ,Spain
1686355853,Sun May 03 05:03:41 PDT 2009,TraceyHewins,@annwhit @keza34 nope not a stupid question at all. I ask you guys about things all the time ,South Korea
1686372800,Sun May 03 05:08:19 PDT 2009,mcraddictal,"Eh. G'morning muthafuckers! Ugh. ~mm only pissed /c i havent talked to meh best friend in like 2-3 days... But, i'll be nice... ",Australia
1686374569,Sun May 03 05:08:49 PDT 2009,nuttychris,@xoCAZZA me to  but i didnt admit tht haha,France
1686391980,Sun May 03 05:13:34 PDT 2009,keza34,@Hapson yes v.naughty.haha glad you stay away from it but sometimes needs to be done.hehe. enjoy footie. ,Germany
1686408105,Sun May 03 05:17:57 PDT 2009,DarkPiano,@BonnieBrown So how are you this morning? ,Jamaica
1686408716,Sun May 03 05:18:07 PDT 2009,Spidersamm,"@HelloLizzi bahahah but you wouldnt hit bradie cos hes bradie, naw  oh..safeways for shizzle.... target is (N)",Antarctica
1686410728,Sun May 03 05:18:41 PDT 2009,TraceyHewins,@Rayboy8 LOL have a good one ,Peru
1686427002,Sun May 03 05:23:08 PDT 2009,TraceyHewins,@nelsonmaud overcast with a chance of rain ,Italy
1686427652,Sun May 03 05:23:19 PDT 2009,TraceyHewins,@annwhit bye ,Antarctica
1686428593,Sun May 03 05:23:34 PDT 2009,nuttychris,@Hapson morning  you okies?,Dominican Republic
1686445262,Sun May 03 05:28:00 PDT 2009,nuttychris,@Hapson i am amazing tar  just wait for it ........ bored  hehe,Kenya
1686447691,Sun May 03 05:28:40 PDT 2009,DarkPiano,@ReikiAwakening Ah! He's probably already forgotten about it and moved on.  13 would definitely be an issue!!,Mexico
1686448537,Sun May 03 05:28:54 PDT 2009,TraceyHewins,@jacqueline47 it's wonderful on the grill ,Germany
1686448673,Sun May 03 05:28:57 PDT 2009,tsarnick,"@TheLonely hey, glad you like it!! ain't it a purdy song!! ",Spain
1686486831,Sun May 03 05:38:28 PDT 2009,keza34,@nuttychris i know they drink more.u need more pubs.lol ,Italy
1686487914,Sun May 03 05:38:44 PDT 2009,tsarnick,@TheLonely i *hope* that i do!! what precisely do you mean? ,Indonesia
1686573629,Sun May 03 05:59:24 PDT 2009,DarkPiano,"@arbonneteam Thank you, you too! ",USA
1686593942,Sun May 03 06:03:48 PDT 2009,Spidersamm,@MYFUTURELIES i didnt know 26 year olds rode bmx's  thats cute  hahaha,Chile
1686685461,Sun May 03 06:24:21 PDT 2009,Spidersamm,@staceymeow + i always see him riding his 4wheeler down his big driveway to get to his letter box AHAHAHAHAHH he waves  ,Colombia
1686709126,Sun May 03 06:29:34 PDT 2009,shanajaca,@Loony4ever Sweetheart what have you done to warrant such harsh punishment of no comp  i would never do that to bed earlier ok but no comp,Tanzania
1686802507,Sun May 03 06:49:24 PDT 2009,nuttychris,@AyeUpLaura lol that us when ya soba as well haha ,Nigeria
1686902980,Sun May 03 07:09:36 PDT 2009,Spidersamm,"@andyclemmensen come to tassie you stooge, i know its a scary thought, but ",Tanzania
1686930368,Sun May 03 07:14:51 PDT 2009,tsarnick,@Zanna85 hahahaha oh sorry Z!!! i thought you were on a twitter ban ,Nigeria
1687068802,Sun May 03 07:40:17 PDT 2009,tsarnick,"@MissxMarisa haha, you're one of the few who can get away with whatever she likes Scenie ",Ethiopia
1687096021,Sun May 03 07:45:12 PDT 2009,Spidersamm,@sonnyjoeflangan scared? go eat a tim tam then  yum ha ha,USA
1687097587,Sun May 03 07:45:28 PDT 2009,keza34,@nessie111 course you can @pob34 makes a really good dinner.Lol ,Tanzania
1687126741,Sun May 03 07:50:39 PDT 2009,keza34,@annwhit its the weekend so does it really matter.lol and yes hes been v.good today.think i will forgive him.hehe ,China
1687152354,Sun May 03 07:55:08 PDT 2009,tsarnick,@Sweet_Candii how crazy are those canadians?? see they have an inferiority complex about not being americans ,Japan
1687153601,Sun May 03 07:55:21 PDT 2009,keza34,@annwhit just finishing vodka.he knows to wash pots coz hes doin last nites now.so defo forgiven.lol ,Canada
1687154302,Sun May 03 07:55:28 PDT 2009,tsarnick,"@MissxMarisa haha, i just spoke to Z on the phone!! ",Nigeria
1687186089,Sun May 03 08:00:46 PDT 2009,VioletsCRUK,@garry1bowie Just havin a chilled Sunday then? I love Sundays for that reason..you can just sit about an be a lazy b and no one cares. ,USA
1687216049,Sun May 03 08:05:39 PDT 2009,shanajaca,the most strange name between the newborn kids Ambrosio if that isnt a burden to your kid i dont know what is lol  XX,Canada
1687247174,Sun May 03 08:10:44 PDT 2009,tsarnick,@Sweet_Candii haha cool... eminem  i did that at karaoke in japan,New Zealand
1687247250,Sun May 03 08:10:45 PDT 2009,VioletsCRUK,Be back shortly @theviolets just arrived ,Chile
1687337818,Sun May 03 08:25:44 PDT 2009,keza34,@annwhit rain tomorrow apparently.lol ,Italy
1687372227,Sun May 03 08:31:17 PDT 2009,nuttychris,@AyeUpLaura lol gdgd  and yes you are just admit it haha,Ecuador
1687936193,Sun May 03 09:57:13 PDT 2009,keza34,@jacqueline47 ignore the guilt.really ignore it.lol ,Brazil
1687936570,Sun May 03 09:57:16 PDT 2009,shanajaca,@Barbiechick3004 Sorry wrong use off capslock lol  XX,Ethiopia
1688115891,Sun May 03 10:22:33 PDT 2009,keza34,@joshtastic1 peachy keen.thanx stop bullying @nuttychris thats @nessie111 &amp; @ComedyQueen job as his twitter sisters.lol haha ,China
1688856105,Sun May 03 12:04:32 PDT 2009,thisgoeshere,@Ilkee the fobcure! cure all your ailments. regrows hair. ,Brazil
1690979412,Sun May 03 16:49:08 PDT 2009,VioletsCRUK,@linehan Hiya!! So you enjoyed your day then..did you get the bbq or was weather too crappy? ,Japan
1691050580,Sun May 03 16:58:58 PDT 2009,nuttychris,"@ComedyQueen lmfao only 7900, 7742  you realise i will overtake u 2moz  hehe",Canada
1691124594,Sun May 03 17:08:57 PDT 2009,tsarnick,@Kash1na i don't know what it is!! but it's fun  we have photo contests &amp; make movies &amp;... shit. see my latest: http://twitpic.com/49g2a,Ethiopia
1691126711,Sun May 03 17:09:15 PDT 2009,tsarnick,"@adamsweb hey man!! i was up early, but working on one of my movies ",Mexico
1691269235,Sun May 03 17:29:03 PDT 2009,TraceyHewins,@nuttychris hopefully but somehow....I doubt it ,Colombia
1691270538,Sun May 03 17:29:14 PDT 2009,StDAY,@eeshkapeesh I was about to say there's no way in hell to crack an &quot;eblow&quot; but elbows? I don't know...I manage it. Haha. ,Australia
1691307599,Sun May 03 17:34:09 PDT 2009,StDAY,"Cows!!  Haha. So many hills, so many cows. ",Spain
1691310101,Sun May 03 17:34:30 PDT 2009,DarkPiano,"@suesshirtshop Did a lot of nothing, and it felt good!!  You?",Mexico
1692097891,Sun May 03 19:16:18 PDT 2009,StDAY,@xoMusicLoverxo yeppers. They do. ,India
1692452213,Sun May 03 20:01:35 PDT 2009,StDAY,@xoMusicLoverxo Yup! Total honesty! And it'll be long and rambling as all my reviews are. Forewarning. ,Indonesia
1692819545,Sun May 03 20:51:40 PDT 2009,StDAY,"@Solzah oh, it has nothing to do with how long the tweets are (though that is bothersome) it's another type of limit. But thanks anyway! ",Ecuador
1693607766,Sun May 03 23:07:02 PDT 2009,Spidersamm,@andyclemmensen yuckkkk  i find it disturbing that you have photos of shauns butt crack on your phone or whatever D: haha ,Peru
1693720598,Sun May 03 23:31:54 PDT 2009,StDAY,"@xoMusicLoverxo No worries, I will. First chapter done! Woo! Haha. ",Spain
1693789441,Sun May 03 23:47:20 PDT 2009,Spidersamm,@HelloLizzi  om nom nom  he looks so adorable,UK
1693915119,Mon May 04 00:16:59 PDT 2009,Spidersamm,polaroid people were om nom nom ,Cuba
1694273903,Mon May 04 01:52:24 PDT 2009,shanajaca,@TomFelton Safe flight home to you and Jade   XX,Chile
1694420653,Mon May 04 02:32:49 PDT 2009,keza34,@spook68 morning.any plans for today? ,Peru
1694438743,Mon May 04 02:37:49 PDT 2009,VioletsCRUK,MORNING!!! Hope you all have a lovely holiday Monday whatever you are goin to be up to! ,Argentina
1694440711,Mon May 04 02:38:20 PDT 2009,keza34,@fudgecrumpet ok i believe you.but i have a belly button.lol ,Chile
1694455670,Mon May 04 02:42:31 PDT 2009,tsarnick,"@MissxMarisa we had scones this afternoon!! they were great  we're gonna make cupcakes this week, on Wednesday!",Antarctica
1694456366,Mon May 04 02:42:43 PDT 2009,VioletsCRUK,"@Karen230683 lol good..glad to hear it! I was totally paranoid when i bit of hair touched my ear or cheek, was mad! Ha! How's you? ",Dominican Republic
1694458040,Mon May 04 02:43:11 PDT 2009,keza34,@fudgecrumpet saw the deforestation.so not surprised of bad back but @mrsfudgecrumpet moan back at you.lol ,Cuba
1694475694,Mon May 04 02:48:00 PDT 2009,keza34,"@fudgecrumpet hope it isnt too hot a summer then.hows little one today,being good i hope.lol ",Argentina
1694568773,Mon May 04 03:12:49 PDT 2009,Jayme1988,@midgetmeg HI MEG! @mileycyrus Life's a climb but the view is great. ,Kenya
1694570160,Mon May 04 03:13:11 PDT 2009,nuttychris,"@Megzx lol, get watching it again  hehe",France
1694587005,Mon May 04 03:17:46 PDT 2009,VioletsCRUK,Hiya!!! I am good thanks..how's yourself..doin anything nice today? ,Indonesia
1694607532,Mon May 04 03:23:10 PDT 2009,VioletsCRUK,@pd1001 Aw poor you..ironing! Eek! lol It's raining here too.....prob try and get out with the kids later..nt too exciting im afraid! ,Ecuador
1694644400,Mon May 04 03:32:34 PDT 2009,VioletsCRUK,@pd1001 Oh lovely - that is one thing Mum's are great at!! Sounds yummy!  You are makin me hungry here! lol :-p,Brazil
1694645096,Mon May 04 03:32:45 PDT 2009,keza34,@joshtastic1 yea gonna make it for tea later.just need to get some naan bread  to go with it.lol ,Colombia
1694646233,Mon May 04 03:33:02 PDT 2009,tsarnick,"@MissxMarisa haha, yeah I think it's a bit of both ",Canada
1694727732,Mon May 04 03:53:25 PDT 2009,Karen230683,@graemeskelly LOL biking is manly ,Chile
1694744808,Mon May 04 03:57:38 PDT 2009,tsarnick,@MissxMarisa haha!! someone with an axe just popped up at you Scenie!! what did you do??? ,Brazil
1694769913,Mon May 04 04:03:14 PDT 2009,nuttychris,"@sweetemmaxxx i love the cheesey ones, and the cool orignal ones  , , , skips i have when my brother has them got to try them u c haha",Ecuador
1694791581,Mon May 04 04:08:18 PDT 2009,tsarnick,"@MissxMarisa haha what can i say, you're a great teacher!! you learned from the best... Hannah Montana ",New Zealand
1694834316,Mon May 04 04:18:04 PDT 2009,tsarnick,@MissxMarisa you the the Queen of Sass oh Scenie!!! ,Ecuador
1694857590,Mon May 04 04:23:15 PDT 2009,keza34,@Jamie_127 not nice.rather be one or the other.lol ,Ecuador
1694878847,Mon May 04 04:27:54 PDT 2009,nuttychris,"7846 - almost catching @comedyqueen up, so gonna kick her ass, and woop i will b joing the 10k mile high club soon ",Tanzania
1694880209,Mon May 04 04:28:12 PDT 2009,tsarnick,@jeffsgrippen it gets down to like 10C at night  and about 25C in the day,South Africa
1694904697,Mon May 04 04:33:16 PDT 2009,mcraddictal,@MCRIsAPleasure really?  wooooo! I wish i could go to indonesia! Lol. Hopefully next summer. ,Thailand
1694906103,Mon May 04 04:33:33 PDT 2009,tsarnick,@jeffsgrippen i work in youth justice ,Chile
1694929245,Mon May 04 04:38:18 PDT 2009,tsarnick,@jeffsgrippen yeah it's great!! always something interesting going on ,Chile
1694930520,Mon May 04 04:38:34 PDT 2009,Jayme1988,@bhanks morning ,Germany
1694930947,Mon May 04 04:38:39 PDT 2009,VioletsCRUK,@dbdc Meant to ask how did the other night go? Did you enjoy the fight...did yas have an all-nighter? ,Cuba
1694952834,Mon May 04 04:43:14 PDT 2009,tsarnick,@jeffsgrippen i used to be!! i've done a few different jobs in yj. currently i'm a court officer ,Chile
1694954988,Mon May 04 04:43:41 PDT 2009,shanajaca,@Lilyginny27 Please let me know if it is allright DE i need to know but first just wake up a little and enjoy the cofee  XX,Mexico
1695004388,Mon May 04 04:53:46 PDT 2009,VioletsCRUK,@dbdc LOL! I hate when that happens!! All hyped up and its over before you know it! Lunch sounds nice..hope you have a nice time. ,Tanzania
1695029834,Mon May 04 04:58:47 PDT 2009,keza34,@joshtastic1 so you are like the rest of us on this miserable bank holiday.then LOL ,Japan
1695052704,Mon May 04 05:03:03 PDT 2009,keza34,@nessie111 playing man utd.kick off 19:45.champions league 2nd leg.lol ,Mexico
1695056534,Mon May 04 05:03:48 PDT 2009,mcraddictal,I'm feelin aiden today!  on the bus now  Die romatic!!!,Kenya
1695081939,Mon May 04 05:08:39 PDT 2009,keza34,"@pob34 done pots,had lunch now eatin chocolate.LOL ",Spain
1695135047,Mon May 04 05:18:22 PDT 2009,mcraddictal,@XThe_Happy_EmoX lmao. Lucky! It's 10 minutes on foot for me  ewww..... School.lol. On the bus now.,South Africa
1695162859,Mon May 04 05:23:25 PDT 2009,TraceyHewins,@mrtrev that'll do it too ,Colombia
1695165809,Mon May 04 05:23:57 PDT 2009,TraceyHewins,@chriscuzzy I'm on my way--it may take me a while to get there since I'm coming from the US  Did you have fun last night?,Thailand
1695341359,Mon May 04 05:53:33 PDT 2009,TraceyHewins,@Jamie_127 LOL Just remember how it was after my car accident ,South Korea
1695410619,Mon May 04 06:03:59 PDT 2009,TraceyHewins,@jacqueline47 as long as you're not going to melt LOL. Hubby has an umbrella set up to keep him dry when he grills ,Italy
1695509429,Mon May 04 06:18:45 PDT 2009,TraceyHewins,@annwhit hiya! been looking for you1 ,Cuba
1695511139,Mon May 04 06:19:00 PDT 2009,keza34,@gerdaduring i know they are delicious.miss germany but like holland as well as we used to shoppin there at weekends.lol ,Russia
1695544925,Mon May 04 06:23:48 PDT 2009,tsarnick,@TheLastDoctor this time there is a theme and it is &quot;purple&quot; ,UK
1695583774,Mon May 04 06:29:17 PDT 2009,TraceyHewins,@CookingGranny morning ,Ecuador
1695656407,Mon May 04 06:39:10 PDT 2009,ramdomthoughts,@MatReesUk Has to be a Mac! Believe me - you won't regret it ,Chile
1695693692,Mon May 04 06:44:15 PDT 2009,TraceyHewins,@ComedyQueen LOL it's overcast but otherwise ok. I'm tired but otherwise ok ,France
1695806726,Mon May 04 06:59:28 PDT 2009,nuttychris,omg 44 tweets till 8k  and only about 90 tweets difference btween b and comedyqueen ,USA
1695846895,Mon May 04 07:04:35 PDT 2009,TraceyHewins,@nuttychris I need to separate you and your sister @ComedyQueen  Today the role of evil aunt is being played by me!,Australia
1696134815,Mon May 04 07:40:53 PDT 2009,DarkPiano,@jmbuckingham Really?? I feel special ,Indonesia
1696215897,Mon May 04 07:50:47 PDT 2009,TraceyHewins,@Jamie_127 glad you got a laugh out of it ,Germany
1750966153,Sat May 09 18:20:53 PDT 2009,StDAY,"@eeshkapeesh Aw, sorry E. :/ I hope it looks up for you (lame ear) And there's always next year! Crap. Lamer ear :/ Fail. Uhh..Love ya E! ",New Zealand
1751035443,Sat May 09 18:30:47 PDT 2009,DarkPiano,"All you moms, get ready to enjoy your much-deserved special day! ",Ecuador
1751175675,Sat May 09 18:50:37 PDT 2009,mcraddictal,@mcr_chick haha. I completely agree ,Italy
1751322242,Sat May 09 19:10:43 PDT 2009,TraceyHewins,@grovesyrmi08 sorry about it ,Germany
1751885692,Sat May 09 20:31:03 PDT 2009,thisgoeshere,@CarCrashHearts what do i have? lots of stuff. ,South Korea
1751953263,Sat May 09 20:41:07 PDT 2009,StDAY,@eeshkapeesh haha. Okay.  have fun with that. Haha.,Peru
1751953369,Sat May 09 20:41:08 PDT 2009,mcraddictal,@mcrfash1 that's great! ,Tanzania
1752964760,Sat May 09 23:36:59 PDT 2009,tsarnick,"@Twilighter_OfOz cool, catch you laterz!!! ",Jamaica
1753158462,Sun May 10 00:22:10 PDT 2009,Karen230683,@colinkelly thanks colin hearing that bad knee Imor not il crawl over the finish line  your a wee star,Italy
1753219251,Sun May 10 00:37:23 PDT 2009,StDAY,@xoMusicLoverxo I'm using it in a story. I actually already wrote it but have to write the chapters before it. ,UK
1753254268,Sun May 10 00:46:42 PDT 2009,tsarnick,@AniaRysz oh cool i can't wait!! yours are awesome!!! ,Ecuador
1753417850,Sun May 10 01:32:17 PDT 2009,StDAY,"Goodnight twitterworld. I'll tweet y'all later.  Goodnight, J. ",France
1753632815,Sun May 10 02:37:30 PDT 2009,Spidersamm,"ohi i would marry Travis Pastrana in a second... hes not that attractive, hes just the sweetest thing  and what he does is attractive ;)ha",Argentina
1753647738,Sun May 10 02:42:09 PDT 2009,Spidersamm,start again... so now theres 6 people coming with us when we go to melbourne...for short stack. originally 4. but still only 3 for ss ,UK
1753696453,Sun May 10 02:57:56 PDT 2009,ramdomthoughts,@sassij That's good to hear - morning ,UK
1753711210,Sun May 10 03:02:12 PDT 2009,Spidersamm,i want a top that says ' www.bilko22.com '   ,Spain
1753711667,Sun May 10 03:02:21 PDT 2009,shanajaca,@xXFriendXx That is amazing she will be happy with it enjoy your sunday  XX,China
1753742350,Sun May 10 03:12:07 PDT 2009,ramdomthoughts,@sassij Or he's gonna chop you up into tiny bits - one of the two ,Spain
1753774190,Sun May 10 03:22:38 PDT 2009,tsarnick,"@MissxMarisa hahaha, it's *massive* compared to the others!! you're so sweet Scenie ",Dominican Republic
1753775474,Sun May 10 03:23:04 PDT 2009,ramdomthoughts,Show 147 in pre-pre production ....... a bit behind ,South Korea
1753788730,Sun May 10 03:27:27 PDT 2009,Spidersamm,@HelloLizzi oh hahah thats ok then  ,Indonesia
1753790395,Sun May 10 03:28:01 PDT 2009,tsarnick,@aussiecynic haha better drunken tweeting you mean? ,France
1753803278,Sun May 10 03:32:00 PDT 2009,tsarnick,@freshypanda haha drunk golf sounds *awesome*!! i predict a great score for today ,South Korea
1753836604,Sun May 10 03:42:23 PDT 2009,VioletsCRUK,@jason_2008 lol oh dnt worry u'l be able to squeeze it soon enough!! Hope you have a good day today! ,Chile
1753838222,Sun May 10 03:42:54 PDT 2009,ramdomthoughts,"@ksymmonds @lcaller Sorry to have missed it. Yes, I'm a lazy bastard  Up, but still not dressed ",Nigeria
1753870999,Sun May 10 03:53:02 PDT 2009,ramdomthoughts,@ksymmonds We can compare horror stories mate LOL ,Jamaica
1753884974,Sun May 10 03:57:27 PDT 2009,tsarnick,@Zanna85 i changed my mind dammit!! a Tsar can change his mind at any time without no prior notice ,Chile
1753886317,Sun May 10 03:57:53 PDT 2009,Spidersamm,doing the andy dance  the one on fonzie gomez show ;) haha,Argentina
1753921718,Sun May 10 04:08:22 PDT 2009,tsarnick,@MissxMarisa i'm just sayin Scenie!! i suspect that you *want* the belt sometimes though ,Tanzania
1753938074,Sun May 10 04:13:09 PDT 2009,tsarnick,@Boddingtons hi Princess!! *hugs* how are you? ,New Zealand
1753956430,Sun May 10 04:18:26 PDT 2009,thisgoeshere,@erin82883 happy mothersday to you erin! ,Australia
1753989887,Sun May 10 04:28:13 PDT 2009,VioletsCRUK,@Sion71 lol okay will send u a pic shortly...gawd wish id cut the grass this morning now!!!lol  ,Antarctica
1754027072,Sun May 10 04:38:31 PDT 2009,keza34,Afternoon/morning Twitterverse.Hows everyone today?all good i hope.in a v. good shiny mood soyay lol ,Australia
1754042554,Sun May 10 04:42:50 PDT 2009,keza34,@TraceyHewins v.good happy and shiny today ,Peru
1754061352,Sun May 10 04:48:11 PDT 2009,TraceyHewins,@Hitman1971 LOL yeah. That helps lol ,Peru
1754077935,Sun May 10 04:52:39 PDT 2009,nuttychris,@TraceyHewins i amm all good thanks watching F1 so am happy  #twittertakeover,Russia
1754079938,Sun May 10 04:53:13 PDT 2009,keza34,@TraceyHewins shiny shiny shiny shiny TwitterTakeover lol ,Colombia
1754098560,Sun May 10 04:58:19 PDT 2009,TraceyHewins,@Taddy69 It's 8am here Eastern time US. In California it's 5 a.m. you've got lots of morning ,Ethiopia
1754118847,Sun May 10 05:03:16 PDT 2009,TraceyHewins,@Jamie_127 maybe it's people finally reading through the #followfriday recommendations ,South Africa
1754158296,Sun May 10 05:13:03 PDT 2009,keza34,@TraceyHewins Everybody is Shiny #TwitterTakeover lol ,Ecuador
1754178043,Sun May 10 05:17:53 PDT 2009,keza34,@nuttychris all shiny shiny today.lol #TwitterTakeover @pob34 is finishin work in about 10 mins so all good.lol ,Cuba
1754285024,Sun May 10 05:43:18 PDT 2009,keza34,@nuttychris hes just finished so will be here in a minute.lol #twittertakeover.lol ,Russia
1754286596,Sun May 10 05:43:40 PDT 2009,TraceyHewins,@nuttychris I've gor my fingers crossed for you #TwitterTakeover ,Ecuador
1754306265,Sun May 10 05:48:10 PDT 2009,TraceyHewins,@nuttychris I hope so #TwitterTakeover ,Egypt
1754306603,Sun May 10 05:48:14 PDT 2009,keza34,@pob34 you forgot #twittertakeover but yes all shiny shiny sparkly.lol ,Spain
1754308417,Sun May 10 05:48:38 PDT 2009,TraceyHewins,@willtompsett you're back What'd you get me #TwitterTakeover ,South Africa
1754308853,Sun May 10 05:48:44 PDT 2009,DarkPiano,@LatteWithLori I also out one out for the world's moms.  http://twiturm.com/profile/darkpiano,Canada
1754329575,Sun May 10 05:53:19 PDT 2009,DarkPiano,@LatteWithLori So are you being treated to a mom's day off? ,Peru
1754331276,Sun May 10 05:53:42 PDT 2009,TraceyHewins,@ComedyQueen it hasn't shown up yet but we're working on it #TwitterTakeover ,Australia
1754353844,Sun May 10 05:58:39 PDT 2009,nuttychris,"@ComedyQueen gdgd and i no it will, b gd if the whole of twitter started using it lolage  #TwitterTakeover",Peru
1754376309,Sun May 10 06:03:13 PDT 2009,DarkPiano,@BonnieBrown Hangin' in! Church gig coming up soon. Think I'll do some Aerosmith for the prelude. That'll wake those Presbyterians!! ,Chile
1754376501,Sun May 10 06:03:16 PDT 2009,TraceyHewins,@Hapson ah. Go Manchester  #TwitterTakeover ,Egypt
1754401743,Sun May 10 06:08:37 PDT 2009,TraceyHewins,@ComedyQueen Shiny sparkly #TwitterTakeover ,Cuba
1754402976,Sun May 10 06:08:53 PDT 2009,keza34,@pob34 sorry for takin so long but not my fault.r u on metro yet?#TwitterTakeover lol ,Indonesia
1754497184,Sun May 10 06:28:30 PDT 2009,VioletsCRUK,@rosskie lol Hello Mr Razzamataz!!! She looks v skinny on tv...and that's meant to add weight on! ,Australia
1754498709,Sun May 10 06:28:48 PDT 2009,Karen230683,@whotook thankyou hunni  x,Spain
1754522380,Sun May 10 06:33:31 PDT 2009,VioletsCRUK,@leonkay Good luck for tomorrow Leon..hope it all goes well! Enjoy!! ,South Africa
1754550113,Sun May 10 06:39:00 PDT 2009,ramdomthoughts,@ksymmonds *waves* ,Russia
1754575001,Sun May 10 06:43:46 PDT 2009,nuttychris,"@Teelou i no would be great, but he will tell me off for partying all the time haha #TwitterTakeover ",New Zealand
1754626525,Sun May 10 06:53:36 PDT 2009,nuttychris,@ComedyQueen nah we aint failed yet still sunny outside  so still time  we will do it !,South Africa
1754683946,Sun May 10 07:04:08 PDT 2009,nuttychris,OMG THANKS! to everyone hu is tweeting #TwitterTakeover try and get all ur followers to tweet it and we will rule the world ,Australia
1754821111,Sun May 10 07:29:00 PDT 2009,DarkPiano,"@jmbuckingham Good morning, Jeanne, and happy mother's day! ",France
1754879878,Sun May 10 07:39:06 PDT 2009,nuttychris,@ComedyQueen lol aww okies bye sweety  x #TwitterTakeover,UK
1754880599,Sun May 10 07:39:14 PDT 2009,keza34,@ComedyQueen tweet you later #TwitterTakeover #TwitterTakeover #TwitterTakeover #TwitterTakeover #TwitterTakeover #twitterTakeover lol ,Ethiopia
1754937190,Sun May 10 07:48:55 PDT 2009,TraceyHewins,I did NOT get timed out!! We lost electricity!!! #TwitterTakeover ,Cuba
1754937619,Sun May 10 07:49:00 PDT 2009,keza34,@Dojie #TwitterTakeover i have a lollipop.lol #TwitterTakeover ,Italy
1754967450,Sun May 10 07:54:01 PDT 2009,TraceyHewins,@nelsonmaud TY You too  #TwitterTakeover ,Dominican Republic
1754968884,Sun May 10 07:54:15 PDT 2009,TraceyHewins,@pob34 you're welcome #TwitterTakeover ,Thailand
1755092423,Sun May 10 08:14:10 PDT 2009,keza34,@annwhit so all good then lol  #TwitterTakeover #TwitterTakeover,Japan
1755155434,Sun May 10 08:24:17 PDT 2009,keza34,@Rosie21 #TwitterTakeover is No5 in list so yes it is.lol  #TwitterTakeover #TwitterTakeover,Indonesia
1755185523,Sun May 10 08:29:04 PDT 2009,keza34,@SofieY #TwiterTakeover if i have anythin to do with itit will lol  #TwitterTakeover #TwitterTakeover #TwitterTakeover,Thailand
1755313779,Sun May 10 08:49:10 PDT 2009,mcraddictal,Make your choice they say you've been pleading. Someone save us. @myhaloromance ,South Korea
1755674360,Sun May 10 09:44:25 PDT 2009,TraceyHewins,"@catsstripes just the usual housework,tweeting,dealing with my 2 y.o niece  How about you?",Argentina
1755740989,Sun May 10 09:54:32 PDT 2009,keza34,@joshtastic1 welcome back son.hows you today? LOL  #TwitterTakeover #TwitterTakeover,Mexico
1755809955,Sun May 10 10:04:45 PDT 2009,mcraddictal,@NotFrankIero oh well... Hah. You can be mad at me.  it won't make a difference. Urgh. It's not really that addicting...,UK
1759350846,Sun May 10 19:01:24 PDT 2009,StDAY,@eeshkapeesh Haha. I don't even know. But like I said I'm planning on applying for another job. I'll tell you about that later. ,Thailand
1759429679,Sun May 10 19:11:36 PDT 2009,mcraddictal,I wanna sing the rapppp... -thinks of eric- what a dicklickin buscuit...  i love jacqie.lol,Jamaica
1759729523,Sun May 10 19:51:29 PDT 2009,mcraddictal,Mind of mencia disc 1 ,Colombia
1760312656,Sun May 10 21:11:55 PDT 2009,StDAY,Oh. It's a Green Day special tonight on this radio station. That's awesome. They're gonna play songs off the new album. ,Colombia
1770546962,Mon May 11 21:38:03 PDT 2009,tsarnick,@MissxMarisa i think i know now!!!!! ,South Korea
1770778161,Mon May 11 22:13:18 PDT 2009,mcraddictal,@TravisKing goodnight.  even though you're not even on.lol. Love youuuu.,Canada
1770952824,Mon May 11 22:43:45 PDT 2009,mcraddictal,@chemicalzombie don't be emotional! Just remember that i love you  alot,Nigeria
1771030859,Mon May 11 22:58:42 PDT 2009,StDAY,"@xoMusicLoverxo Yay! Oh my god, you totally just made me happy.  A seemingly impossible thing while I'm at work. ",Antarctica
1771057643,Mon May 11 23:03:41 PDT 2009,Karen230683,@xxandip I've been up since 3 damn Glasgow airport!! ,Spain
1771084400,Mon May 11 23:08:47 PDT 2009,mcraddictal,@Dezz_MCR Hah. It's K. I live in south alabama.  you can just call me countrified,Egypt
1792326061,Wed May 13 22:48:47 PDT 2009,ramdomthoughts,@MummaBear Neutral really. Not complaining  Morning!,Argentina
1792395783,Wed May 13 23:00:53 PDT 2009,ramdomthoughts,@geekachu Making up your own hash tags again - genius! ,Cuba
1792536910,Wed May 13 23:26:11 PDT 2009,tsarnick,@missxmarisa http://twitpic.com/5529a - yay!!!!!!! that's wicked! i'm big in Vegas apparently ,Brazil
1792744895,Thu May 14 00:06:08 PDT 2009,Jayme1988,here I am..... at work... music time me thinks  how are you all,Japan
1792797512,Thu May 14 00:16:44 PDT 2009,tsarnick,@missxmarisa http://twitpic.com/553ky - hahaha Z you look so cheesy it made me &quot;lol&quot; ,Thailand
1792821348,Thu May 14 00:21:37 PDT 2009,tsarnick,@MissxMarisa hahaha you look *very* excited about it all ,UK
1793182029,Thu May 14 01:41:31 PDT 2009,Spidersamm,"@staceymeow oh hi  i told connor you said to say hi, ha ",Brazil
1793223819,Thu May 14 01:51:27 PDT 2009,VioletsCRUK,@Karen230683 We still can't see ya...my petition hasn't worked Karen! Time for a plan B!! Grrrrr LOL Hope you are okay today? ,Australia
1793308469,Thu May 14 02:11:16 PDT 2009,StDAY,"Yeah...I'm going to sleep. Yup. It's 2 in the morning. I'm beat. Goodnight, twitterville. ",France
1793310660,Thu May 14 02:11:47 PDT 2009,StDAY,Awesome song playing as I go to sleep.  Down Goes Another One - McFly ,Nigeria
1793351148,Thu May 14 02:21:22 PDT 2009,keza34,@joshtastic1 morning son.hows it going? ,Nigeria
1793459408,Thu May 14 02:46:38 PDT 2009,keza34,"@paulpuddifoot shopping.drinks,lunch,star trek,drinks,'blue man group,dinner then home and more drinks.so busy but fun.lol ",Tanzania
1793572171,Thu May 14 03:12:20 PDT 2009,keza34,@Cezza_B what you studying?hope its all going well ,Australia
1793594300,Thu May 14 03:17:24 PDT 2009,tsarnick,@sinkingducks it's a good idea!!! give it time  you need to hassle ppl to get them on board!,Ecuador
1793726689,Thu May 14 03:46:48 PDT 2009,Jayme1988,@juanbarnard I am a little tierd to but otherwise good thanks ,New Zealand
1793773799,Thu May 14 03:56:43 PDT 2009,ramdomthoughts,@an0key Raves LOL - it's not 1994 fella  I wish - can't remember much of the 90s!,Ethiopia
1793777120,Thu May 14 03:57:25 PDT 2009,ramdomthoughts,@an0key No worries ,Colombia
1793829243,Thu May 14 04:07:39 PDT 2009,tsarnick,"@architeuth1s thanks for voting mate, appreciate it ",Chile
1793877919,Thu May 14 04:17:10 PDT 2009,DarkPiano,"Hey @CoachDawn, thank you! ",Thailand
1793905500,Thu May 14 04:22:19 PDT 2009,tsarnick,@sinkingducks http://twitpic.com/55afq - gnomes would be a really great idea for a photo contest ,Colombia
1793933609,Thu May 14 04:27:40 PDT 2009,DarkPiano,"It's going great, @BonnieBrown! How's yours? ",South Korea
1793959867,Thu May 14 04:32:31 PDT 2009,tsarnick,@nik_kee_dee i'm always a busy tweeter! have you seen how many updates i've done?? got you on myspaz ,Nigeria
1793987011,Thu May 14 04:37:28 PDT 2009,DarkPiano,"@LarissaGlueck Thank you, Larissa! ",China
1794044269,Thu May 14 04:47:47 PDT 2009,tsarnick,"@Zanna85 haha yeah well it doesn't make me sad!! it doesn't seem like picking on me, i like it ",France
1794069691,Thu May 14 04:52:14 PDT 2009,Jayme1988,@AJM1030 how are you today? ,Nigeria
1794070918,Thu May 14 04:52:27 PDT 2009,tsarnick,@fjkinnit yeah i'd love to sit back and enjoy a #banksy with a refreshing and uplifting #coca-cola ,South Africa
1794161990,Thu May 14 05:07:24 PDT 2009,tsarnick,@jimbyjoe oh thanks man!!! thanks for liking it  have you fucking voted or what??? http://twitpic.com/51234,Colombia
1794186804,Thu May 14 05:11:24 PDT 2009,keza34,@ComedyQueen right nowi get it.lol ,Japan
1794224138,Thu May 14 05:17:22 PDT 2009,TraceyHewins,@TomFelton absolutely. I have a stuffed cat that I fondly refer to as 'sick kitty' because when I'm sick I want to snuggle with it ,South Korea
1794234009,Thu May 14 05:18:58 PDT 2009,tsarnick,"@GallifreyReject fucken hell!!! i *love* your twitter background!!! mmm, phoenix ",South Africa
1794270288,Thu May 14 05:24:31 PDT 2009,TraceyHewins,@chriscuzzy LMAO-the poor guy ,Kenya
1794360901,Thu May 14 05:37:53 PDT 2009,VioletsCRUK,@pd1001 lol not a chance...that's what keeps me sane!! (well kinda) Esp when i get to do all 3 at once!  Hope ur havin a nice afternoon!,New Zealand
1794544190,Thu May 14 06:03:01 PDT 2009,Jayme1988,@colocelt good morning ,Nigeria
1794580648,Thu May 14 06:07:42 PDT 2009,TraceyHewins,@faulko1 LMAO he got sent to the naughty corner? I thought that only happened to me @nuttychris and @ComedyQueen ,Colombia
1794620002,Thu May 14 06:12:45 PDT 2009,mcraddictal,I'll be back later. A few hours a guess. :\ or I'll come back to talk to nes.  love you forever bby,Germany
1794658946,Thu May 14 06:17:44 PDT 2009,Karen230683,@Chappers67 thanks Paul ,Thailand
1794661969,Thu May 14 06:18:07 PDT 2009,Jayme1988,@sceric77 I am great thanks  how are you today?,UK
1794785251,Thu May 14 06:33:17 PDT 2009,mcraddictal,@neszlifeasmcrmy i'm at school now.  in biology unfortunately. Eh. The usual? Guessing that's good.,Antarctica
1794868664,Thu May 14 06:43:11 PDT 2009,TraceyHewins,Hey all! @mrtreve should be back soon!!! ,Brazil
1794996777,Thu May 14 06:57:55 PDT 2009,tsarnick,@aussiecynic how many words do you have? the average novel is 80-120K words  #twittercoffeeclub,India
1795132682,Thu May 14 07:13:09 PDT 2009,ramdomthoughts,@DaveDay You've jumped ships - I can't keep up LOL. I keep bouncing between all of them  Will try a reboot - ta.,Ethiopia
1795315787,Thu May 14 07:33:15 PDT 2009,TraceyHewins,@hummingbird2 gorgeous thanks ,Thailand
1796175755,Thu May 14 09:00:23 PDT 2009,TraceyHewins,@NanaSuzee don't know if you saw but Tom is in surgery now ,Antarctica
1823288079,Sat May 16 21:34:46 PDT 2009,thisgoeshere,@erin82883 haha! i wanna know now. but seriously. i am going to bed now.  tweet you tmw! night!,France
1823354196,Sat May 16 21:45:00 PDT 2009,Karen230683,@manxmidge yup next weekend I'll be druuuunk ,China
1823598773,Sat May 16 22:24:58 PDT 2009,StDAY,Awww! They're giving 2 of my favorite movies on TV!! The Princess Bride and Ever After ,South Korea
1823686627,Sat May 16 22:40:26 PDT 2009,StDAY,"@eeshkapeesh I'd watch it. That is one of my FAVORITE movies. LOVE.  But, you could sleep too...",France
1823765812,Sat May 16 22:55:09 PDT 2009,tsarnick,.@ObviousPandaPR yeah give us one of those will ya??? ,Jamaica
1823845160,Sat May 16 23:10:13 PDT 2009,tsarnick,.@Greek4Honeybee that would be awesome!! #noundiessunday is perfect for looking for graffiti pics ,Peru
1823871531,Sat May 16 23:15:27 PDT 2009,tsarnick,@ObviousMM yep you've got the idea of #noundiessunday!! that's exactly what it is!! ,Egypt
1823945899,Sat May 16 23:30:30 PDT 2009,tsarnick,.@Twilighter_OfOz haha what are you thanking me for?? ,Spain
1823994979,Sat May 16 23:40:35 PDT 2009,tsarnick,".@Twilighter_OfOz that's awesome!! i don't know who they are, but i'm sure it was cool!! ",Antarctica
1824020430,Sat May 16 23:45:45 PDT 2009,tsarnick,".@Zanna85 they won't care!!! anyway, it's twitter you can just *say* you're doing #noundiessunday ",Canada
1824065791,Sat May 16 23:55:27 PDT 2009,StDAY,&quot;What is South Hampshire?&quot; Ha. ,Ethiopia
1824137221,Sun May 17 00:10:47 PDT 2009,StDAY,Watching Green Day on SNL.  Awesome. Yup.,Jamaica
1824179138,Sun May 17 00:20:08 PDT 2009,Karen230683,@snedwan just been a wee #jakey @tb78 was asking if I sound as rough as u hahaha I now have a mic so will let him hear later ,Germany
1824290227,Sun May 17 00:45:56 PDT 2009,StDAY,"@xoMusicLoverxo I guess sleep can't wait for you... Goodnight, J.  I might sleep soon as well. Maybe. Or write. Maybe.",Thailand
1824448783,Sun May 17 01:25:47 PDT 2009,StDAY,Wow. Lied again. I'm watching Waiting... instead of sleeping. Justin Long. Ryan Reynolds. LOVE. ,South Korea
1824468660,Sun May 17 01:30:55 PDT 2009,StDAY,"Actually, scratch that. I'm too tired to stay up watching it. 'Night for real this time. ",China
1824487636,Sun May 17 01:35:48 PDT 2009,thisgoeshere,"@erin82883 mustang idiot, and some ice machine fights. oh yeah.  haha. good night all in all. ",Japan
1824506447,Sun May 17 01:40:37 PDT 2009,tsarnick,@AniaRysz what did you think of the film?? ,Peru
1824543951,Sun May 17 01:50:40 PDT 2009,tsarnick,@MissxMarisa so what are you doing for #noundiessunday??? ,Tanzania
1824564648,Sun May 17 01:56:20 PDT 2009,shanajaca,That first cup of jasmintea is so sweet in the morning life can be sweet in moments like this ,New Zealand
1824599192,Sun May 17 02:05:21 PDT 2009,ramdomthoughts,@twinkleboi Stick with that avatar - best one yet. Last day - go you! ,Canada
1824620848,Sun May 17 02:11:03 PDT 2009,thisgoeshere,@erin82883 docks the brownie points but its nickelodean themed so yay spongebob. gonna try to go on a ride today. and get a funny cake ,Mexico
1824657201,Sun May 17 02:20:44 PDT 2009,tsarnick,.@Sweet_Candii is she still on a rampage??? ,France
1824674552,Sun May 17 02:25:34 PDT 2009,mcraddictal,@PotFace i like florida  you should go there,South Africa
1824732004,Sun May 17 02:40:58 PDT 2009,mcraddictal,@PotFace kk.  have fun,USA
1824733675,Sun May 17 02:41:22 PDT 2009,thisgoeshere,@erin82883 sweet! you should bring him too! ,Italy
1824749620,Sun May 17 02:45:38 PDT 2009,tsarnick,.@jimbyjoe hahaha yeah right  it was a poster anywayz,South Korea
1824766927,Sun May 17 02:50:26 PDT 2009,tsarnick,".@fjkinnit um dude, are you fucken trippin or sumat? ",Egypt
1824768768,Sun May 17 02:50:56 PDT 2009,tsarnick,".@Zanna85 coolz, that's the way Z  what do you think about a photo comp for #noundiessunday?",Ethiopia
1824804226,Sun May 17 03:00:29 PDT 2009,tsarnick,.@jimbyjoe any graffiti at all. something that's not supposed to be there ,Colombia
1824805605,Sun May 17 03:00:50 PDT 2009,tsarnick,.@lownleeeynjul of course i am!!! didn't you know this already???  #noundiessunday,USA
1824860626,Sun May 17 03:15:40 PDT 2009,keza34,@lucylemon i will do.lol hope you do to ,Antarctica
1824860643,Sun May 17 03:15:40 PDT 2009,nuttychris,"@ZRHERO as i gave my self a ban to do coursework, but ya no i diserve a break ",South Korea
1824863253,Sun May 17 03:16:22 PDT 2009,tsarnick,.@nik_kee_dee hahaha wtf was that???  #noundiessunday,Cuba
1824863757,Sun May 17 03:16:30 PDT 2009,keza34,@Its_Claire all good.cabbageing all day.sun is shining so all nice and shiny.lol ,India
1824881143,Sun May 17 03:21:07 PDT 2009,keza34,@Dojie most certainly did.didnt you read all tweets about it.bein on here made more fun.lol ows you? ,India
1824898260,Sun May 17 03:25:56 PDT 2009,keza34,@jacqueline47 what out from under your feet? lol ,Japan
1824916951,Sun May 17 03:31:00 PDT 2009,ramdomthoughts,@an0key Ha ha quick break - while I have me brekky &amp; tea and then on with recording Show 148 - ta for noticing fella ,Tanzania
1824918869,Sun May 17 03:31:29 PDT 2009,shanajaca,@BeckaMoor We are doing good had a fun day yesterday and today it is a day of doing absolutly nothing lol heaven if you ask me  XX,Ethiopia
1824918890,Sun May 17 03:31:29 PDT 2009,keza34,@Its_Claire i know especially as cocktails are involved.lol ,France
1824935384,Sun May 17 03:35:54 PDT 2009,nuttychris,@Dojie lmfao mmm sunday dinner save me some  we had ours yday lolage ,China
1824935973,Sun May 17 03:36:03 PDT 2009,keza34,@Dojie well if you go let me know if it is any good.lol ,Australia
1824937037,Sun May 17 03:36:21 PDT 2009,tsarnick,.@gunkanator  put the hashtag at the end of every tweet you send today  #noundiessunday,Chile
1824971386,Sun May 17 03:45:54 PDT 2009,keza34,@nuttychris had tickets for show for ages.and @pob34 get paid friday so all good.lol ,Dominican Republic
1824992288,Sun May 17 03:51:45 PDT 2009,tsarnick,.@Boddingtons awesome thank you Princess!!! use it all day please!!!  #noundiessunday,Russia
1825007475,Sun May 17 03:56:01 PDT 2009,tsarnick,.@Boddingtons well #3hotwords is trending so we're piggybacking off that!! #noundiessunday ,India
1825028080,Sun May 17 04:01:20 PDT 2009,Spidersamm,hamish is so cute  nawh,South Korea
1825046704,Sun May 17 04:06:16 PDT 2009,ramdomthoughts,@reetsjel Perhaps - not in my head though ha ha ,South Korea
1825048230,Sun May 17 04:06:40 PDT 2009,nuttychris,@keza34 all i gta say is &quot;i hate you&quot; ,New Zealand
1825063350,Sun May 17 04:10:48 PDT 2009,keza34,@nuttychris so why you hate me then.?you kno you love me really.lol ,Nigeria
1825085491,Sun May 17 04:16:46 PDT 2009,ramdomthoughts,@reetsjel Ohhhhh now you are talking ,Ethiopia
1825085556,Sun May 17 04:16:47 PDT 2009,nuttychris,@Dojie lmfao ooo i thnk i shld be the geek then ,China
1825104766,Sun May 17 04:21:53 PDT 2009,nuttychris,"@keza34 mmm how about, out with mates, checking out lasses drinking, xbox, and take away ",Indonesia
1825178962,Sun May 17 04:41:04 PDT 2009,tsarnick,.@FakerParis yeah the time difference is just perfect so we can come at one another like freight trains when we wake up  #noundiessunday,Chile
1825180874,Sun May 17 04:41:34 PDT 2009,VioletsCRUK,"@garry1bowie lol thanks..i tried to get a few mixed shots before i got totally inebriated,,,think i succeeded!! How are you? ",Russia
1825218932,Sun May 17 04:51:10 PDT 2009,keza34,@Dojie i know isnt it fun lol ,India
1825325851,Sun May 17 05:16:35 PDT 2009,nuttychris,"@arianneross why aint i better not, and lazyness rocks ",Spain
1825349365,Sun May 17 05:22:06 PDT 2009,SongoftheOss,@HarpiBizarre good to see you back  it has been far too tame around here while you have been on your jollies...,Antarctica
1825370139,Sun May 17 05:26:53 PDT 2009,thisgoeshere,@NoRainNoRainbow i think so ,France
1825391003,Sun May 17 05:31:34 PDT 2009,DarkPiano,@2kutekreations Happy Sunday back atcha! ,Italy
1825506972,Sun May 17 05:56:46 PDT 2009,tsarnick,.@MyInnerChild oh shit i'm sorry Jules!!! i'd love to have a coffee with you on this lovely #noundiessunday ,South Africa
1825533748,Sun May 17 06:02:07 PDT 2009,tsarnick,.@EsmeACullen yeah well best you distract yourself so you don't think about those ppl on #noundiessunday!!! just the sexy ones ,France
1825584737,Sun May 17 06:12:15 PDT 2009,DarkPiano,"@jmbuckingham Hey Jeanne!  How is your Sunday going? And how was your Saturday, while we're at it?!",Thailand
1825608097,Sun May 17 06:16:52 PDT 2009,nuttychris,@SofieY evening i am all gd thanks u ,Argentina
1825634889,Sun May 17 06:22:08 PDT 2009,shanajaca,@tomsgal No she is stil way to young she is only 8 and their dad crinckels at the idea of vegatarians lol she loves meat bu the way  XX,India
1825659296,Sun May 17 06:26:55 PDT 2009,Spidersamm,theres a story at the bottom of this bottle and its about #shortstack  lawl ,China
1825687902,Sun May 17 06:32:13 PDT 2009,VioletsCRUK,@WeeMagic Aw that'll be lovely..is that where you are from originally? You must be looking forward to seeing her! ,Italy
1825742255,Sun May 17 06:42:08 PDT 2009,tsarnick,.@Boy_Kill_Boy hahaha thanks man #NoUndiesSunday ,Dominican Republic
1825767157,Sun May 17 06:46:45 PDT 2009,keza34,@SofieY al good hows you?not been around for a bit.lol ,Mexico
1825853574,Sun May 17 07:02:02 PDT 2009,ramdomthoughts,"@geekachu Blimey, you MUST be. I binned mine last week - SO liberating ",New Zealand
1825912922,Sun May 17 07:12:10 PDT 2009,Jayme1988,@Chad_Lad who is she? Lmao I'm ok thanks... It's an exasperating day but it's getting better! ,South Africa
1825944654,Sun May 17 07:17:30 PDT 2009,mcraddictal,@MCRmuffin feeling better today? ,Russia
1825973893,Sun May 17 07:22:21 PDT 2009,DarkPiano,@togetherwf Doing great!  And you?,Thailand
1825975818,Sun May 17 07:22:41 PDT 2009,keza34,@SofieY check dm then get back to me lol ,Colombia
1826141529,Sun May 17 07:47:39 PDT 2009,nuttychris,"@saragarth i no just like me  mwhahaha, he it my clone ",Canada
1826177310,Sun May 17 07:52:40 PDT 2009,nuttychris,@charlotte_gibbs lmfao  mite upload pic of my sis i think,Spain
1826246920,Sun May 17 08:03:00 PDT 2009,nuttychris,"@arianneross nope yonger, i am the eldest haha ",France
1826277075,Sun May 17 08:07:24 PDT 2009,nuttychris,@daisybruce how is she cute lol ,Dominican Republic
1826313944,Sun May 17 08:12:44 PDT 2009,nuttychris,http://twitpic.com/5d2dg - Ollie holding willow ,Argentina
1826454957,Sun May 17 08:33:05 PDT 2009,shanajaca,lets just say that that brother of miley cyrus though ugly is more talented then his sister !!! SHAKE SHAKE IT i love this song lol  XX,France
1826961060,Sun May 17 09:41:31 PDT 2009,ramdomthoughts,@Charlotteis I'm an expert in body langugage - if that helps - seriously. I was employed for that very skill - the body never lies ,Cuba
1826986225,Sun May 17 09:44:49 PDT 2009,ramdomthoughts,@Charlotteis The bad points  is trying to pretend that I'm not noticing and make small talk ,Nigeria
1827006093,Sun May 17 09:47:24 PDT 2009,ramdomthoughts,@Charlotteis No bugger would believe me. I should have put money on it - would have cleaned up! ,Thailand
1827100736,Sun May 17 09:59:52 PDT 2009,Karen230683,@Babycuddlez your welcome ,India
1827124736,Sun May 17 10:02:41 PDT 2009,DarkPiano,@theladywrites Yes she is! I've met a bunch of really great people here ,USA
1827125240,Sun May 17 10:02:45 PDT 2009,nuttychris,@SofieY yup sure did  haha,China
1827147971,Sun May 17 10:05:38 PDT 2009,Karen230683,@Babycuddlez to get more followers u should get @adamwoodyatt to validate you ,Thailand
1827149118,Sun May 17 10:05:47 PDT 2009,ramdomthoughts,@geekachu I have a Prodigy mashup on my next show - Prodigy vs Rihanna. It sounds better than it reads ,Dominican Republic
1827219716,Sun May 17 10:14:48 PDT 2009,ramdomthoughts,@ksymmonds Don't say in 10 mins - I'm rough as ,China
1827358267,Sun May 17 10:32:34 PDT 2009,ramdomthoughts,@ksymmonds Popcorn for dinner - yummy! ,Argentina
1827389350,Sun May 17 10:36:27 PDT 2009,VioletsCRUK,@jason_2008 Yay!!! What is it? Something equally fun to squeeze i hope! How was the movie? ,Chile
1827397402,Sun May 17 10:37:29 PDT 2009,nuttychris,"@Ainz90 mmm greggs the bakers  mmmm, god y they have to b shut nw i wanna go there nw lol",Thailand
1827407797,Sun May 17 10:38:48 PDT 2009,shanajaca,"@Stormlite02 Not much being annoyed at the husband,reading a little and listening to music oooh and sucking a lolipop  XX",Cuba
1827412083,Sun May 17 10:39:22 PDT 2009,Karen230683,@racheltp aaaaw good love and thanks  x,Nigeria
1827422500,Sun May 17 10:40:40 PDT 2009,VioletsCRUK,@jason_2008 Wow that looks cool..what is it?  Once i am finished reading the book im defo goin to see it! ,Brazil
1827429545,Sun May 17 10:41:33 PDT 2009,ramdomthoughts,I look rough as ........ do I post a pic for votes. Shave or no shave - YOU DECIDE? ha ,New Zealand
1827430289,Sun May 17 10:41:39 PDT 2009,DarkPiano,"@GypsyOwl Thanks, Deborah! And good afternoon! ",Ethiopia
1827446344,Sun May 17 10:43:41 PDT 2009,ramdomthoughts,"@geekachu Call yourself a geek ......... sssshhhh *whispers* don't blame ya  If it's shit, I' asking for me money back P",Argentina
1827471843,Sun May 17 10:46:54 PDT 2009,ramdomthoughts,Have'nt been to the cinema for ages ........... quite looking forward to it now. If I'm tweeting at about 9pm - you know it's SHIT LOL ,Thailand
1827502383,Sun May 17 10:50:49 PDT 2009,DarkPiano,"@awakeningstweet Thanks, Michele! ",Cuba
1827548477,Sun May 17 10:56:48 PDT 2009,SongoftheOss,@FizzyDuck Thanks for the laughs ,Brazil
1827549302,Sun May 17 10:56:54 PDT 2009,VioletsCRUK,@WeeMagic lol Awk no salad for me...i do like greek salad...not after a night in the piss though. Thinking bout a pasta! ,Antarctica
1827610139,Sun May 17 11:04:24 PDT 2009,VioletsCRUK,@WeeMagic lol no think hes making a bolognese - i dnt care as long as its pasta...im starvin!! ,Australia
1827666908,Sun May 17 11:11:35 PDT 2009,nuttychris,"@doriens cause i told him, i tell every1  i have a small willy ",Canada
1827675495,Sun May 17 11:12:41 PDT 2009,VioletsCRUK,@jason_2008 Not much tonight..still tired after the party last night. Gonna eat and watch Lost later. How bout yourself..a quiet one? ,France
1827808492,Sun May 17 11:29:31 PDT 2009,ramdomthoughts,If that ninja spammer rears his head one more time - you are gonna get it fella *bows* ,Spain
1827809272,Sun May 17 11:29:37 PDT 2009,DarkPiano,@musicgeekchic @bonniebrown So how are the Illinois music tweeps doing this Sunday? ,Ethiopia
1827847386,Sun May 17 11:34:18 PDT 2009,mcraddictal,@TravisKing LMFAO! i ate cap'n crunch!  wow. ima nerd. but it was peanut butter cause that's the only kind i like ,Japan
1827853245,Sun May 17 11:35:02 PDT 2009,keza34,@jacqueline47 think i will start a little bit earlier as have been good all week.lol ,Colombia
1827855283,Sun May 17 11:35:16 PDT 2009,ramdomthoughts,@Charlotteis My podcast is FREE FREE FREE by the way. I'm NOT a ninja spammer ,Thailand
1827869342,Sun May 17 11:37:01 PDT 2009,VioletsCRUK,@jason_2008 Oh thats a good un! Enjoy! Catch ya later..im off to get food! ,Japan
1827870822,Sun May 17 11:37:12 PDT 2009,ramdomthoughts,@em_c Ha - I guess ,Russia
1827897120,Sun May 17 11:40:27 PDT 2009,Karen230683,@rosskie yes much better  do u have skype kenny? LOL,Australia
1827905707,Sun May 17 11:41:30 PDT 2009,nuttychris,@Dojie lmfao  gd thing is leave it over night and thte skittle disolve ,Australia
1827980930,Sun May 17 11:50:48 PDT 2009,DarkPiano,@VickiElam Haha thanks Vicki! Back atcha! ,France
1827994707,Sun May 17 11:52:29 PDT 2009,SongoftheOss,@MitchBenn woo hoo tuning the balalaika just in case ,Italy
1828011668,Sun May 17 11:54:35 PDT 2009,DarkPiano,@codycomposer Wish I had a deadline to have to keep!  Looking forward to hearing it!,Mexico
1828021514,Sun May 17 11:55:48 PDT 2009,keza34,@ComedyQueen welcome back ,Argentina
1833483784,Sun May 17 23:25:57 PDT 2009,ramdomthoughts,@mark32i5b Ha - that made me smile  Morning.,Mexico
1833536505,Sun May 17 23:36:16 PDT 2009,ramdomthoughts,College tonight - boo hiss. Have you done any studying Scotty? Eeehh - no - whoops! Now on the list. Nobody tweet today please - thankies ,China
1833625541,Sun May 17 23:54:18 PDT 2009,ramdomthoughts,@geekachu Ha I didn't say for me not to tweet  From about 12 noon onwards for everyone else please - sort it! *insert cheeky grin here*,France
1833653556,Mon May 18 00:00:02 PDT 2009,ramdomthoughts,It could be tomorrow or Wed though -so don't be hassling the postman - you hear me P No need to reply ,South Africa
1833726961,Mon May 18 00:14:43 PDT 2009,ramdomthoughts,@carole29 Morning. Slept well? Sleep is so over rated I think ,Colombia
1833737701,Mon May 18 00:16:57 PDT 2009,ramdomthoughts,@acetuk Morning. DVD won't take long to come out - I'm sure ,China
1833744323,Mon May 18 00:18:23 PDT 2009,ramdomthoughts,@misspka Awesome! I love geeky shows - Gadget Show &amp; Big Bang Theory are my top two. Morning ,Dominican Republic
1833771451,Mon May 18 00:24:12 PDT 2009,Jayme1988,@mnrmg Oh purrleeez! you know this is a different kind of Ross song... dedicated to you! Good morning ,Jamaica
1833771765,Mon May 18 00:24:16 PDT 2009,ramdomthoughts,@carole29 Ha  I shall not make mentioned said lady earlier blush with a response to that one ,Mexico
1833782556,Mon May 18 00:26:33 PDT 2009,StDAY,"Going to sleep. Pretty exhausted. Wish I didn't have school in the morning. But I do. Goodnight, twitsville. ",Dominican Republic
1833851945,Mon May 18 00:41:13 PDT 2009,Spidersamm,had a nice day for once   unwinding reading new crusty mag :O looking for bilko ;) haha,Thailand
1833902388,Mon May 18 00:52:35 PDT 2009,ramdomthoughts,"Must remember to put new skill on CV = Twitter, eat &amp; watch TV all at the same time. Potential employees -watch out - look sharp! ",Spain
1833947026,Mon May 18 01:02:36 PDT 2009,nuttychris,Good Morning everyone how are you all? woop business online  and if i carry on work shld be gettin distinctions lol,South Africa
1834028153,Mon May 18 01:21:02 PDT 2009,ramdomthoughts,... access their browser. And cameras in all corners of every room - don't get me started! ,Canada
1834053006,Mon May 18 01:26:56 PDT 2009,ramdomthoughts,@ksymmonds Ha Morning mate. I have that every day - best ring the nut house now - I'll start packing me bags ,Chile
1834122444,Mon May 18 01:42:54 PDT 2009,shanajaca,Being very busy with the little munchkins cooking playing changing feeding you name it !!!!Where is my head ? lol  XX,UK
1834149333,Mon May 18 01:49:08 PDT 2009,Karen230683,@Rainbowcolours_ morning ,Germany
1834151311,Mon May 18 01:49:37 PDT 2009,ramdomthoughts,@OscarTG @ksymmonds Oh dear - my twitterage is NOT good then. Sleep is the only time I'm NOT checking it. Admire yr style ,Argentina
1834157877,Mon May 18 01:51:07 PDT 2009,Karen230683,@mikesawriter good morning ,Egypt
1834160518,Mon May 18 01:51:43 PDT 2009,ramdomthoughts,@carole29 Oh blimey - fingers crossed - hope all is okay ,Tanzania
1834167596,Mon May 18 01:53:23 PDT 2009,ramdomthoughts,@ncguk I got me self a 2 litre of the stuff in the fridge. It better not chuffing be! ,Spain
1834176660,Mon May 18 01:55:33 PDT 2009,Karen230683,@howlertwit hope your ok u missed me last night with my mic ,New Zealand
1834247495,Mon May 18 02:11:52 PDT 2009,ramdomthoughts,@acetuk Liking your style mate ,Kenya
1834278715,Mon May 18 02:19:09 PDT 2009,ramdomthoughts,@carole29 Feeling your anxiety - hope all works out okay ,Argentina
1834287151,Mon May 18 02:21:04 PDT 2009,ramdomthoughts,@Justin_A Not a bad time fella. Get some of that beach action in that you so enjoy ,Italy
1834299232,Mon May 18 02:24:01 PDT 2009,Karen230683,@rickypl1978 LOL my friends hubby plays as dies my next door neighbour he goes up the loft ,Germany
1834306099,Mon May 18 02:25:41 PDT 2009,Karen230683,@Firequacker morning ,Dominican Republic
1834307419,Mon May 18 02:25:58 PDT 2009,Karen230683,@leonkay hands coffee to leon ,Canada
1834324283,Mon May 18 02:30:02 PDT 2009,Spidersamm,@shaundiviney YAYAYAYAYAAYAYAY im happy for you ,Antarctica
1834340244,Mon May 18 02:33:39 PDT 2009,Spidersamm,@shaundiviney  'ya'll' hahah your not american  and yay congratz,South Korea
1834358175,Mon May 18 02:37:49 PDT 2009,ramdomthoughts,@geekachu Ha ha LOL'd big time. I want to meet this bloke ,Russia
1834364421,Mon May 18 02:39:16 PDT 2009,ramdomthoughts,@carole29 Management - don't get me started .... take a seat ... I'll get me soap box ..... ,India
1834411012,Mon May 18 02:49:54 PDT 2009,tsarnick,".@nik_kee_dee well, the tweeting part is good for sure, anyway ",Russia
1834427819,Mon May 18 02:53:46 PDT 2009,tsarnick,".@nik_kee_dee yep sure did!! you guys got *heaps*  great job, i put some comments up",Indonesia
1834429798,Mon May 18 02:54:16 PDT 2009,ramdomthoughts,Off to update my Facebook Info page thingy. Should be interesting - for me - not for you ,Cuba
1834470460,Mon May 18 03:03:34 PDT 2009,ramdomthoughts,@TheDarrenxshow Boo hiss ,Jamaica
1834489933,Mon May 18 03:08:00 PDT 2009,tsarnick,".@aussiecynic hey there, how you doing? ",Nigeria
1834561291,Mon May 18 03:24:13 PDT 2009,shanajaca,@TomFelton Working like every week lol!! Beside the bad sleep how is the mouth?  XX,South Africa
1834604757,Mon May 18 03:34:02 PDT 2009,shanajaca,"Anybody please help me find a way to shut up the hubbie he wont stop yapping lol  XX Mo,day is his day off(((",New Zealand
1834613640,Mon May 18 03:35:59 PDT 2009,shanajaca,Wish your father the best of luck and a speedy recovery  XX,UK
1834633077,Mon May 18 03:40:15 PDT 2009,shanajaca,@TomFelton You can start with overcooked pasta enjoy your icecream days though!!! You tried the lolipops i sent you ? lol  XX,France
1834641809,Mon May 18 03:42:07 PDT 2009,VioletsCRUK,@jason_2008 LOL aw thanks...no sugar and nearly black then please...hate too much milk! ,Italy
1834678380,Mon May 18 03:50:04 PDT 2009,VioletsCRUK,@robluketic Send some Scotland's way please!!! ,Tanzania
1834709670,Mon May 18 03:56:36 PDT 2009,Jayme1988,@CyberCzar too busy in work to even laugh at Fergies lesbian tendencies ,Argentina
1834717115,Mon May 18 03:58:12 PDT 2009,VioletsCRUK,@scotdoc You not working today? ,Peru
1834727128,Mon May 18 04:00:12 PDT 2009,ramdomthoughts,"@ksymmonds I just thought the same about updating my FB Info page mate, but what the hell - pure honesty for everyone to read ",Canada
1834738236,Mon May 18 04:02:19 PDT 2009,DarkPiano,"Boy, a good sleep sure feels great. Morning, everyone! ",Russia
1834740072,Mon May 18 04:02:40 PDT 2009,DarkPiano,"Morning, Alice! ",Thailand
1834760845,Mon May 18 04:06:51 PDT 2009,keza34,Think @nuttychris has abducted everyone again.is there anybody there? lol ,India
1834789543,Mon May 18 04:12:30 PDT 2009,DarkPiano,#musicmonday A mellow melody for your morning.  http://twiturm.com/09ch #freemp3,Egypt
1834821132,Mon May 18 04:18:38 PDT 2009,keza34,@Kusmar07 aftrenoon.hows you?sorry i dont think we've tweeted b4.my fault.hope its all good with you? ,Germany
1834842309,Mon May 18 04:22:41 PDT 2009,ramdomthoughts,I am now ZIPPING IT - for real - otherwise I'm for the chop at college tonight - no thankies. Might see me later aligator ,Mexico
1834874708,Mon May 18 04:28:49 PDT 2009,DarkPiano,@k8dt Very cool! ,Canada
1834876470,Mon May 18 04:29:09 PDT 2009,VioletsCRUK,@Sion71 lol Had a great weekend thanks Sion..it was 21st though..its this weekend coming im goin away to festival/yaught race! How's you? ,Canada
1834886399,Mon May 18 04:30:57 PDT 2009,VioletsCRUK,@scotdoc Oh i see - there is nothing worse than a Monday morning after 2 nice lie-ins! Have you got the long weekend this weekend? ,Ethiopia
1834929115,Mon May 18 04:38:42 PDT 2009,keza34,@joshtastic1 busy but takin time out and tryin to chill for a bit.lol it aint swine flu.its most probably man flu.lol ,Peru
1834939789,Mon May 18 04:40:36 PDT 2009,DarkPiano,"@whatswithinu Well good morning, Pam! ",Spain
1834942526,Mon May 18 04:41:04 PDT 2009,mcraddictal,@OMfrankiegee i'm better than last night.  thanks for asking. Wbu?,Germany
1834943011,Mon May 18 04:41:10 PDT 2009,DarkPiano,"@togetherwf Good morning, Susan! ",Germany
1834943031,Mon May 18 04:41:10 PDT 2009,keza34,@Kusmar07 i will do .saturday is gonna be fun but a long day.out all day.lol ,Ecuador
1834952438,Mon May 18 04:42:49 PDT 2009,keza34,@nessie111 how do i report?will block tell big bro.hes on here at mo.lol ,Russia
1834965762,Mon May 18 04:45:14 PDT 2009,DarkPiano,@theladywrites Caffeine is kicking in as I type. ,Argentina
1835011510,Mon May 18 04:53:21 PDT 2009,keza34,@nessie111 thanks consider it done.lol ,Chile
1835042653,Mon May 18 04:58:52 PDT 2009,DarkPiano,@CarolRiddickRDU Same here. Have a great one! ,Ecuador
1835043400,Mon May 18 04:59:00 PDT 2009,DarkPiano,"@JeanneBehr Thanks, you do the same! ",Germany
1835043700,Mon May 18 04:59:04 PDT 2009,TraceyHewins,@OliverPhelps so a few more weeks then before you actually become George ,Peru
1835057100,Mon May 18 05:01:11 PDT 2009,DarkPiano,"Well tweeps, gonna go get ready for that there work thang.....you all behave yourself. ",Colombia
1835068647,Mon May 18 05:03:03 PDT 2009,mcraddictal,@NoRaptors goodmorning. For me anywayz. ,Germany
1835096028,Mon May 18 05:07:33 PDT 2009,keza34,@joshtastic1 ask @nessie111 she told me.hope the soup will help you get better and yes that is weird.lol ,Argentina
1835130354,Mon May 18 05:13:18 PDT 2009,VioletsCRUK,Im back!!! Practically ran to nursery there..was so late! It was good practice for the Race For Life though on 7 June! ,Chile
1835154439,Mon May 18 05:17:08 PDT 2009,VioletsCRUK,@tc2866 lol Thanks Tommy..so glad you are still one off my followers!  It wasn't raining here..it was sunny! Actually really nice outside!,Ecuador
1835154969,Mon May 18 05:17:13 PDT 2009,Jayme1988,@Eric_Chambers You too sweetie ,Mexico
1835168926,Mon May 18 05:19:32 PDT 2009,TraceyHewins,@gerdaduring you've been busy ,Tanzania
1835182858,Mon May 18 05:21:42 PDT 2009,TraceyHewins,@Josh_Biggs hiya  I FINALLY got to finish watching LOST this morning! OMG!!,Jamaica
1835206368,Mon May 18 05:25:27 PDT 2009,TraceyHewins,"@Jamie_127 I know. Busy weekend,sorry my love. I WANTED to get online yesterday but it just didn't happen. I'm here now,though  xoxoxoxoxo",India
1835297750,Mon May 18 05:39:31 PDT 2009,DarkPiano,@suesshirtshop Hey Sue! How is your morning and how was your weekend? ,Jamaica
1835298270,Mon May 18 05:39:36 PDT 2009,keza34,@TraceyHewins tryin to get it all done b4 weekend.lol ,Ethiopia
1835354326,Mon May 18 05:47:49 PDT 2009,DarkPiano,@togetherwf Why thank you! ,Brazil
1835354843,Mon May 18 05:47:54 PDT 2009,keza34,@Misspopov tell me aboyt it.@nessie111 is my eldest twitter daughter.i am mom to official twitter family.lol ,Kenya
1835369100,Mon May 18 05:49:59 PDT 2009,DarkPiano,"@Marge_Inovera We are just fine, thank you! And you? ",Jamaica
1835396257,Mon May 18 05:53:49 PDT 2009,TraceyHewins,@keza34 didn't attend the service itself only the party afterwards ,Thailand
1835424720,Mon May 18 05:57:51 PDT 2009,VioletsCRUK,@kirstypoos lmao...well yes....i am!! Thinkin bout it...will just have a fast dash outside if i think the rain coming on! How are you? ,Spain
1835530822,Mon May 18 06:12:05 PDT 2009,VioletsCRUK,@Pepsimo They are probably right!! Will be tough!  x,Japan
1835625491,Mon May 18 06:24:34 PDT 2009,ramdomthoughts,Now going - any replies appreciated - thank you in advance ,South Korea
1835639634,Mon May 18 06:26:23 PDT 2009,TraceyHewins,@jaseygalore that you all say 'hoy' ,South Africa
1835689592,Mon May 18 06:32:44 PDT 2009,VioletsCRUK,@Karen230683 It does sound good..will have to get it up and runnin! Would be nice to chat properly instead of 140 characters! ,Mexico
1835689654,Mon May 18 06:32:44 PDT 2009,DarkPiano,"@AnnaHill Doubg great, thanks! ",South Korea
1835719061,Mon May 18 06:36:30 PDT 2009,VioletsCRUK,@jason_2008 lol oh thats true!! Forgot bout that one little glitch in the plan! ,Brazil
1835738930,Mon May 18 06:39:01 PDT 2009,DarkPiano,@JeanneBehr LOL if I did that stuff now I'd wind up in the ER.  Or assisted living!! ,Chile
1835854177,Mon May 18 06:53:19 PDT 2009,TraceyHewins,@davehillman wonderful ,Russia
1835854458,Mon May 18 06:53:21 PDT 2009,DarkPiano,"@eleesha Morning, Eleesha! Hope you're having a great one! ",Peru
1836168368,Mon May 18 07:30:12 PDT 2009,Jayme1988,@colocelt well I already joined but re tweeted for you all the same ,USA
1836299529,Mon May 18 07:44:59 PDT 2009,Karen230683,@Firequacker let me know if it's good ,South Korea
1879932931,Thu May 21 23:34:30 PDT 2009,ramdomthoughts,@PaulWestlake Cheers. Technology does'nt always go the way I hope. Should be sorted later. I needed to get up anyway  Enjoy your day.,South Africa
1880103592,Fri May 22 00:06:36 PDT 2009,ramdomthoughts,@OscarTG Morning mate. I so miss Outlook since I left work - NOT! ,Jamaica
1880142741,Fri May 22 00:14:06 PDT 2009,Jayme1988,Hehehe @billyraycyrus just said sweet niblets! ,Kenya
1880187220,Fri May 22 00:22:55 PDT 2009,StDAY,"I think that's all for now... Goodnight for real, twitterland!! ",Ethiopia
1880205571,Fri May 22 00:26:38 PDT 2009,SallytheShizzle,@OfficialAS yeah dw i WILL  btw ange i have 40 free mins.... tell me when to call ;),USA
1880306182,Fri May 22 00:46:47 PDT 2009,Karen230683,@mories23 no way!! #followfriday this man is lovely ,Kenya
1880326655,Fri May 22 00:51:01 PDT 2009,ramdomthoughts,@wirobchen Tell me about it ,Egypt
1880335682,Fri May 22 00:52:54 PDT 2009,tsarnick,"watch this bitches, it's fucking funny!!!  http://bit.ly/DsNmH",Antarctica
1880362533,Fri May 22 00:58:40 PDT 2009,Karen230683,@Jennifalconer well it's fab well done you! That wasn't meant to sound patronizing ,Spain
1880391953,Fri May 22 01:04:37 PDT 2009,thisgoeshere,@erin82883 mine said 730 central time for exactly fob. i dvrd the next time block too but i should be up by then... *crosses fingers* ,Indonesia
1880393799,Fri May 22 01:05:01 PDT 2009,Spidersamm,"@andyclemmensen  :o yeah, number 1 on trending topics, yeww  #andyclemmensen",Argentina
1880420537,Fri May 22 01:10:40 PDT 2009,Jayme1988,@JamesMW78 I bet you look half dead but handsome lol   Hungover?,Spain
1880430289,Fri May 22 01:12:46 PDT 2009,thisgoeshere,@erin82883 no! cookie crisp bandits  http://myloc.me/1nmt,Nigeria
1880449132,Fri May 22 01:16:52 PDT 2009,thisgoeshere,@erin82883 i do! get in your car and drive lady! ,Canada
1880466077,Fri May 22 01:20:32 PDT 2009,tsarnick,.@fjkinnit shit man that is fucking hilarious!!!! awesome ,Argentina
1880467206,Fri May 22 01:20:47 PDT 2009,ramdomthoughts,@geekachu Ha. I like how we both sometimes don't get each other's phrases. It means (here) = jealous you had more sleep than me ,Antarctica
1880484774,Fri May 22 01:24:35 PDT 2009,ramdomthoughts,@xLilCx Thanks - you too ,Spain
1880493839,Fri May 22 01:26:31 PDT 2009,Karen230683,@PJSmart67 thankyou I took a zirtek ,South Korea
1880495986,Fri May 22 01:26:59 PDT 2009,ramdomthoughts,@SarahSymmonds You have a cheeky sense of humour. I'm gonna like you LOL ,Colombia
1880513082,Fri May 22 01:30:40 PDT 2009,shanajaca,@javastix OH so nice mine starts in mmmm  7 hours and a half lol  XX,Australia
1880514581,Fri May 22 01:30:59 PDT 2009,Jayme1988,@honk4peace Not a problem ,Ethiopia
1880515938,Fri May 22 01:31:16 PDT 2009,VioletsCRUK,Two of my fave twitter gals...us three have a giggle!! @glasgowlassy @karen230683 #followfriday ,Kenya
1880543035,Fri May 22 01:37:06 PDT 2009,tsarnick,.@nik_kee_dee hahaha!! well i would NEVER have guessed that  my girlfriend is 24 and she is still scared to have one!!,Canada
1880553755,Fri May 22 01:39:25 PDT 2009,Jayme1988,@teejay0109 Thanks mr.Sweetstuff! ,New Zealand
1880562234,Fri May 22 01:41:07 PDT 2009,ramdomthoughts,@SarahSymmonds Does'nt he know where the kitchen is - lazy sod - give him a slap ,Italy
1880571588,Fri May 22 01:43:07 PDT 2009,tsarnick,.@Boddingtons yep i got it Princess!!! will reply when i can!! glad you liked it  poor Scenie is still in hospital!! @Zanna85 visiting,Ecuador
1880581379,Fri May 22 01:45:13 PDT 2009,shanajaca,@HandsOfTime HAHAHAHAHAHAHAHAHA Thank you i needed a good laugh that is hilarious i can almost hear @TomFelton yell that  XX,Ethiopia
1880597596,Fri May 22 01:48:45 PDT 2009,ramdomthoughts,@xLilCx Ha - I like that saying LOL ,UK
1880624430,Fri May 22 01:54:42 PDT 2009,VioletsCRUK,@MunnyMan LOL well its not the usual music id get my groove onto..but thanks!!! Have a great weekend! ,Indonesia
1880645269,Fri May 22 01:59:17 PDT 2009,Jayme1988,"Hi all my new followers... to filter spam, just @ reply me and I will gladly follow you back ",Thailand
1880682588,Fri May 22 02:07:05 PDT 2009,VioletsCRUK,@Pepsimo I won't be leaving till early afternoon! Yeah im excited...looking forward to get away for afew days! Kids hyper too! ,Kenya
1880701748,Fri May 22 02:11:21 PDT 2009,ramdomthoughts,@geekachu @xLilCx Ha It would have matched my poor attempt at growing a goatee beard ,Japan
1880726547,Fri May 22 02:16:48 PDT 2009,VioletsCRUK,Oh i hope this weather keeps up...we will have an amazing weekend if it does!!!! ,Peru
1880782236,Fri May 22 02:29:11 PDT 2009,Jayme1988,"Hi all new followers. To get rid of spam... just @ Reply me, and I will follow you back ",Ethiopia
1880782315,Fri May 22 02:29:12 PDT 2009,shanajaca,@HandsOfTime I never linked the name to the tree falling thing i and now i it is just timbeeeeeeeeeeer!!!!!(insert lumberjack voice here) ,France
1880857880,Fri May 22 02:45:09 PDT 2009,SallytheShizzle,@OfficialAS ily and imy!! -huggles back- thanks  sorry for just bitching to you about it :/,Indonesia
1880877081,Fri May 22 02:49:18 PDT 2009,tsarnick,.@FakerParis haha oh! you tweeted me first!! i feel so special  you're up early!!!!,Kenya
1880904495,Fri May 22 02:55:11 PDT 2009,VioletsCRUK,"@Glasgowlassy Those are the best days though..the unplanned ones, when you end up steamin!! lol Love those days! ",Nigeria
1880935708,Fri May 22 03:01:30 PDT 2009,tsarnick,.@lownleeeynjul oooh that one looks like a portal ,South Korea
1880963597,Fri May 22 03:07:17 PDT 2009,ramdomthoughts,@carole29 I admire your self control ,Jamaica
1881022029,Fri May 22 03:19:48 PDT 2009,VioletsCRUK,@Glasgowlassy Oh good choice when you need a pick-me-up after a night on the booze! ,Antarctica
1881028877,Fri May 22 03:21:12 PDT 2009,VioletsCRUK,@boysx4uk @MeghanMF @JobRich @Dameunited @avmaster Thanks guys for the #followfriday mentions! ,Tanzania
1881032319,Fri May 22 03:21:56 PDT 2009,ramdomthoughts,"@carole29 Me too, and I'm not even chuffing dressed either ",Antarctica
1881040609,Fri May 22 03:23:39 PDT 2009,ramdomthoughts,@geekachu Just checking ,Brazil
1881057462,Fri May 22 03:27:18 PDT 2009,VioletsCRUK,@tb78 Cheers for follow! ,Brazil
1881078153,Fri May 22 03:31:32 PDT 2009,ramdomthoughts,@ksymmonds Yawn - put another record on ha ha  You know I'm only messing ,Peru
1881097130,Fri May 22 03:35:26 PDT 2009,ramdomthoughts,"I'm taking a breather from this Show 148 balls up. My 70,000 download fan club will have to wait I'm afraid ",South Korea
1881128802,Fri May 22 03:41:49 PDT 2009,Jayme1988,@GADataGuy You too have a great day ,Japan
1881140393,Fri May 22 03:44:08 PDT 2009,VioletsCRUK,@tb78  Have a nice weekend!,Germany
1881151041,Fri May 22 03:46:11 PDT 2009,VioletsCRUK,@tb78 lol glad to hear it! ,Ecuador
1881167341,Fri May 22 03:49:29 PDT 2009,ramdomthoughts,It's alright ...... my ego got a bit carried away there ....... now back in control - phew! Got a bit scary there for a minute ,Ethiopia
1881181047,Fri May 22 03:52:11 PDT 2009,VioletsCRUK,@Glasgowlassy lol oh that's a big buffet of hangover right there!! That'll be me tomorrow!! I like grilled bacon/poached egg sarnie tho! ,USA
1881218125,Fri May 22 03:59:39 PDT 2009,SallytheShizzle,@angelapanagacos GAAAH! that's a lot! but at least you have a job ,UK
1881231161,Fri May 22 04:01:57 PDT 2009,VioletsCRUK,@DianneMcA LOL!! Oh yeah us girls love our #largepussy and seamen!!!  Have a brill weekend!! xx,Colombia
1881240872,Fri May 22 04:03:48 PDT 2009,VioletsCRUK,@linehan Hiya Karina!! How you been? Yip heading away soon - back on Monday! This ur hen weekend away too?  x,Tanzania
1881263993,Fri May 22 04:08:14 PDT 2009,Jayme1988,@AJM1030 good old friday night piss up ,Japan
1881351351,Fri May 22 04:24:23 PDT 2009,VioletsCRUK,@Karen230683 I shall try and tweet from ipod at some point if i get a free mo!  Keep me informed of any developments with #largepussies ,India
1881359802,Fri May 22 04:25:55 PDT 2009,mcraddictal,@myhaloromance goodmorning  hope u slept well.,Russia
1881394931,Fri May 22 04:32:12 PDT 2009,Jayme1988,@Eric_Chambers goooooooood morning! ,Thailand
1881418703,Fri May 22 04:36:25 PDT 2009,Jayme1988,@MarkRosenbauer Indeed! Happy Friday ,Ecuador
1881419558,Fri May 22 04:36:34 PDT 2009,Jayme1988,@Eric_Chambers thanks ,Ecuador
1881529762,Fri May 22 04:54:44 PDT 2009,tsarnick,.@lownleeeynjul oh! you're using power twitter like me!!! thanks for the #followfriday yo!! looking forward to seeing your pony ,Chile
1881539481,Fri May 22 04:56:12 PDT 2009,Jayme1988,@mynameismo That was intended. but I had 140 characters to work with lol ,Peru
1881593775,Fri May 22 05:04:40 PDT 2009,tsarnick,.@ShaddyBabeBiTch hahaha thanks yo!!! you're too kind ,Canada
1881605485,Fri May 22 05:06:29 PDT 2009,ramdomthoughts,@Artytypes Buy another one ,USA
1881618178,Fri May 22 05:08:29 PDT 2009,DarkPiano,Morning everyone! Thanks for all the #ff's! Wife not feeling well so taking care of her this morning. Promise to catch up later! Harmony! ,Antarctica
1881671803,Fri May 22 05:16:39 PDT 2009,tsarnick,.@architeuth1s hey mate!! you're getting married today eh? don't forget that it's #NoUndiesSunday this week again!!! ,Antarctica
1881696623,Fri May 22 05:20:24 PDT 2009,shanajaca,@Amaren88 Yes that must be tru they had to have gone over me lol  XX,Egypt
1881725353,Fri May 22 05:24:39 PDT 2009,tsarnick,".@FakerParis hey FP, are you gonna enter my graffiti photo contest?? ",China
1881727382,Fri May 22 05:24:57 PDT 2009,SongoftheOss,"lord a customer, must look busy ",Canada
1881767858,Fri May 22 05:30:43 PDT 2009,mcraddictal,@MCRmuffin goodmorning paige. ,Ethiopia
1881827233,Fri May 22 05:39:05 PDT 2009,TraceyHewins,Good morning everyone ,Indonesia
1881885430,Fri May 22 05:46:55 PDT 2009,TraceyHewins,@whoisright thanks you too ,Japan
1881887364,Fri May 22 05:47:10 PDT 2009,TraceyHewins,@outrage_designs Awesome! ,Indonesia
1882127821,Fri May 22 06:17:10 PDT 2009,TraceyHewins,@Taddy69 bye hon ,Japan
1882146122,Fri May 22 06:19:23 PDT 2009,VioletsCRUK,@pd1001 @Karen230683 Thanks guys! 'group hug' LOL C'mon you come in for it too @glasgowlassy!  Take care! xx,Thailand
1882161449,Fri May 22 06:21:08 PDT 2009,DarkPiano,Sincere thanks to @americandream09 @deannasworld @whatswithinu @BlazingLily @PsychicSophie @madbaldscotsman for the #ff love! ,Thailand
1882163522,Fri May 22 06:21:22 PDT 2009,TraceyHewins,@Josh_Biggs morning ,Dominican Republic
1882164035,Fri May 22 06:21:25 PDT 2009,SallytheShizzle,@I_HATE_CHICKEN yeah...the foxtel mag was good this time ;) ,Ecuador
1882248137,Fri May 22 06:31:14 PDT 2009,DarkPiano,"@theladywrites Hey there, Catrina! Happy Friday. ",France
1882268810,Fri May 22 06:33:35 PDT 2009,SallytheShizzle,@I_HATE_CHICKEN  tee hee,South Africa
1882336944,Fri May 22 06:41:17 PDT 2009,TraceyHewins,@chorale going well here hope yours is good too ,Peru
1882486651,Fri May 22 06:57:43 PDT 2009,TraceyHewins,will do more later ,Chile
1882525108,Fri May 22 07:01:46 PDT 2009,TraceyHewins,@Taddy69 I know I'm glad ,Ethiopia
1882541318,Fri May 22 07:03:27 PDT 2009,Jayme1988,@Xavierism Thanks darlin' ,Colombia
1882545206,Fri May 22 07:03:52 PDT 2009,Jayme1988,@Lady_Twitster NO! NO SMOKING! ,Cuba
1882563569,Fri May 22 07:05:48 PDT 2009,TraceyHewins,@kruss73 aw thanks ,Mexico
1882599108,Fri May 22 07:09:33 PDT 2009,Jayme1988,@Xavierism verry well thanks just waiting to finish work  how about you ?,Canada
1882678253,Fri May 22 07:17:49 PDT 2009,DarkPiano,@JeriWB Quite welcome! ,Kenya
1882695961,Fri May 22 07:19:42 PDT 2009,DarkPiano,"Free mellow music. Because I like you guys.  http://twiturm.com/sui3 &quot;Interlude 4,&quot; a piece I wrote &amp; recorded in 1999. Download &amp; enjoy!",Nigeria
1882916285,Fri May 22 07:42:12 PDT 2009,ramdomthoughts,@PaulWestlake Oh right - explains it totally. The DMC mixes were the standard DJs material  ie DJs that are too lazy to do it for real ,Germany
1882953043,Fri May 22 07:45:57 PDT 2009,TraceyHewins,@gerdaduring oh thank you ,Italy
1883221461,Fri May 22 08:12:12 PDT 2009,SallytheShizzle,@BrittGoosie have fun at lunch ,Canada
1883642338,Fri May 22 08:52:41 PDT 2009,ramdomthoughts,@swannny Have a fab time ,Egypt
1932293820,Tue May 26 21:11:13 PDT 2009,StDAY,"@Melisie Hi, random reply, but FYI, I think that's an AWESOME idea. Someone should get on top of that!  #stargirlinspace",South Africa
1932381365,Tue May 26 21:21:15 PDT 2009,Spidersamm,"@sonnyjoeflangan HAHAHAHAHA see. that sumbucca tweet was random, see what i mean sonny ",Tanzania
1932803238,Tue May 26 22:15:21 PDT 2009,StDAY,"@Melisie Exactly! All it would take is one tweet from any of the guys. Well, hopefully it happens. I'd love it if they came to the states ",Canada
1936028399,Wed May 27 07:19:30 PDT 2009,shanajaca,@SouthernBets no you are not you are amazing remember  XX,Egypt
1955871223,Thu May 28 20:46:08 PDT 2009,tsarnick,.@Godmothrbubbles oh me either!! you were the first girl that ever #twitterjumpedmeandtiedmedown ,Canada
1956013502,Thu May 28 21:01:34 PDT 2009,tsarnick,.@Strabismus see that's what i like! apologies  i *knew* i was right! ;D,New Zealand
1956040245,Thu May 28 21:04:29 PDT 2009,tsarnick,.@TroublePandaPR haha yeah you're the best pimper i've ever had ,France
1956058226,Thu May 28 21:06:30 PDT 2009,SallytheShizzle,@ddlovato I'M DRINKING REDBULL! I'LL SHARE WITH YOU (I HAVE 2 MORE SO NO SWINE FLU)  tell us? pweeease?!! :],Japan
1956159575,Thu May 28 21:18:13 PDT 2009,tsarnick,.@TroublePandaPR that's nice!! well it's close to nice  hopefully there will be a breakthrough soon with freshy ,Jamaica
1956195884,Thu May 28 21:22:33 PDT 2009,StDAY,Conan Monday. Conan Monday. CONAN MONDAY! ,South Korea
1956243601,Thu May 28 21:28:18 PDT 2009,SallytheShizzle,@ddlovato I HAVE REDBULL... SO SCREW @OfficialAS 's coke...COME OVER HERE AND TELL US CAUSE WE HAVE ENERGY DRINKS ,India
1956246016,Thu May 28 21:28:35 PDT 2009,SallytheShizzle,@MariaBernal yesh you can  you get in a plane ,Spain
1956342646,Thu May 28 21:40:32 PDT 2009,StDAY,@xoMusicLoverxo  Yay with me! ,Chile
1956449776,Thu May 28 21:54:18 PDT 2009,SallytheShizzle,@ddlovato you don't love us anymore...do you? we seals are veeery offended ;) tell us! ,Dominican Republic
1956560899,Thu May 28 22:08:52 PDT 2009,SallytheShizzle,@OfficialAS no it's a BIG deal when its on the radio ,Kenya
1956568479,Thu May 28 22:09:56 PDT 2009,StDAY,Folding laundry. And I don't even mind it. THAT'S how happy I am. Haha. ,Nigeria
1956603121,Thu May 28 22:14:42 PDT 2009,SallytheShizzle,@OfficialAS I LOVE YOU!! ,Ethiopia
1956672556,Thu May 28 22:24:32 PDT 2009,tsarnick,".@ObviouslyNinja hahaha! in reading that again though, i can see where the misunderstanding arose!!! HAHAHA!! ",New Zealand
1956674990,Thu May 28 22:24:53 PDT 2009,SallytheShizzle,@ddlovato I'M ANNOYING EVERYONE ;D @luckyurwithamy is a cool girl  so make her happy? pleeeease?!,Antarctica
1956687480,Thu May 28 22:26:38 PDT 2009,tsarnick,".@SpacieStaycie so do you like the auction idea? it's anonymous!! you can have all the money, i just want the glory ",Italy
1956715182,Thu May 28 22:30:34 PDT 2009,tsarnick,".@freshypanda hahahaha, are you drinkin man? ",Tanzania
1956743383,Thu May 28 22:34:45 PDT 2009,SallytheShizzle,@ddlovato YOU GET LOTS OF PRESSIES  http://bit.ly/BQVM4,Chile
1956755653,Thu May 28 22:36:33 PDT 2009,tsarnick,".@freshypanda well, you can't stop the music man, and you can't fight the moonlight. may as well sit back and feel the flow ",Australia
1956784814,Thu May 28 22:41:00 PDT 2009,tsarnick,.@PetalOfRed hey did you see the photo contest?? your pic is on there!!  http://twitpic.com/61oj0,Mexico
1956797816,Thu May 28 22:42:58 PDT 2009,SallytheShizzle,brb...shower time ,South Africa
1956810610,Thu May 28 22:44:56 PDT 2009,tsarnick,.@riotgrrlie hey Princess!! how's things?? did you see the new photo contest?  http://twitpic.com/61oj0,Canada
1956835969,Thu May 28 22:48:50 PDT 2009,tsarnick,.@freshypanda is it an artificial intelligence? cos that's what we need man ,Indonesia
1956912718,Thu May 28 23:00:47 PDT 2009,tsarnick,.@Greek4Honeybee what are you talking about? ,Spain
1956928844,Thu May 28 23:03:15 PDT 2009,tsarnick,.@aloveletteraway oh thanks!! you like Shelly's bling?  there's unlimited bling in OZ!!,Dominican Republic
1956938582,Thu May 28 23:04:44 PDT 2009,tsarnick,.@MoocherGirl oh that's even better yo!!! ,Peru
1956990526,Thu May 28 23:12:57 PDT 2009,SallytheShizzle,@mel_jayne you should have     (you should screencap and fave the question) if you haven't already LOL,France
1957027349,Thu May 28 23:18:58 PDT 2009,tsarnick,.@SpacieStaycie which one did you like best? ,Kenya
1957029499,Thu May 28 23:19:20 PDT 2009,shanajaca,@FaeryQueen07  good @Mattdavelewis is deserving he is such a cute and sweet guy(and yes Matt i am flirting with you) hahahaha lol  XX,New Zealand
1957038193,Thu May 28 23:20:44 PDT 2009,tsarnick,.@greystonebar me too!! thanks also for the follow. i see you will be hosting one of .@MoocherGirl's tweetups? ,Indonesia
1957051730,Thu May 28 23:23:00 PDT 2009,Spidersamm,"@evalltimelow ha its 12 here,  brrrr  ha",Russia
1957076291,Thu May 28 23:27:07 PDT 2009,shanajaca,@FaeryQueen07 I am not must be you who is team @Mattdavelewis capitain because it isnt me i am just the flirting girl lol  XX,New Zealand
1957137832,Thu May 28 23:37:24 PDT 2009,StDAY,Oh well. Probably a wrong number. Hopefully. Whatever. They could call back if they want. Haha. ,Spain
1957147349,Thu May 28 23:39:04 PDT 2009,SallytheShizzle,@ddlovato my brother tried to steal the REDBULL i'm saving for you.... sooo better hurry up and get to Australia ,Italy
1957170147,Thu May 28 23:42:56 PDT 2009,SallytheShizzle,@ddlovato if I sent you a twitpic link would you look at it ;) not yet...but later? ROFL...it's gonna be EPIC! ,Italy
1957195519,Thu May 28 23:47:22 PDT 2009,tsarnick,".@MoocherGirl one is a film clip to a song i wrote the lyrics for, and the other is a proper sort of short film about 2 guys... ",South Korea
1957205742,Thu May 28 23:49:12 PDT 2009,tsarnick,.@TraceyMmm hi!! would you like to vote in my photo contest??  http://twitpic.com/61oj0,Indonesia
1957206318,Thu May 28 23:49:18 PDT 2009,shanajaca,@FaeryQueen07 I want the Iphone no more no less and i will get it too or my name isnt Erika i can tel you lol  XX,UK
1957357340,Fri May 29 00:15:16 PDT 2009,shanajaca,@jeannicole At least  you got your priorities right haha and you think he is HOT? good grief babe look at Tom that is HOT  lol  xx,Peru
1957402364,Fri May 29 00:23:25 PDT 2009,tsarnick,.@MoocherGirl deal!! haha cool ,France
1957415840,Fri May 29 00:26:00 PDT 2009,tsarnick,.@freshypanda i stayed awake on twitter for 31 hours once ,Australia
1957457616,Fri May 29 00:33:45 PDT 2009,tsarnick,".@dotdotdotcomic *psst* dude, you're not supposed to admit to saying &quot;aboot&quot;. no-one else does ",South Africa
1957469645,Fri May 29 00:36:00 PDT 2009,tsarnick,.@connermoo hahaha thanks  we aim to please! ;),Tanzania
1957487911,Fri May 29 00:39:30 PDT 2009,tsarnick,.@dotdotdotcomic hahahaha!!! dude you are TRIPPIN DOGS YO!!! hahahahaha!!!! ,China
1957540833,Fri May 29 00:49:33 PDT 2009,tsarnick,.@CherylH77 nice to meet you too!! which #brisbanetweetup are you gonna go to? i'll try to make both! ,Dominican Republic
1957551401,Fri May 29 00:51:31 PDT 2009,keza34,@paulpuddifoot morning thanks for #ff mention hows you? ,Argentina
1957574686,Fri May 29 00:55:52 PDT 2009,keza34,some of the ladies #followfriday @nessie_111 @ComedyQueen @saragarth @elise0605 .nice allrounders. ,Chile
1957595686,Fri May 29 00:59:56 PDT 2009,keza34,more to get your teeth into #followfriday @namakemono49 @MandyMoos @robangus @paulpuddifoot ,Tanzania
1957691478,Fri May 29 01:17:52 PDT 2009,keza34,#followfriday @LucasBlack @jaybranch @ab_p @spook 68 @Dojie @its_Claire @Hyper8 just some to follow ,Cuba
1957700451,Fri May 29 01:19:40 PDT 2009,tsarnick,.@dotdotdotcomic bah!! it'll be a short-term problem  solar power and robots will meet everyone's needs. consumerism will drive that,Chile
1957752024,Fri May 29 01:29:53 PDT 2009,ramdomthoughts,@geekachu Morning - follow Friday? Am I seeing things? You feeling ok? Thank you ,Mexico
1957761667,Fri May 29 01:31:42 PDT 2009,ramdomthoughts,Morning. Staying up until 3am - maybe not my best ideal. Still in bed of course! Thanks for follow Fridays all you lovely people ,New Zealand
1958084595,Fri May 29 02:36:28 PDT 2009,VioletsCRUK,My gawrjus #pussy lovers and two of the funniest gals ever! @glasgowlassy and @karen230683  #followfriday ,Argentina
1958087281,Fri May 29 02:37:03 PDT 2009,shanajaca,@James_Phelps Thank you !!!!!!!!!!!!!!!! another trivia to fill my overly full head with  XX,Ecuador
1958104760,Fri May 29 02:40:37 PDT 2009,tsarnick,.@BlowhornOz yeah i'll have to reinstall it and find my login  will let you know when i do mate!!,Colombia
1960159861,Fri May 29 07:31:09 PDT 2009,ramdomthoughts,@lpm962 Righto ,Colombia
1960388337,Fri May 29 07:53:08 PDT 2009,TraceyHewins,@Ste1987 thanks ,Cuba
1960390571,Fri May 29 07:53:21 PDT 2009,TraceyHewins,@mrtrev AW thank you soooooooooo much ,Indonesia
1960545839,Fri May 29 08:07:51 PDT 2009,keza34,@Dojie sounds nice.lol ,Colombia
1960547617,Fri May 29 08:08:00 PDT 2009,DarkPiano,@jenharvey haha you do that! I'm the one with his head the window ,USA
1960632189,Fri May 29 08:15:57 PDT 2009,TraceyHewins,@nelsonmaud NP Thank YOU! for the tunes ,Germany
1960651369,Fri May 29 08:17:46 PDT 2009,mcraddictal,@Boy_Kill_Boy D: that sucks. if it makes you feel any better i have a suckish southern accent ,USA
1960696405,Fri May 29 08:22:01 PDT 2009,TraceyHewins,@Dameunited thank you ,Colombia
1960822378,Fri May 29 08:33:28 PDT 2009,TraceyHewins,@joshtastic1 thank you ,Nigeria
1961004180,Fri May 29 08:50:22 PDT 2009,ramdomthoughts,@EmsyD Gardening I hope? o I'm not bothered either way LOL ,Kenya
1961004482,Fri May 29 08:50:23 PDT 2009,Jayme1988,#FollowFriday @headstop Thank you ,Egypt
1961047784,Fri May 29 08:54:22 PDT 2009,shanajaca,@BeckaMoor By the way i love your new pic  XX,Colombia
1961113478,Fri May 29 09:00:23 PDT 2009,ramdomthoughts,@SarahSymmonds Aaaww cute! ,New Zealand
1961137289,Fri May 29 09:02:34 PDT 2009,keza34,@joshtastic1 okies we will give it a go.dont tell him.lol ,Mexico
1961182038,Fri May 29 09:06:29 PDT 2009,shanajaca,Only a few more votes and @chriscuzzy is in the top ten  XX,India
1961194437,Fri May 29 09:07:36 PDT 2009,TraceyHewins,@NorthDakotaGirl thank you ,Chile
1961267779,Fri May 29 09:14:21 PDT 2009,VioletsCRUK,@Glasgowlassy Have people comin round later but will try and get on for a bit at some point...you goin out tonight? ,Argentina
1961297192,Fri May 29 09:17:06 PDT 2009,mcraddictal,@mcrluvr4evr i know!!!    -dies-,Ecuador
1961422390,Fri May 29 09:28:44 PDT 2009,DarkPiano,@Christellle Hello and thank you! ,Germany
1961442316,Fri May 29 09:30:34 PDT 2009,TraceyHewins,@Jamie_127 what? You lost me--which sadly is easy enough to do LOL explain please ,New Zealand
1961464992,Fri May 29 09:32:39 PDT 2009,shanajaca,@FaeryQueen07 Me to even calculate my bathroom breaks go figure lol  XX,Mexico
1961865160,Fri May 29 10:09:40 PDT 2009,shanajaca,@lilyginny27 I have to say you make me feel like chopped liver to you are ignoring me pout pout  XX,Thailand
1961883088,Fri May 29 10:11:17 PDT 2009,ramdomthoughts,@crazyjohnkerecz Thanks for FF ,Tanzania
1961885941,Fri May 29 10:11:33 PDT 2009,shanajaca,@Mattdavelewis Why the hell are you sunbathing with your clothes on that is just going to look ridiculus when you undress lol  XX,Thailand
1961922625,Fri May 29 10:14:57 PDT 2009,ramdomthoughts,@pete_c Leave it with me fella - will DM in due course - just walking home ,Kenya
1962317127,Fri May 29 10:51:34 PDT 2009,TraceyHewins,@OliverPhelps sounds like a perfect day for you. ,UK
1962515914,Fri May 29 11:09:55 PDT 2009,TraceyHewins,@JujuSherry yes they are!!!!! ,Colombia
1962630523,Fri May 29 11:21:18 PDT 2009,Jayme1988,@Chad_Lad see you later  x,Colombia
1962665766,Fri May 29 11:25:31 PDT 2009,TraceyHewins,@amyshell LOL ,Australia
1962960771,Fri May 29 11:59:26 PDT 2009,TraceyHewins,@Woodpecker50 any time ,Cuba
1963242327,Fri May 29 12:25:33 PDT 2009,TraceyHewins,And BACK!!!! ,Tanzania
1963415417,Fri May 29 12:41:22 PDT 2009,ramdomthoughts,@Justin_A Thanks for FF mate - appreciated ,Spain
1963415524,Fri May 29 12:41:22 PDT 2009,TraceyHewins,@Justin_A Aw thanks ,Russia
1963691275,Fri May 29 13:06:11 PDT 2009,ramdomthoughts,@xLilCx Ha ha  You enjoy self inflicted pain then? ,Argentina
1963820900,Fri May 29 13:17:59 PDT 2009,SongoftheOss,Some superb tracks over the years - more respect  ? http://blip.fm/~79zoe,South Africa
1963931181,Fri May 29 13:28:04 PDT 2009,TraceyHewins,@BennyDavro LOL it's not over yet!! once this ends there's a 48 hour vote-off for the top 100!!!!! LMAO ,Chile
1964017295,Fri May 29 13:35:54 PDT 2009,SongoftheOss,"@Applecored good way to live, much respect to you ",Brazil
1964017894,Fri May 29 13:35:58 PDT 2009,shanajaca,@Mattdavelewis Enjoy and sweet dreams  XX,Mexico
1964061820,Fri May 29 13:39:58 PDT 2009,ramdomthoughts,@ksymmonds  @SarahSymmonds That's okay then  No rush.,Japan
1964240108,Fri May 29 13:56:05 PDT 2009,SongoftheOss,For those out shopping tomorrow  ? http://blip.fm/~7a2xa,Australia
1964398452,Fri May 29 14:10:23 PDT 2009,shanajaca,@Cazling Try to have a good time at the workplace hugzzzzzzzzz  XX,Cuba
1964504598,Fri May 29 14:20:29 PDT 2009,SongoftheOss,"@Applecored Oh I know I just meant &quot;that&quot; stare, the one about two seconds from certain death ",Indonesia
1964556230,Fri May 29 14:25:32 PDT 2009,shanajaca,@Stormlite02 All the way up or just to the knee lol  XX,Ethiopia
1964587899,Fri May 29 14:28:37 PDT 2009,shanajaca,@Stormlite02 oh i love it and cant sit still while listening to it he is way better then his sister lol  XX,South Africa
1964630033,Fri May 29 14:32:43 PDT 2009,SongoftheOss,@_CorruptedAngel tell my people i hav exceeded my tweet limit xx - old chatty box has been kicked off again ,Tanzania
1964815267,Fri May 29 14:51:10 PDT 2009,SongoftheOss,@piginthepoke another good choice - but how about some &quot;life&quot; choices for you ,Ecuador
1964832674,Fri May 29 14:52:53 PDT 2009,SongoftheOss,@_CorruptedAngel oh bugger you saw the DM ,Colombia
1964872097,Fri May 29 14:56:53 PDT 2009,DarkPiano,@texasmommy77 lol I'm sure you can! How was your day!? ,Italy
1964873796,Fri May 29 14:57:03 PDT 2009,SongoftheOss,"@_esquiva cool choice, just played that ",Canada
1964874484,Fri May 29 14:57:07 PDT 2009,shanajaca,I keep forgetting that my daughter can read all this shit lol  XX,Cuba
1964894069,Fri May 29 14:59:07 PDT 2009,ramdomthoughts,@zenbitch Ha - he has aged well. I used to be a Bros fan - sshhhhh - keep that quiet ,Antarctica
1964918726,Fri May 29 15:01:32 PDT 2009,shanajaca,@BeckaMoor It is tru never change it again love looking at it  XX,Argentina
1964938513,Fri May 29 15:03:29 PDT 2009,ramdomthoughts,@geekachu Nor did I ? ,Colombia
1965278611,Fri May 29 15:38:21 PDT 2009,SongoftheOss,fantastic song  ? http://blip.fm/~7aaxh,India
1965335403,Fri May 29 15:44:21 PDT 2009,shanajaca,@lumalfoy It was the best ever of all 36 years all the messages from all of you brought me to tears more then once i loved a lot  XX,Thailand
1965468757,Fri May 29 15:58:37 PDT 2009,mcraddictal,@MCRmuffin  how are you?,Antarctica
1965581548,Fri May 29 16:10:27 PDT 2009,SongoftheOss,@_CorruptedAngel why thank you ,South Africa
1965601980,Fri May 29 16:12:38 PDT 2009,shanajaca,@lumalfoy I really need to make my rings smaller they all fall of lol  XX But this was a first and hopefully the last hahahaha,Egypt
1965715217,Fri May 29 16:24:41 PDT 2009,tsarnick,@architeuth1s hahaha yeah keep it on the down low man  it's bad enough we have to share with each other!!! :p,France
1965715243,Fri May 29 16:24:41 PDT 2009,shanajaca,@Barbiechick3004 Hahahahaha why does he do that he should put it in correctly and put the damn thing on lol  XX,Russia
1965808668,Fri May 29 16:34:53 PDT 2009,Spidersamm,"@staaceeyy ha kcool, not that ill be doing much on the day, maybe sleep  maybe go to the new windmill hill, HA!",Dominican Republic
1965824197,Fri May 29 16:36:36 PDT 2009,tsarnick,@lownleeeynjul haha yep religion is fine!! i like your thing about &quot;praying for fish&quot;  use this: http://twitpic.com/67vhh,USA
1965824276,Fri May 29 16:36:36 PDT 2009,DarkPiano,"@fleurdeleigh Very welcome, Leigh! You're a fun follow. ",South Korea
1965826742,Fri May 29 16:36:53 PDT 2009,SongoftheOss,@TSCOvertweet actually that is a good idea - oi @_CorruptedAngel get another account setup ,Spain
1965841170,Fri May 29 16:38:30 PDT 2009,shanajaca,@SouthernBets OOOOOH hot hot hot smoking hot would like a twitpic  XX,Peru
1965841899,Fri May 29 16:38:35 PDT 2009,DarkPiano,@giselle2323 Quite welcome! ,South Africa
1965933900,Fri May 29 16:48:48 PDT 2009,Spidersamm,"@staaceeyy LG viewty  lawl but its dead flat, my brother has to go get the charger, he keeps forgetting",Colombia
1965949701,Fri May 29 16:50:36 PDT 2009,tsarnick,"@Boy_Kill_Boy 27 down, 23 to go ",UK
1965985674,Fri May 29 16:54:39 PDT 2009,shanajaca,@Barbiechick3004 Must be you getting cranky because men are NOT that smart lol  XX,Ethiopia
1966024129,Fri May 29 16:59:01 PDT 2009,SongoftheOss,For @Applecored who evades sleep even now  ? http://blip.fm/~7ag9f,Kenya
1966040808,Fri May 29 17:00:49 PDT 2009,StDAY,@xoMusicLoverxo Hahahaha. That's okay. It's the thought that counts. ,South Korea
1966113024,Fri May 29 17:08:54 PDT 2009,shanajaca,@Barbiechick3004 Aha that my love is a secret you will learn in a few weeks lol  XX,Mexico
1966182683,Fri May 29 17:16:51 PDT 2009,Spidersamm,@staaceeyy ahhhhhh  i love stacey i love stacey i love stacey i love stacey i love stacey i love stacey i love stacey &lt;3,Ethiopia
1966184313,Fri May 29 17:17:03 PDT 2009,tsarnick,@Rose_Hale hahaha awesome!! nice loophole ,Ecuador
1966218892,Fri May 29 17:21:05 PDT 2009,SongoftheOss,"@Applecored night you, sleep well ",Dominican Republic
1966285030,Fri May 29 17:28:54 PDT 2009,DarkPiano,@MARCOME Thanks! ,Kenya
1966358496,Fri May 29 17:37:14 PDT 2009,SongoftheOss,"@secretplanet well yes @applecored was nagging me and well, how could I not...anyhoo sorry for the visage try and keep dinner down ",Brazil
1966376033,Fri May 29 17:39:11 PDT 2009,SongoftheOss,"@streetpete and night to you sir, you blips will be missed ",UK
1966393446,Fri May 29 17:41:06 PDT 2009,SongoftheOss,"@Applecored and what now, bring it on...oh what's the point, I will do what you say anyway ",China
1966576495,Fri May 29 18:01:15 PDT 2009,SongoftheOss,@Applecored thanks ,Brazil
1966672521,Fri May 29 18:11:20 PDT 2009,DarkPiano,"Good evening, friendly tweeples. ",Dominican Republic
1966859798,Fri May 29 18:31:51 PDT 2009,mcraddictal,"@Skitsafrit is not.  it's addicting... Well, if you have no life like me ",France
1967059449,Fri May 29 18:54:03 PDT 2009,DarkPiano,"@musicstr7 Hey Dr. Beth! Long time, how are you doing! ",Germany
1967117499,Fri May 29 19:00:19 PDT 2009,mcraddictal,@AhSatanseesMCR  i can never see em cause i'm never online when you are.haha. What kind of videos?? (you're specail too!!),Indonesia
1967212007,Fri May 29 19:10:14 PDT 2009,VioletsCRUK,I am a wee bit tipsy...bit how are you all? ,South Korea
1967248922,Fri May 29 19:14:10 PDT 2009,TraceyHewins,@heathcrush not a whole heck of a lot to be honest ,Kenya
1967605520,Fri May 29 19:53:15 PDT 2009,thisgoeshere,@iamsarahmolland ha ha. yes ma'am! but they don't have oreos in france. ,UK
1967794002,Fri May 29 20:13:24 PDT 2009,StDAY,"@a_simple_girl *takes a bow and snatches back those dollar bills* Thanks, dear.  At least SOMEONE should have fun tonight. ",Antarctica
1968022934,Fri May 29 20:37:21 PDT 2009,StDAY,"@a_simple_girl *grin* Thank you, dear. You're making me happy. ",Spain
1968026615,Fri May 29 20:37:43 PDT 2009,StDAY,@a_simple_girl That was weird... Haha. ,South Korea
1968336932,Fri May 29 21:13:48 PDT 2009,mcraddictal,@AhSatanseesMCR lol. I know  -dances- my fav's goblet of fire ,Italy
1968711538,Fri May 29 22:02:18 PDT 2009,tsarnick,@Boddingtons pics uploading to FB now ,New Zealand
1968766338,Fri May 29 22:09:59 PDT 2009,tsarnick,@SpacieStaycie haha wow you've got *stamina*  did you hit the town?,Jamaica
1968795589,Fri May 29 22:14:13 PDT 2009,tsarnick,"@SpacieStaycie oh yeah, i thought you said you were going saturday!! so a good night then? ",Peru
1969005836,Fri May 29 22:46:32 PDT 2009,tsarnick,@Boddingtons yep i'm still here!! well i'm mucking around on FB mostly ,Indonesia
1969091449,Fri May 29 23:00:32 PDT 2009,tsarnick,@boddingtons http://twitpic.com/68otz - cool! that's awesome ,Thailand
1969438300,Sat May 30 00:02:19 PDT 2009,Spidersamm,@evAllTimeLow oioioioioioi whats your youtube... i wanna see some songsies ,Indonesia
1969451892,Sat May 30 00:04:49 PDT 2009,SallytheShizzle,i just recorded the &quot;awesome&quot; story for Sandra for youtube. LOL. uploading... @OfficialAS your vid is coming  FUCKING PRINTER NOT WORKN!,Mexico
1969592861,Sat May 30 00:32:45 PDT 2009,SallytheShizzle,@OfficialAS gaaaah stupid exams :/ hahahaha. and awesome cause the vid WILL need a response ;) tee hee. I'll visit for sure ,Italy
1969701788,Sat May 30 00:55:15 PDT 2009,ramdomthoughts,@Alexsmith10 Ah - fond memories of my youth ,Tanzania
1969836721,Sat May 30 01:24:50 PDT 2009,keza34,@Janedebond considerin it.will have to raid freezer though.lol ,Brazil
1969846127,Sat May 30 01:26:58 PDT 2009,keza34,@smartiej at least it will easier.everyone will be watchin game i presume.lol what about later when they get back?lol ,Argentina
1969855800,Sat May 30 01:29:12 PDT 2009,keza34,How many tweeps are plannin on havin a BBQ today?(or goin to one) ,Spain
1969863720,Sat May 30 01:30:56 PDT 2009,SallytheShizzle,@kaseyRSM -gets life jacket- i'mma come save you!! ,USA
1969871675,Sat May 30 01:32:47 PDT 2009,keza34,@smartiej typical lad then in sun and footie.bad combo.lol ,Argentina
1969916132,Sat May 30 01:43:09 PDT 2009,keza34,@namakemono49 dont think it will work but can try.lol ,China
1969922893,Sat May 30 01:44:48 PDT 2009,keza34,@jazzydacat lol.any plans apart from lazyin in sun?lol ,Chile
1969932812,Sat May 30 01:47:04 PDT 2009,keza34,@namakemono49 well go join themits fun lol ,Russia
1969940796,Sat May 30 01:49:01 PDT 2009,keza34,@Dutchrudder enjoy all the rugrats .lol ,Spain
1969967369,Sat May 30 01:55:23 PDT 2009,tsarnick,@BlowhornOz hey mate! i'm great thanks  it's saturday night and we're havin a party!,Argentina
1969991867,Sat May 30 02:00:57 PDT 2009,keza34,@twinkle47 are sure about that?that many kids would drive anyone to drink.lol ,Russia
1970001016,Sat May 30 02:03:02 PDT 2009,keza34,@twinkle47 okies.bet you get one though.hehe ,New Zealand
1970011500,Sat May 30 02:05:28 PDT 2009,keza34,@twinkle47 lol  r u havin a BBQ later.coz looks i been suckered into havin one.lol ,Dominican Republic
1970026804,Sat May 30 02:09:14 PDT 2009,VioletsCRUK,@jaybranch Hey..good morning! ,South Korea
1970067502,Sat May 30 02:19:13 PDT 2009,keza34,"@ChrisAxe barbie is now clean,chops,bangers and steaks are now defrosting.cya later.lol ",Spain
1970068908,Sat May 30 02:19:34 PDT 2009,SongoftheOss,@DharmaDuck aw I get mentioned ,Canada
1970074778,Sat May 30 02:20:57 PDT 2009,ramdomthoughts,Am now a proud owner of a Starbucks Reward Card! ,Germany
1970075413,Sat May 30 02:21:06 PDT 2009,SongoftheOss,"@LindseytheFirst reason for picture is @applecored ordered me to *sniff* - as to name, never, secret to the grave and all that... ",Thailand
1970084143,Sat May 30 02:23:18 PDT 2009,VioletsCRUK,Just listening to some nice relaxed songs this morning to try and get me wakened - Paul Weller Broken Stones at the mo! Tune!!! ,Kenya
1970084778,Sat May 30 02:23:28 PDT 2009,keza34,@nessie_111 all good here.you enjoyin sun yet.lol ,Antarctica
1970097917,Sat May 30 02:26:44 PDT 2009,VioletsCRUK,@jaybranch Sounds good..we need to make the most of this stunninjg weather!  No i had people round - we sat outside drinkin till 3! ,Indonesia
1970106194,Sat May 30 02:28:50 PDT 2009,Jayme1988,Good Morning  any new followers I have not followed just chat with me - so I know you are not spam!,Russia
1970109759,Sat May 30 02:29:45 PDT 2009,SongoftheOss,"@LindseytheFirst she found a way to control me, what can I say kudos to @applecored  anyhoo I have to be &quot;good&quot; at the moment...",Antarctica
1970114776,Sat May 30 02:30:53 PDT 2009,ramdomthoughts,@acetuk I'm just gonna post them on Flickr later - no Aperture processing - if I can resist ,Australia
1970123806,Sat May 30 02:33:01 PDT 2009,SongoftheOss,"@_CorruptedAngel really twice in less than 24 hours, how lucky am I ",Nigeria
1970125611,Sat May 30 02:33:28 PDT 2009,VioletsCRUK,@smartiej lol that is all the encouragement i need!! Chicken enchiladas = brekkie!! ,South Korea
1970133982,Sat May 30 02:35:35 PDT 2009,Jayme1988,@rjakesdub Hi  how are you?,Jamaica
1970133994,Sat May 30 02:35:35 PDT 2009,tsarnick,@Izzy_Cullen yeah great job!! i've already put all the entries up though  you'll have to enter the next one! ,Tanzania
1970139203,Sat May 30 02:36:51 PDT 2009,SongoftheOss,"@PembsDave this early in the morning, tut to you sir ",Brazil
1970155595,Sat May 30 02:40:59 PDT 2009,SongoftheOss,"@lynnesse yep sure did, still once work over today (doing remote stuff at the mo) think I may have a small sherry ",South Korea
1970162788,Sat May 30 02:42:49 PDT 2009,SallytheShizzle,@BrittGoosie have a good rest ,Canada
1970170343,Sat May 30 02:44:50 PDT 2009,Jayme1988,"@JamesMW78 Yeah but its saturday, all that stuff can wait until sunday ",Australia
1970179306,Sat May 30 02:47:02 PDT 2009,shanajaca,@Rosherrrs Thank you sweetheart  XX,Dominican Republic
1970196396,Sat May 30 02:51:13 PDT 2009,tsarnick,@lownleeeynjul how's your Saturday lisa? thanks for making the oz fb group too ,Antarctica
1970206461,Sat May 30 02:53:47 PDT 2009,SongoftheOss,"@PembsDave lawks you are on form  honestly I am horrified, sort of, well no...",Egypt
1970211704,Sat May 30 02:55:06 PDT 2009,Jayme1988,#myweakness genuine people ,New Zealand
1970228463,Sat May 30 02:59:36 PDT 2009,VioletsCRUK,@jason_2008 LOL double ouch!! I would have screamed too!! ,Thailand
1970236893,Sat May 30 03:01:25 PDT 2009,VioletsCRUK,@Hollowbabes LOL trust me that's a good thing!! ,Kenya
1970243105,Sat May 30 03:02:56 PDT 2009,keza34,@Stev02008 yes defo.want stavros flattly or flawless to win.any plans for today.lol ,Italy
1970245880,Sat May 30 03:03:35 PDT 2009,keza34,@MandyMoos morning.hows you this sunny day.lol ,India
1970246035,Sat May 30 03:03:38 PDT 2009,VioletsCRUK,@katecameron2002 Oh crap!! lol Think i may have to sign out and try and sort out the pic situation...thanks for letting me know! ,South Korea
1970253921,Sat May 30 03:05:32 PDT 2009,keza34,@MandyMoos what you up to today to make you so busy?hows tinker? lol ,Germany
1970259872,Sat May 30 03:07:01 PDT 2009,VioletsCRUK,@KayTyler Hehe..its okay..knew what you meant! ,Kenya
1970279239,Sat May 30 03:11:55 PDT 2009,keza34,@MandyMoos no worries if he can do it anyone can.gonna try and put pic of dog up later.lol ,Chile
1970301872,Sat May 30 03:17:44 PDT 2009,Spidersamm,still send it if you like   kcool,Tanzania
1970309799,Sat May 30 03:19:56 PDT 2009,shanajaca,@javastix Have fun sweetheart  XX,Ethiopia
1970316056,Sat May 30 03:21:28 PDT 2009,SongoftheOss,Was (Not Was) ï¿½ Shake Your Head  ? http://blip.fm/~7bbyn,Thailand
1970324677,Sat May 30 03:23:48 PDT 2009,keza34,@Stev02008 same as you tryin to die from heat and prep food for BBQ later.lol ,Japan
1970324999,Sat May 30 03:23:53 PDT 2009,SongoftheOss,@TheDarkGlove you're welcome......or are you? ,USA
1970338637,Sat May 30 03:27:27 PDT 2009,keza34,@ChrisAxe maybe maybe not.lol ,Australia
1970346005,Sat May 30 03:29:24 PDT 2009,keza34,@MandyMoos shes alright really.lol ,Mexico
1970355351,Sat May 30 03:31:36 PDT 2009,Jayme1988,@msheaff I just don't want blood on my plate lol Im brilliant today thank you!  any plans?,Peru
1970363547,Sat May 30 03:33:42 PDT 2009,TraceyHewins,morning everyone!!!!!! ,Brazil
1970377987,Sat May 30 03:37:22 PDT 2009,TraceyHewins,@TomHemingway will do ,Argentina
1970379640,Sat May 30 03:37:48 PDT 2009,TraceyHewins,@Its_Claire morning to you too ,Ecuador
1970384372,Sat May 30 03:39:01 PDT 2009,TraceyHewins,@Josh_Biggs another connection made ,Cuba
1970387026,Sat May 30 03:39:41 PDT 2009,TraceyHewins,@Linda_Sgoluppi Tired lol I was up until midnight and got up at 5:30 this a.m. otherwise GREAT  You?,Egypt
1970395192,Sat May 30 03:41:41 PDT 2009,TraceyHewins,@TomFelton just checking in to see how Jade is doing. Hope she's taking it easy and using some moist heat. Give her my best ,Russia
1970403765,Sat May 30 03:43:56 PDT 2009,SallytheShizzle,going to amys. If you need me...I've got my phone ,Brazil
1970408657,Sat May 30 03:45:09 PDT 2009,Jayme1988,"@msheaff Ah yes, I asked you yesterday! silly me  have a good run and a brilliant day ",India
1970409724,Sat May 30 03:45:23 PDT 2009,keza34,@ChrisAxe thats a shame.lol ,Canada
1970418506,Sat May 30 03:47:30 PDT 2009,mcraddictal,"@girlwithfringe no, i'm not okay. But it doesn't matter. I'm alive  how are you?",Spain
1970427769,Sat May 30 03:49:46 PDT 2009,keza34,@Janedebond http://twitpic.com/5r6sw - you can tell by the eyes what he was gonna be.lol ,Thailand
1970428993,Sat May 30 03:50:03 PDT 2009,mcraddictal,"@girlwithfringe but it's okay, really. There's not much I can say. But, i'll dm you if i need anything ",UK
1970436900,Sat May 30 03:51:51 PDT 2009,Spidersamm,@staaceeyy no you dont  lawl,USA
1970443954,Sat May 30 03:53:33 PDT 2009,keza34,@Janedebond thats the sort you want that likes a fuss.lol ,Antarctica
1970452228,Sat May 30 03:55:33 PDT 2009,TraceyHewins,@Linda_Sgoluppi oooooh sounds delish  I only had beer--very boring,Italy
1970460438,Sat May 30 03:57:34 PDT 2009,keza34,@nuttychris omg.are you ok?how you managed to lie.lol ,India
1970462021,Sat May 30 03:58:00 PDT 2009,TraceyHewins,@nuttychris I'm good. You? you've been busy? Haven't seen much of you ,UK
1970467608,Sat May 30 03:59:28 PDT 2009,keza34,@nuttychris i meant how managed to live? LOL ,Ethiopia
1970478177,Sat May 30 04:01:43 PDT 2009,nuttychris,"@DutchieDude lol, willow is all good  but god bby sisters so annoying lol",Russia
1970478431,Sat May 30 04:01:46 PDT 2009,keza34,@nuttychris omg.that not good.was gettin worried.BBQ later so gonna go shotly to make burgers.lol ,Kenya
1970484591,Sat May 30 04:03:15 PDT 2009,Spidersamm,"lawl at school on friday karley came over to the table with a picture of me and my 102 year old great grandma :| im like wtf, bitch, hha ",UK
1970486158,Sat May 30 04:03:37 PDT 2009,SongoftheOss,"@ms_cornwall ooh BBQ, OK just get me a few aberdeen angus burgers, that'll do me ",Antarctica
1970493968,Sat May 30 04:05:26 PDT 2009,nuttychris,"@TraceyHewins nah aint been busy, just been bored with out twitter, as no net and that, but other than that am all good ",Dominican Republic
1970494673,Sat May 30 04:05:35 PDT 2009,SongoftheOss,Jump around everybody  ? http://blip.fm/~7bcyv,Dominican Republic
1970511585,Sat May 30 04:09:46 PDT 2009,nuttychris,"am off now, tweet tomoz as am in college  dont miss me 2 much also hi every1 hu i didnt get 2 speak to",Ecuador
1970529462,Sat May 30 04:13:56 PDT 2009,Jayme1988,@Chad_Lad see you later  x,Kenya
1970545169,Sat May 30 04:17:39 PDT 2009,tsarnick,.@Zanna85 haha yeah cheap and dirty right?? ,Australia
1970551964,Sat May 30 04:19:23 PDT 2009,VioletsCRUK,@mfowmes Oh bummer...can't get it back yet...Twitter must be givin me a hint! (change yer f'n pic) LOL Hope all is good with you today? ,Brazil
1970560204,Sat May 30 04:21:18 PDT 2009,keza34,@TraceyHewins yea if u want .all good here.just got make burgers soon.lol ,Argentina
1970563371,Sat May 30 04:22:03 PDT 2009,VioletsCRUK,@whotook Its appreciated and i sincerely hope all goes ok for you and your family. I know what emotional pressure it can put on a family! ,China
1970569578,Sat May 30 04:23:31 PDT 2009,TraceyHewins,"@JGDemas yeah but, um, I'm a girl ",Egypt
1970571009,Sat May 30 04:23:53 PDT 2009,tsarnick,.@Zanna85 you know me too well ,Jamaica
1970571933,Sat May 30 04:24:06 PDT 2009,VioletsCRUK,@whotook Thanks  x,Kenya
1970577767,Sat May 30 04:25:27 PDT 2009,TraceyHewins,@Jamie_127 I'm not sure what I expect. Maybe you'd offer to use crayon on my walls again ,Australia
1970578331,Sat May 30 04:25:36 PDT 2009,keza34,@TraceyHewins sounds interestin.done all mine.lol ,Ecuador
1970578856,Sat May 30 04:25:43 PDT 2009,DarkPiano,"Good morning, all of you! ",Nigeria
1970579566,Sat May 30 04:25:54 PDT 2009,Jayme1988,@JCinQC Great! have fun ,Canada
1970579708,Sat May 30 04:25:56 PDT 2009,TraceyHewins,@keza34 it's only 7:30am here ,Ethiopia
1970580688,Sat May 30 04:26:10 PDT 2009,DarkPiano,@THEDIAMONDCOACH You are quite welcome! ,Cuba
1970585591,Sat May 30 04:27:23 PDT 2009,DarkPiano,"@johngoldsby Hi John, and thanks for the comments about the song and for retweeting. ",Tanzania
1970588030,Sat May 30 04:28:00 PDT 2009,keza34,@TraceyHewins but at least its not rainin.lol ,Cuba
1970588162,Sat May 30 04:28:02 PDT 2009,DarkPiano,"@AutismIsARose You are very welcome, Lindsey. It's a pleasure to recommend you. ",Japan
1970593892,Sat May 30 04:29:27 PDT 2009,TraceyHewins,@keza34 tis true  and it's supposed to clear up for this afternoon ,Dominican Republic
1970595893,Sat May 30 04:29:58 PDT 2009,TraceyHewins,@susanhutchinson I'll do that. Thanks for the tip ,Italy
1970603073,Sat May 30 04:31:30 PDT 2009,keza34,@paulpuddifoot okies.what you up to today? ,Peru
1970613164,Sat May 30 04:33:55 PDT 2009,keza34,@TraceyHewins gonna go in a few to make everything.lol ,Kenya
1970614278,Sat May 30 04:34:11 PDT 2009,TraceyHewins,"@Jamie_127 no I don't-never hae and never even tried it. pizza,icecream and steak. a beach. Love  xoxoxo",France
1970614416,Sat May 30 04:34:12 PDT 2009,DarkPiano,"@TraceyHewins Knowing who I was tweeting, I started expecting it as soon as I hit the reply button! ",France
1970618780,Sat May 30 04:35:12 PDT 2009,tsarnick,".@Godmothrbubbles haha, i'm *always* chatty  besides it's saturday night and we're having a party",Egypt
1970620274,Sat May 30 04:35:33 PDT 2009,Jayme1988,@MarkRosenbauer I am brilliant thanks Thinking I may run the gym soon gat a good early afternoon workout  Have a fantastic day today ,Argentina
1970629901,Sat May 30 04:37:49 PDT 2009,TraceyHewins,@Jamie_127 yes and not sure ,Cuba
1970631291,Sat May 30 04:38:09 PDT 2009,TraceyHewins,@Mo56 lol thanks! ,USA
1970637150,Sat May 30 04:39:32 PDT 2009,TraceyHewins,@treasaint lmao no she's not! ,Tanzania
1970637902,Sat May 30 04:39:43 PDT 2009,TraceyHewins,@susanhutchinson didn't think so thank you ,France
1970637938,Sat May 30 04:39:44 PDT 2009,tsarnick,.@BlowhornOz dude you just need some refreshing #cocacola!!! it's an effective anti-depressant ,Brazil
1970638719,Sat May 30 04:39:56 PDT 2009,TraceyHewins,@JGDemas thank you  how are you today?,Egypt
1970648748,Sat May 30 04:42:09 PDT 2009,keza34,@SofieY will do.lol ,Australia
1970648803,Sat May 30 04:42:10 PDT 2009,ramdomthoughts,"Oi @ksymmonds Follow @leespoons - he's funny, nice bloke &amp; a bloody good mashup producer ",Jamaica
1970655252,Sat May 30 04:43:43 PDT 2009,shanajaca,@Rotae Good you are almost ready then !!I guess it will be nice to have a holiday to play music draw pictures and maybe write some lol  X,South Africa
1970682527,Sat May 30 04:49:51 PDT 2009,DarkPiano,@THEDIAMONDCOACH Make it a good talk! ,Dominican Republic
1970701270,Sat May 30 04:54:06 PDT 2009,DarkPiano,"@BonnieBrown Well when you wake up, good morning! ",Ecuador
1970701494,Sat May 30 04:54:09 PDT 2009,tsarnick,.@BlowhornOz we need #cocacola sponsorship!! that's why we're using the hashtag ,South Africa
1970717111,Sat May 30 04:57:45 PDT 2009,TraceyHewins,@chorale I know. Catch you later ,UK
1970725667,Sat May 30 04:59:40 PDT 2009,SongoftheOss,"@AllyAyr hmmm, but still better to have quality ",Nigeria
1970763955,Sat May 30 05:07:37 PDT 2009,SongoftheOss,@secretplanet http://twitpic.com/691z3 - A beautiful drawing of a beautiful lady ,USA
1970775387,Sat May 30 05:10:04 PDT 2009,SongoftheOss,@ms_cornwall would I be guessing vegetarian? well raise a glass to us worker ants and have a great afternoon ,USA
1970804862,Sat May 30 05:16:19 PDT 2009,tsarnick,.@BlowhornOz i'm ready when you are dude!!! ,Spain
1970813784,Sat May 30 05:18:10 PDT 2009,DarkPiano,@BonnieBrown Cool! The song and story are at http://muse-in.blogspot.com ,Nigeria
1970902744,Sat May 30 05:36:15 PDT 2009,ramdomthoughts,@pete_c Good mate - enjoying the sun  You &amp; Emma?,Egypt
1970904041,Sat May 30 05:36:31 PDT 2009,tsarnick,".@MMofOz yep, i remember!! you popped my international sms cherry  so you're my new FB friend??",China
1970913156,Sat May 30 05:38:23 PDT 2009,SongoftheOss,D-Mob We call it methylenedioxymethamphetamine  ? http://blip.fm/~7bfax,Ecuador
1970933091,Sat May 30 05:42:18 PDT 2009,DarkPiano,@BonnieBrown You're welcome. Did you like it? Feel free to download if you like. ,USA
1970953226,Sat May 30 05:46:16 PDT 2009,tsarnick,.@appletartlet oh mr tweet is *so* useless!! ,Germany
1970972642,Sat May 30 05:50:01 PDT 2009,SongoftheOss,But do you remember the advert this featured in....that will annoy you  Transglobal Underground ï¿½ Temple Head ? http://blip.fm/~7bfmf,Kenya
1970995288,Sat May 30 05:54:15 PDT 2009,SongoftheOss,"@Jayne0807 Dear Welsh Police people - naughty driver inbound or outbound possibly, may look like a blur to the human eye ",Ethiopia
1971028853,Sat May 30 06:00:24 PDT 2009,SongoftheOss,@BigAssBadger you are sir a clever stick ah ha ha ,Canada
1971040690,Sat May 30 06:02:22 PDT 2009,keza34,@NacMacFeegle red hot here again so you wot they say bout maddogs and englishmen and midday sun.you should be up here.lol ,Nigeria
1971043064,Sat May 30 06:02:46 PDT 2009,ramdomthoughts,@pete_c Righto - worth a laugh ,Australia
1971066371,Sat May 30 06:06:50 PDT 2009,ramdomthoughts,@pete_c Ooohh - never played that ,Argentina
1971087105,Sat May 30 06:10:31 PDT 2009,shanajaca,The neighbours are not home and heir dog broke out so for as long as they are gone i am the proud owner of a dog lol  XX,Jamaica
1971145002,Sat May 30 06:20:26 PDT 2009,DarkPiano,"@BonnieBrown Thanks, I think so too! ",Tanzania
1971231370,Sat May 30 06:34:38 PDT 2009,Jayme1988,@Rob_Cohn not much. Just gym and random cleaning tasks  what is your workshop for?,Mexico
1971244106,Sat May 30 06:36:41 PDT 2009,shanajaca,@Gidge_8 Just because they seem so really i have been telling myself allday it was just a dream i woke up crying  XX,Jamaica
1971257778,Sat May 30 06:38:59 PDT 2009,DarkPiano,@jmbuckingham Well what a nice musicall frilly good reply! ,Antarctica
1971357474,Sat May 30 06:54:52 PDT 2009,Jayme1988,@Jo_Crew good morning ,Thailand
1971357787,Sat May 30 06:54:54 PDT 2009,shanajaca,Hahahaha Planet of th apes is on television old school i love those and the kids havent seen it yet what a nice treat  XX,Nigeria
1971399342,Sat May 30 07:01:04 PDT 2009,tsarnick,.@MMofOz did you see the pics?? just in my photos... there's an album ,UK
1971410523,Sat May 30 07:02:45 PDT 2009,Spidersamm,@andyclemmensen ..... well i said that cos obviously Shaun &lt;3's himself alot... so i &lt;3 you alot  hahahahah,France
1971439301,Sat May 30 07:06:52 PDT 2009,tsarnick,.@Boddingtons oh yay!! how's your saturday going?? ,Chile
1971467755,Sat May 30 07:10:55 PDT 2009,tsarnick,.@Boddingtons hahaha ask @BlowhornOz ,Colombia
1971482722,Sat May 30 07:13:01 PDT 2009,shanajaca,If they make you feel better take hem  XX,Colombia
1971497789,Sat May 30 07:15:00 PDT 2009,shanajaca,@SouthernBets Hey hun morning is starting in the US it seems  XX,Chile
1971546069,Sat May 30 07:21:10 PDT 2009,tsarnick,.@Pechonkina hello!!! how are you?? how is Russia? how did your examinations go? ,China
1971664443,Sat May 30 07:37:15 PDT 2009,shanajaca,@BeckaMoor That stupid English skin huh i have never met a Brit who can lie in the sun and not burn  XX,Australia
1971721845,Sat May 30 07:45:07 PDT 2009,tsarnick,.@Pechonkina are you nearly finished university? ,Ecuador
1971751743,Sat May 30 07:49:10 PDT 2009,DarkPiano,"@IntriguingDs Morning, Rena! Thanks for that great quote ",Antarctica
1971874587,Sat May 30 08:05:08 PDT 2009,Spidersamm,@judez_xo nawh ily  its good to know someone cares ,Ecuador
1971905280,Sat May 30 08:08:58 PDT 2009,Spidersamm,july 5th could hurry up so i can leave this hole to melbsie ,Australia
1971924172,Sat May 30 08:11:20 PDT 2009,tsarnick,.@BecaBear awesome!!! cant' wait to see them!!! ,Chile
1971938098,Sat May 30 08:13:05 PDT 2009,shanajaca,@crepusculonasti Good looking television and charlotte laptopping lol  XX,India
1971969854,Sat May 30 08:17:08 PDT 2009,tsarnick,.@SpacieStaycie what's your day have in store before Mr Matthews? ,Jamaica
1972033068,Sat May 30 08:25:13 PDT 2009,tsarnick,.@lownleeeynjul @MissxMarisa what do you think? the next photo contest should be Scenie poses?? ,Dominican Republic
1972034473,Sat May 30 08:25:24 PDT 2009,ramdomthoughts,@spr33 Factor 15! You mad! 20 minimum if your skin isn't adapted to the sun &amp; I'm guessing your's isn't? Nag over ,Nigeria
1972047379,Sat May 30 08:27:03 PDT 2009,ramdomthoughts,@SarahSymmonds Good - me too ,Italy
1972194895,Sat May 30 08:45:17 PDT 2009,tsarnick,.@lownleeeynjul oh cool you can do the other interviews then!!! ,Jamaica
1972310814,Sat May 30 08:59:17 PDT 2009,Jayme1988,@juanbarnard hehehe i was not joking! halo is on now!! ,Indonesia
1972385590,Sat May 30 09:07:31 PDT 2009,keza34,"@twinkle47 i am tryin to improve my will power.its been there since thursday and not touched,lol ",Canada
1972385871,Sat May 30 09:07:33 PDT 2009,tsarnick,.@EsmeACullen hahaha how are you today??  it's Saturday night/Sunday morning here!! ,Japan
1972402729,Sat May 30 09:09:30 PDT 2009,Jayme1988,@pdurham  me too for a litre while ,Japan
1972439010,Sat May 30 09:13:35 PDT 2009,tsarnick,".@JimmyChung hey dude, it's #NoUndiesSunday here in Australia already!! remember it for tomorrow!! ",Tanzania
1972472881,Sat May 30 09:17:29 PDT 2009,keza34,@twinkle47 just think liver needs a break more and more nowadays.too much partyin when younger.lol ,Italy
1972561263,Sat May 30 09:27:26 PDT 2009,keza34,@twinkle47 i still can thats the problem.havent had a hangover since i was about 15.lol ,France
1972596509,Sat May 30 09:31:23 PDT 2009,tsarnick,.@Boddingtons hellz yeah!! get on skype and talk to me!! ,South Korea
1972598239,Sat May 30 09:31:35 PDT 2009,ramdomthoughts,I can see you @pete_c in my friends list. Just downloading Wipeout now and gonna have a play ,Kenya
1972669166,Sat May 30 09:39:43 PDT 2009,Jayme1988,@rjw8888 I know sweetie. I am having dinner soon. Thanks for being on the lookout ,Spain
1972669226,Sat May 30 09:39:43 PDT 2009,keza34,@sofisticat sorry but no thanks.dont like them but like choc coffee.lol ,Peru
1972738700,Sat May 30 09:47:40 PDT 2009,DarkPiano,"@FrankDickinson Well thank you, Frank!  much appreciated!",UK
1972757277,Sat May 30 09:49:49 PDT 2009,tsarnick,.@BecaBear haha!! oh good idea!! what's half way??  #NoUndiesSunday,Canada
1972772983,Sat May 30 09:51:34 PDT 2009,tsarnick,.@FreakFlagFlyer hey yo whattup?? you in for #NoUndiesSunday?? ,New Zealand
1972775302,Sat May 30 09:51:51 PDT 2009,thisgoeshere,@KageFC4 ps: you are the sweetest ever. just wanted you to know ,South Africa
1972882235,Sat May 30 10:03:52 PDT 2009,tsarnick,.@MissxMarisa hahaha!!! i'll fart in your nose!!! ,Colombia
1973022867,Sat May 30 10:19:49 PDT 2009,tsarnick,.@GrndDchssOfOZ oh yay!!! you changed your nick!!! ,Antarctica
1973416802,Sat May 30 11:06:22 PDT 2009,tsarnick,.@Zo_E haha oh you mean the breakfast cereal?? what the fuck are they?? ,Mexico
1973437288,Sat May 30 11:08:45 PDT 2009,shanajaca,@lumalfoy Oh how unfair it was freaking hot here today i stayed inside allday in my pjs i had a sulk day  XX LOL,India
1973469162,Sat May 30 11:12:30 PDT 2009,SallytheShizzle,@MariaBernal thanks ,China
1973486598,Sat May 30 11:14:35 PDT 2009,SallytheShizzle,@jaybby_ thanks  enjoy your day. lol,Colombia
1973487461,Sat May 30 11:14:41 PDT 2009,shanajaca,@lumalfoy It is evening now so pjs are normal again lol hahaha i love hot days just got out sad out of bed after a nightmare is all  XX,Japan
1973588467,Sat May 30 11:26:45 PDT 2009,VioletsCRUK,@jason_2008 Evening...im great thanks Jason..hows you? Good day? ,Peru
1973622710,Sat May 30 11:30:44 PDT 2009,ramdomthoughts,"@lcaller Sorry it took me SO long mate. Just need to upload tracks for 148, but PS3 tonight is a bit distracting LOL ",Egypt
1973638135,Sat May 30 11:32:30 PDT 2009,VioletsCRUK,"@jason_2008 Me too...how great was the the weather, it was like Spain etc! I dunno who is gonna win #bgt - alot of great performers! ",Mexico
1973740854,Sat May 30 11:44:34 PDT 2009,DarkPiano,"@shellartistree Yes, fulfilling! Strange because it was a first! ",Peru
1973930508,Sat May 30 12:06:38 PDT 2009,DarkPiano,@shellartistree I was honored that a 16-year-old student of my wife's wanted to learn the song and play it for the recital! Very honored. ,India
1974052893,Sat May 30 12:20:48 PDT 2009,shanajaca,@lumalfoy I never seen it i hope the kids wil like it  XX,Kenya
1974251842,Sat May 30 12:44:55 PDT 2009,thisgoeshere,@iamsarahmolland where did you get that from? ,Cuba
1974332611,Sat May 30 12:54:58 PDT 2009,keza34,@ComedyQueen well thats why you gone blotchy.silly thing.lol ,Antarctica
1974395961,Sat May 30 13:03:05 PDT 2009,DarkPiano,@soulpoetrysite Helped with my wife's piano recital earlier. Now just chillin'! ,Ethiopia
1974411781,Sat May 30 13:05:03 PDT 2009,DarkPiano,@jmbuckingham I am so there! ,Chile
1974444488,Sat May 30 13:08:58 PDT 2009,DarkPiano,@teniralCist I happen to think that is a very good philosophy! Works for piano players too! ,Ecuador
1974514526,Sat May 30 13:17:20 PDT 2009,Karen230683,@graemeskelly indeed  thanks,Chile
1974576840,Sat May 30 13:25:03 PDT 2009,keza34,@namakemono49 thought that was why.lol ,Argentina
1974626938,Sat May 30 13:31:09 PDT 2009,keza34,@Megzx yes once each for diversity and stavros flatey.lol ,Tanzania
1974676014,Sat May 30 13:37:07 PDT 2009,keza34,@Dalevich Computer says noooo &gt;lol ,Argentina
1974941484,Sat May 30 14:07:10 PDT 2009,keza34,@smartiej totally agree.so much more fun seein what everyone think about acts.lol ,Chile
1974976116,Sat May 30 14:11:20 PDT 2009,DarkPiano,@suesshirtshop How's everything going? ,Argentina
1975008153,Sat May 30 14:15:17 PDT 2009,mcraddictal,@NoRaptors   how are you???,USA
1975056189,Sat May 30 14:21:17 PDT 2009,DarkPiano,"@Scout66com Hey Janet, thank you for that! ",Germany
1975075113,Sat May 30 14:23:41 PDT 2009,mcraddictal,@chemicalzombie right!! *hugs* ily so much ,Jamaica
1975075180,Sat May 30 14:23:41 PDT 2009,keza34,@shellrawlins night  x,New Zealand
1975121903,Sat May 30 14:29:39 PDT 2009,DarkPiano,"@suesshirtshop Oh yeah! And with the mobile iPhone apps, it's even more fun. ",Thailand
1975201743,Sat May 30 14:39:40 PDT 2009,shanajaca,@SouthernBets Indeed it is so how was puppyclass ?  XX,Ecuador
1975232715,Sat May 30 14:43:34 PDT 2009,Jayme1988,@Mykale007 how are you? I am playing a movie game ,UK
1975250254,Sat May 30 14:45:47 PDT 2009,Jayme1988,@Mykale007 on the Xbox its like a big quiz ,Kenya
1975264232,Sat May 30 14:47:33 PDT 2009,VioletsCRUK,"@mfowmes lol thats true,,,they usually just burn the mouth of ya and render your tastebuds useless anyway!! Esp the Bad Boy one!! lol ",Nigeria
1975295734,Sat May 30 14:51:34 PDT 2009,shanajaca,@Cazling Then put your feet up and relax  XX,South Africa
1975313393,Sat May 30 14:53:50 PDT 2009,DarkPiano,@suesshirtshop Yep! That's what makes everything interesting ,Japan
1975326704,Sat May 30 14:55:30 PDT 2009,mcraddictal,@chemicalbullets you're very welcome ,USA
1975376950,Sat May 30 15:01:48 PDT 2009,VioletsCRUK,@Glasgowlassy LMAO what is it??? ,France
1975394272,Sat May 30 15:03:57 PDT 2009,shanajaca,@TomFelton Very cool !!!!!! &lt;3  XX Glad that made you happy,Australia
1975407494,Sat May 30 15:05:34 PDT 2009,shanajaca,@TomFelton Oh before i forget wish Jade the best of luck 2moro i hope you will be on the sideline cheering her on with pompoms LOL:  XX,Italy
1975549599,Sat May 30 15:23:39 PDT 2009,VioletsCRUK,@Glasgowlassy ..the rest is history as they say!! Those were the days..stealth mssions and Roy not handling his #largepussy LOL ,Peru
1975627837,Sat May 30 15:33:36 PDT 2009,DarkPiano,Watching TV with wife and home-from-college daughter ,Nigeria
1975662717,Sat May 30 15:38:04 PDT 2009,shanajaca,And with this latest vote i am going to my bed sleep tight my tweeps and hopefully we will have sweet dreams goodnight  XX hugzzzzzzzz,Japan
1975707763,Sat May 30 15:43:49 PDT 2009,VioletsCRUK,@Glasgowlassy PMSL Ahh dnt think the Sweet Fanny Eyes will ever lose its charm!!! haha ,Brazil
1975708647,Sat May 30 15:43:57 PDT 2009,mcraddictal,@AwesomeFrank  it's been a while. And try hard.,USA
1975710289,Sat May 30 15:44:10 PDT 2009,mcraddictal,@MCRmuffin lol. What kind? ,Chile
1975739901,Sat May 30 15:47:58 PDT 2009,Jayme1988,@Mykale007 Lol CALM down ,Colombia
1975815547,Sat May 30 15:57:51 PDT 2009,VioletsCRUK,@dbdc Hey Danny...hope all is well with you? Im just heading to bed so no doubt catch up with ya tomorrow! G'night ,Canada
1975847607,Sat May 30 16:01:54 PDT 2009,thisgoeshere,@joelmchalyou always come on and apologize. don't sweat it. just tweet when you can we're cool with whenever! ,Jamaica
1975864453,Sat May 30 16:04:08 PDT 2009,SongoftheOss,@streetpete hey thanks  it would appear my supporters are growing - see @harpibizarre I am just a lovable rogue...,South Africa
1975926212,Sat May 30 16:12:09 PDT 2009,SongoftheOss,"@ThisStarChild my hoardes of darkness will always bow in your presence m'lday, I might sit on a comfy chair but still *respect* ",Spain
1975955531,Sat May 30 16:16:03 PDT 2009,Jayme1988,"Tweet 12,000 goes out into the world for Truth, honor, love, respect and Unlimited happiness ",Australia
1975985522,Sat May 30 16:20:13 PDT 2009,SongoftheOss,"@streetpete thanks you, so glad people like the choices - makes me think a lifetime of loving music is not wasted ",South Korea
1976074922,Sat May 30 16:31:51 PDT 2009,SongoftheOss,"@streetpete I am sure I will pick ones somebody hates but hey I love it all - cannot comment on women remark, spies are about on here ",Canada
1976077236,Sat May 30 16:32:08 PDT 2009,StDAY,@xoMusicLoverxo Seriously! Haha. I actually have so many songs that would be perfect. But I'll save those for later... Hahaha. ,Peru
1976091929,Sat May 30 16:34:04 PDT 2009,DarkPiano,@ShaksprGal Thought you'd like that one! ,UK
1976122367,Sat May 30 16:38:04 PDT 2009,DarkPiano,Beatles - I Am The Walrus. What more needs to be said?  ? http://blip.fm/~7cf88,Italy
1976138235,Sat May 30 16:40:10 PDT 2009,SongoftheOss,@ThisStarChild you sacrificed all that for me? *drops to one knee* with my honour m'lady thank you ,China
1976139620,Sat May 30 16:40:21 PDT 2009,DarkPiano,@Allisoncds As well you should be! ,Italy
1976166960,Sat May 30 16:44:03 PDT 2009,DarkPiano,@THEDIAMONDCOACH Well thank you!! ,Australia
1976257959,Sat May 30 16:56:04 PDT 2009,Jayme1988,@headstop I am good thanks  yes post a pic!,Chile
1976289044,Sat May 30 17:00:15 PDT 2009,SongoftheOss,"@ms_cornwall that is a good shot, well done you ",Brazil
1976306017,Sat May 30 17:02:26 PDT 2009,DarkPiano,"This weekend I compile all the songs I have for my upcoming CD, &quot;Life Colors&quot; and start mastering and other pre-production work. ",India
1976337770,Sat May 30 17:06:28 PDT 2009,mcraddictal,@EscapeTheFate Fuckyes! Way excited for Warped July 28th ,Kenya
1976350458,Sat May 30 17:08:08 PDT 2009,mcraddictal,@MCRmuffin sweet  my (not) best friend has that phone,India
1976395060,Sat May 30 17:14:04 PDT 2009,SongoftheOss,"@ThisStarChild yes of course that's what I actually meant  please not back to her, she is too gentle on me...",Germany
1976427803,Sat May 30 17:18:26 PDT 2009,SongoftheOss,@itsonlymeGilly welcome back you and ignore everything you read about me it is nearly almost slightly lies ,Cuba
1976428047,Sat May 30 17:18:28 PDT 2009,SallytheShizzle,@jaybby_ i've never even heard of it :/ LOL.... it's pg? haha i CAN GO SEE R NOW  WOOT WOOT! oh and so its scary-ish?,South Africa
1976440538,Sat May 30 17:20:11 PDT 2009,SongoftheOss,@LadyCruella sleep well you ,Colombia
1976490154,Sat May 30 17:28:27 PDT 2009,SongoftheOss,@nessie_111 I would go with sea as well - is that cheating to chip in once the answer is there ,Mexico
1976495071,Sat May 30 17:29:59 PDT 2009,SongoftheOss,the mavericks dance the night away - and another one for lovely @Applecored  ? http://blip.fm/~7cie2,UK
1976557976,Sat May 30 18:26:16 PDT 2009,Jayme1988,@salandpepper She fell in.... so yes lol ,South Africa
1976710384,Sat May 30 18:50:24 PDT 2009,Jayme1988,"@mnrmg doing well thanks, Just watching doctor who.. letting out my inner geek ",India
1976721329,Sat May 30 18:52:10 PDT 2009,StDAY,The restaurant I went to started playing &quot;I Want to Break Free&quot; and I almost squealed.  But twitter was being stupid so I had to wait.,Italy
1976731861,Sat May 30 18:54:12 PDT 2009,thisgoeshere,what kind of town do i live in where they don't sell sherbert???!!! root beer floats are good too tho ,Cuba
1976820006,Sat May 30 19:10:35 PDT 2009,thisgoeshere,@erin82883 yay! i hope andy likes it!!!  #andyhurleyday,South Korea
1976820345,Sat May 30 19:10:39 PDT 2009,tsarnick,.@GrndDchssOfOZ hello how is the fine Grand Duchess today? ,Germany
1976829994,Sat May 30 19:12:41 PDT 2009,TraceyHewins,@Jamie_127 sadly for you I am here now ,Germany
1976836721,Sat May 30 19:14:18 PDT 2009,tsarnick,.@Boddingtons hey Princess!!! it was great talking to you last night! ,Germany
1976843353,Sat May 30 19:15:56 PDT 2009,tsarnick,.@Boddingtons *hugs*  are there major twitter probs or is it just me? #NoUndiesSunday,Germany
1976846760,Sat May 30 19:16:44 PDT 2009,tsarnick,.@Boddingtons haha i'm a piss???  #NoUndiesSunday,Argentina
1976913788,Sat May 30 19:32:31 PDT 2009,TraceyHewins,@TomFelton um....Aw dude..you promiised  to help me NOT drink and tweet!!! I failled miserably. Love you and Jade and TIMBER!!!!! ,Peru
1976916161,Sat May 30 19:33:04 PDT 2009,DarkPiano,"Night, everyone! Been a wonderful day. Hope all of you have a great night! Catch you all tomorrow. Until then.....all the best. ",Chile
1977182027,Sat May 30 20:18:46 PDT 2009,what_bugs_u,"@JadeMcCray why limit your story to 140 chr. Tell all what is annoying you at www.iamsoannoyed.com ,it will help relieve your stress ",Spain
1977198277,Sat May 30 20:21:22 PDT 2009,what_bugs_u,"@cadmiumcannibal why limit your story to 140 ch. Tell all what is annoying you at www.iamsoannoyed.com ,it will help relieve your stress ",Spain
1977207353,Sat May 30 20:22:52 PDT 2009,what_bugs_u,"@RonanDosSantos why limit your story to 140 chr. Tell all what is annoying you at www.iamsoannoyed.com ,it will help relieve your stress ",Russia
1977208245,Sat May 30 20:23:01 PDT 2009,what_bugs_u,"@ShayMac28 why limit your story to 140 chr. Tell all what is annoying you at www.iamsoannoyed.com ,it will help relieve your stress ",Mexico
1977271323,Sat May 30 20:33:04 PDT 2009,TraceyHewins,@nelsonmaud I'm gonna stick to beer ,Germany
1977319307,Sat May 30 20:41:08 PDT 2009,tsarnick,.@TroublePandaPR hahaha!! i love you too Shelly!! how's your Saturday night??? ,Tanzania
1977331498,Sat May 30 20:43:12 PDT 2009,what_bugs_u,"@lynnsdecor why limit your story to 140 chr. Tell all what is annoying you at www.iamsoannoyed.com ,it will help relieve your stress ",USA
1977351706,Sat May 30 20:46:44 PDT 2009,what_bugs_u,"@EmStar32 why limit your story to 140 chr. Tell all what is annoying you at www.iamsoannoyed.com ,it will help relieve your stress ",Colombia
1977391676,Sat May 30 20:53:22 PDT 2009,thisgoeshere,#andyhurleyday and what a glorious day it will be ,Tanzania
1977442282,Sat May 30 20:59:19 PDT 2009,thisgoeshere,@juhidee119 andy a party... with vegan cake ,Italy
1977478241,Sat May 30 21:03:24 PDT 2009,thisgoeshere,@strangetymes epic snail whale fail! ,Colombia
1977510629,Sat May 30 21:07:07 PDT 2009,thisgoeshere,it #andyhurleyday tomorrow ppl! what you gonna do about it??? ,New Zealand
1977528211,Sat May 30 21:09:14 PDT 2009,thisgoeshere,"@xbeckaxockx wow. he's older than me  oh well, he wears it well... yum  #andyhurleyday",Italy
1977702511,Sat May 30 21:31:14 PDT 2009,tsarnick,.@riotgrrlie so your ancestors were sluts? *_* sorry joking ,Italy
1977865030,Sat May 30 21:53:09 PDT 2009,Spidersamm,wowowowowwoh i feel fresher now  fresh as a mint :||||| hahaha,Dominican Republic
1977939495,Sat May 30 22:03:14 PDT 2009,tsarnick,.@riotgrrlie catch ya laterz!!! have fun in Austin!!! ,Spain
1977941283,Sat May 30 22:03:27 PDT 2009,Karen230683,@westender68 ello how ya? I'm in work but shall be hoping to leave early ,Indonesia
1977997854,Sat May 30 22:11:25 PDT 2009,Karen230683,@omewan haha thanks ,Indonesia
1978013524,Sat May 30 22:13:42 PDT 2009,thisgoeshere,@strangetymes you would be a hater  #andyhurleyday,Ecuador
1978131290,Sat May 30 22:31:17 PDT 2009,thisgoeshere,@strangetymes well if you wanna be all technical  #andyhurleyday,China
1978211636,Sat May 30 22:43:36 PDT 2009,thisgoeshere,@strangetymes oh i just might *waggles brows*  #andyhurleyday,France
1978247971,Sat May 30 22:49:24 PDT 2009,SallytheShizzle,@Jessicaveronica please bring me back some... i need a drink. I don't have id and that's the problem. Sneak me some? Legal I swear ,Kenya
1978249015,Sat May 30 22:49:34 PDT 2009,tsarnick,.@KatieKurruption hey yo what's up? ,Chile
1978274543,Sat May 30 22:53:39 PDT 2009,thisgoeshere,@strangetymes i'm sure they were awesome and you just made me lol.  #andyhurleyday,South Africa
1978285781,Sat May 30 22:55:29 PDT 2009,tsarnick,".@BecaBear yeah there were better Oscar movies like Changeling, Milk and Frost/Nixon ",Colombia
1978322180,Sat May 30 23:01:16 PDT 2009,thisgoeshere,@petewentz in compensation we'll make a &quot;pete wentz the awesome&quot; day too! ,Colombia
1978325213,Sat May 30 23:01:46 PDT 2009,tsarnick,".@TraceyMmm hahaha!! it's *my* idea, my hashtag!! i stole it from a pub in Fortitude Valley  #NoUndiesSunday",USA
1978347737,Sat May 30 23:05:30 PDT 2009,tsarnick,.@BecaBear have you seen Donnie Darko?? one of my favourite movies of all time!!  #NoUndiesSunday,Italy
1978369504,Sat May 30 23:09:12 PDT 2009,tsarnick,.@BecaBear hahaha you're supposed to be confused! that's the glory of it!! what are some of your faves??  #NoUndiesSunday,Kenya
1978369518,Sat May 30 23:09:13 PDT 2009,thisgoeshere,"@erin82883 *giggle* wow. yeah that's awesome! and that shizz happens. patrick is orgasmic.  yeah, i said that   #andyhurleyday",Japan
1978373122,Sat May 30 23:09:52 PDT 2009,thisgoeshere,@strangetymes nope. fook. i'm refreshing my language  #andyhurleyday,Colombia
1978394895,Sat May 30 23:13:42 PDT 2009,thisgoeshere,@strangetymes you would  #andyhurleyday,Russia
1978404543,Sat May 30 23:15:23 PDT 2009,thisgoeshere,@lemongeneration haha. aus?! i wish. usa. minnesota to be exact. boring ol' midwest. but we're the prettiest midwest state  #andyhurleyday,Indonesia
1978416060,Sat May 30 23:17:27 PDT 2009,thisgoeshere,@lemongeneration wow. sucky. so summer and them rain? you don't get snow right? or do you??? i never paid attention in geo  #andyhurleyday,Peru
1978439480,Sat May 30 23:21:40 PDT 2009,tsarnick,.@ASIO do you guys honour #NoUndiesSunday?? ,South Africa
1978439532,Sat May 30 23:21:41 PDT 2009,thisgoeshere,@erin82883 oh. that's... not very exciting  #andyhurleyday,South Africa
1978450772,Sat May 30 23:23:45 PDT 2009,tsarnick,.@GrndDchssOfOZ hahaha!! *there* you are!!! you're still up! you're unstoppable!!! ,Peru
1978458941,Sat May 30 23:25:18 PDT 2009,thisgoeshere,@strangetymes hey now! he can't! that's favoritism!  but i still want one  #andyhurleyday,Italy
1978473517,Sat May 30 23:28:04 PDT 2009,ramdomthoughts,@MummaBear Yes - better have a shower - ta ,China
1978481805,Sat May 30 23:29:40 PDT 2009,thisgoeshere,@strangetymes oh yeah that's right and he prolly thought it was me so again thanks for that  #andyhurleyday,Colombia
1978494093,Sat May 30 23:31:56 PDT 2009,thisgoeshere,@lemongeneration that's awesome! fob was my first concert ever too. they are the best. such great boys  #andyhurleyday,Peru
1978503548,Sat May 30 23:33:42 PDT 2009,tsarnick,.@GrndDchssOfOZ oh right!!! it's ON!! like DONKEY KONG!!!! *fires barrage of water bombs from my cannon* take that!!!! ,Kenya
1978504811,Sat May 30 23:33:57 PDT 2009,SallytheShizzle,@OfficialAS yeah that'd be a good idea  probably not HEAPS hard ;) you're imaginative,South Africa
1978515392,Sat May 30 23:35:59 PDT 2009,SallytheShizzle,"@OfficialAS haha no it fits really well  so stress less hon, you can do it. ROFL I've done NO hw... i fail.",Dominican Republic
1978515536,Sat May 30 23:36:01 PDT 2009,thisgoeshere,@markhoppus but don't tell him i forgot the 'e' at the end. its late and i'm tired and i still think he's sexy. muy apologies ,Mexico
1978535722,Sat May 30 23:40:00 PDT 2009,thisgoeshere,@strangetymes i got that!  #andyhurleyday,Germany
1978555788,Sat May 30 23:43:39 PDT 2009,ramdomthoughts,@ksymmonds Sorry to hear that mate - see ya at 10am ,Spain
1978726856,Sun May 31 00:15:53 PDT 2009,tsarnick,.@Oompa_Lily that's the way!!! i knew you guys would be down with #NoUndiesSunday!!! ,Jamaica
1978765428,Sun May 31 00:23:35 PDT 2009,mcraddictal,@chemicalbullets awww. You're so sweet ,Thailand
1978807376,Sun May 31 00:32:11 PDT 2009,tsarnick,.@sheow you need to get your enthusiasm back!! try #NoUndiesSunday!! ,Jamaica
1978815244,Sun May 31 00:33:52 PDT 2009,ramdomthoughts,@OscarTG Good luck with that mate! Morning BTW ,Canada
1978834863,Sun May 31 00:37:55 PDT 2009,SallytheShizzle,@OfficialAS nawww  ily!!   i have a class tomorrow but only for an hour ,Canada
1978853708,Sun May 31 00:41:55 PDT 2009,ramdomthoughts,@richardepryor Oh yes - have to complete form for Polo. Cool thing though - Matt Horne is telling people about my mashup &amp; remix podcast ,China
1978870973,Sun May 31 00:45:36 PDT 2009,Spidersamm,this song makes me sad whenever i listen to it http://bit.ly/uEfOg  but it makes me  also,Jamaica
1978888824,Sun May 31 00:49:34 PDT 2009,ramdomthoughts,@richardepryor Ha ha ,Thailand
1978890084,Sun May 31 00:49:51 PDT 2009,tsarnick,please check out the videos on my youtube channel!!  http://www.youtube.com/user/TsarNick77,Kenya
1978900094,Sun May 31 00:52:00 PDT 2009,mcraddictal,@MatthewBryan lmfao. I knowz! I &lt;3 the used.  and i know about edward but still! Hah. I started the movie over ,Dominican Republic
1978900551,Sun May 31 00:52:06 PDT 2009,ramdomthoughts,@OscarTG More like a bloody good idea - liking your style  Why did'nt I think of that at 6.50am when I was doing some ironing.,Australia
1978909707,Sun May 31 00:54:08 PDT 2009,tsarnick,.@Zanna85 oh THERE you are #twitterslut!!!  i was wondering where you were #NoUndiesSunday,South Africa
1978924933,Sun May 31 00:57:31 PDT 2009,mcraddictal,@MatthewBryan xD yes it is! Idc! I could watch this all day.   i &lt;3 your playlist. The used is my 4th fave ),New Zealand
1978934180,Sun May 31 00:59:39 PDT 2009,tsarnick,.@fjkinnit thanks mate!!! get into it!! #NoUndiesSunday ,New Zealand
1978937076,Sun May 31 01:00:11 PDT 2009,mcraddictal,"@MatthewBryan  as if you dont know my 1st. 2nd a7x and etf, 3rd msi and tbs ) what are your other 2 faves?? ",India
1978954894,Sun May 31 01:03:58 PDT 2009,SallytheShizzle,@Jonas_Dreamgirl nah i'll be right but thanks  we'll all be right ,Jamaica
1978971832,Sun May 31 01:07:46 PDT 2009,Spidersamm,when i get to 2000 that is ,Mexico
1978980133,Sun May 31 01:09:43 PDT 2009,Spidersamm,@andyclemmensen   :O dude get them ones  even though they rarely twitter anymore they should make one like &quot;drunk twitter whore&quot; for andy,Egypt
1978982223,Sun May 31 01:10:09 PDT 2009,tsarnick,.@TraceyMmm we're all doing #NoUndiesSunday!!! ,South Korea
1978991623,Sun May 31 01:12:18 PDT 2009,ramdomthoughts,@PaulWestlake My pleasure mate ,Mexico
1978997899,Sun May 31 01:13:50 PDT 2009,tsarnick,.@BlowhornOz hey mate!! it's #NoUndiesSunday!!! yay!! ,Ecuador
1978998289,Sun May 31 01:13:55 PDT 2009,ramdomthoughts,Word of warning @ksymmonds &amp; @SarahSymmonds - I might be early okay  Will leave mine at 9.30am ,Antarctica
1978998699,Sun May 31 01:14:01 PDT 2009,StDAY,I've been home for less than five minutes and I'm already in my pajamas and in bed. I LOVE MY BED. ,Dominican Republic
1979006530,Sun May 31 01:15:47 PDT 2009,Spidersamm,someone text me.     ,Japan
1979015549,Sun May 31 01:17:54 PDT 2009,tsarnick,".@MyInnerTricia hahaha!! well in that case, tell everyone!! #NoUndiesSunday ",India
1979015630,Sun May 31 01:17:56 PDT 2009,Spidersamm,@davetran :O   where did he get his drivers licence? happy meal? hahaha ,France
1979017177,Sun May 31 01:18:16 PDT 2009,ramdomthoughts,@ksymmonds Okay - I'll leave in next 5 mins then. On me way ,Nigeria
1979025668,Sun May 31 01:20:19 PDT 2009,tsarnick,.@BlowhornOz thanks mate!!! you ROCK!!  #NoUndiesSunday,Egypt
1979056863,Sun May 31 01:27:53 PDT 2009,Karen230683,@rickypl1978 I'm alright ta Arlene said u were asking after me ,Italy
1979057815,Sun May 31 01:28:06 PDT 2009,tsarnick,.@rdelizo35 haha at least mate!!  #NoUndiesSunday,Spain
1979063966,Sun May 31 01:29:37 PDT 2009,Karen230683,@amysav83 ello how ya? Few things to sort out last couple of days so stayed away ,UK
1979082411,Sun May 31 01:34:02 PDT 2009,tsarnick,.@MyInnerTricia hahaha!! you're *cool* yo!! you rule!!  #NoUndiesSunday,UK
1979098789,Sun May 31 01:38:01 PDT 2009,tsarnick,.@Lollipopins don't forget about #NoUndiesSunday!!! ,Spain
1979123466,Sun May 31 01:44:01 PDT 2009,VioletsCRUK,Good morning all...another scorcher...may even air the bikini today!! LOL ,Colombia
1979139236,Sun May 31 01:47:50 PDT 2009,VioletsCRUK,@Karen230683 Aw i love that #weewhitefluffypussy - so cute!! hehe Morning girlies!! @karen230683  xx,Peru
1979158229,Sun May 31 01:52:23 PDT 2009,VioletsCRUK,@Emmkat lol Oh you haven't seen me in a bikini...dnt speak to soon! Thats so typical isn't it....hope u get to enjoy the sun today too! ,Germany
1979159094,Sun May 31 01:52:36 PDT 2009,Karen230683,@VioletsCRUK aaaw Arlene its #weeevilpussy lol @glasgowlassy Morning ,South Africa
1979162747,Sun May 31 01:53:30 PDT 2009,Karen230683,@rickypl1978 I've been busy all weekend prob take half day today ,New Zealand
1979163501,Sun May 31 01:53:42 PDT 2009,VioletsCRUK,@Pepsimo Morning...aw i dunno if my neighbours are ready for seeing me in a bikini!!lol Might scare them into movin house!! haha ,Kenya
1979165306,Sun May 31 01:54:08 PDT 2009,Karen230683,@mories23 lmao its in the mag with news of the world today on davina mccall lap ,New Zealand
1979180623,Sun May 31 01:57:50 PDT 2009,VioletsCRUK,@Karen230683 LOL awk but its cute..ok..#weeeveilpussy it is then!! Can we not have it #cuteweeeveilpussy? :-p heehee @glasgowlassy ,Egypt
1979196968,Sun May 31 02:01:26 PDT 2009,TraceyHewins,@joshtastic1 morning ,Australia
1979255971,Sun May 31 02:16:12 PDT 2009,TraceyHewins,@ComedyQueen definitely nice to have good weather. ,Chile
1979262169,Sun May 31 02:17:45 PDT 2009,TraceyHewins,@ComedyQueen LOL knew what you meant ,Ecuador
1979269182,Sun May 31 02:19:34 PDT 2009,TraceyHewins,@dolts007 he's a doll!!!  thanks ,Canada
1979272057,Sun May 31 02:20:14 PDT 2009,TraceyHewins,@willtompsett wow!! you're wearing trousers! I'm impressed ,Tanzania
1979288650,Sun May 31 02:24:31 PDT 2009,VioletsCRUK,@Pepsimo lol well that is slightly different...you dnt care what anyone thinks off ya when u on holiday...bet it was lovely was it? ,Argentina
1979294826,Sun May 31 02:26:05 PDT 2009,VioletsCRUK,@Emmkat Aw you in Japan...and you are originally from Edinburgh? (im a warm so far?) lol Penny finally drops...haha ,Germany
1979308816,Sun May 31 02:29:44 PDT 2009,TraceyHewins,@ComedyQueen no idea. Just woke up early is all ,China
1979310959,Sun May 31 02:30:12 PDT 2009,VioletsCRUK,@Pepsimo Aw sounds amazing...id not want to come back either! That is a fantastic memory to have!! ,Spain
1979349776,Sun May 31 02:40:02 PDT 2009,TraceyHewins,@amyshell besides tired? I'm ok ,Egypt
1979352713,Sun May 31 02:40:41 PDT 2009,TraceyHewins,@ComedyQueen I may try that ,Mexico
1979356576,Sun May 31 02:41:40 PDT 2009,Spidersamm,@staaceeyy :o yay i dont have to many until  2000 ,USA
1979359792,Sun May 31 02:42:29 PDT 2009,SallytheShizzle,"@GRAC3ox thanks  omg they're reeeally cool. Kinda scary but very talented. There's NO way to compare them though, so different!",South Korea
1979373139,Sun May 31 02:45:58 PDT 2009,VioletsCRUK,@Pepsimo Amazing..that is the kind of situation people dream about! ,India
1979374829,Sun May 31 02:46:23 PDT 2009,TraceyHewins,@twinkle47 omg lol too cute ,Italy
1979379435,Sun May 31 02:47:35 PDT 2009,VioletsCRUK,@jason_2008 Oh gawd...shoveling on a Sunday..i dunno!!! LOL Well i hope you get a chance to chill out later and enjoy the sun! ,Indonesia
1979381781,Sun May 31 02:48:15 PDT 2009,VioletsCRUK,@pd1001 hee hee!! Im off to inflate the paddling pool...will chat to ya later no doubt!! Have a good one! ,Mexico
1979397642,Sun May 31 02:52:25 PDT 2009,VioletsCRUK,@jason_2008 LOL Hey i never feel guilty about drinkin in the garden...you dnt have to dig first man!! lol Have a good afternoon Jason!! ,South Korea
1979403731,Sun May 31 02:54:03 PDT 2009,VioletsCRUK,@Pepsimo Some people' s generosity is overwhelming...there is some very kind and lovely people out there. Hope it made a diff to Dean too ,New Zealand
1979461455,Sun May 31 03:08:52 PDT 2009,TraceyHewins,@ionacosmetics spent yesterday outside myself--got a bit of a sunburn  gonna go back to bed soon ,Italy
1979467435,Sun May 31 03:10:22 PDT 2009,TraceyHewins,giving up and going back to bed. Later tweeple ,South Korea
1979475576,Sun May 31 03:12:27 PDT 2009,TraceyHewins,@ionacosmetics thanks am gonna do just that. Catch you later ,Argentina
1979482680,Sun May 31 03:14:21 PDT 2009,TraceyHewins,@matthewmoloney BRAT!!! LOL going back to bed now. later kiddo ,Australia
1979490333,Sun May 31 03:16:19 PDT 2009,SallytheShizzle,http://bit.ly/vYEuK  check it please ,Thailand
1979506821,Sun May 31 03:20:43 PDT 2009,keza34,@faulko1 mornin hows you on this ine sunny day? ,Ethiopia
1979535124,Sun May 31 03:27:58 PDT 2009,keza34,"@faulko1 sounds good.someone else cookin dinner,cant beat it.lol ",Kenya
1979546315,Sun May 31 03:30:44 PDT 2009,shanajaca,"Husband gone,oldest daughter gone,mmmm what to do with the twins muwhahahahah!!!!!!!!  XX i know lets have a party",Ethiopia
1979553183,Sun May 31 03:32:32 PDT 2009,Spidersamm,"@staaceeyy yay, good point ",South Africa
1979558544,Sun May 31 03:33:58 PDT 2009,Spidersamm,"@saamanthajaane i did too  then they unfollowed me, i had like 4",China
1979585522,Sun May 31 03:40:56 PDT 2009,SongoftheOss,@ThisStarChild thanks m'lady ,India
1979593029,Sun May 31 03:42:54 PDT 2009,SongoftheOss,Morning to everyone ,Colombia
1979599316,Sun May 31 03:44:34 PDT 2009,SongoftheOss,steppenwolf - the pusher - smoking weeds? why?  ? http://blip.fm/~7dadk,Ecuador
1979599474,Sun May 31 03:44:36 PDT 2009,shanajaca,@Stormlite02 Goodmorning girlie  XX,Japan
1979608387,Sun May 31 03:46:51 PDT 2009,SallytheShizzle,@OfficialAS i wrote in there a couple months back if you haven't seen ;) hahahahahahahaha. Those were AWESOME days ,Brazil
1979614390,Sun May 31 03:48:25 PDT 2009,SongoftheOss,@secretplanet how wierd I was going to tweet no offence meant I was having a guilty feeling (odd) - glad you get me ,Antarctica
1979631288,Sun May 31 03:52:30 PDT 2009,what_bugs_u,"@harry_matthews why limit your story to 140 ch. Tell all what is annoying you at www.iamsoannoyed.com ,it will help relieve your stress ",Colombia
1979639225,Sun May 31 03:54:24 PDT 2009,SongoftheOss,@_CorruptedAngel no worries  I was booted off last night by forces unknown but thanks for the DM ,Nigeria
1979646231,Sun May 31 03:56:06 PDT 2009,SongoftheOss,"@PurpleMuffinMan ooh hit a raw spot have I  you have been missed sir, way too much politeness going on...",Ecuador
1979646850,Sun May 31 03:56:15 PDT 2009,shanajaca,@TomFelton Go Jade go !!!!!!!!!!!!!!!!!!!!!!! Send us more pics? Please !!!Have fun  XX,Dominican Republic
1979656296,Sun May 31 03:58:40 PDT 2009,SongoftheOss,"@PurpleMuffinMan oh come on, no need to hunt for sympathy - just wait until the ladies know you are here ",Chile
1979667074,Sun May 31 04:01:01 PDT 2009,SongoftheOss,"@secretplanet actually fair point  still I just assume everyone on here's mainly insane, I think it helps...",Chile
1979673845,Sun May 31 04:02:38 PDT 2009,SongoftheOss,@_CorruptedAngel it gave me a warm cuddly feeling so thanks ,France
1979706886,Sun May 31 04:10:39 PDT 2009,what_bugs_u,"@nhiies why limit your story to 140 chr. Tell all what is annoying you at www.iamsoannoyed.com ,it will help relieve your stress ",India
1979714809,Sun May 31 04:12:38 PDT 2009,SongoftheOss,@_CorruptedAngel do you now  oh no he didn't....,France
1979716275,Sun May 31 04:13:02 PDT 2009,what_bugs_u,"@Monza972 why limit your story to 140 chr. Tell all what is annoying you at www.iamsoannoyed.com ,it will help relieve your stress ",Colombia
1979723388,Sun May 31 04:14:48 PDT 2009,what_bugs_u,"@dropdeadkimi why limit your story to 140 chr. Tell all what is annoying you at www.iamsoannoyed.com ,it will help relieve your stress ",Jamaica
1979738136,Sun May 31 04:18:15 PDT 2009,thisgoeshere,@Ilkee thanks.  ugh. i'm running late and starving  #andyhurleyday,New Zealand
1979748220,Sun May 31 04:20:39 PDT 2009,what_bugs_u,"@K_boo why limit your story to 140 chr. Tell all what is annoying you at www.iamsoannoyed.com ,it will help relieve your stress ",Australia
1979757887,Sun May 31 04:23:04 PDT 2009,what_bugs_u,"@Hayaaty why limit your story to 140 chr. Tell all what is annoying you at www.iamsoannoyed.com ,it will help relieve your stress ",Argentina
1979764689,Sun May 31 04:24:48 PDT 2009,what_bugs_u,"@JTate11 why limit your story to 140 chr. Tell all what is annoying you at www.iamsoannoyed.com ,it will help relieve your stress ",UK
1979765133,Sun May 31 04:24:56 PDT 2009,Spidersamm,i love Travis Barkerrrrrrrrrrrrrrrrrrrrrrrrrrrrrrrrrrrrrrrrrrrrrrrrrrrrrrrrrrrrrrrrr   arararar; he looks like he should be riding a moty ,Jamaica
1979771864,Sun May 31 04:26:33 PDT 2009,what_bugs_u,"@NewKids09 why limit your story to 140 chr. Tell all what is annoying you at www.iamsoannoyed.com ,it will help relieve your stress ",Cuba
1979773311,Sun May 31 04:26:55 PDT 2009,what_bugs_u,"@munecabonita why limit your story to 140 chr. Tell all what is annoying you at www.iamsoannoyed.com ,it will help relieve your stress ",Nigeria
1979788480,Sun May 31 04:30:32 PDT 2009,SallytheShizzle,No You Girls pwwwwwns ,Germany
1979789134,Sun May 31 04:30:40 PDT 2009,DarkPiano,"Good morning, everyone!  How is everyone this fine Sunday morning?!",Japan
1979790019,Sun May 31 04:30:53 PDT 2009,DarkPiano,"@theladywrites Hi Catrina, good morning! ",Egypt
1979791272,Sun May 31 04:31:10 PDT 2009,keza34,Think the sun has melted everyone away like ice lollies.lol ,Antarctica
1979798846,Sun May 31 04:33:01 PDT 2009,DarkPiano,"@theladywrites Just starting, but so far so good! Coffee is brewing, which is ALWAYS good. ",Nigeria
1979799432,Sun May 31 04:33:10 PDT 2009,DarkPiano,"@suesshirtshop Hey there Sue, good morning to you! ",Egypt
1979815032,Sun May 31 04:36:59 PDT 2009,DarkPiano,"@snowandstars Still Saturday night? In that case, happy Saturday! ",India
1979824130,Sun May 31 04:39:10 PDT 2009,thisgoeshere,@smokedrinkdrive where are you? #andyhurleyday needs you ,Jamaica
1979829719,Sun May 31 04:40:32 PDT 2009,thisgoeshere,@chiara_f how was the concerts? did you see gabriel?  #andyhurleyday,UK
1979831784,Sun May 31 04:41:03 PDT 2009,DarkPiano,"More free piano music for you. &quot;Hearth,&quot; from my 2007 CD &quot;A Winter's Journey.&quot;  http://twiturm.com/k4kp #freemp3 #pianomusic",Dominican Republic
1979837860,Sun May 31 04:42:30 PDT 2009,DarkPiano,@donaskaggs Glad you're having a great day! ,Russia
1979839648,Sun May 31 04:42:58 PDT 2009,SongoftheOss,@SapphyNo1 great thanks ,Nigeria
1979845084,Sun May 31 04:44:17 PDT 2009,DarkPiano,@suesshirtshop Sounds like it will be work but fun at the same time! Nothing beats family being around. ,South Africa
1979855980,Sun May 31 04:46:52 PDT 2009,Jayme1988,@GADataGuy No I mega overslept lol Im gonna have something in a second ,Russia
1979862647,Sun May 31 04:48:28 PDT 2009,what_bugs_u,"@Difearn why limit your story to 140 chr. Tell all what is annoying you at www.iamsoannoyed.com ,it will help relieve your stress ",Germany
1979864540,Sun May 31 04:48:56 PDT 2009,SongoftheOss,@QueenofScots67 phew ,Italy
1979873327,Sun May 31 04:50:58 PDT 2009,what_bugs_u,"@lajoli_ why limit your story to 140 chr. Tell all what is annoying you at www.iamsoannoyed.com ,it will help relieve your stress ",New Zealand
1979874262,Sun May 31 04:51:10 PDT 2009,DarkPiano,@mixedbunny Good morning to you! And thanks for retweeting my quote! ,Chile
1979888736,Sun May 31 04:54:39 PDT 2009,DarkPiano,"@themommywrites Hi there, Sarah! I'm doing great, thanks. How about you? ",Brazil
1979890081,Sun May 31 04:54:59 PDT 2009,thisgoeshere,#andyhurleyday rah rah rah *shakes it* ,Egypt
1979890209,Sun May 31 04:55:01 PDT 2009,DarkPiano,@buffalopine Haha thanks! And hope you feel better! Listen to some calming music. ,China
1979897025,Sun May 31 04:56:36 PDT 2009,VioletsCRUK,I just walked down from upstairs wearing a halterneck tankini and my husband said i looked like a pornstar...think id better change!! LOL ,Nigeria
1979916313,Sun May 31 05:00:50 PDT 2009,DarkPiano,@DvineExpression Good morning! ,Indonesia
1979925618,Sun May 31 05:02:58 PDT 2009,DarkPiano,@themommywrites Don't you just love those &quot;I need this yesterday&quot; calls!! ,China
1979933388,Sun May 31 05:04:45 PDT 2009,DarkPiano,"@coachparadise Morning, Anne! ",Argentina
1979989964,Sun May 31 05:17:24 PDT 2009,SongoftheOss,"Right best go enjot this weather - may see some of you later  Love to all, knowing nods to others x",India
1979990399,Sun May 31 05:17:30 PDT 2009,shanajaca,@HandsOfTime They sleep in our old bed so it is a double for 2persones but they dont use that much space lol  XX,Mexico
1979997689,Sun May 31 05:19:08 PDT 2009,Jayme1988,@Chad_Lad see you later  x,UK
1980006286,Sun May 31 05:21:01 PDT 2009,VioletsCRUK,@DJIronik Diversity!! They are amazing! ,Egypt
1980007146,Sun May 31 05:21:12 PDT 2009,shanajaca,Just finnished making the birthday treats Cï¿½leste and Aurï¿½lie are going to give out in class !!!!!!  XX,Nigeria
1980025390,Sun May 31 05:25:12 PDT 2009,ramdomthoughts,"Meditation time - been a while. iPhone off, everything off - not here for an hour (literally) ",Germany
1980026408,Sun May 31 05:25:25 PDT 2009,DarkPiano,"@jmbuckingham What a nice thought!  Happy morning, Jeanne!",Colombia
1980036168,Sun May 31 05:27:34 PDT 2009,what_bugs_u,"@joe why limit your story to 140 chr. Tell all what is annoying you at www.iamsoannoyed.com ,it will help relieve your stress ",Colombia
1980043458,Sun May 31 05:29:09 PDT 2009,what_bugs_u,"@mmj86 why limit your story to 140 chr. Tell all what is annoying you at www.iamsoannoyed.com ,it will help relieve your stress ",Italy
1980045417,Sun May 31 05:29:35 PDT 2009,thisgoeshere,@Ilkee yay! recruit random ppl off the streets if you have to. we can do it  #andyhurleyday,Mexico
1980045488,Sun May 31 05:29:35 PDT 2009,what_bugs_u,"@marlene79 why limit your story to 140 chr. Tell all what is annoying you at www.iamsoannoyed.com ,it will help relieve your stress ",Kenya
1980064823,Sun May 31 05:33:34 PDT 2009,DarkPiano,@sandramogensen lol I know! ,Canada
1980072263,Sun May 31 05:35:11 PDT 2009,Karen230683,"That was my rant for the day, nearly home then its midori, garden, sunbathe and bbq  happy days",Mexico
1980081102,Sun May 31 05:37:07 PDT 2009,VioletsCRUK,@Pepsimo lol oh is that what it means!! haha ,Peru
1980081445,Sun May 31 05:37:12 PDT 2009,Jayme1988,@GADataGuy see you later. Have a great morning ,Ethiopia
1980090919,Sun May 31 05:39:13 PDT 2009,mcraddictal,Edward Scissorhands again. I love this part.  I feel like watching Tim Burtom movies all day. xD -pulls out DVDs- Watching........erm....,Tanzania
1980091740,Sun May 31 05:39:23 PDT 2009,thisgoeshere,its a beautiful #andyhurleyday in the neighborhood ,Thailand
1980109971,Sun May 31 05:43:13 PDT 2009,mcraddictal,@girlwithfringe lmfao. Beetlejuice it is xD it's 7:45am ,France
1980112347,Sun May 31 05:43:43 PDT 2009,thisgoeshere,we're having a very nice #andyhurleyday very nice #andyhurleyday very nice #andyhurleyday ,Ethiopia
1980118481,Sun May 31 05:45:02 PDT 2009,Karen230683,@wide_receiver just group of girls harassing a lady with downs syndrome! Doubt they will want to see me anytime soon ,Jamaica
1980137710,Sun May 31 05:49:01 PDT 2009,VioletsCRUK,Will catch up with yas later..goin for a solid hour of sun-worshipping then time to get ready to go to BBQ..have fun!  xx,Kenya
1980139997,Sun May 31 05:49:30 PDT 2009,thisgoeshere,@juhidee119 make it! it must! #andyhurleyday needs it ,Indonesia
1980149422,Sun May 31 05:51:23 PDT 2009,VioletsCRUK,"@Pepsimo LOL aye think you could be right!! haha Will catch ya later, thats me signing off till later..have a good day!  x",France
1980160100,Sun May 31 05:53:35 PDT 2009,Jayme1988,@scifimlb Good Morning ,Kenya
1980178737,Sun May 31 05:57:24 PDT 2009,thisgoeshere,@juhidee119 thank you! so are you! til the last breath of your phone! i salute you my comrade!  #andyhurleyday,Tanzania
1980202775,Sun May 31 06:01:50 PDT 2009,Karen230683,@mories23 yup it lovely ,China
1980254644,Sun May 31 06:11:39 PDT 2009,Spidersamm,@hartluck yees go see a AFL game  you will &lt;3 it. ahhaahah,Mexico
1980263451,Sun May 31 06:13:18 PDT 2009,DarkPiano,"@BonnieBrown Thanks, Bonnie. And good morning to you too! ",Australia
1980264638,Sun May 31 06:13:31 PDT 2009,shanajaca,@lumalfoy It sure is nobody is safe from it that is why i donated for Jade i think it is wonderfull young people get involved!!!!  XX,UK
1980276241,Sun May 31 06:15:39 PDT 2009,shanajaca,@tomsgal It is horrible and we can only hope they find a cure soon  XX,Ecuador
1980277783,Sun May 31 06:15:55 PDT 2009,DarkPiano,"@organicsue And good morning to you, Clarisse!  How are you this fine morning?",Germany
1980298335,Sun May 31 06:19:44 PDT 2009,what_bugs_u,"@eloquentembrace why limit your story to 140 ch. Tell all what is annoying you at www.iamsoannoyed.com ,it will help relieve your stress ",France
1980299015,Sun May 31 06:19:52 PDT 2009,shanajaca,@lumalfoy I know somebody is going to pay for this lol  XX,France
1980320158,Sun May 31 06:23:40 PDT 2009,shanajaca,@lilyginny27 Goodmorning De hope you have a great day  XX,UK
1980332016,Sun May 31 06:25:51 PDT 2009,Jayme1988,"@Eric_Chambers Its ok, lazy up to now but the gym later  How about your morning bunny?",Chile
1980352620,Sun May 31 06:29:35 PDT 2009,DarkPiano,@shekhinahshaman @ApothecaryJeri lol definitely need the shades on when in Twitterville! ,Dominican Republic
1980353939,Sun May 31 06:29:50 PDT 2009,DarkPiano,@ViolaMaths Indeed it is! Love it.  You have a great one too!,Nigeria
1980363511,Sun May 31 06:31:23 PDT 2009,thisgoeshere,@lemongeneration wow. oh well yeah i suppose. i like turkey  #andyhurleyday,Ecuador
1980389824,Sun May 31 06:36:05 PDT 2009,thisgoeshere,@lemongeneration its really good. i think more flavorful than chicken. and i've taken to ground turkey instead of beef cos its better 4 u ,Egypt
1980398276,Sun May 31 06:37:35 PDT 2009,SongoftheOss,Thank you to @Gelsomino @Highena @DJRoniB @tubilino @BigAssBadgerBeats @jTerrell @sansotto  ? http://blip.fm/~7dfed,Cuba
1980401197,Sun May 31 06:38:08 PDT 2009,DarkPiano,"@jmbuckingham Neat, huh?! The beginnings if Tweetcasting! ",Australia
1980408777,Sun May 31 06:39:31 PDT 2009,DarkPiano,On my way to church but feeling devilish!  Wondering what Aerosmith tune I can do for the Prelude :p,Jamaica
1980432532,Sun May 31 06:43:42 PDT 2009,Jayme1988,@_santi Very nice to meet you too ,South Korea
1980444896,Sun May 31 06:45:53 PDT 2009,SongoftheOss,Lemon Jelly ï¿½ The Staunton Lick for @BigAssBadgerBeats - cannot get this song out of my head now grrrr  ? http://blip.fm/~7dfoy,Nigeria
1980455764,Sun May 31 06:47:46 PDT 2009,SongoftheOss,@secretplanet you're a real talent  excellent finished version,Chile
1980456113,Sun May 31 06:47:49 PDT 2009,DarkPiano,@shellartistree Indeed it is! Good morning! ,Colombia
1980566823,Sun May 31 07:05:55 PDT 2009,SongoftheOss,"Altern 8 Activ-8 - and big fish, little fish  ? http://blip.fm/~7dgh1",Cuba
1980602976,Sun May 31 07:11:35 PDT 2009,Karen230683,@Yael_80 yes he was 70 2 weeks ago ,UK
1980631139,Sun May 31 07:16:02 PDT 2009,shanajaca,@SouthernBets WAUW Such nice items there then lol have fun today writing and swimming hope to talk tonight to you hugzzzzzz  XX,Italy
1980682123,Sun May 31 07:24:10 PDT 2009,SongoftheOss,"@Applecored quite right, the good people should get at least 300 ",Kenya
1980692173,Sun May 31 07:25:43 PDT 2009,Spidersamm,@HelloLizzi oooh i know ,UK
1980692904,Sun May 31 07:25:50 PDT 2009,thisgoeshere,@Ilkee i know! I'm making friends  #andyhurleyday,India
1980733277,Sun May 31 07:32:03 PDT 2009,shanajaca,@chriscuzzy So glad all went well!!!!! aftersun cream and loads of it lol  XX,Antarctica
1980745653,Sun May 31 07:33:59 PDT 2009,thisgoeshere,@doombox ok. gonna google that when i get home  #andyhurleyday,Antarctica
1980748048,Sun May 31 07:34:20 PDT 2009,keza34,Am back again.on and off here like a yoyo today.lol ,Dominican Republic
1980770414,Sun May 31 07:37:48 PDT 2009,Jayme1988,"Oh my gosh, Its a warm day today 76 I think! ",Egypt
1980830024,Sun May 31 07:46:52 PDT 2009,what_bugs_u,"@hapaxes why limit your story to 140 ch. Tell all what is annoying you at www.iamsoannoyed.com ,it will help relieve your stress ",Kenya
1980830285,Sun May 31 07:46:56 PDT 2009,Jayme1988,@Anjeebaby lmao! she is always so horny!! shocking ,Russia
1980858349,Sun May 31 07:51:05 PDT 2009,DarkPiano,"@m2wish Pretty cool, huh?! The beginnings of &quot;tweetcasting.&quot; ",Ethiopia
1980869012,Sun May 31 07:52:42 PDT 2009,keza34,@Brok3n_Soul wish i had ac.lol  electric fan will have to do and icecream.lol ,Kenya
1980885291,Sun May 31 07:55:05 PDT 2009,keza34,@Stev02008 thts why its still in freezer but need to do something.lol ,Indonesia
1980912044,Sun May 31 07:58:57 PDT 2009,keza34,@Brok3n_Soul makin me jealous now.lol ,Germany
1980941226,Sun May 31 08:02:49 PDT 2009,DarkPiano,@southerndelite HAHAHA!  Why does my devilish side always emerge on Sunday morning?! ,Thailand
1980944000,Sun May 31 08:03:12 PDT 2009,thisgoeshere,"@fadedmoon they get cranky with the mass spamming  i just tweet it once. gosh, i hope it gets back up there #andyhurleyday",Spain
1980974036,Sun May 31 08:07:19 PDT 2009,Jayme1988,@colocelt That is cute  looks like a beautiful day there too!,Mexico
1980985776,Sun May 31 08:09:00 PDT 2009,thisgoeshere,@fadedmoon me too! andy deserves it. he's so awesome. we gotta do this for joe and pete too  #andyhurleyday,Ethiopia
1980987500,Sun May 31 08:09:14 PDT 2009,what_bugs_u,"@cmgoodwin why limit your story to 140 ch. Tell all what is annoying you at www.iamsoannoyed.com ,it will help relieve your stress ",New Zealand
1980999895,Sun May 31 08:10:56 PDT 2009,what_bugs_u,"@AlxX0rz why limit your story to 140 ch. Tell all what is annoying you at www.iamsoannoyed.com ,it will help relieve your stress ",Dominican Republic
1981001115,Sun May 31 08:11:06 PDT 2009,what_bugs_u,"@roxigunz why limit your story to 140 ch. Tell all what is annoying you at www.iamsoannoyed.com ,it will help relieve your stress ",Chile
1981013824,Sun May 31 08:12:52 PDT 2009,SongoftheOss,"@Applecored sorry yes, everyone ignore me, she is in fact a muffin brain ",Spain
1981085303,Sun May 31 08:22:57 PDT 2009,TraceyHewins,@Josh_Biggs cool ,Nigeria
1981205533,Sun May 31 08:39:17 PDT 2009,thisgoeshere,@lemongeneration barge in all you want!  they were awesome #andyhurleyday,Jamaica
1981206330,Sun May 31 08:39:24 PDT 2009,shanajaca,I just ordered thai food and they are delivering in about 20 minutes hahahaha i hope it isnt twitter minutes LOL  XX,Germany
1981218683,Sun May 31 08:41:02 PDT 2009,DarkPiano,Late morning good vibe-age to all! ,Colombia
1981220108,Sun May 31 08:41:13 PDT 2009,thisgoeshere,@doombox come visit! the us is awesome  #andyhurleyday,South Korea
1981281367,Sun May 31 08:49:25 PDT 2009,Jayme1988,@mynameismo LOL i never suggested you did!!! ,China
1981328751,Sun May 31 08:55:28 PDT 2009,shanajaca,Good god this soup isnt eatable lol i know yhai use lemongrass but this is just to much lol  XX,India
1981438559,Sun May 31 09:09:17 PDT 2009,thisgoeshere,@doombox lol. meat.  and they aren't as clean. mall of america has rides  #andyhurleyday,Russia
1981548633,Sun May 31 09:23:11 PDT 2009,what_bugs_u,"@keithjjones why limit your story to 140 ch. Tell all what is annoying you at www.iamsoannoyed.com ,it will help relieve your stress ",South Korea
1981551817,Sun May 31 09:23:36 PDT 2009,what_bugs_u,"@vickers1 why limit your story to 140 ch. Tell all what is annoying you at www.iamsoannoyed.com ,it will help relieve your stress ",Colombia
1981564579,Sun May 31 09:25:14 PDT 2009,what_bugs_u,"@WhitNWebster why limit your story to 140 ch. Tell all what is annoying you at www.iamsoannoyed.com ,it will help relieve your stress ",South Korea
1981567646,Sun May 31 09:25:38 PDT 2009,DarkPiano,"Boy, there sure is a lot of light shining in the Twitterverse today! Good thing I wore my shades. ",Indonesia
1981770898,Sun May 31 09:51:30 PDT 2009,what_bugs_u,"@Halfpintmonkey why limit your story to 140 ch. Tell all what is annoying you at www.iamsoannoyed.com ,it will help relieve your stress ",South Korea
1981771415,Sun May 31 09:51:34 PDT 2009,Karen230683,@pompeygal oh I know I'm getting browner as day. Goes on  yeah I watched fell asleep b4 second part thought diversity were awesome ,South Africa
1981772490,Sun May 31 09:51:42 PDT 2009,what_bugs_u,"@kaayro why limit your story to 140 ch. Tell all what is annoying you at www.iamsoannoyed.com ,it will help relieve your stress ",Nigeria
1981785086,Sun May 31 09:53:15 PDT 2009,what_bugs_u,"@xrozix why limit your story to 140 ch. Tell all what is annoying you at www.iamsoannoyed.com ,it will help relieve your stress ",Brazil
1981869387,Sun May 31 10:03:28 PDT 2009,thisgoeshere,@doombox sweet. i have lots of internet friends  they are often better than real friends  #andyhurleyday,Italy
1981871444,Sun May 31 10:03:43 PDT 2009,what_bugs_u,"@MyPetChelseaa why limit your story to 140 ch. Tell all what is annoying you at www.iamsoannoyed.com ,it will help relieve your stress ",New Zealand
1981888146,Sun May 31 10:05:45 PDT 2009,what_bugs_u,"@theglamlife why limit your story to 140 ch. Tell all what is annoying you at www.iamsoannoyed.com ,it will help relieve your stress ",Japan
1982032785,Sun May 31 10:23:27 PDT 2009,SongoftheOss,"@musicaljo you'll be fine, you know a lot more than you think ",New Zealand
1982101518,Sun May 31 10:31:47 PDT 2009,mcraddictal,And I thought I'd hate it here... It's actually fun. Makes me feel like I have a life away from twitter ,Canada
1982151228,Sun May 31 10:37:49 PDT 2009,what_bugs_u,"@sherenejose why limit your story to 140 ch. Tell all what is annoying you at www.iamsoannoyed.com ,it will help relieve your stress ",Thailand
1982247161,Sun May 31 10:49:35 PDT 2009,thisgoeshere,@doombox well neil writes fantasy. good on is neverwhere. and good omens  #andyhurleyday,New Zealand
1982313552,Sun May 31 10:57:42 PDT 2009,shanajaca,@tomsgal Your welcome hun  XX,Russia
1982331822,Sun May 31 10:59:56 PDT 2009,shanajaca,@Barbiechick3004 Thank you for the update of your bladder it will make me sleep better tonight i am sure LMAORH  X,Russia
1982364152,Sun May 31 11:03:41 PDT 2009,thisgoeshere,"@juhidee119 break!!! and hey, i am listening to that song!  #andyhurleyday",Cuba
1982398849,Sun May 31 11:07:46 PDT 2009,what_bugs_u,"@slwilson58 why limit your story to 140 ch. Tell all what is annoying you at www.iamsoannoyed.com ,it will help relieve your stress ",South Korea
1982415625,Sun May 31 11:09:48 PDT 2009,DarkPiano,"@Marge_Inovera Its funny now, but not then!! ",Cuba
1982515809,Sun May 31 11:21:53 PDT 2009,SongoftheOss,"@ThisStarChild @the_apostate oh you in favour, one half finished carrot cake &amp; you act like gordon ramsay *tscch* no really good on you ",Kenya
1982533409,Sun May 31 11:24:01 PDT 2009,SongoftheOss,@_esquiva who would've thought you would care ,Kenya
1982650431,Sun May 31 11:37:54 PDT 2009,StDAY,"@xoMusicLoverxo Hmmm...well, I'll try to come up with some for that specifically... ",Germany
1982682950,Sun May 31 11:41:44 PDT 2009,ramdomthoughts,The neighbours are gonna hate me tomorrow. I'm having a Depeche Mode evening ,Kenya
1982701662,Sun May 31 11:43:59 PDT 2009,thisgoeshere,@xxkassyxx it was earlier. but it got off. we gotta get it back!  #andyhurleyday,Tanzania
1982717855,Sun May 31 11:45:51 PDT 2009,what_bugs_u,"@futurebehaviour why limit your story to 140 ch. Tell all what is annoying you at www.iamsoannoyed.com ,it will help relieve your stress ",Cuba
1982719566,Sun May 31 11:46:03 PDT 2009,what_bugs_u,"@annarking why limit your story to 140 ch. Tell all what is annoying you at www.iamsoannoyed.com ,it will help relieve your stress ",Mexico
1982720373,Sun May 31 11:46:09 PDT 2009,SongoftheOss,"@Applecored @thisstarchild - and cuffs, oh best sunday for ages ",Japan
1982753639,Sun May 31 11:50:08 PDT 2009,what_bugs_u,"@Soannoyed why limit your story to 140 ch. Tell all what is annoying you at www.iamsoannoyed.com ,it will help relieve your stress ",Indonesia
1982754447,Sun May 31 11:50:13 PDT 2009,Karen230683,@TreeinCally had a good afternoon bbq and alcohol ,Thailand
1982820673,Sun May 31 11:58:10 PDT 2009,ramdomthoughts,@dsushee Ha ha ha WRONG  But I appreciate your honesty ,USA
1982838370,Sun May 31 12:00:12 PDT 2009,shanajaca,@Barbiechick3004 Yes you are just dont steal the groom lol  XX,UK
1982854345,Sun May 31 12:01:57 PDT 2009,shanajaca,@Barbiechick3004 Oh sorry it could have been your niece right hahahaha just knok them dead lol  XX,Germany
1982960530,Sun May 31 12:14:09 PDT 2009,mcraddictal,@neszlifeasmcrmy  i loves you.,USA
1982998146,Sun May 31 12:18:29 PDT 2009,ramdomthoughts,@ksymmonds Glad to hear it fella  Children all knackered out ?,South Korea
1983049874,Sun May 31 12:24:26 PDT 2009,VioletsCRUK,@marginatasnaily Oh camping is a killer..esp with kids!! You must be shattered!  Hope you had a good time though!,Canada
1983050339,Sun May 31 12:24:29 PDT 2009,shanajaca,@jeannicole Just put some slices on the burns it manly exist out of water so yeah it really does help to lighten the discomfort  XX,Thailand
1983051154,Sun May 31 12:24:35 PDT 2009,ramdomthoughts,@reetsjel In honour of Dave - get well soon fella ,Jamaica
1983085978,Sun May 31 12:28:39 PDT 2009,VioletsCRUK,@Pepsimo Well thats not so bad..if you looked good then you should be happy!! lol No i didn't - ive been out all day! ,Ecuador
1983101608,Sun May 31 12:30:27 PDT 2009,VioletsCRUK,@Pepsimo Our back garden is gr8..sun all day till bout 9.30!!! I love sitting out and chillin with the music on when kids in bed..bliss! ,Canada
1983103627,Sun May 31 12:30:40 PDT 2009,ramdomthoughts,"@PeterApokotos Me too mate. However, you can't some times expect the same quality in others. I know what you mean ",Germany
1983136512,Sun May 31 12:34:27 PDT 2009,SongoftheOss,@ThisStarChild sounds like a night or 5 for me then ,Jamaica
1983155594,Sun May 31 12:36:41 PDT 2009,DarkPiano,"Etta James - At Last. Oh man....so sultry, it's almost inappropriate for a Sunday.  â« http://blip.fm/~7dyki",South Korea
1983207521,Sun May 31 12:42:45 PDT 2009,shanajaca,@kegan5 So how was the run any fun?  XX,Japan
1983256891,Sun May 31 12:48:33 PDT 2009,SongoftheOss,@ThisStarChild oh goodie ,Dominican Republic
1983290256,Sun May 31 12:52:24 PDT 2009,ramdomthoughts,World In My Eyes .... now the neighbours are gonna HATE ME ! Volume up ,Spain
1983328237,Sun May 31 12:56:51 PDT 2009,VioletsCRUK,@Pepsimo lol oh not always..i wish! ,Brazil
1983468884,Sun May 31 13:12:54 PDT 2009,VioletsCRUK,"@rickypl1978 lol oh i love #bouncin - ive missed my vocation in life, should have been a professional bouncer!! haha ",Indonesia
1983504358,Sun May 31 13:17:00 PDT 2009,ramdomthoughts,"I've decided, I'm going through every single Depeche Mode album I've got until I fall asleep at my keyboard. Living on the edge! ",Colombia
1983536592,Sun May 31 13:20:43 PDT 2009,SongoftheOss,Thanks to @seattle98122 @holycool @joechapman @shanti45 @samsa_G for the props  â« http://blip.fm/~7e1dd,New Zealand
1983590126,Sun May 31 13:27:00 PDT 2009,ramdomthoughts,@ksymmonds @SarahSymmonds My pleasure - great site - use it a lot for me iPhone ringtones ,Ethiopia
1983639086,Sun May 31 13:32:39 PDT 2009,Jayme1988,@amure1991 I love that movie! ,Italy
1983642443,Sun May 31 13:33:02 PDT 2009,thisgoeshere,"look, its andy hurley, on my wall  #andyhurleyday",Egypt
1983710129,Sun May 31 13:41:00 PDT 2009,ramdomthoughts,@ksymmonds @SarahSymmonds I think I've even got mashups of them. Will have to dig out a track for a future show ,Ethiopia
1983743120,Sun May 31 13:44:56 PDT 2009,ramdomthoughts,Now I'm on Music For The Masses - Depeche Mode if you are wondering and not educated in the art of the Mode ,Ethiopia
1983758548,Sun May 31 13:46:43 PDT 2009,thisgoeshere,#andyhurleyday is scandilous ,Germany
1983811477,Sun May 31 13:52:59 PDT 2009,thisgoeshere,@strangetymes well stupid cos it kept me from #andyhurleyday ,Australia
1983811948,Sun May 31 13:53:02 PDT 2009,ramdomthoughts,@TorontoViewer Agree ,India
1983826869,Sun May 31 13:54:47 PDT 2009,VioletsCRUK,@Karen230683 @Glasgowlassy have downloaded it...shall work it out while im waitin in my bath filling. Shall return Skyped up soon!  x,Germany
1983827780,Sun May 31 13:54:54 PDT 2009,thisgoeshere,"@briankeithdiaz no no. not me  haha, him. piss him off. that is the product of eight hours of idiots. sorry #andyhurleyday",Kenya
1983846359,Sun May 31 13:57:04 PDT 2009,VioletsCRUK,@Glasgowlassy @karen230683 @chappers67 Oh no not the stroking #pussies topic - il never get in ma bath now!! LOL ,India
1983863302,Sun May 31 13:59:05 PDT 2009,thisgoeshere,@markhoppus i think that's cool. you're just being a fan of... you  #andyhurleyday,South Africa
1983863786,Sun May 31 13:59:09 PDT 2009,shanajaca,@tomsgal purple almost naked in heels that are to big so drunk they are being done unspeakables by spanish dudes good grief hahahaha lol ,France
1983933664,Sun May 31 14:07:04 PDT 2009,ramdomthoughts,@TorontoViewer Most definitely. I end up eating the whole lot in one go though ,Ecuador
1983934220,Sun May 31 14:07:07 PDT 2009,shanajaca,@SouthernBets Spain you should go there it is great i am always laughing like crazy there hahaha  XX,Mexico
1983934521,Sun May 31 14:07:09 PDT 2009,SongoftheOss,@_CorruptedAngel you will need to convene with @thisstarchild - she is treating me at the moment ,Canada
1983951147,Sun May 31 14:09:05 PDT 2009,ramdomthoughts,"@pete_c You are catching me up mate. I've done 11, 186 tweets ",Brazil
1983968217,Sun May 31 14:11:01 PDT 2009,ramdomthoughts,@pete_c LOL all total rubbish mind LOL  I'm great at talking bollocks LOL ,New Zealand
1983985957,Sun May 31 14:13:05 PDT 2009,shanajaca,@tomsgal Oh you should they are amzing i believe that some marriages are cancelled after that trip lol  XX,Thailand
1984037859,Sun May 31 14:19:11 PDT 2009,shanajaca,@Cazling You look a lot like Britney Spears there lol  XX,Germany
1984054815,Sun May 31 14:21:10 PDT 2009,VioletsCRUK,@Glasgowlassy @Karen230683 Right #twitterpussies im getting my bath before it gets cold! If you are still about will talk to yas l8r?1 xx ,Tanzania
1984055316,Sun May 31 14:21:14 PDT 2009,shanajaca,@Stormlite02 Could you please stop with the depressing messages LMFAO  XX,Colombia
1984089438,Sun May 31 14:25:17 PDT 2009,thisgoeshere,#andyhurleyday is a godlike man. we 'worship' him ,Italy
1984139968,Sun May 31 14:31:11 PDT 2009,shanajaca,@SouthernBets Hhahahaha could have been possible they have a few strange ones huh trowing tomatoes untill the entire village is red lol ,Dominican Republic
1984142016,Sun May 31 14:31:25 PDT 2009,DarkPiano,"@micheledeville Hey Michele, hello!!  How are you doing?",Spain
1984156664,Sun May 31 14:33:07 PDT 2009,DarkPiano,@micheledeville Good to hear from you! Wondered how you were doing. Glad you're back! ,Brazil
1984187369,Sun May 31 14:36:41 PDT 2009,shanajaca,@Stormlite02 You hadnt read that it is so funny lol  XX,India
1984262509,Sun May 31 14:45:41 PDT 2009,Karen230683,Off to bed had bout 7 hours sleep all weekend and I have a feeling got wee bit too much sun and alcohol today woops  night xx,Cuba
1984429846,Sun May 31 15:05:33 PDT 2009,Jayme1988,@JamesMW78 Yes it is!! especially in leather lol it is a great film though ,Tanzania
1984499833,Sun May 31 15:13:40 PDT 2009,Jayme1988,@Mykale007 yeah I know lol I hit 3 stone on my weight loss the other day too.. so all is good! ,Tanzania
1984533638,Sun May 31 15:17:42 PDT 2009,StDAY,@eeshkapeesh Haha. I think I got around 570 for my chem one so no worries. Haha. ,New Zealand
1984533830,Sun May 31 15:17:43 PDT 2009,VioletsCRUK,Gawd its great havin a tan that doesn't wash off in the bath! ,Italy
1984616728,Sun May 31 15:27:44 PDT 2009,shanajaca,@HandsOfTime I just posted a pic so you can see for yourself lol  XX,Chile
1984748723,Sun May 31 15:43:51 PDT 2009,VioletsCRUK,@Glasgowlassy lmao...yip..i like to be different!! Il give yas a crash course in it on your visit over!! ,India
1984780939,Sun May 31 15:47:44 PDT 2009,TraceyHewins,@MrPaulEvans LOL the whole werewolf thing and not being a pretty site last night ,Indonesia
1984799510,Sun May 31 15:50:00 PDT 2009,shanajaca,@Barbiechick3004 OH not even worth to get all dressed up for hahahaha  XX,Chile
1984833779,Sun May 31 15:54:04 PDT 2009,TraceyHewins,@Josh_Biggs probably  I laughed and suddenly she appeared!,Antarctica
1984879698,Sun May 31 15:59:36 PDT 2009,Jayme1988,@Lady_Twitster that is good  hurt with the Evil gym! LOL over worked yesterday!! ,Cuba
1984919270,Sun May 31 16:04:05 PDT 2009,Jayme1988,@dmitriy_usher hey there  I am watching grease lol just watched labyrinth  how are you?,Argentina
1984951749,Sun May 31 16:07:56 PDT 2009,VioletsCRUK,@EmsyD G'night!  x,Kenya
1984984842,Sun May 31 16:11:52 PDT 2009,Jayme1988,@trickyshirls I &lt;3 it ,Antarctica
1985018852,Sun May 31 16:15:55 PDT 2009,thisgoeshere,@xxkassyxx ack!!! i want it!!!  #andyhurleyday,Italy
1985020951,Sun May 31 16:16:09 PDT 2009,VioletsCRUK,@Glasgowlassy Aye similar..except you have to do a bit of Irish dancing round the pole too!! lol And it'll be diddley diddley dee music!! ,Colombia
1985036100,Sun May 31 16:18:01 PDT 2009,VioletsCRUK,@Glasgowlassy Aw...and #glamourpussy dreams to you too!! (theres a new one) lol Catch ya later!!  Night xx,UK
1985086499,Sun May 31 16:24:11 PDT 2009,TraceyHewins,@Justin_A goodnight ,Australia
1985102337,Sun May 31 16:26:09 PDT 2009,thisgoeshere,"@xxkassyxx it was based on a dark angel sort of world. the sex scene was too intense, i skipped that  yes i'll get the link #andyhurleyday",Ecuador
1985183827,Sun May 31 16:36:00 PDT 2009,thisgoeshere,@xxkassyxx welcome! it just was a cool premise. and patrick was cute.  hey! i need the link for your pg again. gotta read more! ,Colombia
1985201983,Sun May 31 16:38:13 PDT 2009,TraceyHewins,@chriscuzzy you're such a goof --in a good way ,China
1985380418,Sun May 31 16:59:52 PDT 2009,TraceyHewins,@Motanahtracer he is ,Italy
1985401977,Sun May 31 17:02:07 PDT 2009,SallytheShizzle,@BrittGoosie i'll kill you with love ,India
1985403668,Sun May 31 17:02:18 PDT 2009,thisgoeshere,@xxkassyxx i have a humorous one with patrick crushing on everyone that you should read  #andyhurleyday,Peru
1985472633,Sun May 31 17:10:11 PDT 2009,mcraddictal,i'm at the creek  freezing my ass off. The water's like 20 degrees. @myhaloromance,Cuba
1985594537,Sun May 31 17:24:23 PDT 2009,TraceyHewins,@MrPaulEvans they never are! ,Tanzania
1985644458,Sun May 31 17:30:10 PDT 2009,TraceyHewins,@MrPaulEvans I can only imagine ,Russia
1985751158,Sun May 31 17:42:13 PDT 2009,TraceyHewins,@nelsonmaud hiya Maureen ,Nigeria
1985821715,Sun May 31 17:50:18 PDT 2009,what_bugs_u,"@slanoue why limit your story to 140 ch. Tell all what is annoying you at www.iamsoannoyed.com ,it will help relieve your stress ",Antarctica
1985821990,Sun May 31 17:50:19 PDT 2009,thisgoeshere,@smokedrinkdrive let's do this!  #andyhurleyday #andyhurleyday,Mexico
1985823231,Sun May 31 17:50:27 PDT 2009,what_bugs_u,"@Emilx15 why limit your story to 140 ch. Tell all what is annoying you at www.iamsoannoyed.com ,it will help relieve your stress ",China
1985927597,Sun May 31 18:02:12 PDT 2009,thisgoeshere,@xbeckaxockx i plan on going just as insane  #andyhurleyday join us? ,South Africa
1985945830,Sun May 31 18:04:16 PDT 2009,TraceyHewins,@MrPaulEvans I think so too ,China
1985985135,Sun May 31 18:08:22 PDT 2009,mcraddictal, yeps! )) that was amazing! xD finally something away from my house! Haha. @myhaloromance,Japan
1986571167,Sun May 31 19:01:12 PDT 2009,what_bugs_u,"@tashapastor why limit your story to 140 ch. Tell all what is annoying you at www.iamsoannoyed.com ,it will help relieve your stress ",Tanzania
1986690951,Sun May 31 19:11:03 PDT 2009,what_bugs_u,"@JenmFTW why limit your story to 140 ch. Tell all what is annoying you at www.iamsoannoyed.com ,it will help relieve your stress ",Russia
1986740351,Sun May 31 19:15:08 PDT 2009,what_bugs_u,"@AyEmDee why limit your story to 140 ch. Tell all what is annoying you at www.iamsoannoyed.com ,it will help relieve your stress ",Italy
1986856604,Sun May 31 19:24:58 PDT 2009,thisgoeshere,@SUAREASY how was it all? fun? i'm so jealous cos a friend got to hang with you guys! ,USA
1986881740,Sun May 31 19:27:18 PDT 2009,thisgoeshere,@briankeithdiaz i'm not!  i might be the only one ,India
1988839697,Sun May 31 23:31:37 PDT 2009,Karen230683,@fjkeogh LOL yes ,Argentina
1988882337,Sun May 31 23:39:25 PDT 2009,Karen230683,@iHaps morning ,Germany
1988926795,Sun May 31 23:47:37 PDT 2009,Karen230683,@MR_HOWSE  how ya?,Dominican Republic
1988969236,Sun May 31 23:55:49 PDT 2009,Karen230683,@Jason_Manford aaaaw sounds fun ,Mexico
1989075273,Mon Jun 01 00:15:51 PDT 2009,StDAY,@a_simple_girl I'm watching Dead Like Me. Ever watch it? I've only seen a couple eps. Your love Gavin was in one! Thought you'd love that ,Jamaica
1989184128,Mon Jun 01 00:37:51 PDT 2009,Jayme1988,good morning all ,UK
1989218510,Mon Jun 01 00:45:18 PDT 2009,Spidersamm,@judez_xo nawhh    hope your having a good time dear ,Russia
1989277183,Mon Jun 01 00:58:05 PDT 2009,shanajaca,@Rotae Thank you sweety!!!!!!!!!!!!!!!!!!! just casted my votes again  XX,Ecuador
1989383463,Mon Jun 01 01:20:18 PDT 2009,nuttychris,god twitter seems like a new world to me ,Colombia
1989498849,Mon Jun 01 01:46:11 PDT 2009,SallytheShizzle,@MariaBernal good night  have a good rest!,Thailand
1989535516,Mon Jun 01 01:54:28 PDT 2009,VioletsCRUK,Good morning all.....another day of sunshine!! Yeeehaaaaaa  How are you all?,Russia
1989554448,Mon Jun 01 01:58:31 PDT 2009,VioletsCRUK,@Glasgowlassy LOL at you saying are you really gaun? I was nearly sleepin on the laptop...was the longest goodnight ever wasn't it?! ,India
1989593869,Mon Jun 01 02:06:24 PDT 2009,Spidersamm,www.myspace.com/samii_betsie_xo   add batches    i love @staaceeyy,Antarctica
1989619799,Mon Jun 01 02:12:03 PDT 2009,VioletsCRUK,@Karen230683 Morning Karen..you in work? ,USA
1989649573,Mon Jun 01 02:18:35 PDT 2009,VioletsCRUK,@Karen230683 lol it'll be a laugh...we can all sit and Twitter to each other as we are drinking!! hahaha  @glasgowlassy,Dominican Republic
1989655075,Mon Jun 01 02:19:53 PDT 2009,VioletsCRUK,@garry1bowie LOL  Morning Garry!! How are ya...u working? ,South Korea
1989658413,Mon Jun 01 02:20:32 PDT 2009,Spidersamm,@schaeferj89 yay ,Nigeria
1989686138,Mon Jun 01 02:26:36 PDT 2009,VioletsCRUK,@Karen230683 lol i can never sleep this late...not even when hungover!! Monday was the first morn i stayed up in bed for a bit in ages! ,Indonesia
1989694175,Mon Jun 01 02:28:27 PDT 2009,Spidersamm,@schaeferj89 hahah awh  your stunning! i think i shall comment one ,Brazil
1989700221,Mon Jun 01 02:29:53 PDT 2009,SallytheShizzle,@LuckyUrWithAmy i got this one ,Nigeria
1989722881,Mon Jun 01 02:34:45 PDT 2009,VioletsCRUK,@Karen230683 Awk 6 am...id be like the exorcist if i had to get up at that time every morning!! Im usually bout 7.45 and thats bad enuf!! ,Peru
1989758136,Mon Jun 01 02:42:19 PDT 2009,Spidersamm,@schaeferj89 :o well it wouldnt be to awesome cos we'd all probably kill you.  hhahah,Kenya
1989873946,Mon Jun 01 03:06:35 PDT 2009,Jayme1988,@wackijacqui76 Morning  she is not feeling too good. she hurt her back on saturday.,Thailand
1989875340,Mon Jun 01 03:06:53 PDT 2009,nuttychris,@joshtastic1 yeah u r a stanger lol  so hows things?,Peru
1989894571,Mon Jun 01 03:10:57 PDT 2009,keza34,@joshtastic1 dont blame you at all.good idea to have a day off.doin the same here.lol ,Ecuador
1990003515,Mon Jun 01 03:33:19 PDT 2009,ramdomthoughts,"Feels like I'm living above a building site. Actually - I am! Poor Maxie is freaking out a bit, so extra attention etc  Morning BTW ",India
1990043432,Mon Jun 01 03:41:27 PDT 2009,Karen230683,@Glasgowlassy @violetscruk aaaaw its nice here again ,Mexico
1990070959,Mon Jun 01 03:47:03 PDT 2009,ramdomthoughts,@em_c I'm more concerned how the noise freaks Maxie out really. She's getting loads of attention though to make up for it ,China
1990079729,Mon Jun 01 03:48:51 PDT 2009,VioletsCRUK,@Karen230683 pmsl..me too...and no alcohol in me (yet)!! Think its the sun makin me doolally!!! lol ,Indonesia
1990133878,Mon Jun 01 03:59:20 PDT 2009,VioletsCRUK,@chrisyoungken Cool ;p lol Enjoy the rest off your day! ,South Africa
1990202701,Mon Jun 01 04:11:39 PDT 2009,keza34,@joshtastic1 thought so with @nessie_111 in middle.does she know rest of family?if not let me know.lol ,USA
1990211664,Mon Jun 01 04:13:17 PDT 2009,what_bugs_u,"@ilikeprettycows why limit your story to 140 ch. Tell all what is annoying you at www.iamsoannoyed.com ,it will help relieve your stress ",Ecuador
1990213520,Mon Jun 01 04:13:38 PDT 2009,what_bugs_u,"@stltaylorj why limit your story to 140 ch. Tell all what is annoying you at www.iamsoannoyed.com ,it will help relieve your stress ",Canada
1990214042,Mon Jun 01 04:13:44 PDT 2009,VioletsCRUK,@Glasgowlassy lmao...that would have been funny!! What happened to it..did it get claimed by one of the neighbours again? ,Argentina
1990225990,Mon Jun 01 04:15:47 PDT 2009,VioletsCRUK,Im off to cut the grass...shall catch up with yas all later!!  xx,Indonesia
1990247620,Mon Jun 01 04:19:40 PDT 2009,what_bugs_u,"@Logik007 why limit your story to 140 ch. Tell all what is annoying you at www.iamsoannoyed.com ,it will help relieve your stress ",Dominican Republic
1990248256,Mon Jun 01 04:19:47 PDT 2009,VioletsCRUK,@Glasgowlassy uffff i feel for ya - will tweet ya later! Hope you dnt have too bad a day!  x,Thailand
1990256748,Mon Jun 01 04:21:14 PDT 2009,VioletsCRUK,@Chappers67 LOL no i am actually 'strimming the grass' - hubby cut it yesterday and im gonna do the edges today!!! (then beer time) hehe ,Egypt
1990268022,Mon Jun 01 04:23:18 PDT 2009,keza34,@joshtastic1 yes its the @Jason_Manford the comedian lol your bro got him right at beginning.lol ,Chile
1990292036,Mon Jun 01 04:27:35 PDT 2009,what_bugs_u,"@sadisticmachine why limit your story to 140 ch. Tell all what is annoying you at www.iamsoannoyed.com ,it will help relieve your stress ",Germany
1990293381,Mon Jun 01 04:27:50 PDT 2009,what_bugs_u,"@euanldavidson why limit your story to 140 ch. Tell all what is annoying you at www.iamsoannoyed.com ,it will help relieve your stress ",Japan
1990303828,Mon Jun 01 04:29:42 PDT 2009,what_bugs_u,"@themaddreamer why limit your story to 140 ch. Tell all what is annoying you at www.iamsoannoyed.com ,it will help relieve your stress ",Italy
1990341102,Mon Jun 01 04:36:01 PDT 2009,DarkPiano,"@ViolaMaths Whatever are you talking about? I don't have an accent, you do! :p  ",Cuba
1990362076,Mon Jun 01 04:39:37 PDT 2009,DarkPiano,"@reverielarke Good morning, Brenda! ",Kenya
1990363367,Mon Jun 01 04:39:52 PDT 2009,what_bugs_u,"@fraggleoncrete why limit your story to 140 ch. Tell all what is annoying you at www.iamsoannoyed.com ,it will help relieve your stress ",Colombia
1990364597,Mon Jun 01 04:40:04 PDT 2009,Jayme1988,@MarkRosenbauer Good mornoon ,Dominican Republic
1990376521,Mon Jun 01 04:42:03 PDT 2009,Jayme1988,@_santi hehehe not a problem. good morning. have a brilliant day ,Chile
1990385874,Mon Jun 01 04:43:41 PDT 2009,TraceyHewins,@CAPECOD1943 morning ,UK
1990385948,Mon Jun 01 04:43:42 PDT 2009,DarkPiano,"@TraceyHewins Hey, good morning! ",Peru
1990398667,Mon Jun 01 04:45:50 PDT 2009,DarkPiano,@TraceyHewins The comic wedding of the century. ,Germany
1990400309,Mon Jun 01 04:46:06 PDT 2009,Jayme1988,@AJM1030 lol I am good thanks  I am actually half welsh lol how are you?,Argentina
1990421499,Mon Jun 01 04:49:38 PDT 2009,what_bugs_u,"@mkaraya why limit your story to 140 ch. Tell all what is annoying you at www.iamsoannoyed.com ,it will help relieve your stress ",Mexico
1990424129,Mon Jun 01 04:50:05 PDT 2009,TraceyHewins,@Ste1987 assuming you pay attention LOL ,Jamaica
1990434721,Mon Jun 01 04:51:46 PDT 2009,DarkPiano,@theladywrites I am beyond wonderful.  How are you?,South Africa
1990434850,Mon Jun 01 04:51:47 PDT 2009,TraceyHewins,@James_Phelps I'm jealous(of the Paris trip not your hayfever). Hope you took some allergy meds. ,Jamaica
1990459865,Mon Jun 01 04:55:51 PDT 2009,TraceyHewins,@Dojie Aw  yup that makes me your aunt! Welcome to the crazy #Twitterfamily ,Ethiopia
1990484413,Mon Jun 01 04:59:48 PDT 2009,DarkPiano,"@Jean_o Thank you for retweeting that wonderful quote, Jean! ",Canada
1990484415,Mon Jun 01 04:59:48 PDT 2009,what_bugs_u,"@clapanuelos why limit your story to 140 ch. Tell all what is annoying you at www.iamsoannoyed.com ,it will help relieve your stress ",South Korea
1990510497,Mon Jun 01 05:03:37 PDT 2009,Spidersamm,"oh wait, i know now  lawl",Indonesia
1990512284,Mon Jun 01 05:03:54 PDT 2009,ramdomthoughts,Polo's form completed. Now I'm gonna fill in an RSPCA donation direct debit form to counteract the sadness &amp; do something GREAT ,South Africa
1990523322,Mon Jun 01 05:05:35 PDT 2009,what_bugs_u,"@oneblackdaria why limit your story to 140 ch. Tell all what is annoying you at www.iamsoannoyed.com ,it will help relieve your stress ",Italy
1990525370,Mon Jun 01 05:05:53 PDT 2009,what_bugs_u,"@jacvicious why limit your story to 140 ch. Tell all what is annoying you at www.iamsoannoyed.com ,it will help relieve your stress ",Argentina
1990539662,Mon Jun 01 05:08:04 PDT 2009,DarkPiano,@suesshirtshop Have a great one! ,Argentina
1990551080,Mon Jun 01 05:09:52 PDT 2009,VioletsCRUK,@snedwan You never fail to quench my thirst for knowledge on the subject of 'jobbies'  hehe,Argentina
1990551396,Mon Jun 01 05:09:56 PDT 2009,what_bugs_u,"@eileenb why limit your story to 140 ch. Tell all what is annoying you at www.iamsoannoyed.com ,it will help relieve your stress ",Jamaica
1990552391,Mon Jun 01 05:10:04 PDT 2009,what_bugs_u,"@Henre why limit your story to 140 ch. Tell all what is annoying you at www.iamsoannoyed.com ,it will help relieve your stress ",Russia
1990564246,Mon Jun 01 05:11:52 PDT 2009,DarkPiano,@SandiNJ Good morning! ,South Africa
1990577280,Mon Jun 01 05:13:56 PDT 2009,DarkPiano,"@bellaclara Good morning, Clare! How are you? ",Indonesia
1990578828,Mon Jun 01 05:14:10 PDT 2009,DarkPiano,"@SandiNJ Doing great, Sandi! How are you? ",Russia
1990588494,Mon Jun 01 05:15:40 PDT 2009,what_bugs_u,"@Natalie_1990 why limit your story to 140 ch. Tell all what is annoying you at www.iamsoannoyed.com ,it will help relieve your stress ",Canada
1990590569,Mon Jun 01 05:15:59 PDT 2009,DarkPiano,@SandiNJ Bright and beautiful here too! ,New Zealand
1990604505,Mon Jun 01 05:18:06 PDT 2009,what_bugs_u,"@peachcupcake why limit your story to 140 ch. Tell all what is annoying you at www.iamsoannoyed.com ,it will help relieve your stress ",Australia
1990615498,Mon Jun 01 05:19:50 PDT 2009,Jayme1988,@turpentine2009 yes Issues was a nice song. thanks for the blip  I love the sugababes - push the button lol,India
1990643028,Mon Jun 01 05:23:59 PDT 2009,VioletsCRUK,@Mum_of_Six ..aren't they...get frustrated cause i block 4 and another 8 appear..im demented!! lol Hope you are okay?! ,Colombia
1990657584,Mon Jun 01 05:26:05 PDT 2009,TraceyHewins,Tea's ready ,Italy
1990669976,Mon Jun 01 05:27:55 PDT 2009,DarkPiano,@ShaksprGal Haha Court! I can just email it to you. ,China
1990725954,Mon Jun 01 05:35:53 PDT 2009,Jayme1988,@pdurham I am brilliant thanks  how are you?,France
1990739243,Mon Jun 01 05:37:48 PDT 2009,TraceyHewins,@treasaint That 'bot' doesn't know who she's just crossed. A pissed off Jazzy is DANGEROUS!!! ,Argentina
1990754192,Mon Jun 01 05:39:56 PDT 2009,TraceyHewins,@pob34 good for you  You deserve it!!!! ,Nigeria
1990756147,Mon Jun 01 05:40:11 PDT 2009,what_bugs_u,"@yourwearinmeout why limit your story to 140 ch. Tell all what is annoying you at www.iamsoannoyed.com ,it will help relieve your stress ",Dominican Republic
1990756622,Mon Jun 01 05:40:14 PDT 2009,TraceyHewins,@pob34 hey congratulations. Heard you just got a new kid ,Kenya
1990797451,Mon Jun 01 05:45:58 PDT 2009,ramdomthoughts,@em_c Indeed ,Egypt
1990800806,Mon Jun 01 05:46:25 PDT 2009,Spidersamm,elaura said she hates when dudes wear girl headbands..... i said pffft look at short stack and for our hero ;D dayumm hahaha ,Cuba
1990800830,Mon Jun 01 05:46:25 PDT 2009,ramdomthoughts,@an0key Who hasn't? ,Argentina
1990856106,Mon Jun 01 05:53:54 PDT 2009,TraceyHewins,"@Taddy69 LOL I'm good thanks, having a cup of tea right now ",Mexico
1990871906,Mon Jun 01 05:56:02 PDT 2009,Jayme1988,@Eric_Chambers morning muffin ,Australia
1990902594,Mon Jun 01 06:00:05 PDT 2009,DarkPiano,"@giselle2323 I'm doing great, Giselle! Yes, a little cold for June 1st but bright and sunny, so I'll take it! ",Chile
1990906590,Mon Jun 01 06:00:28 PDT 2009,DarkPiano,@spsweetsunshine Thank you so much! Please feel free to download it and feed it to your mp3 player. ,Cuba
1990937412,Mon Jun 01 06:04:16 PDT 2009,DarkPiano,"@SheilaUlrich Hello and good morning, Sheila! ",Japan
1991034759,Mon Jun 01 06:16:17 PDT 2009,Jayme1988,@AJM1030 @colocelt @Eric_Chambers Everyone has an accent to someone! thats a fact  lol,Australia
1991049213,Mon Jun 01 06:18:03 PDT 2009,Jayme1988,@Mykale007 I am ok thanks  how are you?,Cuba
1991069708,Mon Jun 01 06:20:31 PDT 2009,Jayme1988,@mnrmg It was me and my quick reading lol but thanks for the info ,Thailand
1991082761,Mon Jun 01 06:22:05 PDT 2009,what_bugs_u,"@chasitymunn why limit your story to 140 ch. Tell all what is annoying you at www.iamsoannoyed.com ,it will help relieve your stress ",New Zealand
1991206219,Mon Jun 01 06:36:26 PDT 2009,Karen230683,@sharonimo15 I had enough yesterday but hey ho its too nice not to have a wee glass or 6 ,Kenya
1991223668,Mon Jun 01 06:38:26 PDT 2009,Karen230683,@flowergirl38 I just appeared to stumble straight to the alcohol section!! ,Cuba
1991224892,Mon Jun 01 06:38:34 PDT 2009,ramdomthoughts,@lcaller Ha ha ha LOL please keep posting those - fantastic mate! Not for you though - but SO makes me giggle ,Jamaica
1991225406,Mon Jun 01 06:38:38 PDT 2009,TraceyHewins,@keza34 yeah. nice relaxing day today ,Indonesia
1991295535,Mon Jun 01 06:46:36 PDT 2009,ramdomthoughts,Just had a chat with bloke downstairs - rennovating. Doing it himself - nice fella - place a mess - will moan less (ish) ,Canada
1991311925,Mon Jun 01 06:48:28 PDT 2009,VioletsCRUK,@aerobic247 Tell it to feck off..thats what i do!! ,Russia
1991402993,Mon Jun 01 06:58:39 PDT 2009,what_bugs_u,"@tess1516 why limit your story to 140 ch. Tell all what is annoying you at www.iamsoannoyed.com ,it will help relieve your stress ",Australia
1991403607,Mon Jun 01 06:58:43 PDT 2009,SallytheShizzle,@BrittGoosie yeah i clicked the link and then decided to take the long way XD its AWESOME btw ,Spain
1991477578,Mon Jun 01 07:06:37 PDT 2009,what_bugs_u,"@berto_jabula why limit your story to 140 ch. Tell all what is annoying you at www.iamsoannoyed.com ,it will help relieve your stress ",Cuba
1991479193,Mon Jun 01 07:06:48 PDT 2009,what_bugs_u,"@alycatsluvsyou why limit your story to 140 ch. Tell all what is annoying you at www.iamsoannoyed.com ,it will help relieve your stress ",Argentina
1991570606,Mon Jun 01 07:16:45 PDT 2009,shanajaca,@TomFelton Absolutly agree and for next time hold a washcloth in front of the little girls eyes believe me it helps  XX,India
1991662123,Mon Jun 01 07:26:33 PDT 2009,keza34,@TeenyR dye mine dark red all time.ex is dark auburn auburn and had times with his character shall we say.lol ,USA
1991721074,Mon Jun 01 07:32:47 PDT 2009,keza34,@TeenyR oh right havent listened to him since he was scott mills spot on radio 1 lol  showin age now.lol,USA
1991721660,Mon Jun 01 07:32:52 PDT 2009,VioletsCRUK,@Edith1969 Wow..Simple Minds..great band!  Maybe you were...sometimes you just feel at home somewhere and you dnt know why! ,Kenya
1991721692,Mon Jun 01 07:32:52 PDT 2009,Karen230683,@VioletsCRUK aye u are  White on it's way woohoooooo,Japan
1991797410,Mon Jun 01 07:40:52 PDT 2009,DarkPiano,"Sincere, heartfelt thanks to @SheilaUlrich for posting about &quot;Stage 4&quot; on her blog! Thank you so much, Sheila! ",Thailand
1991814143,Mon Jun 01 07:42:37 PDT 2009,DarkPiano,Life is a wonderful place to be ,Nigeria
1991851416,Mon Jun 01 07:46:31 PDT 2009,shanajaca,@Rotae Wauw some people should not be able to have kids LMAO  XX,Tanzania
1991851560,Mon Jun 01 07:46:32 PDT 2009,DarkPiano,@JennPowers Most definitely!  How are you this wonderful morning?!,Ethiopia
1991948341,Mon Jun 01 07:56:39 PDT 2009,Spidersamm,@schaeferj89 :o that explains it  hahaha well use all your coolness powers to get them down here  ha,Tanzania
1991987388,Mon Jun 01 08:00:33 PDT 2009,what_bugs_u,"@liv_d_mann why limit your story to 140 ch. Tell all what is annoying you at www.iamsoannoyed.com ,it will help relieve your stress ",India
1991988646,Mon Jun 01 08:00:40 PDT 2009,what_bugs_u,"@Careos why limit your story to 140 ch. Tell all what is annoying you at www.iamsoannoyed.com ,it will help relieve your stress ",Brazil
1992012028,Mon Jun 01 08:02:59 PDT 2009,what_bugs_u,"@sweetkarekare why limit your story to 140 ch. Tell all what is annoying you at www.iamsoannoyed.com ,it will help relieve your stress ",Japan
1992272737,Mon Jun 01 08:29:03 PDT 2009,keza34,@littlemunchkin hugs to you  mega hugs hope enough to last last all day.lol  xxx,Russia
1992292197,Mon Jun 01 08:30:57 PDT 2009,keza34,@NacMacFeegle just dont try to get me or i will hunt you down.lol  #spymaster,Kenya
1992314890,Mon Jun 01 08:33:08 PDT 2009,shanajaca,@LadyRubaiyat Wait a few and you will get it to so glad i dindt plan a BBQ lol  XX,Kenya
1992315937,Mon Jun 01 08:33:15 PDT 2009,mcraddictal,"@MCRmuffin it's fine, really. I'm still alive ",Ecuador
1992333707,Mon Jun 01 08:35:02 PDT 2009,mcraddictal,@MCRmuffin  how are you?,New Zealand
1992398210,Mon Jun 01 08:41:19 PDT 2009,what_bugs_u,"@mCLEod10 why limit your story to 140 ch. Tell all what is annoying you at www.iamsoannoyed.com ,it will help relieve your stress ",Spain
1992518703,Mon Jun 01 08:53:04 PDT 2009,shanajaca,@lilyginny27 And if youwonder about uncoditionel love that only exists between parent and child lol  XX,Russia
1992558039,Mon Jun 01 08:57:00 PDT 2009,shanajaca,@Amaren88 You must have the same calender i do lol  XX,Japan
1992604125,Mon Jun 01 09:01:27 PDT 2009,shanajaca,@Amaren88 Yep the same Ron like way to much lol and draco with a dove in his hands  XX,Chile
1992769550,Mon Jun 01 09:17:32 PDT 2009,shanajaca,@Rosherrrs Indeed i agree with storm send it to him it was made with love so he will like it  XX,USA
1992851749,Mon Jun 01 09:25:35 PDT 2009,shanajaca,@FaeryQueen07 Didnt they change the name to mexican flu lol  XX,USA
1993019255,Mon Jun 01 09:42:02 PDT 2009,Karen230683,@Jennifalconer hey jenni have heard u look gorgeous in the paper today  @leonkay nearly choked on his breakie though haha,Thailand
1993193783,Mon Jun 01 09:59:05 PDT 2009,shanajaca,@SouthernBets Mine did did you try to refresh the page?  XX,Egypt
1993331153,Mon Jun 01 10:12:20 PDT 2009,what_bugs_u,"@igottajonez why limit your story to 140 ch. Tell all what is annoying you at www.iamsoannoyed.com ,it will help relieve your stress ",Kenya
1993331994,Mon Jun 01 10:12:25 PDT 2009,DarkPiano,"Hey tweeps! Glad to have all of you as friends! You brighten my day, and there's never a dull moment ",Germany
1993372113,Mon Jun 01 10:16:13 PDT 2009,what_bugs_u,"@sylviapilawa why limit your story to 140 ch. Tell all what is annoying you at www.iamsoannoyed.com ,it will help relieve your stress ",India
1993429658,Mon Jun 01 10:21:48 PDT 2009,what_bugs_u,"@OhYesSheModels why limit your story to 140 ch. Tell all what is annoying you at www.iamsoannoyed.com ,it will help relieve your stress ",South Korea
1993517352,Mon Jun 01 10:30:18 PDT 2009,what_bugs_u,"@U_Got_Gimmicked why limit your story to 140 ch. Tell all what is annoying you at www.iamsoannoyed.com ,it will help relieve your stress ",Japan
1993600285,Mon Jun 01 10:38:17 PDT 2009,what_bugs_u,"@bre1089 why limit your story to 140 ch. Tell all what is annoying you at www.iamsoannoyed.com ,it will help relieve your stress ",Cuba
1993771233,Mon Jun 01 10:54:23 PDT 2009,ramdomthoughts,@lcaller Love this security stuff! ,Indonesia
1993773640,Mon Jun 01 10:54:37 PDT 2009,Karen230683,@mories23 run my way with more wine pleaaaaaaase ,Cuba
1993947745,Mon Jun 01 11:10:31 PDT 2009,Karen230683,@NiaBassett  what u up to tonight??,Ethiopia
1993993166,Mon Jun 01 11:14:43 PDT 2009,shanajaca,@feltbeats Congratzz your site deserves it keep up the good work and sorry about the post i did Misha i didnt know  XX,Germany
1994029286,Mon Jun 01 11:18:10 PDT 2009,shanajaca,@Rosherrrs Oh you where just fisshing for compliments that is a gorgoues drawing  XX,Indonesia
1994163047,Mon Jun 01 11:30:44 PDT 2009,Karen230683,@nitch79 oh have fun! And oops I said holly rather than hollie ,India
1994315914,Mon Jun 01 11:44:54 PDT 2009,shanajaca,@Barbiechick3004 But the most important thing is you have to adore kids and you have to do with heart and soul or you wont make it  XX,Argentina
1994528766,Mon Jun 01 12:03:29 PDT 2009,SongoftheOss,You know when you see a white van with &quot;no tools left in the vehicle overnight&quot; - do they mean the drivers? ,New Zealand
1994630871,Mon Jun 01 12:13:10 PDT 2009,VioletsCRUK,@whoisjob LOL oh that is deep...(a woman needs a man like a fish needs a bicycle)  True though!! hehe,UK
1994631439,Mon Jun 01 12:13:13 PDT 2009,DarkPiano,"@southerndelite Yo, Rita! ",Tanzania
1994805311,Mon Jun 01 12:29:12 PDT 2009,ramdomthoughts,Early finish at college - walking home. Some great E3 coverage on Twitter - many thanks for posting everyone! ,Chile
1994861888,Mon Jun 01 12:34:28 PDT 2009,mcraddictal,"@MatthewBryan glad you're doing good  erm... i'm confused, and hungry ;)",South Korea
1994890745,Mon Jun 01 12:37:11 PDT 2009,SongoftheOss,"@DazzW Just spotted an opt out message from spymaster, please click on the link cos I cannot figure out how to get rid of someone ",Dominican Republic
1994953763,Mon Jun 01 12:43:14 PDT 2009,SongoftheOss,@Applecored @thisstarchild lawks! think I will need to up my vitamin intake ,Colombia
1994996793,Mon Jun 01 12:47:15 PDT 2009,DarkPiano,Hey there tweeple!! ,USA
1995018136,Mon Jun 01 12:49:15 PDT 2009,ramdomthoughts,@paulmonkey You should end up eating less though - hopefully ,Jamaica
1995127961,Mon Jun 01 12:59:45 PDT 2009,SongoftheOss,"@Applecored @applecored I was just over there having a rest, god I am a bit useless tonight aren't I ",Canada
1995233350,Mon Jun 01 13:09:47 PDT 2009,DarkPiano,Hope everyone's having a great one! ,Tanzania
1995253224,Mon Jun 01 13:11:41 PDT 2009,TraceyHewins,@ComedyQueen good to hear it ,Brazil
1995295483,Mon Jun 01 13:15:45 PDT 2009,SongoftheOss,@_CorruptedAngel if this week gets any worse you may well have me CV ,Tanzania
1995296733,Mon Jun 01 13:15:52 PDT 2009,ramdomthoughts,@geekachu I understand what you mean though ,Antarctica
1995528957,Mon Jun 01 13:38:10 PDT 2009,what_bugs_u,"@deseraestage why limit your story to 140 ch. Tell all what is annoying you at www.iamsoannoyed.com ,it will help relieve your stress ",Chile
1995616669,Mon Jun 01 13:46:34 PDT 2009,shanajaca,@SouthernBets Offcourse @stormlight02 informed me that the next one will carrie my name Erika isnt it great i will visit the US LMAO  XX,Germany
1995720044,Mon Jun 01 13:56:28 PDT 2009,shanajaca,@xXFriendXx http://bit.ly/nD6Fo  enjoy it is sexy and great  XX,Cuba
1995779055,Mon Jun 01 14:02:01 PDT 2009,SongoftheOss,@Applecored check your dm honey ,UK
1995982900,Mon Jun 01 14:21:02 PDT 2009,what_bugs_u,"@mascotmike why limit your story to 140 ch. Tell all what is annoying you at www.iamsoannoyed.com ,it will help relieve your stress ",Japan
1996002241,Mon Jun 01 14:22:52 PDT 2009,what_bugs_u,"@dragalicious why limit your story to 140 ch. Tell all what is annoying you at www.iamsoannoyed.com ,it will help relieve your stress ",Cuba
1996003702,Mon Jun 01 14:23:01 PDT 2009,shanajaca,@Stormlite02 Nice sweet pic there lol  XX ewwwwwww,UK
1996004576,Mon Jun 01 14:23:06 PDT 2009,what_bugs_u,"@kat_woman13 why limit your story to 140 ch. Tell all what is annoying you at www.iamsoannoyed.com ,it will help relieve your stress ",UK
1996022698,Mon Jun 01 14:24:49 PDT 2009,what_bugs_u,"@Neutrino50 why limit your story to 140 ch. Tell all what is annoying you at www.iamsoannoyed.com ,it will help relieve your stress ",Canada
1996067019,Mon Jun 01 14:29:02 PDT 2009,SongoftheOss,"@the_apostate fair enough, hope the supply teachers aren't distracting you too much ",Cuba
1996067582,Mon Jun 01 14:29:05 PDT 2009,what_bugs_u,"@PGALC why limit your story to 140 ch. Tell all what is annoying you at www.iamsoannoyed.com ,it will help relieve your stress ",Dominican Republic
1996174247,Mon Jun 01 14:39:08 PDT 2009,shanajaca,@Stormlite02 Thank you i realy believed the only country being in winter was Australie and New zealand lol i need to get lessons lol  XX,Tanzania
1996233784,Mon Jun 01 14:44:55 PDT 2009,ramdomthoughts,@dsushee @lcaller LOL no  Just hacking his ATV ,Germany
1996276116,Mon Jun 01 14:49:02 PDT 2009,shanajaca,@Stormlite02 Nice it was about 25 here we call that hot here lol  XX,Ethiopia
1996277437,Mon Jun 01 14:49:10 PDT 2009,SongoftheOss,"@streetpete goon evening fine sir, have been keeping the decks warmed and ready for you ",Jamaica
1996636205,Mon Jun 01 15:25:25 PDT 2009,DarkPiano,@CoachCharrise Charrise!! Hello! ,Australia
1996673496,Mon Jun 01 15:29:22 PDT 2009,ramdomthoughts,@TorontoViewer Are your DMs working? Just sent you one ,Nigeria
1996784824,Mon Jun 01 15:41:11 PDT 2009,mcraddictal,@RuthieStump haha! Yay! ,Antarctica
1996788478,Mon Jun 01 15:41:34 PDT 2009,SongoftheOss,For @thisstarchild  x â« http://blip.fm/~7gfai,South Korea
1996860377,Mon Jun 01 15:49:23 PDT 2009,SongoftheOss,"@streetpete and to you sir, keep those decks spinning with your top choices ",Peru
1996914456,Mon Jun 01 15:55:15 PDT 2009,ramdomthoughts,Why do I get music ideas at this time? I should be going to bed. Oh well ... another hour won't hurt ,Tanzania
1997045943,Mon Jun 01 16:09:22 PDT 2009,what_bugs_u,"@jktweet why limit your story to 140 ch. Tell all what is annoying you at www.iamsoannoyed.com ,it will help relieve your stress ",Kenya
1997048189,Mon Jun 01 16:09:37 PDT 2009,what_bugs_u,"@kaitlynskismet why limit your story to 140 ch. Tell all what is annoying you at www.iamsoannoyed.com ,it will help relieve your stress ",Colombia
1997159791,Mon Jun 01 16:21:33 PDT 2009,what_bugs_u,"@angryfeet why limit your story to 140 ch. Tell all what is annoying you at www.iamsoannoyed.com ,it will help relieve your stress ",India
1997179119,Mon Jun 01 16:23:37 PDT 2009,what_bugs_u,"@SprFatSprChick why limit your story to 140 ch. Tell all what is annoying you at www.iamsoannoyed.com ,it will help relieve your stress ",Kenya
1997196527,Mon Jun 01 16:25:30 PDT 2009,what_bugs_u,"@mcpryce why limit your story to 140 ch. Tell all what is annoying you at www.iamsoannoyed.com ,it will help relieve your stress ",Japan
1997481712,Mon Jun 01 16:55:41 PDT 2009,what_bugs_u,"@misstrace why limit your story to 140 ch. Tell all what is annoying you at www.iamsoannoyed.com ,it will help relieve your stress ",Mexico
1997598553,Mon Jun 01 17:07:43 PDT 2009,TraceyHewins,@BennyDavro you're welcome ,Spain
1997674960,Mon Jun 01 17:15:44 PDT 2009,TraceyHewins,@davehillman hanging in there ,Cuba
1997694844,Mon Jun 01 17:17:49 PDT 2009,mcraddictal,"@AhSatanseesMCR then no... I'm not joking. But, don't worry about it.  you'll know.",Indonesia
1997735835,Mon Jun 01 17:22:03 PDT 2009,TraceyHewins,@davehillman SORRY!!! LOL I've got a bit of a headache ,China
1997830947,Mon Jun 01 17:31:52 PDT 2009,thisgoeshere,@xxkassyxx oh my hoppus! yes!!!! i'll bring the gummie bears ,Indonesia
1997870317,Mon Jun 01 17:35:55 PDT 2009,mcraddictal,@mcrfash1  really?! That made me smile! lmao,USA
1997871209,Mon Jun 01 17:36:01 PDT 2009,thisgoeshere,@xxkassyxx we shall not fail my comrade ,USA
1997949448,Mon Jun 01 17:44:14 PDT 2009,TraceyHewins,@JGDemas lmao YOU were the one who was bored! I was getting the kids off to bed ,Argentina
1997949451,Mon Jun 01 17:44:16 PDT 2009,thisgoeshere,@erin82883 yes please! i will work the rest out ,Dominican Republic
1998189820,Mon Jun 01 18:08:27 PDT 2009,StDAY,@a_simple_girl *catches pizza frisbee/frisbzza?/pizzbee? and chomps down* Thanks dear!! ,Indonesia
1998229054,Mon Jun 01 18:12:22 PDT 2009,SallytheShizzle,@BrittGoosie not if i beat you first ;) (unlikely) and I hope you are ,Chile
1998289775,Mon Jun 01 18:18:19 PDT 2009,TraceyHewins,@michellebi good thanks how are you ,Italy
1998394288,Mon Jun 01 18:28:38 PDT 2009,what_bugs_u,"@talkngpictures why limit your story to 140 ch. Tell all what is annoying you at www.iamsoannoyed.com ,it will help relieve your stress ",Nigeria
1998535599,Mon Jun 01 18:42:42 PDT 2009,StDAY,@a_simple_girl Go to sleep! Wait... That was a &quot;loud&quot; tweet. *whispers* go to sleeeeeep. ,Ecuador
1998695681,Mon Jun 01 18:58:38 PDT 2009,what_bugs_u,"@M0US3W1F3 why limit your story to 140 ch. Tell all what is annoying you at www.iamsoannoyed.com ,it will help relieve your stress ",Germany
1998942722,Mon Jun 01 19:22:49 PDT 2009,what_bugs_u,"@lancensolomon why limit your story to 140 ch. Tell all what is annoying you at www.iamsoannoyed.com ,it will help relieve your stress ",France
1999140149,Mon Jun 01 19:42:36 PDT 2009,thisgoeshere,"@markhoppus yes! no! don't get ass kicked. but seriously, that shizz was hilarious ",Indonesia
1999218233,Mon Jun 01 19:50:35 PDT 2009,what_bugs_u,"@SportsChic12 why limit your story to 140 ch. Tell all what is annoying you at www.iamsoannoyed.com ,it will help relieve your stress ",China
1999218299,Mon Jun 01 19:50:35 PDT 2009,thisgoeshere,@xxkassyxx haha. ok good! i was ready to plan an intervention ,Tanzania
1999218407,Mon Jun 01 19:50:36 PDT 2009,mcraddictal,@MCRIsAPleasure  do it! ,Cuba
1999221117,Mon Jun 01 19:50:53 PDT 2009,StDAY,Adam's Song - Blink-182. I haven't listened to this in AGES! Love it. ,Egypt
1999222339,Mon Jun 01 19:51:00 PDT 2009,what_bugs_u,"@alexandra_42 why limit your story to 140 ch. Tell all what is annoying you at www.iamsoannoyed.com ,it will help relieve your stress ",South Africa
1999236369,Mon Jun 01 19:52:27 PDT 2009,what_bugs_u,"@Bornin82 why limit your story to 140 ch. Tell all what is annoying you at www.iamsoannoyed.com ,it will help relieve your stress ",Ecuador
1999291544,Mon Jun 01 19:58:11 PDT 2009,what_bugs_u,"@amberpotter why limit your story to 140 ch. Tell all what is annoying you at www.iamsoannoyed.com ,it will help relieve your stress ",Jamaica
1999340315,Mon Jun 01 20:03:00 PDT 2009,what_bugs_u,@_likeAstar its iamsoannoyed.com ,South Africa
1999485298,Mon Jun 01 20:18:01 PDT 2009,thisgoeshere,"@juhidee119 haha. yeah, that's why i clarified. i have a tendency to talk about hurley like he's a friend tho and that confuses ppl ",Tanzania
1999514312,Mon Jun 01 20:21:03 PDT 2009,what_bugs_u,"@motgol11 why limit your story to 140 ch. Tell all what is annoying you at www.iamsoannoyed.com ,it will help relieve your stress ",Japan
1999549488,Mon Jun 01 20:24:48 PDT 2009,what_bugs_u,"@traceytwit84 why limit your story to 140 ch. Tell all what is annoying you at www.iamsoannoyed.com ,it will help relieve your stress ",Cuba
1999571947,Mon Jun 01 20:27:09 PDT 2009,what_bugs_u,"@EighthHorcrux why limit your story to 140 ch. Tell all what is annoying you at www.iamsoannoyed.com ,it will help relieve your stress ",India
1999859566,Mon Jun 01 20:57:22 PDT 2009,StDAY,"I won the radio battle.  Well, for now... Doin' Time - Sublime  I love Sublime. Yup.",Japan
1999967561,Mon Jun 01 21:09:18 PDT 2009,thisgoeshere,@lemongeneration yay! ,India
2000085651,Mon Jun 01 21:22:56 PDT 2009,wowlew,isValcore (Guild) im healing ,Italy
2000121407,Mon Jun 01 21:27:15 PDT 2009,wowlew,isValcore (Guild) i like it ,Ethiopia
2000589680,Mon Jun 01 22:27:53 PDT 2009,thisgoeshere,@SUAREASY how are you??? is life beautiful today for you? ,Dominican Republic
2000712449,Mon Jun 01 22:46:07 PDT 2009,SallytheShizzle,@taylorswift13 http://twitpic.com/6g8k2 - oh that is KEWL!!  orange strangely suits you  very nice. BTW your eyes just pop out in th ...,Mexico
2000776460,Mon Jun 01 22:56:11 PDT 2009,SallytheShizzle,http://www.flickr.com/photos/shaunae/3489042153/ bwaaahahaha someone called this a koala! xP tee hee. He looks happy though ,Russia
2000997166,Mon Jun 01 23:32:36 PDT 2009,Spidersamm,"@x_farmgirl_x haha im just dumb  ah yeah its alright, bit nippy but theres no wind which is good (Y) haven't seen rain in weeks",Canada
2001066672,Mon Jun 01 23:44:41 PDT 2009,SallytheShizzle,DON'T LEAVE ME - BLINK-182 &lt;33 yay I remembered ,Antarctica
2001088322,Mon Jun 01 23:48:27 PDT 2009,SallytheShizzle,I think I need to make a NEW PLAYLIST  haha. I'm sick of my old one XD,Ethiopia
2001145125,Mon Jun 01 23:58:43 PDT 2009,SallytheShizzle,@MAGGIECHICKEN haha. Nope but thanks  I'm going for some heavier music ;),Italy
2001223753,Tue Jun 02 00:12:26 PDT 2009,Jayme1988,@Rob_Cohn No need to thank me. You always do have relevant and good things to say ,New Zealand
2001247269,Tue Jun 02 00:16:43 PDT 2009,ramdomthoughts,@SupaSaz Enjoy your day ,South Africa
2001256107,Tue Jun 02 00:18:18 PDT 2009,Jayme1988,"@JamesMW78 Good morning, enjoy the weather as much as you can ",Chile
2001341660,Tue Jun 02 00:34:18 PDT 2009,SallytheShizzle,"@MAGGIECHICKEN haha. I like Miley ;) buuuuut each to their own, yesh? ",China
2001352169,Tue Jun 02 00:36:17 PDT 2009,Jayme1988,"@sceric77 What happened to keeping me, Hmmmm? I have been unfolowed like a crack pushing cam girl! ",Egypt
2001376331,Tue Jun 02 00:41:00 PDT 2009,shanajaca,@Amaren88 Good morning to you  XX,New Zealand
2001394334,Tue Jun 02 00:44:34 PDT 2009,ramdomthoughts,"I am thinking about Show 149. No idea when I'm gonna record it yet, but I'm thinking about it - a good sign I think ",Thailand
2001413643,Tue Jun 02 00:48:18 PDT 2009,StDAY,"@xoMusicLoverxo Yay indeed!  [FYI, I keep doing this .) smiley instead...]",Kenya
2001466005,Tue Jun 02 00:58:52 PDT 2009,shanajaca,@TomFelton Goodmorning !!!!! Have a wonderfull day !!  XX,Thailand
2001466309,Tue Jun 02 00:58:56 PDT 2009,StDAY,"@xoMusicLoverxo Goodnight, J. Sweet dreams. ",Germany
2001517739,Tue Jun 02 01:08:50 PDT 2009,VioletsCRUK,@Karen230683 @Glasgowlassy OMG i am PSML!!! at you two's comments!!! LOL!!! I dnt even know where to start replying!!! LOL Morning btw!  x,South Africa
2001555753,Tue Jun 02 01:16:30 PDT 2009,shanajaca,And yet again she didnt get one WOEHAHAHAHAHAHAHAHAHA i love it hahahahah LMAO  xx,Germany
2001565140,Tue Jun 02 01:18:27 PDT 2009,ramdomthoughts,@SupaSaz Will do  Need to get dressed me thinks - the day is disappearing before my eyes ,Dominican Republic
2001568050,Tue Jun 02 01:19:04 PDT 2009,ramdomthoughts,@longpier A lot better now mate - thank you for asking ,Kenya
2001577647,Tue Jun 02 01:21:00 PDT 2009,ramdomthoughts,I am gonna be pimping Tom's latest podcast show later on tonight as well - it's srsly fantastic stuff ,Peru
2001613731,Tue Jun 02 01:28:23 PDT 2009,VioletsCRUK,@Glasgowlassy pmsl at your text...thanks!!  x,Australia
2001626291,Tue Jun 02 01:30:52 PDT 2009,nuttychris,@Jamesashton20 lol kwlio how many weeks you got left? and same here well for college but you no ,Germany
2001645771,Tue Jun 02 01:34:55 PDT 2009,thisgoeshere,@chiara_f oh i just love it too much to be hating. but i feel like stealing and superimposing things ,Peru
2001662628,Tue Jun 02 01:38:26 PDT 2009,VioletsCRUK,@garry1bowie LOL i didn't know you were a cross-dressing alko..im seein you in a whole new light!! ,Italy
2001674627,Tue Jun 02 01:40:56 PDT 2009,thisgoeshere,"@fadedmoon wow. i will need to adjust my sleep. or just wake up like this. at odd times.  well i do that anyway, its how i roll hehe ",Peru
2001682715,Tue Jun 02 01:42:39 PDT 2009,thisgoeshere,"@fadedmoon pardon my insanity; its one of those days  tho @ 4 am, is it day or night or shall we call it hr since sleep still wants me? ",Egypt
2001693409,Tue Jun 02 01:44:54 PDT 2009,thisgoeshere,"i like will ferrell cos he emphasises a lot, and sometimes at weird intervals. and yeah, that appeals to me. will ferrell is sexy! ",Mexico
2001702795,Tue Jun 02 01:46:49 PDT 2009,SallytheShizzle,@flyyywithme LOL  &lt;33,UK
2001721501,Tue Jun 02 01:50:44 PDT 2009,SallytheShizzle,http://bit.ly/effjt  makes me laugh ,Spain
2001732888,Tue Jun 02 01:53:08 PDT 2009,thisgoeshere,@fadedmoon oh you are so right! darn thee to the depths school! to the depths and rot! ,Colombia
2001771462,Tue Jun 02 02:01:09 PDT 2009,thisgoeshere,@lemongeneration you didn't! ,Antarctica
2001798606,Tue Jun 02 02:06:37 PDT 2009,Spidersamm,"@shaundiviney dude, your sexy the way you are ",New Zealand
2001812180,Tue Jun 02 02:09:28 PDT 2009,Spidersamm,@HelloLizzi yes ,UK
2001817664,Tue Jun 02 02:10:35 PDT 2009,thisgoeshere,@lemongeneration biiiiiiiig guy... little training space. so not fun ,Brazil
2001819210,Tue Jun 02 02:10:54 PDT 2009,VioletsCRUK,@Karen230683  hopefully..il just promise her a new pair of beads if she doesn't cry and run out the place! lol Its called bling blackmail!,New Zealand
2001877360,Tue Jun 02 02:23:08 PDT 2009,SallytheShizzle,"@MAGGIECHICKEN congrats, you'll be right  especially if you did so well!",Mexico
2001885941,Tue Jun 02 02:25:01 PDT 2009,thisgoeshere,@lemongeneration ps: 'wentz' shopping?! i just heart you ,Australia
2001895362,Tue Jun 02 02:26:57 PDT 2009,thisgoeshere,@Ilkee dream about the fc boys! remind me to tell you!!! ,Australia
2001906864,Tue Jun 02 02:29:23 PDT 2009,thisgoeshere,@lemongeneration haha! priceless! i love it! sad they don't accept that in essays ,Peru
2001928095,Tue Jun 02 02:33:32 PDT 2009,SallytheShizzle,@MAGGIECHICKEN i'm sure you did fine on that as well  As long as you wrote SOMETHING you'll pass ;),Ecuador
2001933566,Tue Jun 02 02:34:39 PDT 2009,ramdomthoughts,I'm running out of space on my iPhone. I srsly need to catch up on some podcasts while I'm out and about in the sunSHINE ,Ecuador
2001938169,Tue Jun 02 02:35:34 PDT 2009,thisgoeshere,@lemongeneration we can put up like &quot;do not disturb: dreaming of patrick right now&quot; ,Egypt
2001986202,Tue Jun 02 02:45:32 PDT 2009,thisgoeshere,@GabrielSaporta oh that's the secret of the mega tweets. hehe. you're cute gabe.  night,Russia
2002191372,Tue Jun 02 03:27:00 PDT 2009,Jayme1988,"@Eric_Chambers I will, you have a great day ",Argentina
2002245549,Tue Jun 02 03:37:34 PDT 2009,VioletsCRUK,@Karen230683 @glasgowlassy @colinkelly Oh gawd i just snorted too..that pic never fails to make me giggle!! lol So funny! ,Brazil
2002274430,Tue Jun 02 03:43:17 PDT 2009,mcraddictal,@NoRaptors i hate the beach too! And adventure island and busch gardens every weekend wasn't a bad thing  i lived like 20 minutes away.lol,Russia
2002297197,Tue Jun 02 03:47:37 PDT 2009,VioletsCRUK,@Karen230683 LOL Im sure @colinkelly prefers women with a fuller figure anyway...we curvy &amp; thats better than bein skinny!  @glasgowlassy,Canada
2002318362,Tue Jun 02 03:51:34 PDT 2009,VioletsCRUK,@jaybranch  Nice one..you are a man off good taste!!!,Germany
2002328343,Tue Jun 02 03:53:26 PDT 2009,shanajaca,@Mattdavelewis Good you will be clean in a bit then have fuuuuuuuuuuuun !!!!!!!!!!!! lol  XX,New Zealand
2002396869,Tue Jun 02 04:05:26 PDT 2009,VioletsCRUK,@Karen230683 Her visit is at 3.45 till 4.15....she is running bout the garden mad at the mo! Hope i can get her in without a fight!! ,South Africa
2002397476,Tue Jun 02 04:05:33 PDT 2009,Jayme1988,I may have my lunch... although it's not exactly exciting today lol DETOX!! ,Jamaica
2002398103,Tue Jun 02 04:05:39 PDT 2009,DarkPiano,Wishing everyone a wonderful morning! ,Japan
2002432045,Tue Jun 02 04:11:44 PDT 2009,Spidersamm,@shaunjumpnow you lucky ngkdfngkdflgndklf fcker   nice birthday present?,Spain
2002441569,Tue Jun 02 04:13:26 PDT 2009,ramdomthoughts,@ScottSharman Cod &amp; chips with a splash of tommy sauce please fella - ta ,Egypt
2002465360,Tue Jun 02 04:17:38 PDT 2009,Spidersamm,@schaeferj89  wooo its that ToHo street team leader  hahahah,Canada
2002486163,Tue Jun 02 04:21:14 PDT 2009,Jayme1988,@AJM1030 I am great thanks  nice and warm here today ,Mexico
2002500215,Tue Jun 02 04:23:43 PDT 2009,DarkPiano,@LatteWithLori Usually takes me about an hour. When I'm not tweeting. ,Kenya
2002502557,Tue Jun 02 04:24:07 PDT 2009,VioletsCRUK,@jason_2008 LOL aw do you love to hear from your bro first thing on a Saturday morning?!  @sion71,Spain
2002511502,Tue Jun 02 04:25:37 PDT 2009,what_bugs_u,"@FadedPaper why limit your story to 140 ch. Tell all what is annoying you at www.iamsoannoyed.com ,it will help relieve your stress ",Brazil
2002512732,Tue Jun 02 04:25:49 PDT 2009,what_bugs_u,"@xxxch33s3xxx3 why limit your story to 140 ch. Tell all what is annoying you at www.iamsoannoyed.com ,it will help relieve your stress ",South Korea
2002513281,Tue Jun 02 04:25:55 PDT 2009,SallytheShizzle,@jaybby_ i don't have any left...sorry. But the next I get some...you'll be first in line ,Mexico
2002513552,Tue Jun 02 04:25:58 PDT 2009,what_bugs_u,"@ohdesu why limit your story to 140 ch. Tell all what is annoying you at www.iamsoannoyed.com ,it will help relieve your stress ",Russia
2002513936,Tue Jun 02 04:26:02 PDT 2009,SallytheShizzle,@jaybby_ TWEETING!! ,Kenya
2002535566,Tue Jun 02 04:29:44 PDT 2009,what_bugs_u,"@CaramelBeauty92 why limit your story to 140 ch. Tell all what is annoying you at www.iamsoannoyed.com ,it will help relieve your stress ",Ecuador
2002548159,Tue Jun 02 04:31:42 PDT 2009,DarkPiano,"@shellartistree Thanks Shell, good morning! ",Brazil
2002562458,Tue Jun 02 04:34:08 PDT 2009,DarkPiano,@DvineExpression Good morning! ,USA
2002586402,Tue Jun 02 04:38:09 PDT 2009,Jayme1988,@5windows Hello and good morning! you might have to unfollow me and then refollow! I will do the same with you ,South Korea
2002596603,Tue Jun 02 04:39:54 PDT 2009,DarkPiano,I earned 24 cents in radio airplay royalties! I'll try not to spend it all in one place. ,Japan
2002597652,Tue Jun 02 04:40:04 PDT 2009,mcraddictal,@neszlifeasmcrmy bye nessy ily too ,Argentina
2002620304,Tue Jun 02 04:43:46 PDT 2009,TraceyHewins,@James_Phelps Hope your hay fever isn't so bad today ,Egypt
2002632842,Tue Jun 02 04:45:45 PDT 2009,what_bugs_u,"@dmf71 why limit your story to 140 ch. Tell all what is annoying you at www.iamsoannoyed.com ,it will help relieve your stress ",South Korea
2002645214,Tue Jun 02 04:47:44 PDT 2009,DarkPiano,"@JeanneBehr Doing great, Jeanne! How are you? ",Brazil
2002658813,Tue Jun 02 04:49:52 PDT 2009,what_bugs_u,"@marionsen why limit your story to 140 ch. Tell all what is annoying you at www.iamsoannoyed.com ,it will help relieve your stress ",USA
2002686300,Tue Jun 02 04:54:11 PDT 2009,what_bugs_u,"@scottie_morris why limit your story to 140 ch. Tell all what is annoying you at www.iamsoannoyed.com ,it will help relieve your stress ",Canada
2002709722,Tue Jun 02 04:57:54 PDT 2009,what_bugs_u,"@omgjodie why limit your story to 140 ch. Tell all what is annoying you at www.iamsoannoyed.com ,it will help relieve your stress ",Jamaica
2002711606,Tue Jun 02 04:58:12 PDT 2009,what_bugs_u,"@saraheliza why limit your story to 140 ch. Tell all what is annoying you at www.iamsoannoyed.com ,it will help relieve your stress ",Kenya
2002776097,Tue Jun 02 05:07:52 PDT 2009,what_bugs_u,"@NipperFord why limit your story to 140 ch. Tell all what is annoying you at www.iamsoannoyed.com ,it will help relieve your stress ",Australia
2002776887,Tue Jun 02 05:07:59 PDT 2009,Jayme1988,@JCinQC Good morning ,Jamaica
2002779247,Tue Jun 02 05:08:21 PDT 2009,what_bugs_u,"@jbo2231 why limit your story to 140 ch. Tell all what is annoying you at www.iamsoannoyed.com ,it will help relieve your stress ",Jamaica
2002816703,Tue Jun 02 05:13:59 PDT 2009,what_bugs_u,"@dennisacosta why limit your story to 140 ch. Tell all what is annoying you at www.iamsoannoyed.com ,it will help relieve your stress ",Colombia
2002856856,Tue Jun 02 05:19:53 PDT 2009,DarkPiano,"@theelfinpoet Glad to hear, and likewise! ",Ecuador
2002860411,Tue Jun 02 05:20:21 PDT 2009,Jayme1988,@rjw8888 #EpicDietFail lol How are you this morning? ,Colombia
2002873684,Tue Jun 02 05:22:16 PDT 2009,DarkPiano,@Goldzone Lukewise...and thank you for the support! ,Tanzania
2002886955,Tue Jun 02 05:24:13 PDT 2009,DarkPiano,"@bethlayne Why thank you, Beth! ",Peru
2002900577,Tue Jun 02 05:26:06 PDT 2009,shanajaca,White or black i need some help lol  XX,New Zealand
2002943016,Tue Jun 02 05:31:57 PDT 2009,Jayme1988,@rjw8888 Good good. You know where I am if you need to chat ,Dominican Republic
2002944442,Tue Jun 02 05:32:09 PDT 2009,shanajaca,Good god i just bought myself an IPhone i will have it by friday yeay yeay yeay jumps up and down like crazy lol  XX,Peru
2002950864,Tue Jun 02 05:33:01 PDT 2009,TraceyHewins,@arianneross getting lost is no fun--unless you have no where to go ,Canada
2002952864,Tue Jun 02 05:33:18 PDT 2009,TraceyHewins,@davehillman gonna share more of our tweets? LOL I'm good thanks ,Dominican Republic
2002974383,Tue Jun 02 05:36:17 PDT 2009,keza34,@ComedyQueen whens next one and what is it?glad exam went ok.lol ,UK
2003020459,Tue Jun 02 05:42:22 PDT 2009,TraceyHewins,@davehillman No. I live in a Sugar-free Jelly Bean Free world. Been giving away some Milanos tho ,Australia
2003032207,Tue Jun 02 05:43:59 PDT 2009,DarkPiano,"@giselle2323 Thank you, Giselle! I love that quote ",Kenya
2003034968,Tue Jun 02 05:44:21 PDT 2009,keza34,@ComedyQueen you will be ok?dont worry about it.lol ,Peru
2003050008,Tue Jun 02 05:46:18 PDT 2009,keza34,@Dojie all fine here.nice and cool here so not meltin today.what about you? ,Cuba
2003064856,Tue Jun 02 05:48:14 PDT 2009,ramdomthoughts,Now sitting outside Starbucks watching the world go by ,Italy
2003082856,Tue Jun 02 05:50:32 PDT 2009,Jayme1988,@Gluonsrule I am already doing a good job  how are you??,New Zealand
2003097595,Tue Jun 02 05:52:25 PDT 2009,Jayme1988,"@5windows OH thats fine, we like being stuck with ya ",Ecuador
2003127058,Tue Jun 02 05:56:05 PDT 2009,DarkPiano,"@SunnaGunnlaugs Well thank you, Sunna! ",Peru
2003144041,Tue Jun 02 05:58:14 PDT 2009,keza34,@ComedyQueen byeeeeee ,Peru
2003179770,Tue Jun 02 06:02:24 PDT 2009,Spidersamm,"@rebeccabakic woah, your on a high  haha",Cuba
2003186865,Tue Jun 02 06:03:14 PDT 2009,TraceyHewins,@amyshell gotcha ,South Korea
2003245887,Tue Jun 02 06:10:14 PDT 2009,what_bugs_u,"@kiyannashanay why limit your story to 140 ch. Tell all what is annoying you at www.iamsoannoyed.com ,it will help relieve your stress ",Nigeria
2003247565,Tue Jun 02 06:10:26 PDT 2009,what_bugs_u,"@AnnieCushing why limit your story to 140 ch. Tell all what is annoying you at www.iamsoannoyed.com ,it will help relieve your stress ",Japan
2003264023,Tue Jun 02 06:12:22 PDT 2009,what_bugs_u,"@suekleiner why limit your story to 140 ch. Tell all what is annoying you at www.iamsoannoyed.com ,it will help relieve your stress ",Cuba
2003293170,Tue Jun 02 06:15:50 PDT 2009,keza34,@Dojie most definately with show later and all yo can eat chinese.lol ,Ethiopia
2003330880,Tue Jun 02 06:20:12 PDT 2009,keza34,@vixen37 have you been in my bedroom? lol ,China
2003353231,Tue Jun 02 06:22:44 PDT 2009,VioletsCRUK,Where are you @glasgowlassy are you still in your scratcher?  x,India
2003404371,Tue Jun 02 06:28:21 PDT 2009,shanajaca,@Stormlite02 I know that is for next month a new laptop lol  XX,Cuba
2003517466,Tue Jun 02 06:40:40 PDT 2009,DarkPiano,@DvineExpression Great! ,USA
2003535748,Tue Jun 02 06:42:38 PDT 2009,what_bugs_u,"@ShannonClagett why limit your story to 140 ch. Tell all what is annoying you at www.iamsoannoyed.com ,it will help relieve your stress ",UK
2003537210,Tue Jun 02 06:42:48 PDT 2009,what_bugs_u,"@Lyanna why limit your story to 140 ch. Tell all what is annoying you at www.iamsoannoyed.com ,it will help relieve your stress ",Italy
2003573544,Tue Jun 02 06:46:42 PDT 2009,ramdomthoughts,@Charlotteis Yes - on my Mac &amp; iPhone - fab software ,USA
2003594779,Tue Jun 02 06:49:00 PDT 2009,DarkPiano,@VickiElam Good day so far? I'm out restoring harmony.  4 pianos to tune today!,Colombia
2003596401,Tue Jun 02 06:49:10 PDT 2009,Jayme1988,@Mykale007 I am good thanks  how are you?,France
2003601937,Tue Jun 02 06:49:45 PDT 2009,keza34,@Dojie what?didnt do anything.lol ,South Korea
2003657423,Tue Jun 02 06:55:35 PDT 2009,TraceyHewins,@chriscuzzy you too ,Brazil
2003812446,Tue Jun 02 07:11:22 PDT 2009,what_bugs_u,"@CassandraMaree why limit your story to 140 ch. Tell all what is annoying you at www.iamsoannoyed.com ,it will help relieve your stress ",India
2003814517,Tue Jun 02 07:11:35 PDT 2009,what_bugs_u,"@PlatypusZero why limit your story to 140 ch. Tell all what is annoying you at www.iamsoannoyed.com ,it will help relieve your stress ",Colombia
2003833583,Tue Jun 02 07:13:32 PDT 2009,shanajaca,@aerynblack Oh how sweet for you i am so happy you all can go togheter just make us loads of pics ok  XXhugzzzzzzzzz,Canada
2003876986,Tue Jun 02 07:17:56 PDT 2009,shanajaca,Now here is to hoping that Tom Felton or any other loveable cast member will attend the NY premiere  XX,India
2003955437,Tue Jun 02 07:25:47 PDT 2009,ramdomthoughts,@Charlotteis Oh right - thanks  Nah - I've not even started yet LOL ,Mexico
2003975818,Tue Jun 02 07:27:49 PDT 2009,ramdomthoughts,Can I buy a six pack please? I'm not talking about beer ,Italy
2003979542,Tue Jun 02 07:28:11 PDT 2009,mcraddictal,@travisking haha. I've noticed. Have fun ,Colombia
2004190037,Tue Jun 02 07:48:47 PDT 2009,keza34,@nessie_111 i know .at least 1 more to gang up with against boys.lol ,Dominican Republic
2004430668,Tue Jun 02 08:11:23 PDT 2009,shanajaca,@lilyginny27 He just tweeted you !!!!! you arent pleased quickly right lol  XX,Cuba
2004473820,Tue Jun 02 08:15:24 PDT 2009,Jayme1988,@mnrmg Mine was about my body immage... sponsored by goodyear ,UK
2004532207,Tue Jun 02 08:20:50 PDT 2009,what_bugs_u,"@berryliciouz why limit your story to 140 ch. Tell all what is annoying you at www.iamsoannoyed.com ,it will help relieve your stress ",Jamaica
2004534950,Tue Jun 02 08:21:05 PDT 2009,what_bugs_u,"@ChuckOff why limit your story to 140 ch. Tell all what is annoying you at www.iamsoannoyed.com ,it will help relieve your stress ",Mexico
2004633818,Tue Jun 02 08:30:20 PDT 2009,what_bugs_u,"@thomasrossetti why limit your story to 140 ch. Tell all what is annoying you at www.iamsoannoyed.com ,it will help relieve your stress ",Nigeria
2004636148,Tue Jun 02 08:30:33 PDT 2009,what_bugs_u,"@AineCarlin why limit your story to 140 ch. Tell all what is annoying you at www.iamsoannoyed.com ,it will help relieve your stress ",Russia
2004962396,Tue Jun 02 09:00:31 PDT 2009,TraceyHewins,@amyshell that's what we're having tomorrow ,Tanzania
2004970704,Tue Jun 02 09:01:18 PDT 2009,TraceyHewins,@ComedyQueen good thanks ,Jamaica
2004972621,Tue Jun 02 09:01:27 PDT 2009,Jayme1988,@CosmicMother thanks  hope you are well!,Japan
2005196739,Tue Jun 02 09:20:55 PDT 2009,what_bugs_u,"@riotthyme why limit your story to 140 ch. Tell all what is annoying you at www.iamsoannoyed.com ,it will help relieve your stress ",Egypt
2005198826,Tue Jun 02 09:21:06 PDT 2009,thisgoeshere,@juhidee119 we should! all i have is p. stump can slam a revolving door ,New Zealand
2005440805,Tue Jun 02 09:42:01 PDT 2009,TraceyHewins,@amyshell LOL sounds good ,Australia
2005513328,Tue Jun 02 09:48:15 PDT 2009,shanajaca,@xXFriendXx HAHAHAHA we could only wish lol  XX,South Korea
2006145495,Tue Jun 02 10:43:35 PDT 2009,VioletsCRUK,@Bootcoot Well at least you try - ur doin better than me! ,Russia
2007155181,Tue Jun 02 12:13:44 PDT 2009,SongoftheOss,@ThisStarChild Hello you ,Jamaica
2007559678,Tue Jun 02 12:49:07 PDT 2009,DarkPiano,@Scout66com Hows it going Janet?! ,Cuba
2007745166,Tue Jun 02 13:05:24 PDT 2009,shanajaca,@irooloo That is good then i have a little time to vote i the morning lol  XX,Japan
2007747033,Tue Jun 02 13:05:35 PDT 2009,SongoftheOss,"@the_apostate er, yes of course, actually beetroot  ate way way too much salad at the weekend - contains carcinogens you know...",Ecuador
2008428193,Tue Jun 02 14:07:01 PDT 2009,thisgoeshere,@NoRainNoRainbow kyle and andy are my fav too. but mix is hott!!!  #pstumpneedstwitter,Jamaica
2008429379,Tue Jun 02 14:07:06 PDT 2009,VioletsCRUK,@Sion71 lol i would have loved to have had a pool to jump into today...the paddling pool was a bit too wee!! ,Mexico
2008444921,Tue Jun 02 14:08:29 PDT 2009,thisgoeshere,"@NoRainNoRainbow like, i wanna meet kage so bad!  and andy is just awesome. don't know the other guys well enough. save hott mix ",Egypt
2009366412,Tue Jun 02 15:34:39 PDT 2009,DarkPiano,@ajnyte Haha right! ,New Zealand
2009586680,Tue Jun 02 15:56:39 PDT 2009,what_bugs_u,"@spramp why limit your story to 140 ch. Tell all what is annoying you at www.iamsoannoyed.com ,it will help relieve your stress ",Brazil
2009587983,Tue Jun 02 15:56:47 PDT 2009,what_bugs_u,"@KristieAnn why limit your story to 140 ch. Tell all what is annoying you at www.iamsoannoyed.com ,it will help relieve your stress ",Indonesia
2009605360,Tue Jun 02 15:58:34 PDT 2009,what_bugs_u,"@hillary_ann why limit your story to 140 ch. Tell all what is annoying you at www.iamsoannoyed.com ,it will help relieve your stress ",Russia
2009606418,Tue Jun 02 15:58:40 PDT 2009,what_bugs_u,"@Romancexx3 why limit your story to 140 ch. Tell all what is annoying you at www.iamsoannoyed.com ,it will help relieve your stress ",Russia
2009750826,Tue Jun 02 16:13:05 PDT 2009,TraceyHewins,@chriscuzzy pretty sure it wasn't me ,Spain
2009800380,Tue Jun 02 16:18:04 PDT 2009,TraceyHewins,@TomFelton Just finished some ironing. Watched 'Chamber of Secrets' while doing so. LOVE when you say 'I didn't know you could read.&quot; ,South Africa
2009801142,Tue Jun 02 16:18:06 PDT 2009,SallytheShizzle,@MariaBernal ROFL XD i know! Maybe if we can dance around his house he'll get back on! ,Japan
2009945029,Tue Jun 02 16:32:39 PDT 2009,Jayme1988,@Chad_Lad Welcome back ,Jamaica
2010024976,Tue Jun 02 16:40:49 PDT 2009,VioletsCRUK,@Karen230683 lol aw she is lovely...she always tellls me i lower the tone too!!  @glasgowlassy,Brazil
2010026296,Tue Jun 02 16:40:58 PDT 2009,Jayme1988,@pdurham hellooo  twitter punkins sounds like a new rock band ,Antarctica
2010535699,Tue Jun 02 17:32:46 PDT 2009,what_bugs_u,"@fashionlovers1  why limit your story to 140 ch. Tell all what is annoying you at www.iamsoannoyed.com ,it will help relieve your stress ",Ecuador
2010585589,Tue Jun 02 17:37:49 PDT 2009,TraceyHewins,@MandolinChick Ravioli is good too ,Thailand
2010587303,Tue Jun 02 17:37:59 PDT 2009,TraceyHewins,@heathcrush good thanks ,Argentina
2011653889,Tue Jun 02 19:21:25 PDT 2009,thisgoeshere,@smokedrinkdrive i'm sorry things have been so hectic. hope you have more time for stalking soon ,Antarctica
2011926837,Tue Jun 02 19:47:27 PDT 2009,thisgoeshere,@lemongeneration haha! yay for slimey hands! ,Ethiopia
2011970255,Tue Jun 02 19:51:36 PDT 2009,what_bugs_u,"@StephR425  why limit your story to 140 ch. Tell all what is annoying you at www.iamsoannoyed.com ,it will help relieve your stress ",Colombia
2012075894,Tue Jun 02 20:01:48 PDT 2009,what_bugs_u,"@br_ii_t  why limit your story to 140 ch. Tell all what is annoying you at www.iamsoannoyed.com ,it will help relieve your stress ",Russia
2012136830,Tue Jun 02 20:07:48 PDT 2009,thisgoeshere,@lemongeneration yeah that is gettong odd  moving on... why lemongeneration? ,France
2013473365,Tue Jun 02 22:45:42 PDT 2009,shanajaca,Just casted my first votes of the day again goodmorning to you all  XX,Kenya
2013509950,Tue Jun 02 22:51:10 PDT 2009,shanajaca,@FaeryQueen07 I am making breakfast for my girls and i will begin to work in like 1 minute no time for batcave for me hopefully tonight ,China
2013524898,Tue Jun 02 22:53:29 PDT 2009,shanajaca,@FaeryQueen07 Thank you i will try lol  XX,France
2013925854,Tue Jun 02 23:58:04 PDT 2009,shanajaca,Awww two infants crying feels like the twins all over again lol  XX,Indonesia
2013982559,Wed Jun 03 00:07:15 PDT 2009,StDAY,"@xoMusicLoverxo Goodnight, J. Thanks. I'll need it. Sweet dreams. ",Ecuador
2013983312,Wed Jun 03 00:07:23 PDT 2009,Jayme1988,"good morning  I don't think DM is working today, anybody else had problems?",Ethiopia
2014012204,Wed Jun 03 00:12:17 PDT 2009,SallytheShizzle,'Schrei' seems the best music to listen to atm. Better in German than English ,Thailand
2014045996,Wed Jun 03 00:18:10 PDT 2009,Jayme1988,@GoodBoyGoneBad good morning  I am still asleep lol,Cuba
2014055361,Wed Jun 03 00:19:50 PDT 2009,ramdomthoughts,@geekachu Morning. I have a private network here with Airport Extreme - if it doesn't clash - will be hard to resist I think ,Russia
2014068510,Wed Jun 03 00:22:00 PDT 2009,Jayme1988,@JamesMW78 Good morning  Is it miserable down there too??,Tanzania
2014069622,Wed Jun 03 00:22:11 PDT 2009,Jayme1988,@trickyshirls morning ,China
2014090966,Wed Jun 03 00:25:58 PDT 2009,ramdomthoughts,@andymurd Reviews have been mixed but I never take any notice. Thanks ,Indonesia
2014091799,Wed Jun 03 00:26:07 PDT 2009,SallytheShizzle,someone FINALLY reviewed  -happy again- goood!  RETTE MICH IS STUCK IN MY HEAD!! XD,USA
2014159766,Wed Jun 03 00:38:22 PDT 2009,ramdomthoughts,Â£50 a month for Virgin Media's 50Mbps. About Â£14 more a month that I currently pay. They chuck in a free N router. I have Airport Extreme ,Australia
2014221749,Wed Jun 03 00:49:57 PDT 2009,Jayme1988,Will anyone tell If I sleep at my desk? ,Brazil
2014256839,Wed Jun 03 00:56:34 PDT 2009,shanajaca,@Amaren88 Good morning !!!!!!!!  XX,Spain
2014308858,Wed Jun 03 01:06:12 PDT 2009,Spidersamm,"@judez_xo there just off george street, go go go  hahah",Ethiopia
2014337849,Wed Jun 03 01:11:53 PDT 2009,Jayme1988,@Chad_Lad Well thats not fair! lol I am beggerd  how are you?,Kenya
2014339530,Wed Jun 03 01:12:11 PDT 2009,ramdomthoughts,@spr33 Is'nt that a bit wrong though - pretending you want to leave? What deal did you get? I'm listening LOL  You with VM also?,Argentina
2014350078,Wed Jun 03 01:14:18 PDT 2009,SallytheShizzle,@kaseyRSM @ddlovato &quot;ya mum&quot; is the ULTIMATE thing to say which annoys everyone  &quot;Where are you from&quot; &quot;YA MUM!&quot;,USA
2014382469,Wed Jun 03 01:20:42 PDT 2009,ramdomthoughts,@cardiacs Ha ha ha  Look at yr Twitter. I suspect they will go in 5 .. 4 .. 3 .. 2,South Africa
2014391200,Wed Jun 03 01:22:29 PDT 2009,Karen230683,@whotook hahaha  morning,Ethiopia
2014419644,Wed Jun 03 01:28:09 PDT 2009,ramdomthoughts,"Blimey, I only have 21 video podcasts left to watch on my ATV. I still have 140GB worth of TV though ",Argentina
2014420347,Wed Jun 03 01:28:18 PDT 2009,Spidersamm,down* while all her friends were just standing there and hes like &quot; rahrahrah give us some decency&quot; hahaha  he was off his head but ,Ethiopia
2014439811,Wed Jun 03 01:32:07 PDT 2009,Karen230683,@ScruffyPanther bet u do great  x,Cuba
2014440026,Wed Jun 03 01:32:09 PDT 2009,thisgoeshere,@GabrielSaporta i think maybe you need to go to the store and buy some food. or hit up bk and get your big mac on! wait... ,Italy
2014450552,Wed Jun 03 01:34:19 PDT 2009,thisgoeshere,"@SUAREASY let me tell you, spending all you time in brooklyn is almost as cool as spending all your time in burger king.  jk",USA
2014470783,Wed Jun 03 01:38:23 PDT 2009,Karen230683,@MrAbercrombie mwahahaha! Love the jacket btw ,Egypt
2014488303,Wed Jun 03 01:41:58 PDT 2009,shanajaca,@Rosherrrs It was gorgeous but he gets so many tweets hun  XX,Antarctica
2014492096,Wed Jun 03 01:42:44 PDT 2009,Jayme1988,@CosmicMother &lt;3 ,France
2014500726,Wed Jun 03 01:44:34 PDT 2009,Karen230683,@MrAbercrombie yup I got mine straight away at last years prices ,South Korea
2014500976,Wed Jun 03 01:44:37 PDT 2009,VioletsCRUK,Morning Twatters!!! (My Mum thinks this is called Twatter so from now on all my comments are twats!!!) lol How is everyone today? ,Argentina
2014509205,Wed Jun 03 01:46:12 PDT 2009,VioletsCRUK,@Karen230683 PMSL!!! Oh yer jokin...ah well im tough i can handle it!!! I have plenty of cushioning (i bounce without f'n trampoline) lol ,Peru
2014530758,Wed Jun 03 01:50:39 PDT 2009,Jayme1988,@juanbarnard Busy day for you then  I have work until 6:30 then a driving lesson and maybe the gym! depends if I am still awake lol,Antarctica
2014539404,Wed Jun 03 01:52:22 PDT 2009,VioletsCRUK,@aerobic247 LOL Think you may get a few twats in response to that!! ,Jamaica
2014561143,Wed Jun 03 01:56:46 PDT 2009,VioletsCRUK,@Karen230683 PMSL!!!  Nah he loves me bouncing on top off him!!! @glasgowlassy @garrybowie,South Korea
2014602320,Wed Jun 03 02:04:29 PDT 2009,thisgoeshere,@erin82883 and now i really am gone. have a great next five hours! ,New Zealand
2014613993,Wed Jun 03 02:06:40 PDT 2009,shanajaca,Ok i nagged to fast here is comes i wonder lol  XX,Cuba
2014622751,Wed Jun 03 02:08:27 PDT 2009,ramdomthoughts,@swannny Google Reader. If you have an iPhone - install Byline &amp; it integrates with Google Reader = offline reading - very cool ,Mexico
2014693002,Wed Jun 03 02:22:23 PDT 2009,ramdomthoughts,@spr33 Ta. You've not answered my Q though. You with VM? What deal did you get? DM me if you prefer ,New Zealand
2014713462,Wed Jun 03 02:26:26 PDT 2009,ramdomthoughts,@newbornskyfire Definately. Morning BTW ,Spain
2014752963,Wed Jun 03 02:34:21 PDT 2009,shanajaca,This Iphone thing keeps getting better and better lol they have a purple jacket for it FYI my favorite color lol  XX,Italy
2014762443,Wed Jun 03 02:36:13 PDT 2009,thisgoeshere,@doombox i have no idea anymore what we were talking about  but yay! and hello!,UK
2014766306,Wed Jun 03 02:37:01 PDT 2009,ramdomthoughts,@twinkleboi Blimey - you can't give it away. Not my cup of tea - otherwise I'd go with ya ,Indonesia
2014773987,Wed Jun 03 02:38:34 PDT 2009,ramdomthoughts,@newbornskyfire Good luck - but don't get mugged ,China
2014783070,Wed Jun 03 02:40:23 PDT 2009,what_bugs_u,"@Loollabelle10  why limit your story to 140 ch. Tell all what is annoying you at www.iamsoannoyed.com ,it will help relieve your stress ",Russia
2014784302,Wed Jun 03 02:40:38 PDT 2009,SallytheShizzle,@MAGGIECHICKEN btw good luck  you'll be fine. It can't be too bad ,Dominican Republic
2014785227,Wed Jun 03 02:40:48 PDT 2009,what_bugs_u,"@LAILAo_O  why limit your story to 140 ch. Tell all what is annoying you at www.iamsoannoyed.com ,it will help relieve your stress ",UK
2014800897,Wed Jun 03 02:43:54 PDT 2009,what_bugs_u,"@celinieee  why limit your story to 140 ch. Tell all what is annoying you at www.iamsoannoyed.com ,it will help relieve your stress ",Russia
2014802647,Wed Jun 03 02:44:16 PDT 2009,what_bugs_u,"@startacademy  why limit your story to 140 ch. Tell all what is annoying you at www.iamsoannoyed.com ,it will help relieve your stress ",Russia
2014803838,Wed Jun 03 02:44:30 PDT 2009,what_bugs_u,"@urbanvox  why limit your story to 140 ch. Tell all what is annoying you at www.iamsoannoyed.com ,it will help relieve your stress ",Cuba
2014812506,Wed Jun 03 02:46:11 PDT 2009,SallytheShizzle,@MAGGIECHICKEN like about yourself? Self-intro etc? Or... Cause that's usually like i have such n such people in my family ,Kenya
2014813663,Wed Jun 03 02:46:24 PDT 2009,Karen230683,Come on sun - come out and see me make me smile ,Dominican Republic
2014824207,Wed Jun 03 02:48:34 PDT 2009,shanajaca,@LadyRubaiyat I will have it by friday the latest YEAY !!!!!!!  XX,Jamaica
2014853311,Wed Jun 03 02:54:19 PDT 2009,shanajaca,@LadyRubaiyat If something is wrong i only have to cross the street teehee smart thinking lol  XX,Antarctica
2014864601,Wed Jun 03 02:56:33 PDT 2009,shanajaca,@LadyRubaiyat Well we buy all of our comp stuff there it is just easy and familiar lol  XX,UK
2014887760,Wed Jun 03 03:00:58 PDT 2009,shanajaca,@LadyRubaiyat I will dont you worrie lol first thingie i buy will be the purple cover and Dramamagazine to put on it lol  XX,New Zealand
2014907192,Wed Jun 03 03:04:47 PDT 2009,ramdomthoughts,@pete_c Indeed - hope to see more of it ,Kenya
2014918473,Wed Jun 03 03:06:56 PDT 2009,Karen230683,@WeeJinky67 feel like I've known u for ages jim LOL  @glasgowlassy,Germany
2014969148,Wed Jun 03 03:17:04 PDT 2009,ramdomthoughts,@emclev Have a safe trip &amp; lovely day ,Cuba
2014977534,Wed Jun 03 03:18:45 PDT 2009,Jayme1988,@rjakesdub I am thinking about it! lol I am going to get a massive sub for my dinner  energy a plenty!,Mexico
2014979352,Wed Jun 03 03:19:06 PDT 2009,Jayme1988,@AJM1030 see you later ,Antarctica
2014979569,Wed Jun 03 03:19:09 PDT 2009,Karen230683,@VioletsCRUK @glasgowlassy uff @weejinky67 won't need them I have the voice of an angel ,Indonesia
2015031244,Wed Jun 03 03:29:12 PDT 2009,what_bugs_u,"@michelyne23  why limit your story to 140 ch. Tell all what is annoying you at www.iamsoannoyed.com ,it will help relieve your stress ",South Korea
2015032067,Wed Jun 03 03:29:22 PDT 2009,what_bugs_u,"@MissBats  why limit your story to 140 ch. Tell all what is annoying you at www.iamsoannoyed.com ,it will help relieve your stress ",Ecuador
2015038994,Wed Jun 03 03:30:36 PDT 2009,ramdomthoughts,@MummaBear @pete_c CFC? Should I ask? LOL ,Thailand
2015039282,Wed Jun 03 03:30:39 PDT 2009,what_bugs_u,"@aaronlerch  why limit your story to 140 ch. Tell all what is annoying you at www.iamsoannoyed.com ,it will help relieve your stress ",Japan
2015041311,Wed Jun 03 03:31:00 PDT 2009,what_bugs_u,"@jaytweeting  why limit your story to 140 ch. Tell all what is annoying you at www.iamsoannoyed.com ,it will help relieve your stress ",Australia
2015042588,Wed Jun 03 03:31:13 PDT 2009,SallytheShizzle,@MAGGIECHICKEN meh same diff. Just still with i eat an apple. You won't lose marks for it. ,China
2015052018,Wed Jun 03 03:33:00 PDT 2009,what_bugs_u,"@boggis1  why limit your story to 140 ch. Tell all what is annoying you at www.iamsoannoyed.com ,it will help relieve your stress ",Colombia
2015061824,Wed Jun 03 03:34:52 PDT 2009,Jayme1988,@JamesMW78 I have no problem with that  hehehe,France
2015063099,Wed Jun 03 03:35:06 PDT 2009,Jayme1988,@pdurham good morning ,Antarctica
2015074598,Wed Jun 03 03:37:15 PDT 2009,what_bugs_u,"@loracenna  why limit your story to 140 ch. Tell all what is annoying you at www.iamsoannoyed.com ,it will help relieve your stress ",Colombia
2015097177,Wed Jun 03 03:41:27 PDT 2009,what_bugs_u,"@Chantelle_babes why limit your story to 140 ch. Tell all what is annoying you at www.iamsoannoyed.com ,it will help relieve your stress ",Chile
2015118546,Wed Jun 03 03:45:31 PDT 2009,what_bugs_u,"@Gummo  why limit your story to 140 ch. Tell all what is annoying you at www.iamsoannoyed.com ,it will help relieve your stress ",Egypt
2015119111,Wed Jun 03 03:45:37 PDT 2009,what_bugs_u,"@nadhiluak  why limit your story to 140 ch. Tell all what is annoying you at www.iamsoannoyed.com ,it will help relieve your stress ",Jamaica
2015140423,Wed Jun 03 03:49:32 PDT 2009,Jayme1988,"I love remembering the programs I used to watch when I was little  Like Captain Planet, Xmen, Spiderman, Tundercats, count duckula!! lol",Tanzania
2015173079,Wed Jun 03 03:55:18 PDT 2009,what_bugs_u,"@Kay_Bee_  why limit your story to 140 ch. Tell all what is annoying you at www.iamsoannoyed.com ,it will help relieve your stress ",Nigeria
2015174870,Wed Jun 03 03:55:36 PDT 2009,Jayme1988,@juanbarnard YES! but only the old biker mice from mars! they changed it a ruined it!! ,Colombia
2015197021,Wed Jun 03 03:59:36 PDT 2009,Jayme1988,@Seamonkey86 I never watched Tailspin. but did like the Racoons! ,Russia
2015304002,Wed Jun 03 04:17:50 PDT 2009,DarkPiano,Goooooooood morning everyone! ,Tanzania
2015315263,Wed Jun 03 04:19:47 PDT 2009,DarkPiano,"@suesshirtshop Hi there, Sue and a wonderful morning to you! ",Ecuador
2015336977,Wed Jun 03 04:23:24 PDT 2009,DarkPiano,@ReikiAwakening LOL we did!! Should I play Twilight Zone music? ,New Zealand
2015349639,Wed Jun 03 04:25:33 PDT 2009,what_bugs_u,"@DamianLoveCOUK  why limit your story to 140 ch. Tell all what is annoying you at www.iamsoannoyed.com ,it will help relieve your stress ",Nigeria
2015350842,Wed Jun 03 04:25:45 PDT 2009,what_bugs_u,"@naval_shadi  why limit your story to 140 ch. Tell all what is annoying you at www.iamsoannoyed.com ,it will help relieve your stress ",Ethiopia
2015352123,Wed Jun 03 04:25:59 PDT 2009,what_bugs_u,"@skrteligans  why limit your story to 140 ch. Tell all what is annoying you at www.iamsoannoyed.com ,it will help relieve your stress ",Mexico
2015361291,Wed Jun 03 04:27:32 PDT 2009,DarkPiano,"@TracyeDukes Hey Tracye, good morning! ",Canada
2015362983,Wed Jun 03 04:27:50 PDT 2009,DarkPiano,@BonnieBrown Bonnie!!! Missed your tweets yesterday! Good morning and how are you? ,Argentina
2015363103,Wed Jun 03 04:27:51 PDT 2009,what_bugs_u,"@NicoleGennery  why limit your story to 140 ch. Tell all what is annoying you at www.iamsoannoyed.com ,it will help relieve your stress ",Canada
2015375037,Wed Jun 03 04:29:49 PDT 2009,Spidersamm,@torilovesbradie hes kgjkcvhjvhkj     http://bit.ly/AbKRh  but thats not......hah,Canada
2015387765,Wed Jun 03 04:31:46 PDT 2009,DarkPiano,@reddywriting Steven Wright is hysterical! ,Italy
2015402896,Wed Jun 03 04:34:12 PDT 2009,DarkPiano,"So what's up for everyone today? Typical day for me of piano tuning, driving, coffeeing, tweeting...not always in that order. ",USA
2015426888,Wed Jun 03 04:38:07 PDT 2009,ramdomthoughts,@AlGalpin Thanks - love reading blogs - that's why I asked ,USA
2015436668,Wed Jun 03 04:39:41 PDT 2009,ramdomthoughts,@TheDarrenxshow Cheers - will chk it out &amp; get back to you ,New Zealand
2015439980,Wed Jun 03 04:40:12 PDT 2009,DarkPiano,@Allegromouse Sounds like a fun day! ,Australia
2015462689,Wed Jun 03 04:43:48 PDT 2009,DarkPiano,"@Suzidk Ha! Well thanks!  I actually got the name from my love of minor chords, etc. ",Kenya
2015488385,Wed Jun 03 04:47:52 PDT 2009,TraceyHewins,@michellebi good thanks. Feeling a bit goofy today  How are you?,UK
2015501434,Wed Jun 03 04:49:57 PDT 2009,TraceyHewins,@annwhit WELCOME BACK!!!!!!!! I missed you!!!! ,South Africa
2015503919,Wed Jun 03 04:50:18 PDT 2009,DarkPiano,@CoachCharrise How are ya! ,Japan
2015555000,Wed Jun 03 04:58:09 PDT 2009,DarkPiano,@whatswithinu PAM!! Morning! ,South Korea
2015556741,Wed Jun 03 04:58:26 PDT 2009,DarkPiano,@zoenishimuta And right back to you! ,Thailand
2015566546,Wed Jun 03 04:59:56 PDT 2009,SallytheShizzle,@BrittGoosie omg that'd be HILARIOUS  get on vid ;),Kenya
2015569483,Wed Jun 03 05:00:14 PDT 2009,Spidersamm,@skibbymeow yeah moshcam ,Tanzania
2015570978,Wed Jun 03 05:00:25 PDT 2009,DarkPiano,"@whatswithinu Doing wonderful, Pam! And you?  Just downed my first cup!",Mexico
2015582841,Wed Jun 03 05:02:04 PDT 2009,Jayme1988,@_santi a Happy humpday to you too ,Nigeria
2015609972,Wed Jun 03 05:06:02 PDT 2009,Jayme1988,@MarkRosenbauer  How are you this mornoon?,Germany
2015639553,Wed Jun 03 05:10:17 PDT 2009,SallytheShizzle,"#chaser was pretty good tonight. I miss the old eps, but it was much better than what could have been. So kudos to the boys ",Germany
2015665518,Wed Jun 03 05:14:07 PDT 2009,DarkPiano,@coachparadise Mornin' Anne! ,Italy
2015695880,Wed Jun 03 05:18:24 PDT 2009,DarkPiano,@whatswithinu I know you do! I see you making a difference every day! ,Australia
2015739844,Wed Jun 03 05:24:33 PDT 2009,ramdomthoughts,@TorontoViewer Thanks - already figured that one out ,Canada
2015769783,Wed Jun 03 05:28:37 PDT 2009,DarkPiano,@coachparadise Well thank you! ,Germany
2015782529,Wed Jun 03 05:30:15 PDT 2009,ramdomthoughts,@justinfleming LOL probably ,South Korea
2015783398,Wed Jun 03 05:30:22 PDT 2009,VioletsCRUK,@faulko1 lol k..shall do...my Mum loves macaroon bars!! Ive never been a huge fan of them though! Im sweet enough! lol ,Chile
2015797162,Wed Jun 03 05:32:11 PDT 2009,SallytheShizzle,@OfficialAS just cry then  let the emotion out. Hug shane and demi for me...i wish I was there to hug you :'(,Argentina
2015829750,Wed Jun 03 05:36:33 PDT 2009,VioletsCRUK,@sara_morgan Oh hello!! Nice to meet you..i shall follow you back!  How are you today?,Cuba
2015845155,Wed Jun 03 05:38:37 PDT 2009,DarkPiano,@VickiElam And good morning to you! ,Mexico
2015859401,Wed Jun 03 05:40:30 PDT 2009,what_bugs_u,"@CourtHarkness  why limit your story to 140 ch. Tell all what is annoying you at www.iamsoannoyed.com ,it will help relieve your stress ",Kenya
2015861206,Wed Jun 03 05:40:44 PDT 2009,SallytheShizzle,@OfficialAS kk have a good night. Know that I love you ,Japan
2015872866,Wed Jun 03 05:42:15 PDT 2009,VioletsCRUK,@sara_morgan Quite right too!!! This tweeting thing gets addictive! Its a lovely day for takin the dog for a walk. ,New Zealand
2015873056,Wed Jun 03 05:42:16 PDT 2009,shanajaca,@Barbiechick3004 I have the first lying in front of me but i feel like i am cheating on Harry Potter so i dont want to lol  XX,Ecuador
2015874701,Wed Jun 03 05:42:29 PDT 2009,DarkPiano,"@VickiElam Lol good morning, wickless!! ",India
2015903296,Wed Jun 03 05:46:13 PDT 2009,ramdomthoughts,@Emmkat Love the art work! Whereabouts in Japan are you? I bet it's great eh ,China
2015954792,Wed Jun 03 05:52:44 PDT 2009,nuttychris,"hi cant tweet as in class, but hope you all ok? and not missing me to much ",South Korea
2015970686,Wed Jun 03 05:54:44 PDT 2009,shanajaca,@SouthernBets I think he was in the art for knives pictures the one in the wheelchair  XX,Mexico
2015985841,Wed Jun 03 05:56:36 PDT 2009,TraceyHewins,@amyshell exactly it's funny ,Egypt
2016002712,Wed Jun 03 05:58:41 PDT 2009,ramdomthoughts,@carole29 Nothing wrong with that. Showing yr emotions is good *hug* ,UK
2016003676,Wed Jun 03 05:58:48 PDT 2009,shanajaca,@Barbiechick3004 Since i dont know this riley character so i stil go for Draco!!!!!!!!!!!!!!!!  XX,New Zealand
2016038289,Wed Jun 03 06:02:44 PDT 2009,ramdomthoughts,@newbornskyfire  @djcopycat Very true ,Ethiopia
2016104802,Wed Jun 03 06:10:31 PDT 2009,shanajaca,@SouthernBets No no i understand completly  XX,Antarctica
2016124649,Wed Jun 03 06:12:46 PDT 2009,Jayme1988,@vicnoho urrg! good luck  I bet you will do great ,Chile
2016175737,Wed Jun 03 06:18:36 PDT 2009,TraceyHewins,@Josh_Biggs lol good morning to you too ,China
2016177704,Wed Jun 03 06:18:50 PDT 2009,Jayme1988,@Rob_Cohn I will thank you  Have a brilliant day!,Tanzania
2016214000,Wed Jun 03 06:22:53 PDT 2009,SallytheShizzle,@jonasbrothers are you excited?! Stories of your sexual encounters when you can't have any  tee hee. I'm not meaning to sound rude...,Peru
2016321588,Wed Jun 03 06:34:23 PDT 2009,what_bugs_u,"@missliz8  why limit your story to 140 ch. Tell all what is annoying you at www.iamsoannoyed.com ,it will help relieve your stress ",South Africa
2016322773,Wed Jun 03 06:34:30 PDT 2009,what_bugs_u,"@PushaPat  why limit your story to 140 ch. Tell all what is annoying you at www.iamsoannoyed.com ,it will help relieve your stress ",France
2016323773,Wed Jun 03 06:34:37 PDT 2009,what_bugs_u,"@Phreek69  why limit your story to 140 ch. Tell all what is annoying you at www.iamsoannoyed.com ,it will help relieve your stress ",Thailand
2016473394,Wed Jun 03 06:50:22 PDT 2009,Spidersamm,@schaeferj89 okay im confused now  but ok ima just agree  *smile and nod* hahaha,Colombia
2016515589,Wed Jun 03 06:54:46 PDT 2009,what_bugs_u,"@frickenhypen  why limit your story to 140 ch. Tell all what is annoying you at www.iamsoannoyed.com ,it will help relieve your stress ",Germany
2016516903,Wed Jun 03 06:54:55 PDT 2009,what_bugs_u,"@autumnappeal  why limit your story to 140 ch. Tell all what is annoying you at www.iamsoannoyed.com ,it will help relieve your stress ",Antarctica
2016621921,Wed Jun 03 07:05:21 PDT 2009,what_bugs_u,"@dulwichmum  why limit your story to 140 ch. Tell all what is annoying you at www.iamsoannoyed.com ,it will help relieve your stress ",Mexico
2016642333,Wed Jun 03 07:07:21 PDT 2009,what_bugs_u,"@Chrissymarie329 why limit your story to 140 ch. Tell all what is annoying you at www.iamsoannoyed.com ,it will help relieve your stress ",Canada
2016765190,Wed Jun 03 07:19:28 PDT 2009,ramdomthoughts,10 tracks now lined up for Show 149. Yes I know @ksymmonds - Show 148 via iTunes - have'nt forgotten fella  On the list ,Colombia
2017014419,Wed Jun 03 07:43:23 PDT 2009,what_bugs_u,"@kaetlynm  why limit your story to 140 ch. Tell all what is annoying you at www.iamsoannoyed.com ,it will help relieve your stress ",UK
2017084150,Wed Jun 03 07:50:06 PDT 2009,shanajaca,another hour of work i am realy looking forward to being one hour older lol  XX,Dominican Republic
2017087502,Wed Jun 03 07:50:25 PDT 2009,thisgoeshere,@erin82883 you recommend livenation? ok! ,Indonesia
2017104052,Wed Jun 03 07:51:59 PDT 2009,mcraddictal,@mcrfash1 it's okay. It's over now ,Ecuador
2017104226,Wed Jun 03 07:52:00 PDT 2009,what_bugs_u,"@AliaIsahak  why limit your story to 140 ch. Tell all what is annoying you at www.iamsoannoyed.com ,it will help relieve your stress ",Ethiopia
2017359324,Wed Jun 03 08:15:47 PDT 2009,SallytheShizzle,@OfficialAS same here  i MIGHT stolen them off you lmao. I was ange was in it  but it's still funny as! XD,Spain
2017401023,Wed Jun 03 08:19:53 PDT 2009,what_bugs_u,"@sweetkarekare  why limit your story to 140 ch. Tell all what is annoying you at www.iamsoannoyed.com ,it will help relieve your stress ",Germany
2017401807,Wed Jun 03 08:19:58 PDT 2009,what_bugs_u,"@wavesgoodbye  why limit your story to 140 ch. Tell all what is annoying you at www.iamsoannoyed.com ,it will help relieve your stress ",Cuba
2017424054,Wed Jun 03 08:22:05 PDT 2009,what_bugs_u,"@gonzojenny  why limit your story to 140 ch. Tell all what is annoying you at www.iamsoannoyed.com ,it will help relieve your stress ",Egypt
2017484049,Wed Jun 03 08:27:58 PDT 2009,thisgoeshere,"@smokedrinkdrive haha! never thought i'd see the daaaay, with a boat floating my way. believe me when i saaaaaaay... ",Indonesia
2017486993,Wed Jun 03 08:28:15 PDT 2009,what_bugs_u,"@Deeyess  why limit your story to 140 ch. Tell all what is annoying you at www.iamsoannoyed.com ,it will help relieve your stress ",Brazil
2017577412,Wed Jun 03 08:37:01 PDT 2009,TraceyHewins,@Jamie_127 I'm back now love  xoxoxo,New Zealand
2017838725,Wed Jun 03 09:01:51 PDT 2009,what_bugs_u,"@mslauren2930  why limit your story to 140 ch. Tell all what is annoying you at www.iamsoannoyed.com ,it will help relieve your stress ",South Africa
2017880350,Wed Jun 03 09:05:38 PDT 2009,shanajaca,@Gidge_8 Are you planning another fun filled weekend?  XX hugzzzzzzzzz,Australia
2017880793,Wed Jun 03 09:05:40 PDT 2009,what_bugs_u,"@cascade388  why limit your story to 140 ch. Tell all what is annoying you at www.iamsoannoyed.com ,it will help relieve your stress ",South Africa
2017959518,Wed Jun 03 09:12:58 PDT 2009,TraceyHewins,"@Jamie_127 it's been two hours,love. Where are you? If you're with @treasaint I may scream! ",Peru
2018257307,Wed Jun 03 09:41:01 PDT 2009,DarkPiano,@bassgoddess @SparkOfArt Having a wonderful day here! Glad you both are too! ,Dominican Republic
2018351885,Wed Jun 03 09:50:02 PDT 2009,thisgoeshere,@lemongeneration john. invisible john. i had a dream. think he was gay ,Tanzania
2018375204,Wed Jun 03 09:52:10 PDT 2009,SongoftheOss,@kittylecat got one what? honestly I can't be this dim this earlier on  and good evening to you  ,Peru
2018509116,Wed Jun 03 10:04:33 PDT 2009,what_bugs_u,"@bettiex why limit your story to 140 ch. Tell all what is annoying you at www.iamsoannoyed.com ,it will help relieve your stress ",Italy
2018686973,Wed Jun 03 10:21:13 PDT 2009,SongoftheOss,Thanks to @squidbrain @mrlanky for the props and reblip  â« http://blip.fm/~7kaqd,South Korea
2018731018,Wed Jun 03 10:25:24 PDT 2009,SongoftheOss,@Applecored email being checked ,Antarctica
2018734123,Wed Jun 03 10:25:42 PDT 2009,SongoftheOss,"@kittylecat cool, you call me by my real name, no one else does  x",Argentina
2018830988,Wed Jun 03 10:34:45 PDT 2009,thisgoeshere,"@KageFC4 i forgot the 4 b4  whoops. oh well, was gonna go kfc for lunch but got drug to pizza instead. boo. still reminded me of you! hi!",Egypt
2019011260,Wed Jun 03 10:51:42 PDT 2009,StDAY,"Okay. Tiny fib. I'm not exactly done. I mean, the paper is written but I have to add the footnotes. Whatever. The PAPER itself is DONE. ",Italy
2031155190,Thu Jun 04 09:24:43 PDT 2009,what_bugs_u,@anddog1 why limit your story to 140 ch. Tell all what is annoying you at www.iamsoannoyed.com ,China
2031179309,Thu Jun 04 09:26:49 PDT 2009,what_bugs_u,@Poppins__09 why limit your story to 140 ch. Tell all what is annoying you at www.iamsoannoyed.com ,France
2031189340,Thu Jun 04 09:27:42 PDT 2009,what_bugs_u,@saifuddin_ why limit your story to 140 ch. Tell all what is annoying you at www.iamsoannoyed.com ,France
2031190398,Thu Jun 04 09:27:47 PDT 2009,shanajaca,@xXFriendXx @Barbiechick3004 I think i hate this game  lol  XX,Mexico
2031693264,Thu Jun 04 10:10:59 PDT 2009,shanajaca,@TomFelton And for dessert i will have some Maltezers and no not the dog lol  XX,Cuba
2032084585,Thu Jun 04 10:44:51 PDT 2009,ramdomthoughts,@SupaSaz Sounds interesting ,Italy
2032158972,Thu Jun 04 10:51:26 PDT 2009,thisgoeshere,@Yonoooy rk? in relation to what? ,Germany
2032160145,Thu Jun 04 10:51:31 PDT 2009,shanajaca,@Barbiechick3004 That looks like a Manta on steroids lol  XX,Jamaica
2032187822,Thu Jun 04 10:53:58 PDT 2009,shanajaca,@tomfelton i was wondering how is the new hair? Is it very different or just bleached lol  XX,South Africa
2032508627,Thu Jun 04 11:21:34 PDT 2009,thisgoeshere,@juhidee119 i know right. hence the &quot;well if pstump likes...&quot;  my day has a headache now ,Ethiopia
2032694111,Thu Jun 04 11:37:53 PDT 2009,keza34,Am back.lol ,Dominican Republic
2032715528,Thu Jun 04 11:39:46 PDT 2009,keza34,@TraceyHewins told you i wouldnt be long.lol ,Argentina
2033644375,Thu Jun 04 12:59:58 PDT 2009,shanajaca,@Barbiechick3004 Ditto maybe we are just squibs looking for our power LOL  XX,Antarctica
2033879892,Thu Jun 04 13:18:56 PDT 2009,what_bugs_u,@margaret78 why limit your story to 140 ch. Tell all what is annoying you at www.iamsoannoyed.com ,France
2039767030,Thu Jun 04 22:45:17 PDT 2009,Spidersamm,"only cos mum had maccas for me, otherwise i would have went back to sleep ",Jamaica
2044046208,Fri Jun 05 08:47:27 PDT 2009,thisgoeshere,@juhidee119 i know! what is wrong with ppl! wanna spam the petewentz followers?  #petewentzday,Brazil
2044076876,Fri Jun 05 08:50:09 PDT 2009,keza34,@Dojie same here.waitin for @pob34 is a joke.always on a go slow.lol ,Germany
2044289239,Fri Jun 05 09:08:30 PDT 2009,what_bugs_u,@poptartnoise why limit your story to 140 ch. Tell all what is annoying you at www.iamsoannoyed.com ,UK
2044346707,Fri Jun 05 09:13:28 PDT 2009,DarkPiano,Greetings from the piano bench  (photo) http://twitpic.com/6oe8i,Dominican Republic
2044452421,Fri Jun 05 09:22:46 PDT 2009,what_bugs_u,@Deaton1999 why limit your story to 140 ch. Tell all what is annoying you at www.iamsoannoyed.com ,Tanzania
2044454096,Fri Jun 05 09:22:54 PDT 2009,VioletsCRUK,@mfowmes Heehee!! Shall catch ya later! Byeeeeeeeeeee ,India
2044463256,Fri Jun 05 09:23:43 PDT 2009,what_bugs_u,@lucyanna why limit your story to 140 ch. Tell all what is annoying you at www.iamsoannoyed.com ,Italy
2044643835,Fri Jun 05 09:38:10 PDT 2009,DarkPiano,@planethealer Thank you Becky for helping share that song! ,Egypt
2044765779,Fri Jun 05 09:47:40 PDT 2009,what_bugs_u,@Eazydoesit why limit your story to 140 ch. Tell all what is annoying you at www.iamsoannoyed.com ,New Zealand
2044927070,Fri Jun 05 10:00:03 PDT 2009,keza34,Welcome to all my new followers.hope you are all good and i dont bore you all to tears.lol ,Spain
2045128647,Fri Jun 05 10:16:39 PDT 2009,DarkPiano,@Trumpette1 Ah now I get it! I wondered why the pic kept changing! ,Kenya
2045457730,Fri Jun 05 10:45:18 PDT 2009,SongoftheOss,"@DazzW oh silly me, wish we could ram their mpegs where the sun don't shine ",Tanzania
2045917584,Fri Jun 05 11:25:43 PDT 2009,what_bugs_u,@etherealprey why limit your story to 140 ch. Tell all what is annoying you at www.iamsoannoyed.com ,Dominican Republic
2046175405,Fri Jun 05 11:48:06 PDT 2009,what_bugs_u,@lsealy why limit your story to 140 ch. Tell all what is annoying you at www.iamsoannoyed.com ,New Zealand
2046240360,Fri Jun 05 11:53:44 PDT 2009,StDAY,@a_simple_girl Hahahahaha. I LOVED THAT.  Even though I should be mad at you if you did... I wanted the rain... But I still love you!! ,Antarctica
2046360032,Fri Jun 05 12:04:03 PDT 2009,keza34,@trevward got my own to do first.lol thats why only painting fingernails.lol ,Chile
2046385037,Fri Jun 05 12:06:09 PDT 2009,keza34,@joshtastic1 what you drinkin?pass some here.lol ,Peru
2046385919,Fri Jun 05 12:06:14 PDT 2009,shanajaca,@Barbiechick3004 OOOOOH sooo my thought are dirty i just gor interessted in your filthy conversation about fucking kiddie orgies here lol ,France
2046479369,Fri Jun 05 12:14:21 PDT 2009,shanajaca,@xXFriendXx You get it sistaaaah  XX,Canada
2046591988,Fri Jun 05 12:24:22 PDT 2009,thisgoeshere,@fobroxmisox not so cool since it won't log me into foe  #petewentzday,Ethiopia
2046708850,Fri Jun 05 12:34:37 PDT 2009,keza34,@ComedyQueen i love shoppin for shoes.cant beat it or trainers lol ,Peru
2046911599,Fri Jun 05 12:52:29 PDT 2009,thisgoeshere,@fobroxmisox well he could steal hairs  #petewentzday,South Africa
2046980593,Fri Jun 05 12:58:38 PDT 2009,StDAY,HOME!  I have go work in 4 hours so I'm gonna relax before cleaning a bit.,Colombia
2047050030,Fri Jun 05 13:04:36 PDT 2009,thisgoeshere,@juhidee119 yay! didn't have time before i left for work. boo. hate contests. just want one  #petewentzday,Antarctica
2047072601,Fri Jun 05 13:06:34 PDT 2009,keza34,@joshtastic1 okay now behave.lol  drool quietly ,Australia
2047344562,Fri Jun 05 13:30:49 PDT 2009,VioletsCRUK,@BarryH2k Well..im still glowing like an ommpa-loompa ffs...but more sun would be good! LOL ,Mexico
2047413490,Fri Jun 05 13:36:56 PDT 2009,TraceyHewins,@twinkle47 we can virtually ,Jamaica
2047434789,Fri Jun 05 13:38:53 PDT 2009,TraceyHewins,@keza34 just checking ,Ethiopia
2047456720,Fri Jun 05 13:40:48 PDT 2009,VioletsCRUK,@Glasgowlassy Oh those artist types are all a bit eccentric! Is she canadian? Bet she loves your Scottishness!!  lol @karen230683,China
2047458865,Fri Jun 05 13:41:00 PDT 2009,Karen230683,@Glasgowlassy she sounds fab  @violetscruk,Spain
2047570168,Fri Jun 05 13:51:02 PDT 2009,VioletsCRUK,@jason_2008 Sounds funny..everyone says its hilarious!!  Awk i know alot of peeps that dnt watch it..i find it quite intriguing though! ,South Korea
2047658405,Fri Jun 05 13:59:06 PDT 2009,what_bugs_u,@FarfyBarfy why limit your story to 140 ch. Tell all what is annoying you at www.iamsoannoyed.com ,USA
2047748782,Fri Jun 05 14:07:11 PDT 2009,SongoftheOss,"@_CorruptedAngel sorry I missed you, hope you have a great time out  x",Egypt
2047858658,Fri Jun 05 14:17:17 PDT 2009,what_bugs_u,@lelebee why limit your story to 140 ch. Tell all what is annoying you at www.iamsoannoyed.com ,Spain
2047878228,Fri Jun 05 14:19:03 PDT 2009,what_bugs_u,@jeanxin why limit your story to 140 ch. Tell all what is annoying you at www.iamsoannoyed.com ,Italy
2047880314,Fri Jun 05 14:19:14 PDT 2009,what_bugs_u,@bethsavoy why limit your story to 140 ch. Tell all what is annoying you at www.iamsoannoyed.com ,Ethiopia
2048053518,Fri Jun 05 14:35:25 PDT 2009,shanajaca,@Barbiechick3004 Depends on wich boys if you ask me LOL  XX,Japan
2048071111,Fri Jun 05 14:37:04 PDT 2009,keza34,"@Dojie blonde,posh with a beard.lol not my cup of tea but floats your bros boat.lol ",Cuba
2048117829,Fri Jun 05 14:41:25 PDT 2009,SongoftheOss,"@KillerSalad nope, me as well ",Antarctica
2048139342,Fri Jun 05 14:43:25 PDT 2009,shanajaca,@ralfsbabe Enjoy it sweetheart !!!  XX,France
2048182016,Fri Jun 05 14:47:27 PDT 2009,shanajaca,@ralfsbabe Yup it is i am under a blankie lol so unfair hahahaha  XX,Peru
2048202323,Fri Jun 05 14:49:26 PDT 2009,shanajaca,@lumalfoy I like that i want that on my headstone when i die lol  XX,Ecuador
2048263664,Fri Jun 05 14:55:23 PDT 2009,SongoftheOss,Thanks to @jennyleepenny @bduubz @ChrisGN @djilo @FernandaW for the props  â« http://blip.fm/~7pff5,Germany
2048303265,Fri Jun 05 14:59:15 PDT 2009,keza34,Welcome all my new followers who have joined me today.hope all is well with you. ,Spain
2048347577,Fri Jun 05 15:03:20 PDT 2009,shanajaca,@Cazling Have fun at the worplace sweetie  XX,Thailand
2048433786,Fri Jun 05 15:11:31 PDT 2009,what_bugs_u,@brooklynk why limit your story to 140 ch. Tell all what is #annoying you at www.iamsoannoyed.com ,New Zealand
2048473438,Fri Jun 05 15:15:24 PDT 2009,what_bugs_u,@SleepingNancy why limit your story to 140 ch. Tell all what is #annoying you at www.iamsoannoyed.com ,India
2048535664,Fri Jun 05 15:21:33 PDT 2009,Jayme1988,@mandajroberts  you are too sweet to me ,Italy
2048553946,Fri Jun 05 15:23:23 PDT 2009,thisgoeshere,@erin82883 oh yum. can i go to your deserted island too?  #petewentzday,Italy
2048556122,Fri Jun 05 15:23:36 PDT 2009,SongoftheOss,@cakey @Jayne0807 and hello there - massage oil? honestly I am shocked...  x,Canada
2048597159,Fri Jun 05 15:27:39 PDT 2009,SongoftheOss,@HarpiBizarre you're confused? you make it sound like that is any kind of challenge  oh no he didn't after all this time x,Jamaica
2048615107,Fri Jun 05 15:29:26 PDT 2009,SongoftheOss,"@ms_cornwall I have no idea, well, I am shocked, I just meant, well, I, oh OK you got me - have fun  x",South Korea
2048636360,Fri Jun 05 15:31:28 PDT 2009,VioletsCRUK,@jimthomlinson LOL that sounds like a good idea!!! ,Indonesia
2048801361,Fri Jun 05 15:47:50 PDT 2009,shanajaca,@tomsgal Me neither so much laughing i am acctually having regular jawaches like right now and my bellie auch lol  XX,Italy
2049005049,Fri Jun 05 16:08:03 PDT 2009,Karen230683,@mories23 I'm sure yours is just loverly  xx,India
2049005646,Fri Jun 05 16:08:07 PDT 2009,webwoke,"congrats, move up by 1  (34)phreakaholic.com",Japan
2049005723,Fri Jun 05 16:08:07 PDT 2009,webwoke,"congrats, move up by 1  (35)blogtoplist.com",Nigeria
2049025462,Fri Jun 05 16:10:06 PDT 2009,webwoke,"congrats, move up by 1  (37)bleuken.com",Japan
2049025592,Fri Jun 05 16:10:07 PDT 2009,webwoke,"congrats, move up by 1  (38)vox.com",Nigeria
2049025688,Fri Jun 05 16:10:08 PDT 2009,webwoke,"congrats, move up by 1  (39)thewhitehatter.com",Dominican Republic
2049226995,Fri Jun 05 16:30:56 PDT 2009,Jayme1988,@colocelt Its just nice to see not every guy on here is sex obsessed.. it gets annoying at times GRRRR ,Italy
2049286738,Fri Jun 05 16:37:04 PDT 2009,DarkPiano,"@bethlayne Thanks, Beth! ",Nigeria
2049306326,Fri Jun 05 16:39:07 PDT 2009,Spidersamm,"just had the problem as andy...little girl was staring at me, we had a stare off and i won  then she got out of the car and chucked a fit",Egypt
2049479082,Fri Jun 05 16:57:13 PDT 2009,Jayme1988,@SunnyBuns Told by one word uttered and class is more than language. It is a persons values! But I am easy going and it is your opinion ,Brazil
2049576099,Fri Jun 05 17:07:20 PDT 2009,Jayme1988,@SunnyBuns agree to disagree on my part. I do not wish to fall out with a sunny person such as yourself! ,Kenya
2049654156,Fri Jun 05 17:15:36 PDT 2009,thisgoeshere,its working now!  yay! it obeys the will of the pwentz  #petewentzday,Indonesia
2049708415,Fri Jun 05 17:21:27 PDT 2009,thisgoeshere,@juhidee119 they just don't understand. losers. pwentz says i can kill them  #petewentzday,Russia
2049746929,Fri Jun 05 17:25:40 PDT 2009,mcraddictal,@JessicklesFTW  my mutt just tried to rip mu aunt's face off. Sup w/ you?,Mexico
2049765065,Fri Jun 05 17:27:36 PDT 2009,TraceyHewins,@monkjail I'm sorry. I was being nosy. Is it too forward of me to say I love you? LOL ,Jamaica
2049840872,Fri Jun 05 17:35:42 PDT 2009,thisgoeshere,@juhidee119 he's does. he said kill those bleeping expletive bleepers  #petewentzday,Mexico
2049858625,Fri Jun 05 17:37:39 PDT 2009,SallytheShizzle,#kevinjonas is the best!  happy #kevinjonas day! ,Indonesia
2049930771,Fri Jun 05 17:45:24 PDT 2009,thisgoeshere,@iamsarahmolland yes she is! she's awesome  #petewentzday,Ecuador
2049951489,Fri Jun 05 17:47:42 PDT 2009,TraceyHewins,@Zut_Radio you got that right--my greatgrandad was a captain ,Tanzania
2050903030,Fri Jun 05 19:30:09 PDT 2009,what_bugs_u,@OHHeliza why limit your story to 140 ch. Tell all what is #annoying you at www.iamsoannoyed.com ,UK
2050903907,Fri Jun 05 19:30:15 PDT 2009,Jayme1988,Unfollow me if you like @SunnyBuns  it was you who insulted me when you need not have - and that is class? then I don't want any ,China
2050921766,Fri Jun 05 19:32:10 PDT 2009,what_bugs_u,@starlight051614 why limit your story to 140 ch. Tell all what is #annoying you at www.iamsoannoyed.com ,France
2050993632,Fri Jun 05 19:40:04 PDT 2009,Jayme1988,@mnrmg OH I doubt I am close to you lol... off to bed! night night ,South Korea
2051160983,Fri Jun 05 19:58:27 PDT 2009,what_bugs_u,@samarasfabolous why limit your story to 140 ch. Tell all what is #annoying you at www.iamsoannoyed.com ,Russia
2051161965,Fri Jun 05 19:58:33 PDT 2009,thisgoeshere,@erin82883 are you gonna make a wish? ,Cuba
2051176145,Fri Jun 05 20:58:08 PDT 2009,webwoke,ohh yesss move up by 2  66. blogsome.com,France
2051176189,Fri Jun 05 20:58:08 PDT 2009,webwoke,ohh yesss move up by 2  67. wabuf.com,Italy
2051184257,Fri Jun 05 21:00:11 PDT 2009,webwoke,GoGoGo... move up by 2  69. hubpages.com,Nigeria
2051184556,Fri Jun 05 21:00:14 PDT 2009,webwoke,hooray... move up by 2  70. kcbtours.com,Peru
2051197549,Fri Jun 05 21:04:17 PDT 2009,webwoke,"ilovegoogle, move up by 1  72. blogtopsites.com",Thailand
2051198033,Fri Jun 05 21:04:27 PDT 2009,webwoke,ohh yesss move up by 2  73. jumptags.com,Canada
2051208168,Fri Jun 05 21:07:41 PDT 2009,webwoke,uhuiii... move up by 2  74. twitter.com,India
2051209770,Fri Jun 05 21:08:11 PDT 2009,webwoke,ohh yesss move up by 2  75. myselfroad.com,Chile
2051218007,Fri Jun 05 21:10:29 PDT 2009,webwoke,"ilovegoogle, move up by 2  76. drawingboard.org",Chile
2051223177,Fri Jun 05 21:12:08 PDT 2009,webwoke,uhuiii... move up by 2  77. seolithic.com,New Zealand
2051223212,Fri Jun 05 21:12:09 PDT 2009,webwoke,great! move up by 1  79. blogmarks.net,Canada
2051229007,Fri Jun 05 21:14:11 PDT 2009,webwoke,Gooo... move up by 3  81. evilscience.org,Cuba
2051237035,Fri Jun 05 21:16:29 PDT 2009,webwoke,Gooo... move up by 3  82. businessweek.com,Jamaica
2051237241,Fri Jun 05 21:16:32 PDT 2009,webwoke,hooray... move up by 3  84. opera.com,France
2051237269,Fri Jun 05 21:16:33 PDT 2009,webwoke,great! move up by 3  85. instablogs.com,Ethiopia
2051250414,Fri Jun 05 21:20:08 PDT 2009,webwoke,Gooo... move up by 1  89. technorati.com,UK
2051250446,Fri Jun 05 21:20:09 PDT 2009,webwoke,"ilovegoogle, move up by 1  90. ontoplist.com",India
2051258914,Fri Jun 05 21:22:29 PDT 2009,webwoke,great! move up by 1  91. johnchow-cow.com,Germany
2051286004,Fri Jun 05 21:30:09 PDT 2009,webwoke,ohh yesss move up by 1  100. newsunseo.com,Thailand
2051286578,Fri Jun 05 21:30:18 PDT 2009,webwoke,hooray... move up by 1  101. itkeepsyourunning.com,Chile
2051286815,Fri Jun 05 21:30:22 PDT 2009,webwoke,GoGoGo... move up by 2  102. ardhindie.com,India
2051300725,Fri Jun 05 21:34:08 PDT 2009,webwoke,ohh yesss move up by 2  103. wordpress.com,Japan
2051301932,Fri Jun 05 21:34:29 PDT 2009,webwoke,GoGoGo... move up by 2  104. thesulumitsretsambew.com,Tanzania
2051316823,Fri Jun 05 21:38:08 PDT 2009,webwoke,ohh yesss move up by 2  105. indianpad.com,Japan
2051317053,Fri Jun 05 21:38:12 PDT 2009,webwoke,ohh yesss move up by 2  106. disqus.com,Argentina
2051317085,Fri Jun 05 21:38:12 PDT 2009,webwoke,Gooo... move up by 2  107. yehia.org,Colombia
2051642502,Fri Jun 05 22:28:14 PDT 2009,StDAY,"@a_simple_girl Camping! We can build a fire, tell scary stories, braid our hair, and sing kumbaya! Yay! *bounces up and down* ",Ethiopia
2051750814,Fri Jun 05 22:43:10 PDT 2009,SallytheShizzle,@OfficialAS oh. LMAO well...i usually don't call people that..buuut you did something kind so you deserved the title ,Dominican Republic
2051788468,Fri Jun 05 22:48:49 PDT 2009,SallytheShizzle,@OfficialAS hahaha yuppers ,UK
2052181741,Fri Jun 05 23:54:41 PDT 2009,Spidersamm,@HelloLizzi i will &lt;3333333  no but ill actually come over if they play in melbs  instead of going to shit stack &lt;3 hahah,Dominican Republic
2052280862,Sat Jun 06 00:12:39 PDT 2009,VioletsCRUK,@StephenGonzalez Looks like you had your hands full last night!!  lol,Tanzania
2052332948,Sat Jun 06 00:22:45 PDT 2009,VioletsCRUK,@phil_hellmuth Good luck Phil!! ,Cuba
2052334153,Sat Jun 06 00:22:59 PDT 2009,Spidersamm,"oh, i haz the same phone as Beau  yay",China
2052345420,Sat Jun 06 00:25:16 PDT 2009,StDAY,DONE.  Going home and going to SLEEP. I open tomorrow morning.,Cuba
2052355467,Sat Jun 06 00:27:16 PDT 2009,Spidersamm,"@nevershoutmaria LG viewty, hahahah :| they is shit as, but still ze same as beaus  hah",UK
2052398183,Sat Jun 06 00:35:46 PDT 2009,SallytheShizzle,@therealTiffany you can bowl EXTREMELY? o.O that sounds cooool ,Spain
2052457355,Sat Jun 06 00:47:42 PDT 2009,ramdomthoughts,Headache gone  Got an exciting day planned - had better get my arse out of bed.,Colombia
2052473513,Sat Jun 06 00:51:05 PDT 2009,StDAY,"HOME! Going to bed. I'm TIRED. I've got to go back to work again in 10 hours. I need sleep. Goodnight, tweeters. ",Kenya
2052484368,Sat Jun 06 00:53:23 PDT 2009,Spidersamm,"gots bnf comment  nawh i miss them, they've gone quiet",Colombia
2052485440,Sat Jun 06 00:53:36 PDT 2009,shanajaca,@granuaile Yup so sad i dont know how we can win this lol  XX,Spain
2052513469,Sat Jun 06 00:59:39 PDT 2009,SallytheShizzle,@CasanovaJSandy naaaaw. Greedy gutts (jk) lmao. I'mma have soup for tea ,Australia
2052521716,Sat Jun 06 01:01:11 PDT 2009,shanajaca,@granuaile I have been voting every 20 min when the site was up but i will be glad when the stupid game is up lol  XX,Ecuador
2052553914,Sat Jun 06 01:07:52 PDT 2009,shanajaca,@xXFriendXx Hahahaha now lets hope maintenance hour helped and made things better huh lol  XX,Chile
2052588468,Sat Jun 06 01:15:26 PDT 2009,VioletsCRUK,@sara_morgan lol awk that @snedwan  is always Mr Grumpy (lol)! I do not know much about it to be honest....never suffered from it myself! ,New Zealand
2052615988,Sat Jun 06 01:21:40 PDT 2009,Karen230683,@aerobic247 its fine  no mixing of drinks woohooo,Mexico
2052626661,Sat Jun 06 01:24:08 PDT 2009,Karen230683,@steve5424 morning  how ya,Cuba
2052630875,Sat Jun 06 01:25:08 PDT 2009,shanajaca,@Mattdavelewis Good luck on the forfeit today keep it fun and safe yet exiting for us viewers hugzzzz  XX,Peru
2052643970,Sat Jun 06 01:28:09 PDT 2009,Spidersamm,@shaundiviney ahahahaha feel proud ,Ethiopia
2052661204,Sat Jun 06 01:32:04 PDT 2009,Karen230683,@Woody_in_MK aaaaw thanks ,Mexico
2052667683,Sat Jun 06 01:33:33 PDT 2009,Karen230683,@jaboc aaaw love Nairn friend kelly is from there ,USA
2052685138,Sat Jun 06 01:37:32 PDT 2009,Karen230683,@jaboc haha that's nice of you ,Dominican Republic
2052711445,Sat Jun 06 01:43:38 PDT 2009,Karen230683,@jaboc nothing much think watching goddaughter for a while later ,India
2052712050,Sat Jun 06 01:43:47 PDT 2009,SallytheShizzle,@GRAC3ox omg same here! HAHA. I already have it on my ipod ,Peru
2052736829,Sat Jun 06 01:49:36 PDT 2009,Karen230683,@racheltp excellent ,Peru
2052746351,Sat Jun 06 01:51:50 PDT 2009,Karen230683,@jaboc aaaaaw wee tiny thing Rachel is 3 wee monster ,Thailand
2052772231,Sat Jun 06 01:57:59 PDT 2009,Karen230683,@VioletsCRUK have a good day  x,Canada
2052779497,Sat Jun 06 01:59:43 PDT 2009,VioletsCRUK,@Karen230683 Thanks you too!  x,Mexico
2052864738,Sat Jun 06 02:19:37 PDT 2009,SallytheShizzle,@Pink AUS loves you. I can't go an hour without hearing at least 2-3 songs on the radio  &lt;33,Argentina
2052880592,Sat Jun 06 02:23:23 PDT 2009,shanajaca,@xXFriendXx Hardly any homework is streching it a bit but there is 20 years of historie and science more to learn lol  XX,India
2052889601,Sat Jun 06 02:25:33 PDT 2009,shanajaca,@Amaren88 I dont think that is the solution but i will keep my opinion to myself here  XX,Jamaica
2052948251,Sat Jun 06 02:39:53 PDT 2009,Spidersamm,@bradiewebbstack oi rise from ze dead ploise ,Argentina
2052981018,Sat Jun 06 02:47:48 PDT 2009,keza34,@trevward morning sir hows you today?any plans? ,India
2052996768,Sat Jun 06 02:51:39 PDT 2009,keza34,@Stev02008 morning.hows you?all good i hope. ,Chile
2053065520,Sat Jun 06 03:08:04 PDT 2009,keza34,@ComedyQueen yep i do but dont drink that.drink one called macchiato tastes a bit like chocolate.yum ,Indonesia
2053065651,Sat Jun 06 03:08:06 PDT 2009,shanajaca,@kegan5 OOOOOH i am so fucking jealous right now i wish i would be there tooooooooo LOL  XX,Indonesia
2053089537,Sat Jun 06 03:13:47 PDT 2009,keza34,@ComedyQueen lol i know .what you doin today?r u goin for prom shoes or not? ,UK
2053115547,Sat Jun 06 03:20:05 PDT 2009,keza34,"@ComedyQueen no rain here so far,but not riskin goin out though.lol ",Thailand
2053140275,Sat Jun 06 03:25:57 PDT 2009,keza34,@ComedyQueen just rained through night.lol ,Italy
2053233266,Sat Jun 06 03:47:55 PDT 2009,shanajaca,@James_Phelps Doing great !!Are you going to Paris by plane or the train? have a nice day!!  XX hugzz,Australia
2053270539,Sat Jun 06 03:56:25 PDT 2009,shanajaca,@Rotae Good ou will enjoy it a lot lol  XX,Russia
2053276853,Sat Jun 06 03:57:54 PDT 2009,SallytheShizzle,sometimes a call friend a friend is all you need to feel loved again  &lt;33,Indonesia
2053351357,Sat Jun 06 04:14:21 PDT 2009,keza34,@Stev02008 i know will be interestin to see how he plays it. and new assistant too.dont know much about er though.lol ,Spain
2053362758,Sat Jun 06 04:16:47 PDT 2009,thisgoeshere,@erin82883 haha. thanks. isn't it fun to be me? ,Jamaica
2053369175,Sat Jun 06 04:18:17 PDT 2009,what_bugs_u,@erdbeerchen05 why limit your story to 140 ch. Tell all what is #annoying you at www.iamsoannoyed.com ,Chile
2053379976,Sat Jun 06 04:20:43 PDT 2009,what_bugs_u,@georgeowers why limit your story to 140 ch. Tell all what is #annoying you at www.iamsoannoyed.com ,Thailand
2053389318,Sat Jun 06 04:22:48 PDT 2009,what_bugs_u,@aurafemina why limit your story to 140 ch. Tell all what is #annoying you at www.iamsoannoyed.com ,Cuba
2053398711,Sat Jun 06 04:24:53 PDT 2009,keza34,@robangus tell me about it.hows you today?any plans? ,Australia
2053406143,Sat Jun 06 04:26:30 PDT 2009,Jayme1988,Late #followfriday @MarkRosenbauer thank you and good mornoon ,China
2053441656,Sat Jun 06 04:34:03 PDT 2009,webwoke,great! move up by 1  66. wabuf.com,Nigeria
2053441694,Sat Jun 06 04:34:04 PDT 2009,webwoke,uhuiii... move up by 1  67. twitter.com,Canada
2053451192,Sat Jun 06 04:36:04 PDT 2009,webwoke,uhuiii... move up by 1  69. hubpages.com,Antarctica
2053451225,Sat Jun 06 04:36:04 PDT 2009,webwoke,great! move up by 1  70. kcbtours.com,Thailand
2053469705,Sat Jun 06 04:40:05 PDT 2009,webwoke,uhuiii... move up by 1  75. myselfroad.com,Cuba
2053469751,Sat Jun 06 04:40:05 PDT 2009,webwoke,GoGoGo... move up by 1  76. drawingboard.org,Russia
2053492271,Sat Jun 06 04:44:54 PDT 2009,SallytheShizzle,I just emailed 3 of my tute teachers :] I hope I can get a reply to get back into action. I'm not gonna let uni beat me ,Canada
2053499963,Sat Jun 06 04:46:29 PDT 2009,shanajaca,@Mattdavelewis Dont let it get to you!!!!!! hugzzzzz  XX,Cuba
2053603552,Sat Jun 06 05:07:07 PDT 2009,SallytheShizzle,@OfficialAS I'd say have a sleepover at my place sometime ,South Africa
2053622464,Sat Jun 06 05:10:45 PDT 2009,SallytheShizzle,@OfficialAS haha dw you'll be getting your pressie soon enough  and yesh they're yummy! I'll bring some Thurs ,Nigeria
2053652541,Sat Jun 06 05:16:36 PDT 2009,keza34,@Dojie will have to get it at end of month.lol ,Egypt
2053655105,Sat Jun 06 05:17:07 PDT 2009,SallytheShizzle,@officialas http://bit.ly/f0y7x  A GIFT TO LAST A LIFETIME ,Ecuador
2053682023,Sat Jun 06 05:22:29 PDT 2009,DarkPiano,@BonnieBrown Morning! Still cross-eyed? ,Antarctica
2053747817,Sat Jun 06 05:34:46 PDT 2009,Jayme1988,@pdurham see you later! have a brilliant morning ,China
2053759391,Sat Jun 06 05:36:52 PDT 2009,keza34,@ComedyQueen all good need more coffee though and food.lol ,India
2053815236,Sat Jun 06 05:47:03 PDT 2009,keza34,@ComedyQueen lol.: xx not goin to c mates or go out? ,Jamaica
2053847897,Sat Jun 06 05:52:55 PDT 2009,keza34,@ComedyQueen should have had a lie-in like i did.lol ,UK
2053893293,Sat Jun 06 06:00:40 PDT 2009,what_bugs_u,@radphotographer why limit your story to 140 ch. Tell all what is #annoying you at www.iamsoannoyed.com ,Chile
2053894109,Sat Jun 06 06:00:47 PDT 2009,what_bugs_u,@estrelada why limit your story to 140 ch. Tell all what is #annoying you at www.iamsoannoyed.com ,Canada
2053919891,Sat Jun 06 06:04:58 PDT 2009,SallytheShizzle,@OfficialAS what no that's fine. I needed the phone so win/win!  but yeah depending if your mum gets it or not i'll get u 1 of those,Russia
2053921546,Sat Jun 06 06:05:13 PDT 2009,SallytheShizzle,@OfficialAS cds  cause i wuuuuv yuuuuuu! ,Tanzania
2053922329,Sat Jun 06 06:05:20 PDT 2009,what_bugs_u,@VVbrown why limit your story to 140 ch. Tell all what is #annoying you at www.iamsoannoyed.com ,Thailand
2053971957,Sat Jun 06 06:13:22 PDT 2009,DarkPiano,@DarkPiano Lol for real! Good morning! ,Antarctica
2053983919,Sat Jun 06 06:15:13 PDT 2009,DarkPiano,@BonnieBrown You too! Enjoy the family time ,Ethiopia
2053985970,Sat Jun 06 06:15:31 PDT 2009,keza34,@ComedyQueen lol must have some idea about what you are gonna do today&gt;lol ,Jamaica
2054034424,Sat Jun 06 06:23:13 PDT 2009,Spidersamm,"@schaeferj89 what you said to @lewisusher sounded sexual, even though i dont think it was meant to. haha ",South Africa
2054101312,Sat Jun 06 06:33:35 PDT 2009,DarkPiano,@aliceletts Always a good time for coffee! ,Nigeria
2054166568,Sat Jun 06 06:43:27 PDT 2009,thisgoeshere,@KageFC4 we miss your tweets. @Ilkee and i haven't seen the sun since you've been in canada. but we undestand!  smile lots kage!,Antarctica
2054235092,Sat Jun 06 06:53:37 PDT 2009,mcraddictal,@MyCheMicALmuse lolz. Well that's good  I'm sorta tired/bored... The usual  and maybe a little too hyper...again.,Brazil
2054248761,Sat Jun 06 06:55:36 PDT 2009,what_bugs_u,@psychmaster10 why limit your story to 140 ch. Tell all what is #annoying you at www.iamsoannoyed.com ,Germany
2054275221,Sat Jun 06 06:59:24 PDT 2009,DarkPiano,Looking forward to spending a wonderful day with my wife and English professor daughter! ,Italy
2054291146,Sat Jun 06 07:01:27 PDT 2009,DarkPiano,@katjaib I'll have a cup! ,Nigeria
2054304859,Sat Jun 06 07:03:16 PDT 2009,DarkPiano,@azandiaMJBB Thanks. And yes this song is for those who have suffered loss and for survivors! ,Japan
2054379441,Sat Jun 06 07:13:21 PDT 2009,DarkPiano,"@DianeTate Oh I won't! They are both gems, and I am truly blessed ",Italy
2054423364,Sat Jun 06 07:19:13 PDT 2009,thisgoeshere,@doombox well on my weekdays i'm usually still in bed  i'm not a morning person. plus i got off work at eleven last night and was up at,USA
2054486273,Sat Jun 06 07:27:32 PDT 2009,Karen230683,@daveg38 its been there days crazydave but thanks ,Dominican Republic
2054608941,Sat Jun 06 07:43:13 PDT 2009,thisgoeshere,@doombox haha. of course! i am a naughty person ,Russia
2054609010,Sat Jun 06 07:43:14 PDT 2009,SallytheShizzle,@OfficialAS naaw...if you're sure. NIGHT NIGHT!  &lt;33,Egypt
2054766714,Sat Jun 06 08:02:36 PDT 2009,keza34,@Dojie coz you missed lunch other day.lol ,China
2054795710,Sat Jun 06 08:05:59 PDT 2009,VioletsCRUK,@dbdc lol aw he is a cute monster then!!! ,South Korea
2054826273,Sat Jun 06 08:09:37 PDT 2009,VioletsCRUK,@mfowmes Ah ok...not far then.  Well my Mum hust arrived so had better go and talk to her or she'll be moaning at me for Twattering! lol,Russia
2054890267,Sat Jun 06 08:17:14 PDT 2009,thisgoeshere,@juhidee119 its probably not tho  too much drama ans things change too much here. stressful at times  but pay is good ,Kenya
2054983914,Sat Jun 06 08:28:27 PDT 2009,what_bugs_u,@pretendr why limit your story to 140 ch. Tell all what is #annoying you at www.iamsoannoyed.com ,Jamaica
2055015148,Sat Jun 06 08:32:04 PDT 2009,webwoke,GoGoGo... move up by 1  30. phreakaholic.com,Dominican Republic
2055088640,Sat Jun 06 08:40:35 PDT 2009,thisgoeshere,@juhidee119 there are hott fellas here today  the boxing brung them out and ima drooling ,Nigeria
2055213428,Sat Jun 06 08:54:47 PDT 2009,thisgoeshere,@doombox *faith hehe ,Colombia
2055256129,Sat Jun 06 08:59:28 PDT 2009,what_bugs_u,@SarahSpined why limit your story to 140 ch. Tell all what is #annoying you at www.iamsoannoyed.com ,USA
2055260494,Sat Jun 06 08:59:54 PDT 2009,what_bugs_u,@Dev0h why limit your story to 140 ch. Tell all what is #annoying you at www.iamsoannoyed.com ,Chile
2055291129,Sat Jun 06 09:02:59 PDT 2009,SongoftheOss,For you @tubilino  â« http://blip.fm/~7qt30,Thailand
2055448860,Sat Jun 06 09:20:10 PDT 2009,SongoftheOss,Thanks to @danlopez2012 @AIC_Entertainment @paulastudio for the props  â« http://blip.fm/~7qu1x,France
2055460388,Sat Jun 06 09:21:26 PDT 2009,keza34,@robangus ewww effort.sounds too much like hard work ut alcohol eases the pain.lol ,Jamaica
2055506810,Sat Jun 06 09:26:33 PDT 2009,thisgoeshere,@juhidee119 oh wow i dunno guitars. what does joe say? ,Germany
2055606078,Sat Jun 06 09:37:26 PDT 2009,what_bugs_u,@rossminer why limit your story to 140 ch. Tell all what is #annoying you at www.iamsoannoyed.com ,China
2055618861,Sat Jun 06 09:38:52 PDT 2009,what_bugs_u,@noirdame why limit your story to 140 ch. Tell all what is #annoying you at www.iamsoannoyed.com ,Chile
2055633923,Sat Jun 06 09:40:30 PDT 2009,VioletsCRUK,@MattLewisMusic Oh ya beauty..send some my way please Matt...one of my faves!! lol Aw your Mum will have you on the mend in no time!  x,Chile
2055696667,Sat Jun 06 09:47:26 PDT 2009,DarkPiano,"@S_Wash lol no, just joking. ",Jamaica
2055745069,Sat Jun 06 09:52:44 PDT 2009,DarkPiano,"@S_Wash lol would be a great hook, actually! ",Egypt
2055757511,Sat Jun 06 09:54:05 PDT 2009,StDAY,@eeshkapeesh True! Haha. What did you get? ,Mexico
2055803746,Sat Jun 06 09:59:11 PDT 2009,SongoftheOss,Thanks to @paulastudio @mammara @Plastic for the props and blips  â« http://blip.fm/~7qw8q,Spain
2056481842,Sat Jun 06 11:13:25 PDT 2009,DarkPiano,@azandiaMJBB Not sure if she did! Feel free to share with her if you like! ,India
2056645634,Sat Jun 06 11:31:45 PDT 2009,what_bugs_u,@Big_Stace why limit your story to 140 ch. Tell all what is #annoying you at www.iamsoannoyed.com ,Tanzania
2056807280,Sat Jun 06 11:49:55 PDT 2009,what_bugs_u,@astannard why limit your story to 140 ch. Tell all what is #annoying you at www.iamsoannoyed.com ,Jamaica
2056973400,Sat Jun 06 12:08:13 PDT 2009,shanajaca,I so want to tweet them but then they harras me wont they lol  XX,UK
2057136944,Sat Jun 06 12:26:29 PDT 2009,VioletsCRUK,@Sion71 Good ta...just chillin out. Hows you? Havin an early night tonight though cause of race tomorrow..what you up to? ,Thailand
2057172941,Sat Jun 06 12:30:32 PDT 2009,shanajaca,@lilyginny27 Scared to say the wrong thing lol take a painreliever srink loads and take some rest love ya  XX,USA
2057173152,Sat Jun 06 12:30:33 PDT 2009,thisgoeshere,@juhidee119 yes! so you met yonoy! isn't she cute? ,Australia
2057227476,Sat Jun 06 12:36:35 PDT 2009,what_bugs_u,@DonGeronimo why limit your story to 140 ch. Tell all what is #annoying you at www.iamsoannoyed.com ,Dominican Republic
2057317621,Sat Jun 06 12:46:40 PDT 2009,shanajaca,@digitalukerings Cute how old is he about 8? and if he is older lol i didnt want to insult him hugzzzz  XX,Italy
2057317764,Sat Jun 06 12:46:41 PDT 2009,what_bugs_u,@WonderHeart why limit your story to 140 ch. Tell all what is #annoying you at www.iamsoannoyed.com ,Kenya
2057497083,Sat Jun 06 13:06:50 PDT 2009,keza34,@ComedyQueen 'i've got ham but i'm not a hamster' lol ,USA
2057568132,Sat Jun 06 13:14:45 PDT 2009,keza34,@ComedyQueen am waitin till later when i watch it all.lol ,Italy
2057604102,Sat Jun 06 13:18:51 PDT 2009,keza34,@ComedyQueen are you sure?lol ,Spain
2057691657,Sat Jun 06 13:28:54 PDT 2009,keza34,@joshtastic1 dont you mean when hes talkin crap.lol  x x,Tanzania
2057834700,Sat Jun 06 13:45:05 PDT 2009,shanajaca,@kegan5 Yeah that might be best huh lol  XX,Antarctica
2057887128,Sat Jun 06 13:51:11 PDT 2009,thisgoeshere,@Ilkee wae lei is coming over tonight and we are gonna do research ,India
2058162597,Sat Jun 06 14:23:25 PDT 2009,shanajaca,@xXFriendXx HAHAHAHAHA you see it is possible i had that the other night disturbing right lol  XX,Chile
2058195827,Sat Jun 06 14:27:28 PDT 2009,thisgoeshere,@Ilkee nope. never heard of it. where is it held? fob was at bamboozle. ima going next year! ,Tanzania
2058196599,Sat Jun 06 14:27:34 PDT 2009,shanajaca,@DileShakespeare You comming to feltchat to ?  XX,Italy
2058331573,Sat Jun 06 14:43:36 PDT 2009,what_bugs_u,@theartofbeingg why limit your story to 140 ch. Tell all what is #annoying you at www.iamsoannoyed.com ,Peru
2058349388,Sat Jun 06 14:45:43 PDT 2009,what_bugs_u,@hey_jan why limit your story to 140 ch. Tell all what is #annoying you at www.iamsoannoyed.com ,Canada
2058398256,Sat Jun 06 14:51:44 PDT 2009,keza34,@Dojie good as long as you are fine.he mustbe an absolute twat anyway.am good here watchin bill bailey.lol  x x,Ecuador
2058413832,Sat Jun 06 14:53:39 PDT 2009,Karen230683,@daveg38 I have no uniform on today Dave ,Nigeria
2058415628,Sat Jun 06 14:53:53 PDT 2009,thisgoeshere,@Ilkee oh. well then... you are just gonna like it ,UK
2058447774,Sat Jun 06 14:57:47 PDT 2009,thisgoeshere,@Ilkee i know! i have show illness ,Kenya
2058550275,Sat Jun 06 15:09:50 PDT 2009,what_bugs_u,@ForbesFuture why limit your story to 140 ch. Tell all what is #annoying you at www.iamsoannoyed.com ,Spain
2058551947,Sat Jun 06 15:10:01 PDT 2009,what_bugs_u,@obie why limit your story to 140 ch. Tell all what is #annoying you at www.iamsoannoyed.com ,Colombia
2058586453,Sat Jun 06 15:14:01 PDT 2009,what_bugs_u,@IndiaT why limit your story to 140 ch. Tell all what is #annoying you at www.iamsoannoyed.com ,Antarctica
2058588252,Sat Jun 06 15:14:13 PDT 2009,thisgoeshere,installing firefox. and i have no idea why ,New Zealand
2058657322,Sat Jun 06 15:22:26 PDT 2009,thisgoeshere,@Ilkee of course i don't.  you just don't know ,Ethiopia
2058795422,Sat Jun 06 15:38:34 PDT 2009,keza34,@olafsearson nighty night ,Argentina
2058846024,Sat Jun 06 15:44:38 PDT 2009,Karen230683,@BunnyNut uch i aim to amuse ,Egypt
2058914302,Sat Jun 06 15:52:48 PDT 2009,VioletsCRUK,@Pepsimo Thanks Maureen...g'night!  xx,Ecuador
2058945376,Sat Jun 06 15:56:34 PDT 2009,keza34,@Jamie_127 yes of course like his aunt @TraceyHewins lol  didnt answer question though .x x,China
2058997511,Sat Jun 06 16:02:37 PDT 2009,Karen230683,@VioletsCRUK ooooh he may know my Dean that would be funny ,Argentina
2058997901,Sat Jun 06 16:02:40 PDT 2009,VioletsCRUK,@bluefrez Thank you...g'night to you too!!! ,Canada
2059066943,Sat Jun 06 16:10:49 PDT 2009,keza34,@Jamie_127 but apart from that all good then? lol  x x,Argentina
2059082634,Sat Jun 06 16:12:42 PDT 2009,keza34,@joshtastic1 i know.its so hard bein this perfect all the time.lol  x x x,Thailand
2059098837,Sat Jun 06 16:14:40 PDT 2009,VioletsCRUK,@linehan LOL uch who needs them!!!  @karen230683,India
2059118822,Sat Jun 06 16:17:03 PDT 2009,keza34,"@Jamie_127 it sort of does,in a strange way.  xx",Tanzania
2059266784,Sat Jun 06 16:35:07 PDT 2009,SongoftheOss,"@ms_cornwall night you, may your dreams be wonderful ",Egypt
2059313791,Sat Jun 06 16:40:53 PDT 2009,shanajaca,@tomsgal I am not a bad girl you made the offer and being a good slyth i said sure give it to us baby aha aha !!!!!  XX,Thailand
2059316948,Sat Jun 06 16:41:16 PDT 2009,shanajaca,@tomsgal Just kidding but please do sniff him lol  XX,Jamaica
2059333472,Sat Jun 06 16:43:17 PDT 2009,shanajaca,@tomsgal V most def the V i like  Vnecks best yup i did see it  XX,Brazil
2059333641,Sat Jun 06 16:43:18 PDT 2009,SongoftheOss,"@kittylecat hey thanks for the earlier tweet, you are too good to me  x",Indonesia
2059363892,Sat Jun 06 16:47:01 PDT 2009,what_bugs_u,@theheavendoll why limit your story to 140 ch. Tell all what is #annoying you at www.iamsoannoyed.com ,Mexico
2059382277,Sat Jun 06 16:49:16 PDT 2009,what_bugs_u,@jarekd why limit your story to 140 ch. Tell all what is #annoying you at www.iamsoannoyed.com ,Russia
2059478951,Sat Jun 06 17:01:01 PDT 2009,thisgoeshere,@juhidee119 he does! he loves us! ,Australia
2059530733,Sat Jun 06 17:07:07 PDT 2009,SongoftheOss,@Suze_W Thanks ,France
2059532551,Sat Jun 06 17:07:20 PDT 2009,Jayme1988,@teejay0109 Hang in there mr  Dm me to tell me how everything is going! ,South Africa
2059582669,Sat Jun 06 17:13:25 PDT 2009,keza34,@TraceyHewins wasnt just family.had first time out a couple of hours ago.was gutted.lol ,Australia
2059616577,Sat Jun 06 17:17:28 PDT 2009,SongoftheOss,blimey! and hello to all my new #spymaster people - you must of heard about the jammie dodgers in the biscuit tin ,Thailand
2059683090,Sat Jun 06 17:25:31 PDT 2009,TraceyHewins,@Motanahtracer hi Chris! Thank you. I missed you too ,Dominican Republic
2059698738,Sat Jun 06 17:27:27 PDT 2009,thisgoeshere,@juhidee119 it is. just... there was sex. and swear words.  but the main ppl are awesome!,Mexico
2059712882,Sat Jun 06 17:29:13 PDT 2009,Jayme1988,@patsycline27 *Muah* back to you ,South Korea
2059731123,Sat Jun 06 17:31:23 PDT 2009,what_bugs_u,@mjmallon why limit your story to 140 ch. Tell all what is #annoying you at www.iamsoannoyed.com ,Chile
2059748254,Sat Jun 06 17:33:29 PDT 2009,Jayme1988,@bigkelleh I am honored to be your tweet 2204 ,Colombia
2059763557,Sat Jun 06 17:35:19 PDT 2009,what_bugs_u,@paperclipface why limit your story to 140 ch. Tell all what is #annoying you at www.iamsoannoyed.com ,Germany
2059765344,Sat Jun 06 17:35:31 PDT 2009,StDAY,Blow Away - @AFineFrenzy. It's on the radio again. Making this last hour of work pretty awesome. ,Antarctica
2059765617,Sat Jun 06 17:35:34 PDT 2009,SongoftheOss,@Suze_W just dial 800 hack-n-slash ,Mexico
2059831824,Sat Jun 06 17:43:31 PDT 2009,SongoftheOss,"Lemon Jelly Tribute: The Staunton Lick - right sign off for me, until daylight  â« http://blip.fm/~7rnwh",Brazil
2059865187,Sat Jun 06 17:47:34 PDT 2009,TraceyHewins,@justlonely LOL no. I'm EDT  You?,USA
2059931690,Sat Jun 06 17:55:40 PDT 2009,TraceyHewins,@JGDemas tormented? poor baby. you need some attention then  GOOD attention ,Peru
2060051477,Sat Jun 06 18:09:52 PDT 2009,SallytheShizzle,@CasanovaJSandy haha when you did YAAAY! haha I get to hurt peoples ears ,Peru
2060121010,Sat Jun 06 18:17:55 PDT 2009,what_bugs_u,@ashaberry why limit your story to 140 ch. Tell all what is #annoying you at www.iamsoannoyed.com ,New Zealand
2060155032,Sat Jun 06 18:21:53 PDT 2009,what_bugs_u,@jessicaschembri why limit your story to 140 ch. Tell all what is #annoying you at www.iamsoannoyed.com ,Mexico
2060171753,Sat Jun 06 18:23:52 PDT 2009,what_bugs_u,@DrJHodgins why limit your story to 140 ch. Tell all what is #annoying you at www.iamsoannoyed.com ,Italy
2060206029,Sat Jun 06 18:27:49 PDT 2009,what_bugs_u,@indieandyy why limit your story to 140 ch. Tell all what is #annoying you at www.iamsoannoyed.com ,UK
2060225174,Sat Jun 06 18:30:03 PDT 2009,DarkPiano,@clefmeister Watch it or I'll stop recommending music to ya! ,Germany
2060259021,Sat Jun 06 18:33:56 PDT 2009,TraceyHewins,@michellebi woohoo!!! No work for four days!!!!!!!!!!!!!!!!  goodnight Michelle,Chile
2060331246,Sat Jun 06 18:42:15 PDT 2009,thisgoeshere,@xxkassyxx can't wait to hang this summer! we're gonna have a good time. and you're welcome. we'll be here forever! ,Japan
2060344690,Sat Jun 06 18:43:48 PDT 2009,DarkPiano,"@mirzwick Hey, thanks for the #ff! ",Mexico
2060717607,Sat Jun 06 19:26:32 PDT 2009,thisgoeshere,@xxkassyxx haha. just keep up your protien level i guess. i dunno. i'm gonna do research ,USA
2060784209,Sat Jun 06 19:34:19 PDT 2009,Jayme1988,@mnrmg fricken SPOOKY! as I read your tweet... they where the exact word being sung! *shudder* ,Ethiopia
2060856008,Sat Jun 06 19:42:38 PDT 2009,what_bugs_u,@LiquidNitrate why limit your story to 140 ch. Tell all what is annoying you at www.iamsoannoyed.com ,Germany
2060890014,Sat Jun 06 19:46:37 PDT 2009,what_bugs_u,@NoDoubtTrout why limit your story to 140 ch. Tell all what is annoying you at www.iamsoannoyed.com ,South Africa
2060906990,Sat Jun 06 19:48:34 PDT 2009,what_bugs_u,@NetKat why limit your story to 140 ch. Tell all what is annoying you at www.iamsoannoyed.com ,USA
2060957488,Sat Jun 06 19:54:23 PDT 2009,what_bugs_u,@emrosetownsend why limit your story to 140 ch. Tell all what is annoying you at www.iamsoannoyed.com ,Indonesia
2060960296,Sat Jun 06 19:54:43 PDT 2009,StDAY,Listening to Tyrone Wells and am so excited I'll get to see him live this summer. ,Dominican Republic
2060961216,Sat Jun 06 19:54:50 PDT 2009,what_bugs_u,@laceyrumley why limit your story to 140 ch. Tell all what is annoying you at www.iamsoannoyed.com ,Russia
2060977268,Sat Jun 06 19:56:41 PDT 2009,what_bugs_u,@llShesADoLLll why limit your story to 140 ch. Tell all what is annoying you at www.iamsoannoyed.com ,Germany
2060995338,Sat Jun 06 19:58:50 PDT 2009,what_bugs_u,@RPosslen why limit your story to 140 ch. Tell all what is annoying you at www.iamsoannoyed.com ,Cuba
2061064089,Sat Jun 06 20:06:28 PDT 2009,TraceyHewins,@JGDemas LOL nothing. I was in timeout for a VERY long time and was feeling frustrated ,Russia
2061084786,Sat Jun 06 20:08:53 PDT 2009,TraceyHewins,@JGDemas I appreciate it  how are you?,France
2061183145,Sat Jun 06 20:20:47 PDT 2009,Jayme1988,@honk4peace hehehe Thank you missy!!! ,Indonesia
2061184509,Sat Jun 06 20:20:57 PDT 2009,StDAY,Shoplifter - Green Day ,Canada
2061264032,Sat Jun 06 20:30:34 PDT 2009,what_bugs_u,@maggiephilbin why limit your story to 140 ch. Tell all what is annoying you at www.iamsoannoyed.com ,Thailand
2061265960,Sat Jun 06 20:30:48 PDT 2009,TraceyHewins,@jbNchp glad to hear it ,Thailand
2061281946,Sat Jun 06 20:32:45 PDT 2009,thisgoeshere,@doombox haha! yes we are! we should get shirts ,Brazil
2061330750,Sat Jun 06 20:38:45 PDT 2009,thisgoeshere,@doombox it was funny. sookie laughed too and bill gave the best look. it curled my toes  he's smexy,Japan
2061394298,Sat Jun 06 20:46:39 PDT 2009,Jayme1988,@patsycline27 goodnight hunny  thanks for brightening my days (and nights *wink*)  ,Antarctica
2061475003,Sat Jun 06 20:56:57 PDT 2009,TraceyHewins,@nelsonmaud lmao I gu that one!! (but yeah you're probably at least tipsy) ,Australia
2061572075,Sat Jun 06 21:08:58 PDT 2009,TraceyHewins,@inigoflufflebum night tweetie  make sure you get the best spot on the bed,Chile
2061633898,Sat Jun 06 21:16:49 PDT 2009,what_bugs_u,@itsme_renee why limit your story to 140 ch. Tell all what is annoying you at www.iamsoannoyed.com ,Canada
2061636406,Sat Jun 06 21:17:08 PDT 2009,what_bugs_u,@gracieh89 why limit your story to 140 ch. Tell all what is annoying you at www.iamsoannoyed.com ,Argentina
2061650241,Sat Jun 06 21:18:55 PDT 2009,TraceyHewins,@JGDemas you're back! we thought we lost you ,South Korea
2061651987,Sat Jun 06 21:19:09 PDT 2009,what_bugs_u,@nosingaround why limit your story to 140 ch. Tell all what is annoying you at www.iamsoannoyed.com ,USA
2061667229,Sat Jun 06 21:21:07 PDT 2009,what_bugs_u,@Laddie03 why limit your story to 140 ch. Tell all what is annoying you at www.iamsoannoyed.com ,China
2061682469,Sat Jun 06 21:23:07 PDT 2009,TraceyHewins,@MrPaulEvans no it isn't ,Kenya
2062095053,Sat Jun 06 22:19:29 PDT 2009,StDAY,Watch this video. Little girl singing and dancing to Tyrone Wells (@tyronewells). Adorable!  http://bit.ly/ZmnEe,Spain
2062108118,Sat Jun 06 22:21:19 PDT 2009,Spidersamm,"@EskimoJoelted do it, hahaha  something amusing ploiise",Nigeria
2062108834,Sat Jun 06 22:21:25 PDT 2009,thisgoeshere,@strangetymes and then you'll be there. and the party will be more awesome ,Germany
2062132868,Sat Jun 06 22:25:02 PDT 2009,thisgoeshere,"@strangetymes haha. saw that, jealous ",Tanzania
2062172247,Sat Jun 06 22:30:58 PDT 2009,thisgoeshere,@erin82883 that very last last post  ock drama?,UK
2062173857,Sat Jun 06 22:31:11 PDT 2009,StDAY,@xoMusicLoverxo I signed up sophomore year and barely used it. I'm probably just gonna delete it since I dont even care about it. Haha. ,Egypt
2062189807,Sat Jun 06 22:33:35 PDT 2009,thisgoeshere,@erin82883 its dumb  i hated it when i was made to watch it. too long for being so dumb  only part that got me was the sinking. so sad,Indonesia
2062214059,Sat Jun 06 22:37:16 PDT 2009,Spidersamm,"@saamanthajaane hahaha :O yeah, i never socialise ",Dominican Republic
2062226755,Sat Jun 06 22:39:18 PDT 2009,thisgoeshere,@erin82883 yeah well i like them all ,Ecuador
2062326953,Sat Jun 06 22:55:27 PDT 2009,StDAY,@a_simple_girl Thanks. Did you watch the one I linked to you? PLEASE do. Its so cute. ,South Africa
2062422881,Sat Jun 06 23:11:20 PDT 2009,StDAY,@a_simple_girl YOUR SON IS THE BEST KID EVER!!!  I knew there was a reason he's Emperor of the clubhouse!  GENIUS! ,Japan
2062503859,Sat Jun 06 23:25:25 PDT 2009,Karen230683,@violetscruk good luck  maybe see ya up there xx,China
2062516617,Sat Jun 06 23:27:42 PDT 2009,StDAY,This list of movies is fun.  So far only 76 but I'm not close to being done. ,Colombia
2062562132,Sat Jun 06 23:35:50 PDT 2009,Karen230683,@McGiff good luck I'm doing it in Glasgow ,USA
2062669829,Sat Jun 06 23:55:52 PDT 2009,Karen230683,@PaceyGorilla thank you  x,Jamaica
2062699437,Sun Jun 07 00:01:21 PDT 2009,StDAY,"@a_simple_girl I'm making a list for a friend who hasnt seen A LOT of movies. Great movies. Casablanca, etc. It's a long list. ",Jamaica
2062756385,Sun Jun 07 00:11:47 PDT 2009,StDAY,Home Alone 2!!!  it's on tv. LOVE!,UK
2062766137,Sun Jun 07 00:13:39 PDT 2009,Spidersamm,:O so everyone gets to hear how good mister prozac sounds soon    ITS EPICCCCCCCCCCCCCC &lt;3,USA
2062814961,Sun Jun 07 00:23:29 PDT 2009,StDAY,"Okay. If you get hit with a brick to the head from atop a roof, you'd die. But this movie is hilarious. ",New Zealand
2062886352,Sun Jun 07 00:37:50 PDT 2009,Karen230683,@faulko1 I will when I get home no probs ,South Africa
2062916117,Sun Jun 07 00:43:58 PDT 2009,StDAY,Can't forget to add Rocky Horror Picture Show to the list! ,Indonesia
2062927258,Sun Jun 07 00:46:11 PDT 2009,webwoke,Gooo... move up by 33  54. instablogs.com,Peru
2062962284,Sun Jun 07 00:53:29 PDT 2009,SallytheShizzle,@OfficialAS O.O bwaaaahahaha oh dear lord. You guys are funny ,Nigeria
2063002504,Sun Jun 07 01:01:40 PDT 2009,StDAY,Fresh Prince is on TV! ,Australia
2063033024,Sun Jun 07 01:07:59 PDT 2009,StDAY,@xoMusicLoverxo I believe it. I KNOW I'm missing some... Oh well. Ours probably overlap at most points. She'll need both lists. Haha ,India
2063061440,Sun Jun 07 01:13:55 PDT 2009,StDAY,@xoMusicLoverxo So once i finish ill send it to both of you ,Kenya
2063080060,Sun Jun 07 01:17:50 PDT 2009,StDAY,"@xoMusicLoverxo Not rufulicious, though. It's rufus, not a stick of gum. ",Russia
2063188321,Sun Jun 07 01:41:26 PDT 2009,Spidersamm,@andyclemmensen those black pointy onessss?  baha,Chile
2063215486,Sun Jun 07 01:47:36 PDT 2009,SallytheShizzle,@GRAC3ox omg i watched that ep like an hour ago!! IT'S SOO FUNNY!! ,Argentina
2063573090,Sun Jun 07 03:12:30 PDT 2009,what_bugs_u,@EllieMatthewson why limit your story to 140 ch. Tell all what is annoying you at www.iamsoannoyed.com ,Ethiopia
2063578159,Sun Jun 07 03:13:49 PDT 2009,Spidersamm,"hurry up rove, i wanna see @hartluck   ",Italy
2063579233,Sun Jun 07 03:14:05 PDT 2009,what_bugs_u,@waynegifford why limit your story to 140 ch. Tell all what is annoying you at www.iamsoannoyed.com ,Brazil
2063580255,Sun Jun 07 03:14:21 PDT 2009,what_bugs_u,@ciarrapants why limit your story to 140 ch. Tell all what is annoying you at www.iamsoannoyed.com ,Nigeria
2063636657,Sun Jun 07 03:28:25 PDT 2009,Karen230683,Well we finished at a non too shabby 36 minutes  biggest race for life in the UK well done ladies xxx,Thailand
2063650860,Sun Jun 07 03:31:51 PDT 2009,Karen230683,@Yael_80 thanks  need a massage now,Mexico
2063675208,Sun Jun 07 03:37:47 PDT 2009,Karen230683,@dbdc  thanks how was your night last night??,Egypt
2063718463,Sun Jun 07 03:48:19 PDT 2009,keza34,@MandyMoos everyone keeps doin that but it aint workin.hows you? ,Nigeria
2063725784,Sun Jun 07 03:50:02 PDT 2009,SallytheShizzle,@OfficialAS well if you NEED HELP THURS look to us  happy to  AS LONG AS WE GET TIME TOGETHER ,Mexico
2063734184,Sun Jun 07 03:51:56 PDT 2009,what_bugs_u,@dcuthbert why limit your story to 140 ch. Tell all what is annoying you at www.iamsoannoyed.com ,Nigeria
2063735665,Sun Jun 07 03:52:19 PDT 2009,what_bugs_u,@jonanders why limit your story to 140 ch. Tell all what is annoying you at www.iamsoannoyed.com ,USA
2063742189,Sun Jun 07 03:53:53 PDT 2009,what_bugs_u,@BrisneylandComm why limit your story to 140 ch. Tell all what is annoying you at www.iamsoannoyed.com ,South Korea
2063743398,Sun Jun 07 03:54:11 PDT 2009,keza34,@namakemono49 on 2nd cup now.cant function in mornin without it.lol ,South Korea
2063744125,Sun Jun 07 03:54:22 PDT 2009,what_bugs_u,@CattSteelX why limit your story to 140 ch. Tell all what is annoying you at www.iamsoannoyed.com ,Spain
2063758403,Sun Jun 07 03:57:51 PDT 2009,Karen230683,@Firequacker 45 mins ,India
2063762186,Sun Jun 07 03:58:47 PDT 2009,Karen230683,"@dbdc soooo looking forward to seeing them next month, they were first band I saw live ",Jamaica
2063768941,Sun Jun 07 04:00:15 PDT 2009,SongoftheOss,Thanks to @paulastudio @Stanleydavis @77ozzie for the props and blips  â« http://blip.fm/~7sfh3,Jamaica
2063784897,Sun Jun 07 04:03:52 PDT 2009,keza34,@nessie_111 31st july. so anytime after that is ok.lol ,South Korea
2063786916,Sun Jun 07 04:04:20 PDT 2009,Karen230683,@tb78 thanks ,Peru
2063796833,Sun Jun 07 04:06:37 PDT 2009,keza34,@totalgunner its just about to start but race starts at 1:00 so plenty of time.lol ,Antarctica
2063803437,Sun Jun 07 04:08:14 PDT 2009,keza34,"@nessie_111 halloween is weddin anniversary and @pob34 b'day is 10th sept, so xmas after that lol ",Japan
2063805222,Sun Jun 07 04:08:40 PDT 2009,what_bugs_u,@MrsBamBam why limit your story to 140 ch. Tell all what is annoying you at www.iamsoannoyed.com ,USA
2063856089,Sun Jun 07 04:20:35 PDT 2009,SongoftheOss,@_CorruptedAngel well hello you fair lady  I am fine but working on some stuff *sigh*,Canada
2063918547,Sun Jun 07 04:34:50 PDT 2009,Karen230683,@Firequacker thank you  x,Colombia
2063927792,Sun Jun 07 04:36:54 PDT 2009,DarkPiano,"@aliceletts Good morning, Alice! Yes, kind of gray and cool here, but I'll take it! ",Thailand
2063951380,Sun Jun 07 04:42:12 PDT 2009,DarkPiano,@texasmommy77 lol you're not alone! Good morning! ,Kenya
2063953605,Sun Jun 07 04:42:43 PDT 2009,DarkPiano,"@theladywrites Hi Catrina, good morning ",Tanzania
2063961389,Sun Jun 07 04:44:29 PDT 2009,keza34,@MandyMoos great.sounds like she is startin to grow up a bit.lol ,Chile
2063971408,Sun Jun 07 04:46:38 PDT 2009,DarkPiano,"@thelastressort You are quite welcome, enjoy! ",Argentina
2063981029,Sun Jun 07 04:48:48 PDT 2009,DarkPiano,@theladywrites I am enjoying my first cup right now. It's a lovely morning. ,Australia
2063990023,Sun Jun 07 04:50:46 PDT 2009,SallytheShizzle,@OfficialAS oh we TOTALLY will ,Indonesia
2063999444,Sun Jun 07 04:52:53 PDT 2009,keza34,@MandyMoos at least they grow up quicker than puppies.was still havin that till lily was about 5 mths.lol ,Spain
2064033290,Sun Jun 07 05:00:06 PDT 2009,webwoke,Gooo... move up by 1  65.,Tanzania
2064079022,Sun Jun 07 05:09:03 PDT 2009,SongoftheOss,Thanks to @Kittylecat @Highena @Lategirl for the props  â« http://blip.fm/~7shco,Antarctica
2064116820,Sun Jun 07 05:16:42 PDT 2009,Jayme1988,@Eric_Chambers hehehe morning muffin ,Chile
2064117461,Sun Jun 07 05:16:50 PDT 2009,DarkPiano,@medgirl2001 @HolisticMom Thank you both for your kind retweets! ,South Korea
2064117733,Sun Jun 07 05:16:53 PDT 2009,SallytheShizzle,@OfficialAS ooh that explains it XD hahaha. She'll get drunk while we twitter it up ,Colombia
2064128962,Sun Jun 07 05:19:11 PDT 2009,DarkPiano,"@BonnieBrown Good morning, Bonnie! Sounds like a wonderful morning for you. I'm glad! ",USA
2064136896,Sun Jun 07 05:20:46 PDT 2009,SongoftheOss,For those not enjoying my choice please check out @ThorbenThobias some fantastic choices  â« http://blip.fm/~7shpy,South Africa
2064146964,Sun Jun 07 05:22:48 PDT 2009,keza34,@totalgunner finally got out of your pit then ,Antarctica
2064167973,Sun Jun 07 05:26:53 PDT 2009,DarkPiano,@2kutekreations And good morning to you! ,USA
2064228430,Sun Jun 07 05:38:40 PDT 2009,SallytheShizzle,@BrittGoosie dw...once they sleep you'll be back ,Jamaica
2064239152,Sun Jun 07 05:40:46 PDT 2009,Jayme1988,@colocelt good morning ,Jamaica
2064241255,Sun Jun 07 05:41:11 PDT 2009,Jayme1988,@rjw8888 good morning ,Indonesia
2064272653,Sun Jun 07 05:47:11 PDT 2009,thisgoeshere,@terricherry oooh! shopping! doing well! can't wait to have some bfast ,Japan
2064304187,Sun Jun 07 05:53:00 PDT 2009,Jayme1988,@bobby_todd thank you ,Canada
2064335533,Sun Jun 07 05:58:46 PDT 2009,thisgoeshere,@erin82883 he he. makes you  sounds like you're doing really well so far! ,India
2064336510,Sun Jun 07 05:58:58 PDT 2009,Karen230683,@DianneMcA haha my mum is alright ,France
2064374341,Sun Jun 07 06:05:15 PDT 2009,thisgoeshere,@Ilkee yes i did! lots o giggles  we enjoyed tru blood immensely so far. we're watching more tonight ,Spain
2064375320,Sun Jun 07 06:05:24 PDT 2009,keza34,@totalgunner same here who you want to win? ,Spain
2064384003,Sun Jun 07 06:06:52 PDT 2009,keza34,@Dojie nothin to worry about unless you are a ghost that is tweetin me lol  xx,Mexico
2064385111,Sun Jun 07 06:07:04 PDT 2009,SallytheShizzle,@BrittGoosie iunno i saw it on oceanup... i was youtubing it but i couldn't be stuffed searching and then i saw it posted ,Egypt
2064396753,Sun Jun 07 06:09:04 PDT 2009,Jayme1988,@juanbarnard afternoon matey ,France
2064420846,Sun Jun 07 06:13:07 PDT 2009,thisgoeshere,@Ilkee are out in the open and fightning for rights  its an interesting look into what would happen if they were in the open ,Jamaica
2064447438,Sun Jun 07 06:17:32 PDT 2009,what_bugs_u,@returnofthejeni why limit your story to 140 ch. Tell all what is annoying you at www.iamsoannoyed.com ,Russia
2064469426,Sun Jun 07 06:21:08 PDT 2009,DarkPiano,"@JohnhampsonUK Thank you, John, for the kind retweet! ",India
2064469857,Sun Jun 07 06:21:12 PDT 2009,thisgoeshere,@strangetymes tired as halo? how tired is that exactly? ,Argentina
2064492127,Sun Jun 07 06:25:01 PDT 2009,DarkPiano,"@theladywrites Thank you, Catrina! I loooooove sharing my craft and you just helped me do that! ",Chile
2064519836,Sun Jun 07 06:29:35 PDT 2009,Karen230683,@Jennifalconer hey jenni did the 5k today made sure they all had vaseline on feet haha they think that was my idea ssssshh ,Egypt
2064530371,Sun Jun 07 06:31:09 PDT 2009,thisgoeshere,@Ilkee oh my gosh! too much time! send us a smoke signal so we know you're alive ,Japan
2064568673,Sun Jun 07 06:37:15 PDT 2009,Karen230683,@Jennifalconer thankyou ,Chile
2064568989,Sun Jun 07 06:37:18 PDT 2009,thisgoeshere,"@Ilkee haha! yes! do it!  listen to me, condoning theivery ",Ecuador
2064661081,Sun Jun 07 06:51:34 PDT 2009,Spidersamm,@AlexAllTimeLow no ''all time low nudity will prevail over all''  hahaha,Argentina
2064670844,Sun Jun 07 06:53:03 PDT 2009,Spidersamm,@staaceeyy so they dont know if its actually happening?  + greenday tour dates are up on ze site  but i cbf going i wanna go to blink more,Kenya
2064687842,Sun Jun 07 06:55:38 PDT 2009,keza34,"@Dojie thats good,not havin sunday roast today?  xx",Tanzania
2064725988,Sun Jun 07 07:01:12 PDT 2009,thisgoeshere,@Ilkee wow. awesome! love blackberry ,Russia
2064726256,Sun Jun 07 07:01:14 PDT 2009,VioletsCRUK,@ThirdSectorLab I wasnt involved with the organising of iit Ross? Was just attempting to run it!! ,Indonesia
2064754143,Sun Jun 07 07:05:22 PDT 2009,what_bugs_u,@AnyaClark why limit your story to 140 ch. Tell all what is annoying you at www.iamsoannoyed.com ,Antarctica
2064756235,Sun Jun 07 07:05:40 PDT 2009,what_bugs_u,@The_Pink_Taco why limit your story to 140 ch. Tell all what is annoying you at www.iamsoannoyed.com ,Canada
2064769739,Sun Jun 07 07:07:36 PDT 2009,what_bugs_u,@TonySanMiguel why limit your story to 140 ch. Tell all what is annoying you at www.iamsoannoyed.com ,Argentina
2064782598,Sun Jun 07 07:09:27 PDT 2009,what_bugs_u,@manny_bee why limit your story to 140 ch. Tell all what is annoying you at www.iamsoannoyed.com ,France
2064893494,Sun Jun 07 07:25:30 PDT 2009,thisgoeshere,@juhidee119 if you wanna talk i've got forever.  at least the next eight hours  *hug* sometimes life sucks,Colombia
2064938777,Sun Jun 07 07:31:42 PDT 2009,VioletsCRUK,@Glasgowlassy My eyes hardly staying open either...need a bath and a wee nap i think. Shall tweet yas in a while  xx @karen230683,Canada
2065014186,Sun Jun 07 07:42:03 PDT 2009,thisgoeshere,@Ilkee lol. good girl! cleaning house always gets brownie points ,Germany
2065074756,Sun Jun 07 07:50:15 PDT 2009,shanajaca,I will try rach  xxxxxxxxxx,France
2065132712,Sun Jun 07 07:57:58 PDT 2009,DarkPiano,@RReedPC Hi Richard and thanks for the retweet ,Japan
2065283038,Sun Jun 07 08:16:29 PDT 2009,DarkPiano,Happy late morning (my time) everyone! ,Japan
2065284064,Sun Jun 07 08:16:37 PDT 2009,thisgoeshere,@Ilkee i dunno. i am not saying a thing more ,Nigeria
2065461005,Sun Jun 07 08:38:34 PDT 2009,SongoftheOss,@kittylecat suggestion / begging / clutching your foot as you try to walk away - if it works then that's what matters  oh yes he did x,Italy
2065476904,Sun Jun 07 08:40:32 PDT 2009,thisgoeshere,@juhidee119 i look like who? and stop saying that!  i is not pretty. I'm gangly and lopesided ,Japan
2065508541,Sun Jun 07 08:44:28 PDT 2009,thisgoeshere,"@juhidee119 haha. kristen stewart. only in that pic maybe  but anyway, ok. i hush. ",Peru
2065510083,Sun Jun 07 08:44:39 PDT 2009,SongoftheOss,@twtboxdj is that you @DazzW? If so (or if not I suppose) thanks for the replays ,South Africa
2065526619,Sun Jun 07 08:46:38 PDT 2009,thisgoeshere,watching corey preen in the glass. so silly ,Chile
2065664080,Sun Jun 07 09:03:05 PDT 2009,Spidersamm,@pink in 20  days ;D  + @shitstackband in 27 ,Russia
2065938926,Sun Jun 07 09:35:00 PDT 2009,thisgoeshere,"@xlaurenxx hey lauren, its burymestanding from ock! ",Ethiopia
2066063953,Sun Jun 07 09:49:15 PDT 2009,DarkPiano,"@SherryPCMO lol as you can see, I get silly now and then!  And hey, thank you for retweeting my &quot;free song&quot; post!",Mexico
2066137883,Sun Jun 07 09:57:41 PDT 2009,shanajaca,@Barbiechick3004 2moro morning very earlie  XX,USA
2066319902,Sun Jun 07 10:17:45 PDT 2009,thisgoeshere,@Ilkee yes! you should! its hilarious! ,Ecuador
2066445443,Sun Jun 07 10:32:05 PDT 2009,webwoke,uhuiii... move up by 1  10. blogcatalog.com,New Zealand
2066445509,Sun Jun 07 10:32:06 PDT 2009,webwoke,"ilovegoogle, move up by 1  11. mybuckster.com",USA
2066445569,Sun Jun 07 10:32:06 PDT 2009,webwoke,ohh yesss move up by 1  12. blogspot.com,Dominican Republic
2066463084,Sun Jun 07 10:34:05 PDT 2009,webwoke,GoGoGo... move up by 1  13. slideshare.net,UK
2066696997,Sun Jun 07 11:00:24 PDT 2009,SongoftheOss,"@kittylecat Fair Lady, it is good to hear - you off for a wash any time soon? just asking, no reason...  x",Jamaica
2066715432,Sun Jun 07 11:02:24 PDT 2009,SongoftheOss,Thanks to @djilo @D_Doyle @Stanleydavis @sdrosenb for the props and blips  â« http://blip.fm/~7sxuw,Russia
2066867450,Sun Jun 07 11:19:08 PDT 2009,thisgoeshere,"@Ilkee oh my god, mix is so edge! ",Russia
2066920831,Sun Jun 07 11:25:07 PDT 2009,SongoftheOss,Thanks to @shanti45 @TheArtfulDodger @djilo for the props and blips  â« http://blip.fm/~7sz7m,India
2067067913,Sun Jun 07 11:41:21 PDT 2009,SongoftheOss,Thanks to @Joolz1000 for the props  â« http://blip.fm/~7t07i,Jamaica
2067145147,Sun Jun 07 11:49:45 PDT 2009,SongoftheOss,@ms_cornwall good evening you ,India
2067163365,Sun Jun 07 11:51:44 PDT 2009,DarkPiano,@Marge_Inovera Ill down a cool one for ya! ,South Korea
2067277232,Sun Jun 07 12:03:47 PDT 2009,Karen230683,@Rossco_NZ oof wait til I get him lol @jaybranch your for it ,Tanzania
2067335132,Sun Jun 07 12:09:51 PDT 2009,DarkPiano,Hey tweeps! Everyone havin' a great one?! ,USA
2067376040,Sun Jun 07 12:14:05 PDT 2009,Karen230683,@JohneEdge hello welcome ,Russia
2067527625,Sun Jun 07 12:30:13 PDT 2009,shanajaca,Good grief i am so freaking nervous to go alone 2moro pfff my heartbeat is so high i hope it will be worth it lol  XX,Cuba
2067549800,Sun Jun 07 12:32:34 PDT 2009,thisgoeshere,"@Ilkee will you take good care of my, your idiot? ",Egypt
2067627284,Sun Jun 07 12:40:41 PDT 2009,shanajaca,@lumalfoy You know what i hope i will be able to talk to him so i can tell him lol  XX,Tanzania
2067683474,Sun Jun 07 12:46:37 PDT 2009,keza34,@nessie_111 evening gettin ready for apprentice final at 9:00 what about you? ,Brazil
2067702884,Sun Jun 07 12:48:38 PDT 2009,keza34,@nessie_111 you watchin BB later? ,South Africa
2067703639,Sun Jun 07 12:48:43 PDT 2009,shanajaca,@bserlori I hope i will lol  XX So freaking nervous though dont know why but i am lol,Jamaica
2067781322,Sun Jun 07 12:57:00 PDT 2009,VioletsCRUK,@IanJenkin lol aww u outta the sin bin?!! ,Japan
2067838449,Sun Jun 07 13:02:52 PDT 2009,keza34,@Dojie will only tell dad @pob34 so still a secret .lol  xoxo,Cuba
2068099181,Sun Jun 07 13:29:52 PDT 2009,keza34,@Dojie what like the right mirror or lamps and pictures on walls.lol  xoxo,Japan
2068157853,Sun Jun 07 13:35:56 PDT 2009,shanajaca,Yupand going to buy some bathoil to lol i have to give him something right lol  XX,Tanzania
2068496778,Sun Jun 07 14:10:52 PDT 2009,shanajaca,@DileShakespeare Got it and i dont know dil i hope i have my copie if DH wiyhme and hope for a signature lol ,South Korea
2068496781,Sun Jun 07 14:10:52 PDT 2009,shanajaca,@DileShakespeare Got it and i dont know dil i hope i have my copie if DH wiyhme and hope for a signature lol ,Germany
2068574063,Sun Jun 07 14:19:02 PDT 2009,keza34,@joshtastic1 not sayin that but cALL HIMBY HIS NAME.LOL  XOXOX,Peru
2068650518,Sun Jun 07 14:27:15 PDT 2009,keza34,@Dojie yep seriously i know.lol  xoxox,South Korea
2068667755,Sun Jun 07 14:29:06 PDT 2009,SongoftheOss,"@FizzyDuck really? really, really? you are missing a trick then, it's a great way to double your income  x",Nigeria
2068762704,Sun Jun 07 14:39:15 PDT 2009,keza34,@xstex same updates as on website.lol ,China
2068780809,Sun Jun 07 14:41:12 PDT 2009,VioletsCRUK,@pd1001 Thanks Paul..soak and vino was amazing - feel 100 times better now! ,Italy
2069006478,Sun Jun 07 15:05:40 PDT 2009,what_bugs_u,@alyscharles why limit your story to 140 ch. Tell all what is annoying you at www.iamsoannoyed.com ,Australia
2069026074,Sun Jun 07 15:07:46 PDT 2009,what_bugs_u,@_bentoutofshape why limit your story to 140 ch. Tell all what is annoying you at www.iamsoannoyed.com ,South Korea
2069100440,Sun Jun 07 15:15:44 PDT 2009,what_bugs_u,@lmb228 why limit your story to 140 ch. Tell all what is annoying you at www.iamsoannoyed.com ,China
2069102778,Sun Jun 07 15:16:00 PDT 2009,what_bugs_u,@KristineDulay why limit your story to 140 ch. Tell all what is annoying you at www.iamsoannoyed.com ,Jamaica
2069137716,Sun Jun 07 15:19:50 PDT 2009,what_bugs_u,@tonei why limit your story to 140 ch. Tell all what is annoying you at www.iamsoannoyed.com ,Mexico
2069229296,Sun Jun 07 15:29:50 PDT 2009,VioletsCRUK,@mfowmes Im exausted..was running in the Race For Life and ive been up since 6.15 so bit tired! Me quiet...thats a first?! lol ,New Zealand
2069248738,Sun Jun 07 15:31:52 PDT 2009,what_bugs_u,@ralasdair why limit your story to 140 ch. Tell all what is annoying you at www.iamsoannoyed.com  check BNP post at our site,New Zealand
2069342044,Sun Jun 07 15:42:04 PDT 2009,thisgoeshere,"@OllieRoseh yes, yes i am ",Russia
2069344280,Sun Jun 07 15:42:19 PDT 2009,DarkPiano,"@TracyeDukes Hi there, Tracye, having a good day? ",South Africa
2069492086,Sun Jun 07 15:58:44 PDT 2009,what_bugs_u,@stealingiseasy why limit your story to 140 ch. Tell all what is annoying you at www.iamsoannoyed.com ,Thailand
2069512312,Sun Jun 07 16:00:51 PDT 2009,what_bugs_u,@swedenducrozet why limit your story to 140 ch. Tell all what is annoying you at www.iamsoannoyed.com ,USA
2069513460,Sun Jun 07 16:00:58 PDT 2009,keza34,@robangus i suppose so but prefer rodrigo hes sweet and cute.lol ,Argentina
2069791943,Sun Jun 07 16:32:07 PDT 2009,webwoke,"ilovegoogle, move up by 1  17. rumahabi.com",Argentina
2069792014,Sun Jun 07 16:32:07 PDT 2009,webwoke,great! move up by 35  18. twitter.com,Japan
2069792118,Sun Jun 07 16:32:08 PDT 2009,webwoke,"ilovegoogle, move up by 1  20. sulumitsretsambew-id.com",China
2069810172,Sun Jun 07 16:34:07 PDT 2009,webwoke,uhuiii... move up by 1  21. yehia.org,Kenya
2069810298,Sun Jun 07 16:34:08 PDT 2009,webwoke,hooray... move up by 1  22. slideboom.com,Thailand
2069828408,Sun Jun 07 16:36:07 PDT 2009,webwoke,GoGoGo... move up by 1  24. tribbleagency.com,Australia
2069828504,Sun Jun 07 16:36:08 PDT 2009,webwoke,ohh yesss move up by 1  25. alexasalsabila.com,Kenya
2069828776,Sun Jun 07 16:36:09 PDT 2009,webwoke,GoGoGo... move up by 1  26. 1888pressrelease.com,Chile
2069846640,Sun Jun 07 16:38:06 PDT 2009,webwoke,uhuiii... move up by 1  27. topseos.com,Japan
2069846704,Sun Jun 07 16:38:07 PDT 2009,webwoke,GoGoGo... move up by 1  28. linkedin.com,Brazil
2069846758,Sun Jun 07 16:38:07 PDT 2009,webwoke,great! move up by 1  29. phreakaholic.com,China
2069864415,Sun Jun 07 16:40:07 PDT 2009,webwoke,Gooo... move up by 1  30. elitestv.com,Australia
2069864551,Sun Jun 07 16:40:07 PDT 2009,webwoke,hooray... move up by 1  31. renantech.com,Thailand
2069864623,Sun Jun 07 16:40:08 PDT 2009,webwoke,ohh yesss move up by 1  32. sulumits-retsambew.biz,Argentina
2069882295,Sun Jun 07 16:42:07 PDT 2009,webwoke,hooray... move up by 1  33. thewhitehatter.com,South Africa
2069882403,Sun Jun 07 16:42:07 PDT 2009,webwoke,uhuiii... move up by 1  34. bleuken.com,Canada
2069882488,Sun Jun 07 16:42:08 PDT 2009,webwoke,hooray... move up by 1  35. vox.com,South Africa
2069900046,Sun Jun 07 16:44:06 PDT 2009,webwoke,GoGoGo... move up by 1  36. kabonfootprint.com,Nigeria
2069900200,Sun Jun 07 16:44:07 PDT 2009,webwoke,ohh yesss move up by 1  37. airevilo.com,Chile
2069971507,Sun Jun 07 16:52:08 PDT 2009,webwoke,GoGoGo... move up by 1  50. sulumitsretsambew.biz,Egypt
2070108346,Sun Jun 07 17:06:28 PDT 2009,keza34,@TraceyHewins all good chillin in bed an watchin tv.what you been up to? ,Argentina
2070288241,Sun Jun 07 17:25:46 PDT 2009,TraceyHewins,@pob34 that's what I thought. ,South Africa
2070289934,Sun Jun 07 17:25:58 PDT 2009,keza34,@TraceyHewins night tweet you later or tomorrow for you.lol  x,South Africa
2070325401,Sun Jun 07 17:29:51 PDT 2009,thisgoeshere,"@xxkassyxx haha. well, unruly  and yes, tixs and concerts and driving places! yay!",Argentina
2070428247,Sun Jun 07 17:40:35 PDT 2009,TraceyHewins,@justlonely me too ,Antarctica
2070543037,Sun Jun 07 17:52:58 PDT 2009,TraceyHewins,@amyshell goodnight ,Japan
2071477107,Sun Jun 07 19:27:38 PDT 2009,Karen230683,@aerobic247 I'm ready now just leaving the house! Get te bed ,Cuba
2071870505,Sun Jun 07 20:02:51 PDT 2009,DarkPiano,@contentcottage No ice cream! I'll have to work on that for next time! ,Dominican Republic
2071889961,Sun Jun 07 20:04:41 PDT 2009,what_bugs_u,@cofemkr40927 why limit your story to 140 ch. Tell all what is annoying you at www.iamsoannoyed.com ,Kenya
2072030091,Sun Jun 07 20:16:52 PDT 2009,DarkPiano,@reverielarke haha! Hope you had a great weekend! ,Australia
2072109798,Sun Jun 07 20:25:06 PDT 2009,what_bugs_u,@kookijhe why limit your story to 140 ch. Tell all what is annoying you at www.iamsoannoyed.com ,UK
2072225670,Sun Jun 07 20:37:30 PDT 2009,what_bugs_u,@CraigBarlettani why limit your story to 140 ch. Tell all what is annoying you at www.iamsoannoyed.com ,Brazil
2072390305,Sun Jun 07 20:56:08 PDT 2009,webwoke,uhuiii... move up by 3  84. businessweek.com,Japan
2072390421,Sun Jun 07 20:56:08 PDT 2009,webwoke,Gooo... move up by 3  85. sulumitsretsambewmaster.com,Jamaica
2072390510,Sun Jun 07 20:56:09 PDT 2009,webwoke,GoGoGo... move up by 3  86. opera.com,Argentina
2072407480,Sun Jun 07 20:58:08 PDT 2009,webwoke,uhuiii... move up by 3  87. tvents.com,Colombia
2072407657,Sun Jun 07 20:58:10 PDT 2009,webwoke,Gooo... move up by 2  89. sulumitsretsambew-id.com,Canada
2072425194,Sun Jun 07 21:00:08 PDT 2009,webwoke,uhuiii... move up by 5  90. ezinearticles.com,Egypt
2072425290,Sun Jun 07 21:00:09 PDT 2009,webwoke,GoGoGo... move up by 3  93. johnchow-cow.com,France
2072425430,Sun Jun 07 21:00:09 PDT 2009,webwoke,uhuiii... move up by 3  94. newsunseo.com,Dominican Republic
2072443471,Sun Jun 07 21:02:08 PDT 2009,webwoke,"ilovegoogle, move up by 3  95. slideboom.com",Chile
2072443541,Sun Jun 07 21:02:09 PDT 2009,webwoke,GoGoGo... move up by 3  96. sulumits-retsambew-winner.com,Peru
2072443621,Sun Jun 07 21:02:09 PDT 2009,webwoke,great! move up by 3  97. top10optimizer.com,Italy
2072460584,Sun Jun 07 21:04:08 PDT 2009,webwoke,great! move up by 3  98. zimbio.com,Dominican Republic
2072460652,Sun Jun 07 21:04:09 PDT 2009,webwoke,ohh yesss move up by 3  99. mybloglog.com,Dominican Republic
2072460726,Sun Jun 07 21:04:09 PDT 2009,webwoke,Gooo... move up by 3  100. digg.com,Argentina
2072494733,Sun Jun 07 21:08:09 PDT 2009,webwoke,GoGoGo... move up by 2  105. ardhindie.com,France
2072494818,Sun Jun 07 21:08:09 PDT 2009,webwoke,uhuiii... move up by 2  106. seo-guy.com,Thailand
2072494917,Sun Jun 07 21:08:10 PDT 2009,webwoke,"ilovegoogle, move up by 2  107. wordpress.com",South Africa
2174878483,Sun Jun 14 23:31:51 PDT 2009,shanajaca,@xXFriendXx Morning baby enjoying the vacation are you  XX,Antarctica
2175025938,Sun Jun 14 23:54:09 PDT 2009,shanajaca,@kegan5 Thank you  xx,Spain
2175210644,Mon Jun 15 00:22:22 PDT 2009,VioletsCRUK,"@sloanyxxx Hi Ann...i just got your tweet there..sorry! Thank you for the nice compliment!  All good with me thanks, how is yourself?  x",Ethiopia
2175248384,Mon Jun 15 00:28:26 PDT 2009,VioletsCRUK,"@marginatasnaily Morning!! Yes thanks, was lovely and relaxing! How bout yourself..what did you get up to?  x",Indonesia
2175298574,Mon Jun 15 00:36:16 PDT 2009,Karen230683,Good morning everyone ,Tanzania
2175299028,Mon Jun 15 00:36:21 PDT 2009,VioletsCRUK,@mories23 I know!!! The week drags in and the weekend flies in!! How unfair is that?! lol Did you have a nice weekend? ,Japan
2175347248,Mon Jun 15 00:44:10 PDT 2009,Karen230683,@shelliwazzu aaaaw that's good ,Kenya
2175373020,Mon Jun 15 00:48:25 PDT 2009,Karen230683,@VioletsCRUK well we could go over and shave all the #hairypussies for a smaller fee  @glasgowlassy,Australia
2175385961,Mon Jun 15 00:50:34 PDT 2009,Jayme1988,@rhettroberts Sounds good mmmm. I am good thanks just about to get working properly lol have a great day ,Argentina
2175419573,Mon Jun 15 00:56:19 PDT 2009,StDAY,HOME! And it took me a full 2 seconds to get changed into my pjs and into bed. I LOVE MY BED. ,Ethiopia
2175421831,Mon Jun 15 00:56:43 PDT 2009,VioletsCRUK,@Karen230683 lol Is Jackie Rachel's mum? Is she a dance teacher or something? ,France
2175564715,Mon Jun 15 01:20:49 PDT 2009,VioletsCRUK,@jason_2008 Yeah i thought you might be...its not nice situation. :-/ I am fine thanks Jason..just ploughing the coffee into me as usual! ,UK
2175724373,Mon Jun 15 01:48:45 PDT 2009,VioletsCRUK,@SteveHealy Morning!! Did you get a good sleep last night? I slept like a baby...feeling a bit more awake today! ,Dominican Republic
2175769918,Mon Jun 15 01:57:01 PDT 2009,Karen230683,@deejay96 I shall  I've got rachel later so will be kept busy,Japan
2175852415,Mon Jun 15 02:11:04 PDT 2009,shanajaca,@Amaren88 Hey you good morning  XX,Jamaica
2175875264,Mon Jun 15 02:15:06 PDT 2009,Karen230683,Ok I'm off this time cya all later ,Dominican Republic
2175908697,Mon Jun 15 02:21:01 PDT 2009,VioletsCRUK,@talkrubbish LOL thanks shall get the bikini ready!! ,Indonesia
2175931917,Mon Jun 15 02:25:10 PDT 2009,Jayme1988,@5windows Hey Mate! hope your day is great ,China
2175934923,Mon Jun 15 02:25:42 PDT 2009,VioletsCRUK,@talkrubbish LOL yip..bikini with polo neck jumper and jeans on top!! ,Tanzania
2176012109,Mon Jun 15 02:39:27 PDT 2009,VioletsCRUK,@jaybranch Morning! Have a good day! ,Egypt
2176034320,Mon Jun 15 02:43:17 PDT 2009,shanajaca,@feltbeats @Rotae I know i just posted that and good luck wishes yo our US feltbeat army girls lol  XX,South Africa
2176152573,Mon Jun 15 03:03:52 PDT 2009,VioletsCRUK,Phew!! Back down to 770 followers again..that was weird!! lol I went all through my followers there and deleted a few bas uns too!! ,Kenya
2176164760,Mon Jun 15 03:05:56 PDT 2009,VioletsCRUK,@IanAFletcher lol its fine..back down to a measily 770 again!! ,New Zealand
2176183865,Mon Jun 15 03:09:19 PDT 2009,VioletsCRUK,@jws12 No probs..glad all is okay with you! I am great thanks...hope you don't have too bad a day at work! ,Peru
2176278875,Mon Jun 15 03:25:46 PDT 2009,Jayme1988,@pdurham Good morning ,South Korea
2176289119,Mon Jun 15 03:27:33 PDT 2009,SallytheShizzle,@OfficialAS umm iunno. My number was meant to change but it hasn't :/ if it doesn't I'll just stick with the new one ,Russia
2176292464,Mon Jun 15 03:28:08 PDT 2009,ramdomthoughts,@DaveDay I like to think so mate ,Tanzania
2176316151,Mon Jun 15 03:32:10 PDT 2009,Spidersamm,"@staaceeyy hahaa  okay &amp; meh everything, im just a bit sad.",Spain
2176423067,Mon Jun 15 03:50:05 PDT 2009,SallytheShizzle,@HibaNick that is awesome  what do girlfriend want you to do or something? lol,Colombia
2176423395,Mon Jun 15 03:50:08 PDT 2009,shanajaca,@javastix I can imagine enjoy it sweet dreams hun  XX,Spain
2176461370,Mon Jun 15 03:56:24 PDT 2009,SallytheShizzle,@HibaNick yay thanks ,Argentina
2176562252,Mon Jun 15 04:11:57 PDT 2009,VioletsCRUK,@WeeMagic Was his name Roger Thrusts? LOL Hiya btw! I am just goin out so il need to catch up with ya later.  xx,Dominican Republic
2176574232,Mon Jun 15 04:13:49 PDT 2009,SallytheShizzle,@MAGGIECHICKEN i did!1  I put it up on youtube XD XD,Canada
2176658712,Mon Jun 15 04:26:32 PDT 2009,Spidersamm,@chewy121 JACKthat was not me  press that little arrow that shows when you put your mouse over my writing thing until @spidersamm comes up,UK
2176671668,Mon Jun 15 04:28:30 PDT 2009,SallytheShizzle,@OfficialAS and if people DONT remember...they will ONCE they see my awesome vid for you  Maybe I'll make you a b'day cake ,UK
2176781662,Mon Jun 15 04:44:25 PDT 2009,shanajaca,@chriscuzzy good for you could you send some positive energie this way or do you need it all yourself LOL  with your luck just keep it  X,Thailand
2176865335,Mon Jun 15 04:56:16 PDT 2009,shanajaca,@DramaMagazine Just dont let us wait to long OK  XX,Thailand
2176866080,Mon Jun 15 04:56:22 PDT 2009,Spidersamm,@chewy121 nufffin  bout to go sleep.,Australia
2176868143,Mon Jun 15 04:56:40 PDT 2009,Spidersamm,@staaceeyy loveyou to  &lt;3,Chile
2176988131,Mon Jun 15 05:12:30 PDT 2009,shanajaca,@Amaren88 Noooo Oh i a sorry for the people if you do have pets yourself watch out for them and keep them inside hugzzz  XX,Japan
2177021561,Mon Jun 15 05:16:54 PDT 2009,Spidersamm,@evAllTimeLow yuhp  ily it,Dominican Republic
2177129257,Mon Jun 15 05:30:34 PDT 2009,Karen230683,@Sexpest69 r u being paid to say nice things ? ,Antarctica
2177164961,Mon Jun 15 05:35:02 PDT 2009,shanajaca,@DileShakespeare I would commit murder to see some sun  XX,Germany
2177179628,Mon Jun 15 05:36:49 PDT 2009,VioletsCRUK,@IanAFletcher lol yes please do!! ,Canada
2177408441,Mon Jun 15 06:03:15 PDT 2009,Jayme1988,@MarkRosenbauer Good mornoon ,Australia
2177466358,Mon Jun 15 06:09:22 PDT 2009,VioletsCRUK,@jason_2008 @karen230683 Oh Minstrels are yummy..im eating Cadburys Chocolate Peanuts at the mo! Moreish!! ,South Korea
2177681166,Mon Jun 15 06:31:27 PDT 2009,Karen230683,@deejay96 ok I'll just eat very slowly and quietly make it last longer  go get food,New Zealand
2177905416,Mon Jun 15 06:53:40 PDT 2009,Jayme1988,This thunder is pretty loud.... ,Canada
2178256915,Mon Jun 15 07:25:55 PDT 2009,Karen230683,@MK_Woody she's mad ,Indonesia
2178668400,Mon Jun 15 08:02:13 PDT 2009,Jayme1988,@colocelt Good morning ,Ecuador
2178839591,Mon Jun 15 08:16:41 PDT 2009,nuttychris,@wendyben lol i thought it was but apprently they started it now ,Thailand
2178982650,Mon Jun 15 08:28:52 PDT 2009,Karen230683,@Tilbs hey hey I'm good how's u? ,Australia
2180047987,Mon Jun 15 09:56:28 PDT 2009,Karen230683,@mories23 haha I was going to say well only good thing was that u stayed there but not now ,South Africa
2180276240,Mon Jun 15 10:14:56 PDT 2009,Karen230683,@shelliwazzu heehee thanks I love her too bits ,South Africa
2180324103,Mon Jun 15 10:18:53 PDT 2009,Jayme1988,@Gluonsrule Thanks sweetie. chat soon ,Spain
2180324248,Mon Jun 15 10:18:54 PDT 2009,VioletsCRUK,@SteveHealy lol aw would ya..say exactly this - Scottish bouncing blonde who is a great laugh and is a really wonderful lady! haha ,Mexico
2181201813,Mon Jun 15 11:30:23 PDT 2009,shanajaca,@OliverPhelps Enjoy your evening and have some major fun  XX,Egypt
2181375772,Mon Jun 15 11:44:38 PDT 2009,VioletsCRUK,@leonkay Aw you still get TV for your birthday from your parents..my Mum gives me M&amp;S undies and wine! No fair! lol That was lovely gift! ,Canada
2181777818,Mon Jun 15 12:17:00 PDT 2009,Karen230683,@mikesawriter why thank you ,Cuba
2181899768,Mon Jun 15 12:27:01 PDT 2009,StDAY,"I'm eating a salad. Seriously, WHAT is with this health kick I've been on recently? It's a friggin' awesome salad though. ",Tanzania
2182300004,Mon Jun 15 12:59:24 PDT 2009,Karen230683,Wooohooo jackie home early means I can get home b4 Terminator 2 on Itv2 my fave ,Brazil
2182580773,Mon Jun 15 13:21:40 PDT 2009,shanajaca,@DileShakespeare Nothing wrong hun just major stress noise i missed like 5pairr of arms just the usuall LOL  XX,New Zealand
2182735887,Mon Jun 15 13:34:01 PDT 2009,shanajaca,@DileShakespeare I am counting on that LMAO  XX,Spain
2182808755,Mon Jun 15 13:39:50 PDT 2009,shanajaca,@StephenChallens Nice visual masterpeice there LOL i love the worn out seat and the surfboard passing by LMAO  XX keep having fun!!!,Colombia
2182837102,Mon Jun 15 13:42:03 PDT 2009,shanajaca,@xXFriendXx When is that starting in how many hours ?  XX,Colombia
2183252872,Mon Jun 15 14:15:10 PDT 2009,VioletsCRUK,@mories23 I know it is...il be fine! Thanks ,China
2183601008,Mon Jun 15 14:43:50 PDT 2009,shanajaca,@Stormlite02 Next time demand some drinks but i read the NY purse just got bigger that is nice lol  XX,Tanzania
2183601619,Mon Jun 15 14:43:53 PDT 2009,VioletsCRUK,@Edith1969 Ok Edith..goodnight and sweet dreams!  x,India
2183823242,Mon Jun 15 15:02:03 PDT 2009,shanajaca,@aerynblack Nope !!!!!!!!! I did LMAO  XX,Argentina
2183847292,Mon Jun 15 15:04:00 PDT 2009,VioletsCRUK,@mahgww LOL aw you gotta love Chewin The Fat eh?!! ,Japan
2184230097,Mon Jun 15 15:36:29 PDT 2009,VioletsCRUK,Right guys.....think i need my bed! Talk to you all tomorrow!  Goodnight xxx,Tanzania
2186014709,Mon Jun 15 18:14:01 PDT 2009,StDAY,"The nice, GORGEOUS guy from a couple days ago came back today. ",Peru
2188944727,Mon Jun 15 22:54:03 PDT 2009,SallytheShizzle,I Iz Baking A B'day Cake for @OfficialAS ,Brazil
2189002092,Mon Jun 15 23:01:32 PDT 2009,SallytheShizzle,@OfficialAS you ARE VERY SPECIAL  &lt;33333,Italy
2189240369,Mon Jun 15 23:34:11 PDT 2009,SallytheShizzle,@OfficialAS I'm glad  I love you! I'll get on facebook if I can  ;),Canada
2189264939,Mon Jun 15 23:37:42 PDT 2009,StDAY,"@xoMusicLoverxo Thanks, J. I hope so too. Sweet dreams. ",Australia
2189384488,Mon Jun 15 23:54:22 PDT 2009,Jayme1988,Good morning twitters  I am not dead but I did sleep for 10 hours.,Ethiopia
2189483426,Tue Jun 16 00:08:14 PDT 2009,Jayme1988,"Tweet 16,500 has to go to making today a great day - for everyone ",Jamaica
2189485055,Tue Jun 16 00:08:28 PDT 2009,Jayme1988,@marco_cali I could not fix it becuase I did not have the right camble so my boss is taking it into a shop today (fingers crossed) ,Canada
2189499702,Tue Jun 16 00:10:36 PDT 2009,Jayme1988,@rosemaryninja thank you for your answer ,South Africa
2189553144,Tue Jun 16 00:18:31 PDT 2009,shanajaca,@xXFriendXx I just went to Paris haha and right now i am having some tea and about the sad songs could you stop i am crying allready!!  X,Chile
2189644030,Tue Jun 16 00:32:07 PDT 2009,StDAY,Going HOME. FINALLY!!! ,Mexico
2189733979,Tue Jun 16 00:46:10 PDT 2009,VioletsCRUK,@Glasgowlassy Aww the pic of the cats sssssoooo cute!  That pic of that #vamppussy was horrible though! :/ LOL  @karen230683 @rosskie,Thailand
2189762124,Tue Jun 16 00:50:32 PDT 2009,Spidersamm,subway  nomnomnomnomnomon,New Zealand
2189763410,Tue Jun 16 00:50:44 PDT 2009,Karen230683,@highdigi not bad thanks ,China
2189773519,Tue Jun 16 00:52:22 PDT 2009,Karen230683,@mkayes ah I see who it is  I like her,South Africa
2189994107,Tue Jun 16 01:28:09 PDT 2009,shanajaca,@Amaren88 I always answer within a minute or i should be busy wich happens a lot LOL  XX,Argentina
2190008474,Tue Jun 16 01:30:29 PDT 2009,VioletsCRUK,@Sion71  welcome!,Tanzania
2190080250,Tue Jun 16 01:42:37 PDT 2009,VioletsCRUK,@chattyman The new show is v funny...loving the Twitter segment on the show too! ,Egypt
2190147187,Tue Jun 16 01:54:15 PDT 2009,StDAY,"Okay, I'm going to sleep and it will be the sleep of champions! (we are the champions, my friend...) Goodnight, y'all ",Cuba
2190219950,Tue Jun 16 02:06:26 PDT 2009,VioletsCRUK,@pd1001 Wow thats a lovely pic Paul! Morning btw! ,Nigeria
2190224245,Tue Jun 16 02:07:09 PDT 2009,VioletsCRUK,@gavlp Thats good..just goin home for more chillaxin then? ,Italy
2190396507,Tue Jun 16 02:36:36 PDT 2009,VioletsCRUK,@AngieCas It does suck..but a good excuse to do absolutely nothing!  You working today? xx,New Zealand
2190432325,Tue Jun 16 02:42:51 PDT 2009,VioletsCRUK,@colinkelly oh we'll all be watching Colin..no pressure mind!! lol Oh great U2 track..love it!! ,Tanzania
2190469064,Tue Jun 16 02:49:09 PDT 2009,nuttychris,"@Dojie lmfao yeah, well rant over, and hopefully wont do it again ",South Korea
2190480104,Tue Jun 16 02:51:04 PDT 2009,VioletsCRUK,@colinkelly Cannot believe i just added 10 yrs onto my age...i blame the flu medication im taking!! lol Aw love Crazy Nights!! ,Colombia
2190501968,Tue Jun 16 02:54:55 PDT 2009,nuttychris,Note To Self: Dont climb up a hill with loadsa trees - it hurts ,New Zealand
2190548780,Tue Jun 16 03:02:47 PDT 2009,Karen230683,@VioletsCRUK il kick my boss in the shin tomorrow!!  gonna go home take my bro out for a bit,Japan
2190551182,Tue Jun 16 03:03:12 PDT 2009,Karen230683,@gavdixon cook must have a look in work tomorrow ,Germany
2190595405,Tue Jun 16 03:10:45 PDT 2009,nuttychris,70 days till my Birthday ,Australia
2190607345,Tue Jun 16 03:12:53 PDT 2009,VioletsCRUK,@BillyScallywag LOL sounds like a wise move!! ,USA
2190642223,Tue Jun 16 03:18:59 PDT 2009,nuttychris,@sweetemmaxxx yeah means more music channels lol ,Argentina
2190678010,Tue Jun 16 03:25:04 PDT 2009,Jayme1988,@joseusa Soaping yourself is boring? lol have a good shower ,Tanzania
2190688756,Tue Jun 16 03:26:55 PDT 2009,VioletsCRUK,..erm cause i did at my own hen night!!! LOL He took it rather well actually..even posed for a few pics!! haha ,Antarctica
2190723537,Tue Jun 16 03:32:44 PDT 2009,Spidersamm,@staaceeyy night  ly,Egypt
2190819894,Tue Jun 16 03:49:01 PDT 2009,Karen230683,@Tilbs just heading out with my brother ,USA
2190836098,Tue Jun 16 03:51:37 PDT 2009,VioletsCRUK,@Karen230683 Oh yeah..that would be good!  Glad he has the confidence to deal with it...that makes all the difference! ,Ethiopia
2191048326,Tue Jun 16 04:23:49 PDT 2009,VioletsCRUK,@SteveHealy lmao..glad you can lend a hand..im sure they will be appreciative of your assistance!! ;-p Happy Rating!!! ,South Africa
2191277462,Tue Jun 16 04:55:50 PDT 2009,Jayme1988,@MarkRosenbauer good mornoon ,Australia
2191404918,Tue Jun 16 05:12:19 PDT 2009,VioletsCRUK,Its sunny..think i need to go out and chill in the sun for a bit!! Need some fresh air!!  Hope the sun hangs around for a while!!!,USA
2191517968,Tue Jun 16 05:26:33 PDT 2009,Karen230683,@colinkelly love the Manics version ,Colombia
2191581024,Tue Jun 16 05:34:14 PDT 2009,VioletsCRUK,@PaceyGorilla (clears throat nervously) Erm..yes..and im not really the best person to judge so il forward them on to you!! LOL ,Spain
2191754747,Tue Jun 16 05:54:38 PDT 2009,VioletsCRUK,@adaminker Change the water to vodka then..it may not be so tedious!!  lol,Egypt
2192582016,Tue Jun 16 07:15:02 PDT 2009,Karen230683,@iiacovou well hello there yes we have ,South Korea
2192604352,Tue Jun 16 07:16:59 PDT 2009,VioletsCRUK,@Karen230683 from getting to know the real person behind the learning disabilities! The Duffy family have every reason to be proud!  xx,Mexico
2192675490,Tue Jun 16 07:23:17 PDT 2009,Karen230683,if your bored and want a wee giggle http://tinyurl.com/c7motw few silly things i have said  @violetscruk,USA
2192720980,Tue Jun 16 07:27:15 PDT 2009,SongoftheOss,@_CorruptedAngel  thanks for the ff - much appreciated  got those photos yet? :-O x,Jamaica
2192790891,Tue Jun 16 07:33:16 PDT 2009,SongoftheOss,@shandreen and *hugs* to you ,Kenya
2192837783,Tue Jun 16 07:37:23 PDT 2009,SallytheShizzle,in BETTER news...MARILYN MANSON IS PLAYING FESTIVAL HALL! TICKETS ARE SELLING ON FRIDAY ,Canada
2192839283,Tue Jun 16 07:37:31 PDT 2009,SongoftheOss,Thanks to @SNIZWHIZ @Flying_Roundhouse @J2ad @marilovisky for the props &amp; blips  â« http://blip.fm/~8bika,South Korea
2192885441,Tue Jun 16 07:41:32 PDT 2009,Karen230683,@mattdavey2 heehee nah i was just in process of hunting u down .... but i shall stop now ,UK
2193153131,Tue Jun 16 08:04:07 PDT 2009,SongoftheOss,Thanks to @storylet @ShinylVinyl @shanti45 for the props and blips  â« http://blip.fm/~8bkdm,Germany
2193179111,Tue Jun 16 08:06:13 PDT 2009,SongoftheOss,@shandreen I can confirm the @the_apostate is not misrepresented he is a very naughty boy ,Cuba
2193188165,Tue Jun 16 08:06:57 PDT 2009,SallytheShizzle,@wimjimjam hahaha! Well all I can say is... YOUR BABY'S PENIS IS GONNA MAKE YOU HAVE A SORE BODY! Mine is gonna create sweet music ,Chile
2193221341,Tue Jun 16 08:09:42 PDT 2009,Karen230683,@clairewhill oh that would be fab il bring them to visit u in jail ,Indonesia
2193305200,Tue Jun 16 08:16:35 PDT 2009,SongoftheOss,Thanks to @LikeAnAngel @tubilino @postpunk for the props and blips  â« http://blip.fm/~8bl78,France
2193320864,Tue Jun 16 08:17:53 PDT 2009,Karen230683,@WeeMagic well yes kind of lmao  @jason_2008 ok when he is next on we shall ignore him,South Africa
2193344579,Tue Jun 16 08:19:51 PDT 2009,SongoftheOss,"@shandreen good plan, some things best not getting on to the internet - some people do not play fair  x",Dominican Republic
