Cluster ID,Size,Keywords,Dominant Sign,IDS,Representative Example,Full Text
0,4,"change, language, constructively, survive, direct",aries (25.0%),"1459, 6679, 8419, 21530","You are no stranger to change, but it may take some reining in of your personal power in order to di...","You are no stranger to change, but it may take some reining in of your personal power in order to direct your ability to change constructively. Imagine you are both your own father and your own mother (depending on your age, this will be easier or harder to do), and create your boundaries , including your actions and language, your limits in relationships and your requirements on the job. You are also in charge of nurturing yourself with the food, the rest, the exercise, the affection you need to survive. Don't forget to give yourself a lot of positive reinforcement! You are no stranger to change, but it may take some reining in of your personal power in order to direct your ability to change constructively. Imagine you are both your own father and your own mother (depending on your age, this will be easier or harder to do), and create your boundaries , including your actions and language, your limits in relationships and your requirements on the job. You are also in charge of nurturing yourself with the food, the rest, the exercise, the affection you need to survive. Don't forget to give yourself a lot of positive reinforcement! You are no stranger to change, but it may take some reining in of your personal power in order to direct your ability to change constructively. Imagine you are both your own father and your own mother (depending on your age, this will be easier or harder to do), and create your boundaries , including your actions and language, your limits in relationships and your requirements on the job. You are also in charge of nurturing yourself with the food, the rest, the exercise, the affection you need to survive. Don't forget to give yourself a lot of positive reinforcement! You are no stranger to change, but it may take some reining in of your personal power in order to direct your ability to change constructively. Imagine you are both your own father and your own mother (depending on your age, this will be easier or harder to do), and create your boundaries - your actions and language, your limits in relationships, your requirements on the job - and you are also in charge of nurturing yourself with the food, the rest, the exercise, the affection you need to survive. Don't forget to give yourself a lot of positive reinforcement!"
1,3,"giving, love, depends, ungrateful, dose",aries (33.3%),"1099, 16099, 21319",The world depends on you to give a daily dose of understanding and acceptance. All too often you fee...,The world depends on you to give a daily dose of understanding and acceptance. All too often you feel under-appreciated and not recognized for the love you give. Maybe it's time to set some limits and turn that accepting love back towards yourself instead of giving it to the ungrateful! The problem is you don't find that to be easy. Hint: start with your diet. Are you giving yourself the best and freshest food possible? Are you getting enough vitamins and minerals? Are you drinking plenty of water? Turning the focus onto your own needs will help you sustain your giving nature. The world depends on you to give a daily dose of understanding and acceptance. All too often you feel under-appreciated and not recognized for the love you give. Maybe it's time to set some limits and turn that accepting love back towards yourself instead of giving it to the ungrateful! The problem is you don't find that to be easy. Hint: start with your diet. Are you giving yourself the best and freshest food possible? Are you getting enough vitamins and minerals? Are you drinking plenty of water? Turning the focus onto your own needs will help you sustain your giving nature. The world depends on you to give a daily dose of understanding and acceptance. All too often you feel under-appreciated and not recognized for the love you give. Maybe it's time to set some limits and turn that accepting love back towards yourself instead of giving it to the ungrateful! The problem is you don't find that to be easy. Hint: start with your diet. Are you giving yourself the best and freshest food possible? Are you getting enough vitamins and minerals? Are you drinking plenty of water? Turning the focus onto your own needs will help you sustain your giving nature.
2,3,"open, new, possibility, virtue, forgiving",aries (33.3%),"1102, 19582, 21322",You have a great quality: the virtue of acceptance. Though not always forgiving after a bad experien...,"You have a great quality: the virtue of acceptance. Though not always forgiving after a bad experience, you are open to almost anything new. This is an excellent time to ask yourself what new avenues of physical activity you would like to open up to. The goal will be to choose something you are able to stick with. If you want to explore a higher level of what you are currently doing, open up to that possibility as well. You have a great quality: the virtue of acceptance. Though not always forgiving after a bad experience, you are open to almost anything new. This is an excellent time to ask yourself what new avenues of physical activity you would like to open up to. The goal will be to choose something you are able to stick with. If you want to explore a higher level of what you are currently doing, open up to that possibility as well. You have a great quality: the virtue of acceptance. Though not always forgiving after a bad experience, you are open to almost anything new. This is an excellent time to ask yourself what new avenues of physical activity you would like to open up to. The goal will be to choose something you are able to stick with. If you want to explore a higher level of what you are currently doing, open up to that possibility as well."
3,3,"discipline, noticing, scare, guillotine, goes",aries (33.3%),"1189, 2929, 17929","When it comes to discipline, you sometimes react as though the guillotine had been drawn! The resist...","When it comes to discipline, you sometimes react as though the guillotine had been drawn! The resistance to discipline can be quite strong. For instance, if you begin to think of all the things you could be doing to live a healthier life you could easily scare yourself. Try noticing what you already do that is working for you, then try to figure out what you really enjoy and what feels like a chore. Perhaps you can adjust and put more in of the former and reduce the latter. See how it goes. When it comes to discipline, you sometimes react as though the guillotine had been drawn! The resistance to discipline can be quite strong. For instance, if you begin to think of all the things you could be doing to live a healthier life you could easily scare yourself. Try noticing what you already do that is working for you, then try to figure out what you really enjoy and what feels like a chore. Perhaps you can adjust and put more in of the former and reduce the latter. See how it goes. When it comes to discipline, you sometimes react as though the guillotine had been drawn! The resistance to discipline can be quite strong. For instance, if you begin to think of all the things you could be doing to live a healthier life you could easily scare yourself. Try noticing what you already do that is working for you, then try to figure out what you really enjoy and what feels like a chore. Perhaps you can adjust and put more in of the former and reduce the latter. See how it goes."
4,3,"restaurants, eating, potatoes, delivery, personality",aries (33.3%),"1192, 2932, 21412","You enjoy eating takeout or delivery often, and you know that taking action for a healthier lifestyl...","You enjoy eating takeout or delivery often, and you know that taking action for a healthier lifestyle can be as simple as ordering fish and salad rather than meat and potatoes. This is a good time to bring your personality into your own kitchen and try to recreate the dishes you have enjoyed eating from restaurants. Many restaurants publish their own cookbooks! As you get familiar with preparing food for yourself, you will start to notice little things that make a big difference. You enjoy eating takeout or delivery often, and you know that taking action for a healthier lifestyle can be as simple as ordering fish and salad rather than meat and potatoes. This is a good time to bring your personality into your own kitchen and try to recreate the dishes you have enjoyed eating from restaurants. Many restaurants publish their own cookbooks! As you get familiar with preparing food for yourself, you will start to notice little things that make a big difference. You enjoy eating takeout or delivery often, and you know that taking action for a healthier lifestyle can be as simple as ordering fish and salad rather than meat and potatoes. This is a good time to bring your personality into your own kitchen and try to recreate the dishes you have enjoyed eating from restaurants. Many restaurants publish their own cookbooks! As you get familiar with preparing food for yourself, you will start to notice little things that make a big difference."
5,3,"change, tentative, tuning, refine, exhilarating",aries (33.3%),"1251, 19731, 21471","Change is something you are tentative about, but with the right approach you can also find it exhila...","Change is something you are tentative about, but with the right approach you can also find it exhilarating! The celestial energy gives everyone the chance to radically change something - from a haircut to a breakup! Ask yourself what would be a positive step. Chances are, you will look to your health practices and notice a little fine-tuning is needed on your goals. Try to make some time in the next couple of days to refine them. Change is something you are tentative about, but with the right approach you can also find it exhilarating! The celestial energy gives everyone the chance to radically change something - from a haircut to a breakup! Ask yourself what would be a positive step. Chances are, you will look to your health practices and notice a little fine-tuning is needed on your goals. Try to make some time in the next couple of days to refine them. Change is something you are tentative about, but with the right approach you can also find it exhilarating! The celestial energy gives everyone the chance to radically change something - from a haircut to a breakup! Ask yourself what would be a positive step. Chances are, you will look to your health practices and notice a little fine-tuning is needed on your goals. Try to make some time in the next couple of days to refine them."
6,3,"goals, abide, optimistic, hopeful, forge",aries (33.3%),"1282, 3022, 4762","Today's planetary aspect is splendid for creativity! So, consider creating a promise to yourself. Fi...","Today's planetary aspect is splendid for creativity! So, consider creating a promise to yourself. First take a look at what you can do to promote your own well-being, then determine your goals and forge the commitment to abide by them. Bearing in mind that your health practices are for your benefit and of your choosing, you should feel optimistic and hopeful. Check in with yourself and note any doubts or fears. If you don't feel comfortable with your goals, you may want to lighten up. Today's planetary aspect is splendid for creativity! So, consider creating a promise to yourself. First take a look at what you can do to promote your own well-being, then determine your goals and forge the commitment to abide by them. Bearing in mind that your health practices are for your benefit and of your choosing, you should feel optimistic and hopeful. Check in with yourself and note any doubts or fears. If you don't feel comfortable with your goals, you may want to lighten up. Today's planetary aspect is splendid for creativity! So, consider creating a promise to yourself. First take a look at what you can do to promote your own well-being, then determine your goals and forge the commitment to abide by them. Bearing in mind that your health practices are for your benefit and of your choosing, you should feel optimistic and hopeful. Check in with yourself and note any doubts or fears. If you don't feel comfortable with your goals, you may want to lighten up."
7,3,"weather, deeper, maintain, passion, estranged",aries (66.7%),"1294, 1443, 4774",You may feel that you're on a roller coaster with the one you love. One day it's all about physical ...,"You may feel that you're on a roller coaster with the one you love. One day it's all about physical passion, the next day you feel estranged. If you can weather the ups and downs, you'll gain a deeper understanding of what you really want out of a relationship. Reproductive health is very important to maintain, even if you're not thinking about having kids. There are also many natural health products available that support you in maintaining your wellbeing in this area. You may feel that you're on a roller coaster with the one you love. One day it's all about physical passion, the next day you feel estranged. If you can weather the up's and down's, you'll gain a deeper understanding of what you really want out of a relationship. Reproductive health is especially important to maintain, even if you're not thinking about having kids. There are also many natural health products available that support you in maintaining your wellbeing in this area. You may feel that you're on a roller coaster with the one you love. One day it's all about physical passion, the next day you feel estranged. If you can weather the ups and downs, you'll gain a deeper understanding of what you really want out of a relationship. Reproductive health is very important to maintain, even if you're not thinking about having kids. There are also many natural health products available that support you in maintaining your wellbeing in this area."
8,3,"sleep, remember, help, night, quiets",aries (33.3%),"1319, 8428, 21539",The day's planetary aspect offers a good reminder to make sleep your priority. Remember that sleep n...,"The day's planetary aspect offers a good reminder to make sleep your priority. Remember that sleep nurtures you more than anything. Many people find themselves restless at bedtime. When the world quiets down at night, for many it seems like the volume on their thoughts gets turned way up, making it difficult to relax and drift off to sleep. It can help to establish a routine, like what you may have done as a child, to remember how to properly fall asleep. Finding it hard to pry your phone out of your hands even though you are mentally and physically exhausted? Try leaving it in the other room or using it to play a guided meditation or hypnosis session designed to help you sleep. The day's planetary aspect offers a good reminder to make sleep your priority. Remember that sleep nurtures you more than anything. Many people find themselves restless at bedtime. When the mind quiets down at night, many things can rush in and distract you from continuing to relax. It can help to establish a routine, like what you may have done as a child, to remember how to properly fall asleep. Follow the same routine each night, and your body will help you ease into relaxing dreamland. The day's planetary aspect offers a good reminder to make sleep your priority. Remember that sleep nurtures you more than anything. Many people find themselves restless at bedtime. When the world quiets down at night, for many it seems like the volume on their thoughts gets turned way up, making it difficult to relax and drift off to sleep. It can help to establish a routine, like what you may have done as a child, to remember how to properly fall asleep. Finding it hard to pry your phone out of your hands even though you are mentally and physically exhausted? Try leaving it in the other room or using it to play a guided meditation or hypnosis session designed to help you sleep."
9,3,"regular, footing, catching, background, hang",aries (33.3%),"1341, 3081, 21561","You are happy at the center of attention, but when change is afoot you prefer to hang in the backgro...","You are happy at the center of attention, but when change is afoot you prefer to hang in the background. With today's planetary alignment, your mind will be catching up with your feelings, trying to figure out what it is that you really want. Don't push yourself to be too social these next couple of days. Instead, focus on what can give you the most secure footing: regular exercise, light meals and regular sleeping hours. Take care of yourself! You are happy at the center of attention, but when change is afoot you prefer to hang in the background. With today's planetary alignment, your mind will be catching up with your feelings, trying to figure out what it is that you really want. Don't push yourself to be too social these next couple of days. Instead, focus on what can give you the most secure footing: regular exercise, light meals and regular sleeping hours. Take care of yourself! You are happy at the center of attention, but when change is afoot you prefer to hang in the background. With today's planetary alignment, your mind will be catching up with your feelings, trying to figure out what it is that you really want. Don't push yourself to be too social these next couple of days. Instead, focus on what can give you the most secure footing: regular exercise, light meals and regular sleeping hours. Take care of yourself!"
10,3,"change, uptight, signals, particular, nerves",aries (33.3%),"1431, 3171, 4911","You may or may not be pleased while the planetary alignment lasts, as this aspect signals radical ch...","You may or may not be pleased while the planetary alignment lasts, as this aspect signals radical change. You may be ready for change, in which case you'll welcome this particular energy, or you may be nervous at the thought of change and get a bit uptight! Either way, you need to slow down the pace and get into a routine of deep breathing so that you can move through the next few days with calm intention. Yoga calms your nerves through breath, so why not try it? You may or may not be pleased while the planetary alignment lasts, as this aspect signals radical change. You may be ready for change, in which case you'll welcome this particular energy, or you may be nervous at the thought of change and get a bit uptight! Either way, you need to slow down the pace and get into a routine of deep breathing so that you can move through the next few days with calm intention. Yoga calms your nerves through breath, so why not try it? You may or may not be pleased while the planetary alignment lasts, as this aspect signals radical change. You may be ready for change, in which case you'll welcome this particular energy, or you may be nervous at the thought of change and get a bit uptight! Either way, you need to slow down the pace and get into a routine of deep breathing so that you can move through the next few days with calm intention. Yoga calms your nerves through breath, so why not try it?"
11,3,"emotional, water, temper, lubricated, intensity",aries (33.3%),"1446, 3037, 6666","You should notice that things bear little resistance today. Not that you mind intensity, but it's ve...","You should notice that things bear little resistance today. Not that you mind intensity, but it's very important that you drink a lot of water in order to temper the emotional expansion of the day's energy. On an imperceptible energetic level, you are being tested, and it's critical that you stay present. Drinking water will help you keep your emotional self ""lubricated."" Trust me. You should notice that things bear little resistance today. Not that you mind intensity, but it's very important that you drink a lot of water in order to temper the emotional expansion of the day's energy. On an imperceptible energetic level, you are being tested, and it's critical that you stay present. Drinking water will help you keep your emotional self ""lubricated."" Trust me. You should notice that things bear little resistance today. Not that you mind intensity, but it's very important that you drink a lot of water in order to temper the emotional expansion of the day's energy. On an imperceptible energetic level, you are being tested, and it's critical that you stay present. Drinking water will help you keep your emotional self ""lubricated."" Trust me."
12,3,"knows, mindful, remain, tomorrow, hinder",taurus (33.3%),"3019, 4759, 19759",There may be more on your list than you feel you can ever accomplish! Don't be discouraged because y...,"There may be more on your list than you feel you can ever accomplish! Don't be discouraged because you can't do everything, or because you can't become the best at something tomorrow. Becoming overwhelmed will hinder your progress. The goal is to slowly open up to the voice inside of you that intuitively knows what is right at a given time in life. Health practices come and go. The point is to remain mindful so that you can sense when your needs change. There may be more on your list than you feel you can ever accomplish! Don't be discouraged because you can't do everything, or because you can't become the best at something tomorrow. Becoming overwhelmed will hinder your progress. The goal is to slowly open up to the voice inside of you that intuitively knows what is right at a given time in life. Health practices come and go. The point is to remain mindful so that you can sense when your needs change. There may be more on your list than you feel you can ever accomplish! Don't be discouraged because you can't do everything, or because you can't become the best at something tomorrow. Becoming overwhelmed will hinder your progress. The goal is to slowly open up to the voice inside of you that intuitively knows what is right at a given time in life. Health practices come and go. The point is to remain mindful so that you can sense when your needs change."
13,3,"challenge, mental, assess, neglect, stake",taurus (66.7%),"3055, 3204, 8424",The energy emanating from the planets today presents a mental challenge. Emotions and power are grow...,"The energy emanating from the planets today presents a mental challenge. Emotions and power are growling at one another; maybe they're even engaged in a real fight! The mental challenge is in stepping back and assess the situation. How much is at stake? Will it eventually blow over? Is it about winning and losing? Most of all, the challenge will be to continue to respect your personal health regimen in the face of this distraction. It is neither fair nor prudent to neglect your body and all the energy contained therein. The energy emanating from the planets today presents a mental challenge. Emotions and power are growling at one another; maybe they're even engaged in a real fight! The mental challenge is in stepping back and assess the situation. How much is at stake? Will it eventually blow over? Is it about winning and losing? Most of all, the challenge will be to continue to respect your personal health regimen in the face of this distraction. It is neither fair nor prudent to neglect your body and all the energy contained therein. The energy emanating from the planets today presents a mental challenge. Emotions and power are growling at one another; maybe they're even engaged in a real fight! The mental challenge is in stepping back and assess the situation. How much is at stake? Will it eventually blow over? Is it about winning and losing? Most of all, the challenge will be to continue to respect your personal health regimen in the face of this distraction. It is neither fair nor prudent to neglect your body and all the energy contained therein."
14,3,"share, sense, loneliness, supportive, imbalances",taurus (33.3%),"3112, 4852, 6592","Today's planetary configuration could make you feel a sense of loneliness, as you realize that there...","Today's planetary configuration could make you feel a sense of loneliness, as you realize that there are imbalances in the world that you alone cannot change. You may experience a sense of isolation when considering certain health issues. Try to share your thoughts and ideas with supportive friends and family. This planetary energy is telling you to share what is in your heart and mind with those you trust. Today's planetary configuration could make you feel a sense of loneliness, as you realize that there are imbalances in the world that you alone cannot change. You may experience a sense of isolation when considering certain health issues. Try to share your thoughts and ideas with supportive friends and family. This planetary energy is telling you to share what is in your heart and mind with those you trust. Today's planetary configuration could make you feel a sense of loneliness, as you realize that there are imbalances in the world that you alone cannot change. You may experience a sense of isolation when considering certain health issues. Try to share your thoughts and ideas with supportive friends and family. This planetary energy is telling you to share what is in your heart and mind with those you trust."
15,3,"self, change, planet, willing, knew",taurus (33.3%),"3261, 5001, 6741",Get ready to change what you have wanted to change for a long time whether you knew it or not - the ...,"Get ready to change what you have wanted to change for a long time whether you knew it or not - the time is now! Today's planetary alignment gives your patron planet a chance for innovative self-expression, which is why you may be surprised by what you find yourself willing to take on these next couple of days. To stay open to whatever your higher self embarks upon. Take hot baths with lavender essential oil at the end of your day. Get ready to change what you have wanted to change for a long time whether you knew it or not - the time is now! Today's planetary alignment gives your patron planet a chance for innovative self-expression, which is why you may be surprised by what you find yourself willing to take on these next couple of days. To stay open to whatever your higher self embarks upon. Take hot baths with lavender essential oil at the end of your day. Get ready to change what you have wanted to change for a long time whether you knew it or not - the time is now! Today's planetary alignment gives your patron planet a chance for innovative self-expression, which is why you may be surprised by what you find yourself willing to take on these next couple of days. To stay open to whatever your higher self embarks upon. Take hot baths with lavender essential oil at the end of your day."
16,3,"aiming, shell, lifelong, satisfied, serve",taurus (33.3%),"3289, 8509, 10249",Today offers a good opportunity to rein in your desire to look for satisfaction elsewhere. Try aimin...,"Today offers a good opportunity to rein in your desire to look for satisfaction elsewhere. Try aiming to be satisfied with your own body. This could take work in many areas of your life, not just diet and exercise. But acceptance of your own body is a lifelong issue, and you will serve yourself well if you can open up to what you truly feel about it. The day's planetary aspect will help you see the truth beneath the protective shell of denial. Today offers a good opportunity to rein in your desire to look for satisfaction elsewhere. Try aiming to be satisfied with your own body. This could take work in many areas of your life, not just diet and exercise. But acceptance of your own body is a lifelong issue, and you will serve yourself well if you can open up to what you truly feel about it. The day's planetary aspect will help you see the truth beneath the protective shell of denial. Today offers a good opportunity to rein in your desire to look for satisfaction elsewhere. Try aiming to be satisfied with your own body. This could take work in many areas of your life, not just diet and exercise. But acceptance of your own body is a lifelong issue, and you will serve yourself well if you can open up to what you truly feel about it. The day's planetary aspect will help you see the truth beneath the protective shell of denial."
17,3,"question, feel, universe, key, judged",gemini (33.3%),"4849, 6589, 21589","The current planetary influence encourages you to question your personal habits - at the same time, ...","The current planetary influence encourages you to question your personal habits - at the same time, you feel mistrustful of the exercise, as though there would be criticism from the universe for anything less than perfect. It is important to notice if this is going on, because it is the key to breaking down a system of denial. When we feel judged, we deny the behavior in question. When we feel a sense of acceptance, we can embrace change. The current planetary influence encourages you to question your personal habits - at the same time, you feel mistrustful of the exercise, as though there would be criticism from the universe for anything less than perfect. It is important to notice if this is going on, because it is the key to breaking down a system of denial. When we feel judged, we deny the behavior in question. When we feel a sense of acceptance, we can embrace change. The current planetary influence encourages you to question your personal habits - at the same time, you feel mistrustful of the exercise, as though there would be criticism from the universe for anything less than perfect. It is important to notice if this is going on, because it is the key to breaking down a system of denial. When we feel judged, we deny the behavior in question. When we feel a sense of acceptance, we can embrace change."
18,3,"loved, satisfying, regard, vein, emotion",gemini (33.3%),"4942, 6682, 8422",The sensitive side of your nature desires what's best for those you love - there is a deep feeling o...,"The sensitive side of your nature desires what's best for those you love - there is a deep feeling of ""I would die for you"" running through you with regard to your loved ones and your children. This intense emotion can be channeled into a more productive vein: caring for your body as though it were a loved one. Taking care of all its needs can be quite satisfying. This is ultimately nurturing for EVERYONE! Your life certainly does depend on your body. The sensitive side of your nature desires what's best for those you love - there is a deep feeling of ""I would die for you"" running through you with regard to your loved ones and your children. This intense emotion can be channeled into a more productive vein: caring for your body as though it were a loved one. Taking care of all its needs can be quite satisfying. This is ultimately nurturing for EVERYONE! Your life certainly does depend on your body. The sensitive side of your nature desires what's best for those you love - there is a deep feeling of ""I would die for you"" running through you with regard to your loved ones and your children. This intense emotion can be channeled into a more productive vein: caring for your body as though it were a loved one. Taking care of all its needs can be quite satisfying. This is ultimately nurturing for EVERYONE! Your life certainly does depend on your body."
19,3,"grains, increased, intestinal, tract, legumes",gemini (33.3%),"5091, 6831, 8571",You can benefit from the aspect of the day through increased awareness about how diet affects your b...,"You can benefit from the aspect of the day through increased awareness about how diet affects your body. You have a special relationship with the intestinal tract, and whatever you can do to assist operations there, the better off you will be. Try eating whole grains rather than bleached or processed grains; leafy green vegetables rather than starch for side dishes; less meat and more legumes for protein sources. Today's planetary energy gives you the inclination to try new things so go for it! You can benefit from the aspect of the day through increased awareness about how diet affects your body. You have a special relationship with the intestinal tract, and whatever you can do to assist operations there, the better off you will be. Try eating whole grains rather than bleached or processed grains; leafy green vegetables rather than starch for side dishes; less meat and more legumes for protein sources. Today's planetary energy gives you the inclination to try new things so go for it! You can benefit from the aspect of the day through increased awareness about how diet affects your body. You have a special relationship with the intestinal tract, and whatever you can do to assist operations there, the better off you will be. Try eating whole grains rather than bleached or processed grains; leafy green vegetables rather than starch for side dishes; less meat and more legumes for protein sources. Today's planetary energy gives you the inclination to try new things so go for it!"
20,3,"body, ways, neglected, muse, earthly",gemini (33.3%),"5119, 10339, 12079",Today's energy encourages you to muse on what you enjoy and what makes you happy. Write down some of...,"Today's energy encourages you to muse on what you enjoy and what makes you happy. Write down some of your favorite foods, things you like to do, and consider the many ways in which you depend on your body, and your body comes through for you. This is an excellent time to contemplate what we must not take for granted. Your body is your most valuable earthly asset. Are there ways in which you've neglected it? How do you go about honoring it? Today's energy encourages you to muse on what you enjoy and what makes you happy. Write down some of your favorite foods, things you like to do, and consider the many ways in which you depend on your body, and your body comes through for you. This is an excellent time to contemplate what we must not take for granted. Your body is your most valuable earthly asset. Are there ways in which you've neglected it? How do you go about honoring it? Today's energy encourages you to muse on what you enjoy and what makes you happy. Write down some of your favorite foods, things you like to do, and consider the many ways in which you depend on your body, and your body comes through for you. This is an excellent time to contemplate what we must not take for granted. Your body is your most valuable earthly asset. Are there ways in which you've neglected it? How do you go about honoring it?"
21,3,"loving, new, diet, responsible, experimentation",cancer (33.3%),"6772, 8512, 10252",Experimentation is a fun activity for most of us. Sometimes it's even necessary to curb the tendency...,"Experimentation is a fun activity for most of us. Sometimes it's even necessary to curb the tendency to try too many new things! For instance, if you are going to try a new food, be sure you also prepare (or order) something you know you will like that is also nutritious. Taking care of your own diet is like managing the diet of a child: you must be responsible and loving. Experiment with finding more ways that you can be loving to yourself. Experimentation is a fun activity for most of us. Sometimes it's even necessary to curb the tendency to try too many new things! For instance, if you are going to try a new food, be sure you also prepare (or order) something you know you will like that is also nutritious. Taking care of your own diet is like managing the diet of a child: you must be responsible and loving. Experiment with finding more ways that you can be loving to yourself. Experimentation is a fun activity for most of us. Sometimes it's even necessary to curb the tendency to try too many new things! For instance, if you are going to try a new food, be sure you also prepare (or order) something you know you will like that is also nutritious. Taking care of your own diet is like managing the diet of a child: you must be responsible and loving. Experiment with finding more ways that you can be loving to yourself."
22,3,"activities, friends, new, marathon, attract",cancer (33.3%),"6921, 8661, 10401",Today's transit could motivate you to try new things in the exercise department. You will feel drawn...,"Today's transit could motivate you to try new things in the exercise department. You will feel drawn to those activities that you can do with friends - or those activities you can do in order to make new friends, if possible. Look into the things you've had in the back of your mind - bike trips or even running a future marathon for a good cause like supporting medical research. These activities generally attract ""good"" people who, like yourself, value health and friendship! Today's transit could motivate you to try new things in the exercise department. You will feel drawn to those activities that you can do with friends - or those activities you can do in order to make new friends, if possible. Look into the things you've had in the back of your mind - bike trips or even running a future marathon for a good cause like supporting medical research. These activities generally attract ""good"" people who, like yourself, value health and friendship! Today's transit could motivate you to try new things in the exercise department. You will feel drawn to those activities that you can do with friends - or those activities you can do in order to make new friends, if possible. Look into the things you've had in the back of your mind - bike trips or even running a future marathon for a good cause like supporting medical research. These activities generally attract ""good"" people who, like yourself, value health and friendship!"
23,3,"organic, way, according, accustomed, shocking",cancer (33.3%),"6949, 12169, 13909",Slowly growing accustomed to new health practices can be a pleasant and enlightening experience. Loo...,Slowly growing accustomed to new health practices can be a pleasant and enlightening experience. Looking to see the truth about what you eat is a way to introduce change into your diet without shocking your system on any level. Organic foods are grown according to specific regulations - there are even different interpretations of what is truly organic. Finding out for yourself where your food comes from is a great way to develop a healthy awareness of your environment. Slowly growing accustomed to new health practices can be a pleasant and enlightening experience. Looking to see the truth about what you eat is a way to introduce change into your diet without shocking your system on any level. Organic foods are grown according to specific regulations - there are even different interpretations of what is truly organic. Finding out for yourself where your food comes from is a great way to develop a healthy awareness of your environment. Slowly growing accustomed to new health practices can be a pleasant and enlightening experience. Looking to see the truth about what you eat is a way to introduce change into your diet without shocking your system on any level. Organic foods are grown according to specific regulations - there are even different interpretations of what is truly organic. Finding out for yourself where your food comes from is a great way to develop a healthy awareness of your environment.
24,3,"yoga, tones, schedule, tantric, individual",leo (33.3%),"8602, 10342, 12082",There is a good deal of harmony in the air today. Give yourself the opportunity to tune into it thro...,"There is a good deal of harmony in the air today. Give yourself the opportunity to tune into it through yoga or perhaps some individual tantric practice that you may enjoy already. It's a wonderful asset to have a schedule that includes yoga, because it both calms the mind and tones the body. You need to go regularly in order to receive maximum benefit. You will experience a feeling of heightened well-being. There is a good deal of harmony in the air today. Give yourself the opportunity to tune into it through yoga or perhaps some individual tantric practice that you may enjoy already. It's a wonderful asset to have a schedule that includes yoga, because it both calms the mind and tones the body. You need to go regularly in order to receive maximum benefit. You will experience a feeling of heightened well-being. There is a good deal of harmony in the air today. Give yourself the opportunity to tune into it through yoga or perhaps some individual tantric practice that you may enjoy already. It's a wonderful asset to have a schedule that includes yoga, because it both calms the mind and tones the body. You need to go regularly in order to receive maximum benefit. You will experience a feeling of heightened well-being."
25,3,"lofty, pursuits, everyday, living, torn",leo (33.3%),"8751, 10491, 12231","Today's aspect is one of the most beneficial transits, emotionally speaking. Often you feel torn bet...","Today's aspect is one of the most beneficial transits, emotionally speaking. Often you feel torn between lofty pursuits and everyday living. Lofty pursuits are easier, in a way; difficulties arise with everyday living, where other people's sensitivities clash with your own. The energy of the day helps you to verbalize and communicate in new ways that help your personal relationships. To increase the positive impact of this transit, take care to eat citrus fruits rich in Vitamin C. Today's aspect is one of the most beneficial transits, emotionally speaking. Often you feel torn between lofty pursuits and everyday living. Lofty pursuits are easier, in a way; difficulties arise with everyday living, where other people's sensitivities clash with your own. The energy of the day helps you to verbalize and communicate in new ways that help your personal relationships. To increase the positive impact of this transit, take care to eat citrus fruits rich in Vitamin C. Today's aspect is one of the most beneficial transits, emotionally speaking. Often you feel torn between lofty pursuits and everyday living. Lofty pursuits are easier, in a way; difficulties arise with everyday living, where other people's sensitivities clash with your own. The energy of the day helps you to verbalize and communicate in new ways that help your personal relationships. To increase the positive impact of this transit, take care to eat citrus fruits rich in Vitamin C."
26,3,"overwhelmed, exercise, feeling, remind, second",leo (33.3%),"8779, 13999, 15739","You may have the feeling that things are out of control. If you open up to all that you are feeling,...","You may have the feeling that things are out of control. If you open up to all that you are feeling, you may become afraid or overwhelmed. It may help you to do some grounding exercise in order to remind yourself that you are in a human body! The regularity with which you exercise will affect the degree you feel overwhelmed in your life. Drinking plenty of water is the second half of the exercise equation. Be aware that your body may need more minerals and vitamins, depending on the stress level you experience. You may have the feeling that things are out of control. If you open up to all that you are feeling, you may become afraid or overwhelmed. It may help you to do some grounding exercise in order to remind yourself that you are in a human body! The regularity with which you exercise will affect the degree you feel overwhelmed in your life. Drinking plenty of water is the second half of the exercise equation. Be aware that your body may need more minerals and vitamins, depending on the stress level you experience. You may have the feeling that things are out of control. If you open up to all that you are feeling, you may become afraid or overwhelmed. It may help you to do some grounding exercise in order to remind yourself that you are in a human body! The regularity with which you exercise will affect the degree you feel overwhelmed in your life. Drinking plenty of water is the second half of the exercise equation. Be aware that your body may need more minerals and vitamins, depending on the stress level you experience."
27,3,"energy, relieved, stored, flow, empowered",virgo (33.3%),"10432, 12172, 13912","There is plenty of favorable energy afoot today, which can leave you empowered and able to tune into...","There is plenty of favorable energy afoot today, which can leave you empowered and able to tune into the divine in your daily life. To encourage the positive flow of this energy, take special care to relax your mind and nourish your body with fresh food and exercise. Any stress you feel in your eyes is best relieved through yoga, which will open the chakras and release energy that has been stored up in the body. There is plenty of favorable energy afoot today, which can leave you empowered and able to tune into the divine in your daily life. To encourage the positive flow of this energy, take special care to relax your mind and nourish your body with fresh food and exercise. Any stress you feel in your eyes is best relieved through yoga, which will open the chakras and release energy that has been stored up in the body. There is plenty of favorable energy afoot today, which can leave you empowered and able to tune into the divine in your daily life. To encourage the positive flow of this energy, take special care to relax your mind and nourish your body with fresh food and exercise. Any stress you feel in your eyes is best relieved through yoga, which will open the chakras and release energy that has been stored up in the body."
28,3,"transit, self, routines, snacking, entire",virgo (33.3%),"10581, 12321, 14061",The planetary transit today is like having a boost of positive energy where it counts most: your own...,"The planetary transit today is like having a boost of positive energy where it counts most: your own self-confidence. You can increase the effect of this month-long transit by grounding your physical self in healthy routines such as regular meals with no snacking in between, and exercise at least four times a week. You have a choice: get the most out of this transit (and your entire year is likely to benefit) or ignore it and wonder what might have been. The planetary transit today is like having a boost of positive energy where it counts most: your own self-confidence. You can increase the effect of this month-long transit by grounding your physical self in healthy routines such as regular meals with no snacking in between, and exercise at least four times a week. You have a choice: get the most out of this transit (and your entire year is likely to benefit) or ignore it and wonder what might have been. The planetary transit today is like having a boost of positive energy where it counts most: your own self-confidence. You can increase the effect of this month-long transit by grounding your physical self in healthy routines such as regular meals with no snacking in between, and exercise at least four times a week. You have a choice: get the most out of this transit (and your entire year is likely to benefit) or ignore it and wonder what might have been."
29,3,"appointments, fulfilled, threatens, hold, honor",virgo (33.3%),"10609, 15829, 17569",Your patience level could be low today. Honor your impatience with appropriate measures. Give yourse...,"Your patience level could be low today. Honor your impatience with appropriate measures. Give yourself extra time to get to your appointments, and don't set yourself up for frustrating situations. When it comes to eating, choose what you put into your body carefully. Be sure you like what you order or prepare; otherwise, you will not be relaxed and truly fulfilled by your meal. On another note - it is best to hold your tongue if a dispute threatens to arise with a lover or friend. Your patience level could be low today. Honor your impatience with appropriate measures. Give yourself extra time to get to your appointments, and don't set yourself up for frustrating situations. When it comes to eating, choose what you put into your body carefully. Be sure you like what you order or prepare; otherwise, you will not be relaxed and truly fulfilled by your meal. On another note - it is best to hold your tongue if a dispute threatens to arise with a lover or friend. Your patience level could be low today. Honor your impatience with appropriate measures. Give yourself extra time to get to your appointments, and don't set yourself up for frustrating situations. When it comes to eating, choose what you put into your body carefully. Be sure you like what you order or prepare; otherwise, you will not be relaxed and truly fulfilled by your meal. On another note - it is best to hold your tongue if a dispute threatens to arise with a lover or friend."
30,3,"knowledge, holistic, care, treatment, pharmaceutical",libra (33.3%),"12262, 14002, 15742","For every pharmaceutical treatment, there is a holistic way to take care of yourself! Pay attention ...","For every pharmaceutical treatment, there is a holistic way to take care of yourself! Pay attention to where you get your knowledge regarding wellness. Do you rely on what your parents taught you? (How is their health?) Do you believe what's written on all the packaging you buy? Do you have a friend or two who seem ""tuned in"" to holistic health care practices? Open yourself to receiving knowledge from new sources and notice the healthy difference it can make in your life. For every pharmaceutical treatment, there is a holistic way to take care of yourself! Pay attention to where you get your knowledge regarding wellness. Do you rely on what your parents taught you? (How is their health?) Do you believe what's written on all the packaging you buy? Do you have a friend or two who seem ""tuned in"" to holistic health care practices? Open yourself to receiving knowledge from new sources and notice the healthy difference it can make in your life. For every pharmaceutical treatment, there is a holistic way to take care of yourself! Pay attention to where you get your knowledge regarding wellness. Do you rely on what your parents taught you? (How is their health?) Do you believe what's written on all the packaging you buy? Do you have a friend or two who seem ""tuned in"" to holistic health care practices? Open yourself to receiving knowledge from new sources and notice the healthy difference it can make in your life."
31,3,"strength, self, people, upper, accentuate",libra (33.3%),"12411, 14151, 15891",Today there are positive aspects beginning for you - supporting you in your endeavors. This may alle...,"Today there are positive aspects beginning for you - supporting you in your endeavors. This may alleviate the haunting sense that you are ""all alone."" Many people will be brought to greater sensitivity (and necessary self-questioning) by this transit, and the result of this is that you will feel more like ""part of the gang"" around other people than you normally do. To accentuate this feeling of strength and self-confidence, you are encouraged to go to the gym, if possible, and build your upper-body strength. Today there are positive aspects beginning for you - supporting you in your endeavors. This may alleviate the haunting sense that you are ""all alone."" Many people will be brought to greater sensitivity (and necessary self-questioning) by this transit, and the result of this is that you will feel more like ""part of the gang"" around other people than you normally do. To accentuate this feeling of strength and self-confidence, you are encouraged to go to the gym, if possible, and build your upper-body strength. Today there are positive aspects beginning for you - supporting you in your endeavors. This may alleviate the haunting sense that you are ""all alone."" Many people will be brought to greater sensitivity (and necessary self-questioning) by this transit, and the result of this is that you will feel more like ""part of the gang"" around other people than you normally do. To accentuate this feeling of strength and self-confidence, you are encouraged to go to the gym, if possible, and build your upper-body strength."
32,3,"goals, refrain, intentions, inevitably, discouraging",libra (33.3%),"12439, 17659, 19399","Once you have set your own health goals, you will inevitably compare your health habits to other peo...","Once you have set your own health goals, you will inevitably compare your health habits to other people's. This is natural in the beginning and can be either encouraging or discouraging. The goal is really to focus on yourself, and refrain from comparison or judgment. Just take yourself and your goals seriously! If it helps, write down your intentions for the day and check them off at night. Reward yourself for healthy behavior - perhaps with a nice bubble bath! Once you have set your own health goals, you will inevitably compare your health habits to other people's. This is natural in the beginning and can be either encouraging or discouraging. The goal is really to focus on yourself, and refrain from comparison or judgment. Just take yourself and your goals seriously! If it helps, write down your intentions for the day and check them off at night. Reward yourself for healthy behavior - perhaps with a nice bubble bath! Once you have set your own health goals, you will inevitably compare your health habits to other people's. This is natural in the beginning and can be either encouraging or discouraging. The goal is really to focus on yourself, and refrain from comparison or judgment. Just take yourself and your goals seriously! If it helps, write down your intentions for the day and check them off at night. Reward yourself for healthy behavior - perhaps with a nice bubble bath!"
33,3,"focused, maintaining, breath, remains, pulse",scorpio (33.3%),"14092, 15832, 17572","If you followed yesterday's advice, you would perhaps feel the benefit of maintaining your personal ...","If you followed yesterday's advice, you would perhaps feel the benefit of maintaining your personal energy within yourself - not giving it out to other people or situations. Building further on this, try staying focused on your breath today. Exercise, and eat your meals slowly and deliberately so that your breath remains the priority in all that you do. The rhythm of your breathing is the guiding pulse to maintaining positive energy. Doing what's right for yourself is not always easy. Stay focused. If you followed yesterday's advice, you would perhaps feel the benefit of maintaining your personal energy within yourself - not giving it out to other people or situations. Building further on this, try staying focused on your breath today. Exercise, and eat your meals slowly and deliberately so that your breath remains the priority in all that you do. The rhythm of your breathing is the guiding pulse to maintaining positive energy. Doing what's right for yourself is not always easy. Stay focused. If you followed yesterday's advice, you would perhaps feel the benefit of maintaining your personal energy within yourself - not giving it out to other people or situations. Building further on this, try staying focused on your breath today. Exercise, and eat your meals slowly and deliberately so that your breath remains the priority in all that you do. The rhythm of your breathing is the guiding pulse to maintaining positive energy. Doing what's right for yourself is not always easy. Stay focused."
34,3,"relates, positioning, fast, expanding, condition",scorpio (33.3%),"14241, 15981, 17721","With today's planetary positioning, there is potential for expanding your world in innovative and cr...","With today's planetary positioning, there is potential for expanding your world in innovative and creative ways. The celestial energy relates to the body today. Can you see how your body might benefit from this atmosphere? A light fast, perhaps, or a new approach to food altogether could come out of this transit. Look at your physical condition and focus your intention on what you would like to change most radically. Then go for it! With today's planetary positioning, there is potential for expanding your world in innovative and creative ways. The celestial energy relates to the body today. Can you see how your body might benefit from this atmosphere? A light fast, perhaps, or a new approach to food altogether could come out of this transit. Look at your physical condition and focus your intention on what you would like to change most radically. Then go for it! With today's planetary positioning, there is potential for expanding your world in innovative and creative ways. The celestial energy relates to the body today. Can you see how your body might benefit from this atmosphere? A light fast, perhaps, or a new approach to food altogether could come out of this transit. Look at your physical condition and focus your intention on what you would like to change most radically. Then go for it!"
35,3,"issue, routine, nature, spontaneity, extended",scorpio (33.3%),"14269, 19489, 21229",Part of your nature is to see both sides of an issue. Another part of your nature is to be blind to ...,"Part of your nature is to see both sides of an issue. Another part of your nature is to be blind to the issue altogether because you have over-extended yourself. In other words, the real issue can sometimes get lost in the many perspectives you are able to see. This is why routine is so vital to your sign - routine in the most basic sense. Try to strengthen your routine by exercising every day and planning your meals ahead of time. Spontaneity should fall within structure. Part of your nature is to see both sides of an issue. Another part of your nature is to be blind to the issue altogether because you have over-extended yourself. In other words, the real issue can sometimes get lost in the many perspectives you are able to see. This is why routine is so vital to your sign - routine in the most basic sense. Try to strengthen your routine by exercising every day and planning your meals ahead of time. Spontaneity should fall within structure. Part of your nature is to see both sides of an issue. Another part of your nature is to be blind to the issue altogether because you have over-extended yourself. In other words, the real issue can sometimes get lost in the many perspectives you are able to see. This is why routine is so vital to your sign - routine in the most basic sense. Try to strengthen your routine by exercising every day and planning your meals ahead of time. Spontaneity should fall within structure."
36,3,"aromatherapy, tansy, ancient, attitudes, materials",sagittarius (33.3%),"15922, 17662, 19402","There is a skip in your step today! You have felt the struggle of the last few days, and it is a rel...","There is a skip in your step today! You have felt the struggle of the last few days, and it is a relief to relax and reflect on what you learned. You have brought the life of the body into focus, and you may want to open up to something new as a complement. Aromatherapy is an ancient and subtle practice. Many alternative markets carry aromatherapy materials. The essences of nasturtium, iris, and tansy can help you break through fixed attitudes and behavior patterns. There is a skip in your step today! You have felt the struggle of the last few days, and it is a relief to relax and reflect on what you learned. You have brought the life of the body into focus, and you may want to open up to something new as a complement. Aromatherapy is an ancient and subtle practice. Many alternative markets carry aromatherapy materials. The essences of nasturtium, iris, and tansy can help you break through fixed attitudes and behavior patterns. There is a skip in your step today! You have felt the struggle of the last few days, and it is a relief to relax and reflect on what you learned. You have brought the life of the body into focus, and you may want to open up to something new as a complement. Aromatherapy is an ancient and subtle practice. Many alternative markets carry aromatherapy materials. The essences of nasturtium, iris, and tansy can help you break through fixed attitudes and behavior patterns."
37,3,"formidable, significant, quiet, abilities, introspection",sagittarius (33.3%),"16071, 17811, 19551",Today's aspect brings you to a place of quiet introspection that might lead to significant changes. ...,"Today's aspect brings you to a place of quiet introspection that might lead to significant changes. Notice what you are thinking about beneath the surface - give yourself some extra personal time during the day if it is hard for you to concentrate. Going to a yoga class, if possible, or on a run will give you some time to focus on what's important. Consider your abilities to change what you aren't happy with in your life - they are formidable! Today's aspect brings you to a place of quiet introspection that might lead to significant changes. Notice what you are thinking about beneath the surface - give yourself some extra personal time during the day if it is hard for you to concentrate. Going to a yoga class, if possible, or on a run will give you some time to focus on what's important. Consider your abilities to change what you aren't happy with in your life - they are formidable! Today's aspect brings you to a place of quiet introspection that might lead to significant changes. Notice what you are thinking about beneath the surface - give yourself some extra personal time during the day if it is hard for you to concentrate. Going to a yoga class, if possible, or on a run will give you some time to focus on what's important. Consider your abilities to change what you aren't happy with in your life - they are formidable!"
38,3,"practice, health, religious, relieves, plague",capricorn (33.3%),"17752, 19492, 21232",Regularity in practice is the answer to almost all of your health concerns. You will benefit tremend...,"Regularity in practice is the answer to almost all of your health concerns. You will benefit tremendously from a regular yoga practice, running, or gym workout. Exercise can be almost a religious practice for some, for it relieves the nervousness and anxiety that plague everyday living. Finding a reason for the health regimen you keep is a good idea. This is a good time to ask yourself, ""What is health all about for me?"" Regularity in practice is the answer to almost all of your health concerns. You will benefit tremendously from a regular yoga practice, running, or gym workout. Exercise can be almost a religious practice for some, for it relieves the nervousness and anxiety that plague everyday living. Finding a reason for the health regimen you keep is a good idea. This is a good time to ask yourself, ""What is health all about for me?"" Regularity in practice is the answer to almost all of your health concerns. You will benefit tremendously from a regular yoga practice, running, or gym workout. Exercise can be almost a religious practice for some, for it relieves the nervousness and anxiety that plague everyday living. Finding a reason for the health regimen you keep is a good idea. This is a good time to ask yourself, ""What is health all about for me?"""
39,3,"boundary, issues, open, new, mindedness",capricorn (33.3%),"17901, 19641, 21381",Be on the lookout for issues that flair up around friends and family these days. You may be open to ...,"Be on the lookout for issues that flair up around friends and family these days. You may be open to new ideas and new ways of thinking, but don't let this ""open-mindedness"" get you into trouble. The aspect of the day will typically bring up some boundary issues. You have the right to say ""no"" when a boundary is being crossed. And you are the one who sets the boundaries! Practice yoga or meditation to stay on top of your best interests. Be on the lookout for issues that flair up around friends and family these days. You may be open to new ideas and new ways of thinking, but don't let this ""open-mindedness"" get you into trouble. The aspect of the day will typically bring up some boundary issues. You have the right to say ""no"" when a boundary is being crossed. And you are the one who sets the boundaries! Practice yoga or meditation to stay on top of your best interests. Be on the lookout for issues that flair up around friends and family these days. You may be open to new ideas and new ways of thinking, but don't let this ""open-mindedness"" get you into trouble. The aspect of the day will typically bring up some boundary issues. You have the right to say ""no"" when a boundary is being crossed. And you are the one who sets the boundaries! Practice yoga or meditation to stay on top of your best interests."
40,2,"discovery, encounter, enjoy, mantra, stuck",aries (50.0%),"1104, 17844","Whenever you run into a block in your energy or encounter what appears to be an exterior obstacle, t...","Whenever you run into a block in your energy or encounter what appears to be an exterior obstacle, take ten deep breaths and repeat this mantra: ""I enjoy discovery."" When you think about it in hindsight, the blocks we encounter are often full of potential and discovery. If you can learn to enjoy these moments of being ""stuck"" for the information they can ultimately give you, you will have a precious skill that will increase your well-being a thousand-fold. Whenever you run into a block in your energy or encounter what appears to be an exterior obstacle, take ten deep breaths and repeat this mantra: ""I enjoy discovery."" When you think about it in hindsight, the blocks we encounter are often full of potential and discovery. If you can learn to enjoy these moments of being ""stuck"" for the information they can ultimately give you, you will have a precious skill that will increase your well-being a thousand-fold."
41,2,"yoga, love, riding, putting, sailing",aries (50.0%),"1114, 19594",Building the habits that foster good health is the most important thing you can focus on right now. ...,"Building the habits that foster good health is the most important thing you can focus on right now. Whatever you love to do that is good for you - biking, running, sailing, yoga, horseback riding, you name it - make it EASY to get to in your life. Learn how to support yourself by putting your energy where you stand to profit. If you love yoga, get your own yoga mat and water bottle so that you are fully prepared whenever the mood strikes. Building the habits that foster good health is the most important thing you can focus on right now. Whatever you love to do that is good for you - biking, running, sailing, yoga, horseback riding, you name it - make it EASY to get to in your life. Learn how to support yourself by putting your energy where you stand to profit. If you love yoga, get your own yoga mat and water bottle so that you are fully prepared whenever the mood strikes."
42,2,"satisfaction, use, stellar, steady, beam",aries (50.0%),"1121, 17861","When you know what you want, you exude a striking sense of satisfaction that people notice right awa...","When you know what you want, you exude a striking sense of satisfaction that people notice right away. You ""beam"" with inner satisfaction. With the present planetary alignment, you are able to tune into your highest self-awareness and perhaps even resolve conflicts that have been worrying you for some time. Use this month's energy to increase your physical activities - plan bike rides on weekends, use your free time for fun, aerobic diversions. The combination of these stellar forces makes your mood steady and pleasant. When you know what you want, you exude a striking sense of satisfaction that people notice right away. You ""beam"" with inner satisfaction. With the present planetary alignment, you are able to tune into your highest self-awareness and perhaps even resolve conflicts that have been worrying you for some time. Use this month's energy to increase your physical activities - plan bike rides on weekends, use your free time for fun, aerobic diversions. The combination of these stellar forces makes your mood steady and pleasant."
43,2,"help, explain, prompted, provide, confide",aries (50.0%),"1141, 14010","Today's planetary aspect guides your dreams. If you have an Aquarian friend or acquaintance, it migh...","Today's planetary aspect guides your dreams. If you have an Aquarian friend or acquaintance, it might be a good idea to approach them. They will likely understand where you are coming from and provide you with some inspiration. Remember to offer what you are asking for. If you need some help with motivation, for example, explain what prompted you to confide in them; this will motivate that person to help you and you will get what you want out of the relationship. Today's astral configuration provides guidance for your dreams. It might be a good idea to approach a close friend for a little support and advice. They will likely understand where you are coming from and be able to provide you with some inspiration. Remember to offer what you are asking for. If you need some help with motivation, for example, explain what prompted you to confide in them: this will motivate that person to help you and enable you to get what you want out of the relationship."
44,2,"possible, received, outcome, compliments, watch",aries (50.0%),"1175, 17915",Watch your insecurities carefully today. You may notice a point where things could go one way or ano...,"Watch your insecurities carefully today. You may notice a point where things could go one way or another: make it your job to choose the best possible outcome and put your energies into that positive framework. So much of what we complain about was actually of our choosing in the first place. If you are feeling insecure because you have not received your fair share of compliments, don't wait until it's too late! Give your partner, boss, or friends the clearest possible messages about what you need. Watch your insecurities carefully today. You may notice a point where things could go one way or another: make it your job to choose the best possible outcome and put your energies into that positive framework. So much of what we complain about was actually of our choosing in the first place. If you are feeling insecure because you have not received your fair share of compliments, don't wait until it's too late! Give your partner, boss, or friends the clearest possible messages about what you need."
45,2,"rate, vocabulary, extravagant, sensibly, word",aries (50.0%),"1176, 17916",You'll feel your best today if you can get your heart rate up. It's a good day to focus on your exer...,"You'll feel your best today if you can get your heart rate up. It's a good day to focus on your exercise routine - especially if you haven't been doing it for a while. If exercise is not exactly a word in your working vocabulary, it's time to take a look at this. You don't have to do anything fancy - you can try easing into a good habit with a few sit-ups before bed. Eat sensibly, even if you crave extravagant foods. It's not the time for indulging. You'll feel your best today if you can get your heart rate up. It's a good day to focus on your exercise routine - especially if you haven't been doing it for a while. If exercise is not exactly a word in your working vocabulary, it's time to take a look at this. You don't have to do anything fancy - you can try easing into a good habit with a few sit-ups before bed. Eat sensibly, even if you crave extravagant foods. It's not the time for indulging."
46,2,"day, quirky, jokes, spark, restoring",aries (50.0%),"1292, 21512",You can benefit greatly from the creativity made available by the planetary energy at play. The usua...,"You can benefit greatly from the creativity made available by the planetary energy at play. The usual day-to-day routine can get a little boring, and this day brings spark and energy that go a long way toward restoring your faith in healthy practices! Be open to change while sticking to your basic principles, and you will end up with fun surprises! Look for the unusual, the funny, the quirky jokes of nature when you are outside. Additionally, today's aspect might bring you a new friend. You can benefit greatly from the creativity made available by the planetary energy at play. The usual day-to-day routine can get a little boring, and this day brings spark and energy that go a long way toward restoring your faith in healthy practices! Be open to change while sticking to your basic principles, and you will end up with fun surprises! Look for the unusual, the funny, the quirky jokes of nature when you are outside. Additionally, today's aspect might bring you a new friend."
47,2,"bad, impress, tragic, sheer, complaining",aries (50.0%),"1295, 4924","While everyone else is complaining they're having a bad day, you could be plotting your victory move...","While everyone else is complaining they're having a bad day, you could be plotting your victory move! It's a good day, for example, to impress the boss without really trying. Today you may see things turning out in your favor for no other reason than sheer luck. Be careful not to get so caught up in the momentum of events that you overlook your own basic needs. It would be tragic if you missed the boat altogether because you forgot to eat lunch and got into a bad mood! While everyone else is complaining they're having a bad day, you could be plotting your victory move! It's a good day, for example, to impress the boss without really trying. Today you may see things turning out in your favor for no other reason than sheer luck. Be careful not to get so caught up in the momentum of events that you overlook your own basic needs. It would be tragic if you missed the boat altogether because you forgot to eat lunch and got into a bad mood!"
48,2,"new, focus, want, prone, immaterial",aries (50.0%),"1347, 21567",What if the thing you wanted most were given to you - would you know what to do with it? Think about...,What if the thing you wanted most were given to you - would you know what to do with it? Think about what that would mean. What would you want? A new job? A new relationship? A new house? All these things are material and thus prone to change and disappointment. If you have your health you have something that is immaterial and thus more precious. Use the favorable aspect of the day to focus on what you really want. (Hint: focus on your health!) What if the thing you wanted most were given to you - would you know what to do with it? Think about what that would mean. What would you want? A new job? A new relationship? A new house? All these things are material and thus prone to change and disappointment. If you have your health you have something that is immaterial and thus more precious. Use the favorable aspect of the day to focus on what you really want. (Hint: focus on your health!)
49,2,"rich, feedback, handle, twin, heated",aries (50.0%),"1374, 6594","There could be some rejection from within to ""doing the right thing."" It is important to understand ...","There could be some rejection from within to ""doing the right thing."" It is important to understand this resistance and to take measures to handle it. For instance, if you feel that eating only rich foods will satisfy you today - try choosing a salad that has rich ingredients. Or, if exercise is not on your program, elect to take a short walk after a meal. As you make these small compromises, you will have given your ""evil twin"" some feedback, and a heated discussion is likely to ensue! There could be some rejection from within to ""doing the right thing."" It is important to understand this resistance and to take measures to handle it. For instance, if you feel that eating only rich foods will satisfy you today - try choosing a salad that has rich ingredients. Or, if exercise is not on your program, elect to take a short walk after a meal. As you make these small compromises, you will have given your ""evil twin"" some feedback, and a heated discussion is likely to ensue!"
50,2,"decide, diet, resource, lies, page",aries (50.0%),"1382, 3122","When you decide to make a habit of something, it's as though you've turned a page in a book. You wil...","When you decide to make a habit of something, it's as though you've turned a page in a book. You will find an excellent resource in today's energy for creating healthy practices in diet and exercise. It may not seem like much at first, but when you decide to reduce dairy in your diet and increase the amount of water you consume, you have started down the path to a much healthier immune system. Your power lies in evaluation and action. When you decide to make a habit of something, it's as though you've turned a page in a book. You will find an excellent resource in today's energy for creating healthy practices in diet and exercise. It may not seem like much at first, but when you decide to reduce dairy in your diet and increase the amount of water you consume, you have started down the path to a much healthier immune system. Your power lies in evaluation and action."
51,2,"stray, keeping, priorities, mastering, starts",aries (50.0%),"1391, 6611","Keeping yourself busy is never a problem. However, you will be more easily home in on what activitie...","Keeping yourself busy is never a problem. However, you will be more easily home in on what activities are priorities while the current transit lasts. There is an order of priority which, if you don't stray from, will build your health and self-esteem from the inside out. It all starts with what you eat, how often you exercise and how well you sleep. It's a short list, but mastering it is not easy! Keeping yourself busy is never a problem. However, you will be more easily home in on what activities are priorities while the current transit lasts. There is an order of priority which, if you don't stray from, will build your health and self-esteem from the inside out. It all starts with what you eat, how often you exercise and how well you sleep. It's a short list, but mastering it is not easy!"
52,2,"vegan, choices, foods, experience, eat",aries (50.0%),"1409, 3149",You may experience some fundamental shift today in terms of the food choices that you prefer. The pl...,"You may experience some fundamental shift today in terms of the food choices that you prefer. The planetary alignment asks us to look at our habits and examine why we do certain things. If you eat meat, for example, you might have an experience that gives you more clarity on why you do so, or whether you want to continue doing so. Or maybe you’ve been a hardcore Vegan for the last ten years and suddenly you find yourself with a craving for fish, eggs, or cheese? There could be a nutrient you are deficient in that these foods offer. You could experiment with eating them occasionally, or if you feel you need to stick to your ethical guns, find a way to supplement from Vegan sources. Try to take note of the foods you eat and how you feel physically and emotionally afterward. From there you can start to make nutritional choices based on what best serves your sense of wellbeing. You may experience some fundamental shift today in terms of the food choices that you prefer. The planetary alignment asks us to look at our habits and examine why we do certain things. If you eat meat, for example, you might have an experience that gives you more clarity on why you do so, or whether you want to continue doing so. Or maybe you’ve been a hardcore Vegan for the last ten years and suddenly you find yourself with a craving for fish, eggs, or cheese? There could be a nutrient you are deficient in that these foods offer. You could experiment with eating them occasionally, or if you feel you need to stick to your ethical guns, find a way to supplement from Vegan sources. Try to take note of the foods you eat and how you feel physically and emotionally afterward. From there you can start to make nutritional choices based on what best serves your sense of wellbeing."
53,2,"esteem, self, energy, little, elevating",aries (50.0%),"1437, 3177",You can use the elevating energy created by today's favorable aspect to increase your self-esteem. A...,"You can use the elevating energy created by today's favorable aspect to increase your self-esteem. Apply your best efforts to taking care of yourself. Mind your diet, strengthen your resolve to get a little exercise each day, and try to avoid stressful situations. With a little energy dedicated in these directions you can plan to encounter a dazzling month ahead! There is nothing more valuable to a person's self-esteem than the will to succeed and the energy to do so. You can use the elevating energy created by today's favorable aspect to increase your self-esteem. Apply your best efforts to taking care of yourself. Mind your diet, strengthen your resolve to get a little exercise each day, and try to avoid stressful situations. With a little energy dedicated in these directions you can plan to encounter a dazzling month ahead! There is nothing more valuable to a person's self-esteem than the will to succeed and the energy to do so."
54,2,"extra, best, mundane, purposes, far",aries (50.0%),"1445, 6665","Today, give yourself more than enough time to do the most mundane things. Being rushed by others is ...","Today, give yourself more than enough time to do the most mundane things. Being rushed by others is also not something you will react well to. One of the best ways to escape the expectations of others is to set your limits and stick to them like crazy. Give yourself an extra hour of exercise by trying some new form of a workout in addition to your regular routine. I do not mean that you should push yourself too far, but you have the extra energy today, and it's best that you use it for your own purposes, not someone else's. Today, give yourself more than enough time to do the most mundane things. Being rushed by others is also not something you will react well to. One of the best ways to escape the expectations of others is to set your limits and stick to them like crazy. Give yourself an extra hour of exercise by trying some new form of a workout in addition to your regular routine. I do not mean that you should push yourself too far, but you have the extra energy today, and it's best that you use it for your own purposes, not someone else's."
55,2,"pain, abdominal, women, theme, men",aries (50.0%),"1452, 3043","If you are not familiar with the herbal extract from the ""saw palmetto berry,"" it is high time you m...","If you are not familiar with the herbal extract from the ""saw palmetto berry,"" it is high time you make its acquaintance. It has been clinically proven to lessen the abdominal cramps in women and to promote prostate health in men. The theme of easing suffering holds true for other aspects of your life, too. Back pain, neck pain, headaches can all be alleviated at least in part by increasing the amount of water you drink and the occasional yoga class. These are simple but profound recommendations. If you are not familiar with the herbal extract from the ""saw palmetto berry,"" it is high time you make its acquaintance. It has been clinically proven to lessen the abdominal cramps in women and to promote prostate health in men. The theme of easing suffering holds true for other aspects of your life, too. Back pain, neck pain, headaches can all be alleviated at least in part by increasing the amount of water you drink and the occasional yoga workout. These are simple but profound recommendations."
56,2,"dairy, diet, backing, latte, convince",taurus (50.0%),"2934, 19674","When you have found something in your diet you'd like to improve on, give yourself adequate time to ...","When you have found something in your diet you'd like to improve on, give yourself adequate time to adjust mentally as well as physically. For instance, if dairy is very prevalent in your diet, don't eliminate it all together! This kind of enthusiasm is counterproductive. Try backing off of ice cream and cheese, while still relishing your morning latte. The whole self needs to be able to distinguish what is going on. Instead, gradually convince yourself of why and how you will reduce dairy in your diet. When you have found something in your diet you'd like to improve on, give yourself adequate time to adjust mentally as well as physically. For instance, if dairy is very prevalent in your diet, don't eliminate it all together! This kind of enthusiasm is counterproductive. Try backing off of ice cream and cheese, while still relishing your morning latte. The whole self needs to be able to distinguish what is going on. Instead, gradually convince yourself of why and how you will reduce dairy in your diet."
57,2,"want, automatons, striving, programmed, whipped",taurus (50.0%),"2944, 21424","When you want to veer from the healthy path at times, remember that it is how you manage these impul...","When you want to veer from the healthy path at times, remember that it is how you manage these impulses that really matters. We are not automatons programmed for ""organic"" and ""whole grain"" - we are human beings who love chocolate cake and whipped cream! A balanced lifestyle is what you are striving for. If you want to indulge, by all means revel in it - just drink a lot of water along with, OK? (And respect your craving for carrot juice when that comes along, too!) When you want to veer from the healthy path at times, remember that it is how you manage these impulses that really matters. We are not automatons programmed for ""organic"" and ""whole grain"" - we are human beings who love chocolate cake and whipped cream! A balanced lifestyle is what you are striving for. If you want to indulge, by all means revel in it - just drink a lot of water along with, OK? (And respect your craving for carrot juice when that comes along, too!)"
58,2,"help, tender, sympathy, access, muscle",taurus (50.0%),"2951, 19691","When it comes to our friends, we often most appreciate their warmth and caring, and the tender sympa...","When it comes to our friends, we often most appreciate their warmth and caring, and the tender sympathy that exudes from them when all is well. To keep access open to this part of your personal nature, it is important to regularly exercise and keep your energy unblocked. A regular yoga practice will help you tremendously. The blood circulation, muscle stretching and deep breathing combine to help you relax and center your exuberance, so that you can channel it. When it comes to our friends, we often most appreciate their warmth and caring, and the tender sympathy that exudes from them when all is well. To keep access open to this part of your personal nature, it is important to regularly exercise and keep your energy unblocked. A regular yoga practice will help you tremendously. The blood circulation, muscle stretching and deep breathing combine to help you relax and center your exuberance, so that you can channel it."
59,2,"recognition, player, uncomplaining, member, team",taurus (50.0%),"3005, 19745","This is a great day for recognition! Have you been a strong team player, a diligent worker, or an un...","This is a great day for recognition! Have you been a strong team player, a diligent worker, or an uncomplaining family member lately? Today, that recognition you've been trying to go without may float towards you, so take it in, and don't be self-effacing! In fact, you're probably not giving yourself enough credit. What is the most positive thing you could do for yourself today? If it's getting a little exercise, that would be highly recommended. This is a great day for recognition! Have you been a strong team player, a diligent worker, or an uncomplaining family member lately? Today, that recognition you've been trying to go without may float towards you, so take it in, and don't be self-effacing! In fact, you're probably not giving yourself enough credit. What is the most positive thing you could do for yourself today? If it's getting a little exercise, that would be highly recommended."
60,2,"permission, let, little, usually, imagination",taurus (50.0%),"3006, 19746",You'll feel a lot of relief in the general atmosphere today. It's a good day to give your employees ...,"You'll feel a lot of relief in the general atmosphere today. It's a good day to give your employees permission to leave early, or let your kids have extra helpings of dessert. You are usually so exacting - of others, but especially of yourself. Try to give yourself the permission to have a little bit of fun, too! It may even be a good night to get a little more acquainted with someone you love - let your imagination lead the way! You'll feel a lot of relief in the general atmosphere today. It's a good day to give your employees permission to leave early, or let your kids have extra helpings of dessert. You are usually so exacting - of others, but especially of yourself. Try to give yourself the permission to have a little bit of fun, too! It may even be a good night to get a little more acquainted with someone you love - let your imagination lead the way!"
61,2,"parts, emerge, drawer, wholeness, achieve",taurus (50.0%),"3030, 12121",Your health practices are a wonderful way to reconnect with lost parts of yourself. The meticulous c...,"Your health practices are a wonderful way to re-connect with lost parts of yourself. The meticulous child who rearranged their sock drawer every Saturday might re-emerge as you wash up after cooking a nutritious meal; the bouncing little gymnast who had the energy of a puppy may float across your mind as you near the park for a run. As your practice strengthens, remember to gently embrace the parts of you that emerge. It is through acceptance, not judgment, that we achieve wholeness. Your health practices are a wonderful way to reconnect with lost parts of yourself. The meticulous child who arranged her sock drawer every Saturday might reemerge as you wash up after cooking a nutritious meal; the bounding little gymnast who had the energy of a puppy may float across your mind each time you roll out your yoga mat. As your practice strengthens, remember to embrace gently the parts of you that emerge. It is through acceptance, not judgment, that we achieve wholeness."
62,2,"decisions, powers, witness, wisely, occasions",taurus (50.0%),"3124, 6604","With the current astral energy at play, you will certainly witness frequent occasions where your jud...","With the current astral energy at play, you will certainly witness frequent occasions where your judgment will be tested. This is a time of determination for you, and in no area of your life is it more important to make good decisions than when it comes to your health. There is no telling what the future holds, but you can prepare yourself by taking steps to enhance your wellness: we make daily decisions about our diet, rest, and exercise. Use your powers wisely! With the current astral energy at play, you will certainly witness frequent occasions where your judgment will be tested. This is a time of determination for you, and in no area of your life is it more important to make good decisions than when it comes to your health. There is no telling what the future holds, but you can prepare yourself by taking steps to enhance your wellness: we make daily decisions about our diet, rest, and exercise. Use your powers wisely!"
63,2,"passionate, probably, protect, practicing, stronger",taurus (50.0%),"3212, 4952",You probably feel like playing these days - and play is something you happen to excel at. It is alre...,"You probably feel like playing these days - and play is something you happen to excel at. It is already common knowledge that you are a passionate being, and today's astral configuration brings out that passionate energy even stronger. Practicing safe sex is probably one of the biggest health concerns out there. Protect yourself and your partner, so that you can stay ""negative"" - and have a great time doing it! You probably feel like playing these days - and play is something you happen to excel at. It is already common knowledge that you are a passionate being, and today's astral configuration brings out that passionate energy even stronger. Practicing safe sex is probably one of the biggest health concerns out there. Protect yourself and your partner, so that you can stay ""negative"" - and have a great time doing it!"
64,2,"relationships, abides, recently, smart, responsibility",taurus (50.0%),"3221, 8441",You have become more health-conscious recently! There is an intense love of relationships and connec...,"You have become more health-conscious recently! There is an intense love of relationships and connection that abides within all of our souls, and this is a wonderful time to define what that means to you. Without relationships, our lives would be somewhat empty. How can you improve what you give to your relationships? The smart thing to do would be to take care of your own needs as best you can: diet, exercise and rest are your responsibility. Everything follows from here. You have become more health-conscious recently! There is an intense love of relationships and connection that abides within all of our souls, and this is a wonderful time to define what that means to you. Without relationships, our lives would be somewhat empty. How can you improve what you give to your relationships? The smart thing to do would be to take care of your own needs as best you can: diet, exercise and rest are your responsibility. Everything follows from here."
65,2,"feeling, confused, confusion, select, frustration",taurus (50.0%),"3239, 4979","Today's planetary movement has a way of making you feel a bit frustrated, and there is a good deal o...","Today's planetary movement has a way of making you feel a bit frustrated, and there is a good deal of that frustrating energy currently available. While you appreciate mystery and can roll will ambiguity, the sense of confusion you may be sensing right now can be creating tension for you. If you're feeling confused and need a break from it, it's highly recommended that you select a session on a yoga app, take a hot bath or both. Don't let this feeling of frustration go untended; it can have a snowball effect on your health. Today's planetary movement has a way of making you feel a bit frustrated, and there is a good deal of that frustrating energy currently available. While you appreciate mystery and can roll will ambiguity, the sense of confusion you may be sensing right now can be creating tension for you. If you're feeling confused and need a break from it, it's highly recommended that you select a session on a yoga app, take a hot bath or both. Don't let this feeling of frustration go untended; it can have a snowball effect on your health."
66,2,"want, judgmental, successfully, watching, looks",taurus (50.0%),"3267, 5007",Watching your behavior too closely can result in a judgmental inner critic that won't help you get w...,Watching your behavior too closely can result in a judgmental inner critic that won't help you get where you want to go. Make a broad plan of what you want to do for your health in the coming weeks. Concentrate on what you want to eat and what you want to avoid eating. Focus on the time it will take to successfully integrate a few hours of exercise each week. With foresight and planning you may realize that it's not as hard as it looks. Watching your behavior too closely can result in a judgmental inner critic that won't help you get where you want to go. Make a broad plan of what you want to do for your health in the coming weeks. Concentrate on what you want to eat and what you want to avoid eating. Focus on the time it will take to successfully integrate a few hours of exercise each week. With foresight and planning you may realize that it's not as hard as it looks.
67,2,"doing, taking, need, stretches, sustenance",taurus (50.0%),"3275, 8495",Your sixth sense may feel like it's on strike today. You may need to take the day to re-charge your ...,"Your sixth sense may feel like it's on strike today. You may need to take the day to re-charge your batteries, something you don't do nearly enough of! I suggest taking yourself to the floor. You need the assurance of good solid ground beneath you, holding you up and taking in all your weight. Doing yoga or just doing some nice long stretches in your own home will ease your body and give you the sustenance you so often go without. It's recommended to eat something hearty today. Your sixth sense may feel like it's on strike today. You may need to take the day to re-charge your batteries, something you don't do nearly enough of! I suggest taking yourself to the floor. You need the assurance of good solid ground beneath you, holding you up and taking in all your weight. Doing yoga or just doing some nice long stretches in your own home will ease your body and give you the sustenance you so often go without. It's recommended to eat something hearty today."
68,2,"feeling, steadier, pat, sapping, disconcerting",taurus (50.0%),"3276, 8496","You are feeling a bit better today. Things are steadier, emotionally speaking. For once, you don't f...","You are feeling a bit better today. Things are steadier, emotionally speaking. For once, you don't feel like others around you are sapping all your energy. And yet this is also disconcerting because you like the feeling of being needed. You might benefit from turning the focus on yourself! Do for yourself what you do for others so well. Set a small goal, such as preparing a nice dinner or taking a brisk walk, and once you've done it, give yourself a little pat on the back. You are feeling a bit better today. Things are steadier, emotionally speaking. For once, you don't feel like others around you are sapping all your energy. And yet this is also disconcerting because you like the feeling of being needed. You might benefit from turning the focus on yourself! Do for yourself what you do for others so well. Set a small goal, such as preparing a nice dinner or taking a brisk walk, and once you've done it, give yourself a little pat on the back."
69,2,"resist, resistance, suit, colds, suspend",gemini (50.0%),"4764, 21504","Resistance is something you possess in spades. You are quite resistant to colds, are able to work de...","Resistance is something you possess in spades. You are quite resistant to colds, are able to work despite distractions, and you easily resist temptation. When you find resistance in yourself, however, your tendency is to back away and pretend it isn't there. If you find yourself resisting the health practices you identified days ago, the first thing to do is suspend judgment. With an open mind, go back to your list and find other options that suit you better. Resist discouragement! Resistance is something you possess in spades. You are quite resistant to colds, are able to work despite distractions, and you easily resist temptation. When you find resistance in yourself, however, your tendency is to back away and pretend it isn't there. If you find yourself resisting the health practices you identified days ago, the first thing to do is suspend judgment. With an open mind, go back to your list and find other options that suit you better. Resist discouragement!"
70,2,"clarify, punishing, eroticize, titillation, irrelevant",gemini (50.0%),"4781, 21521","Give in to your gentle side today. Where there is a tendency to eroticize, look further into your bo...","Give in to your gentle side today. Where there is a tendency to eroticize, look further into your body and find the true need beneath the surface titillation. The astral energy is helping you address your needs. Do not be afraid to make changes that seem ""irrelevant"": if you don't like your fitness app, or you can't stand the gym where you belong, make a change! Things like this are best to clarify and act upon now, so that you don't end up punishing yourself in the long run. Give in to your gentle side today. Where there is a tendency to eroticize, look further into your body and find the true need beneath the surface titillation. The astral energy is helping you address your needs. Do not be afraid to make changes that seem ""irrelevant"": if you don't like your fitness app, or you can't stand the gym where you belong, make a change! Things like this are best to clarify and act upon now, so that you don't end up punishing yourself in the long run."
71,2,"awareness, thinking, aspect, experiences, heighten",gemini (50.0%),"4801, 17670",Today's planetary energy assists you in exploratory thinking. The ability to recall early experience...,"Today's planetary energy assists you in exploratory thinking. The ability to recall early experiences or to examine body issues is enhanced by your critical thinking capacity. This aspect enhances our deepest emotions and registers every compliment and insult. Therefore, use this aspect to heighten your awareness of your body. A challenging yoga session will focus your mind and create space for new awareness to emerge. Don't push yourself but stay on top of this exercise. Today's aspect at play gives you a leg up in exploratory thinking. The ability to recall early experiences or to examine body issues will be enhanced. Try to use this aspect to heighten your awareness of your body. A challenging yoga workout will focus your mind and create space for new awareness to emerge. Don't push yourself but stay on top of the exercise. Accept any resurfacing memories or new self-knowledge without placing judgement."
72,2,"talk, hurt, frame, desirable, deserve",gemini (50.0%),"4835, 21575",Today's transit gives you the chutzpa you need to get what you deserve! If you're carrying around th...,"Today's transit gives you the chutzpa you need to get what you deserve! If you're carrying around the feeling that you don't have what you want in your life, today is the day to say something to someone who can give it to you, or talk to yourself about what you can do to get it. You may be considering a move of some kind. It can't hurt to do a little research on what it would take to make that happen in a desirable time frame. Today's transit gives you the chutzpa you need to get what you deserve! If you're carrying around the feeling that you don't have what you want in your life, today is the day to say something to someone who can give it to you, or talk to yourself about what you can do to get it. You may be considering a move of some kind. It can't hurt to do a little research on what it would take to make that happen in a desirable time frame."
73,2,"romance, stream, throwing, movie, game",gemini (50.0%),"4836, 21576","It's a splendid day for romance! You are normally so even and detached, but today is right for throw...","It's a splendid day for romance! You are normally so even and detached, but today is right for throwing all cares to the wind and expressing your deepest feelings about anything and everything. This, of course, can be accomplished in many ways. Take your dog outside and play a passionate game of fetch! Or stream your favorite movie and take your lover's hand in the dark. If you can think of something better - do it! You're not going to lose. It's a splendid day for romance! You are normally so even and detached, but today is right for throwing all cares to the wind and expressing your deepest feelings about anything and everything. This, of course, can be accomplished in many ways. Take your dog outside and play a passionate game of fetch! Or stream your favorite movie and take your lover's hand in the dark. If you can think of something better - do it! You're not going to lose."
74,2,"want, invasive, shui, text, cookbook",gemini (50.0%),"4860, 13951",The aspect at play reminds you that your future starts today. This is a good time to ask yourself: w...,"The aspect at play reminds you that your future starts today. This is a good time to ask yourself: what do you want for your health? Do you want to ignore your body until invasive medical measures are required? Or do you want to have an informed, delightful experience of nurturing your body and your mind in a more preventive fashion? If you prefer the latter, maybe it's time to invest in an informative text: a healthy cookbook, a holistic hygiene reference, or a book on feng shui. Your future starts today. A clear pathway is open to you so ask yourself: what do you want for your health? Do you want to ignore your body until invasive medical measures are required? Or do you want to have an informed, delightful experience of nurturing your body and your mind in a preventative fashion? If you prefer the latter, maybe it's time to invest in your choice of text: a healthy cookbook, a holistic hygiene reference, or a book on feng shui."
75,2,"relationships, sphere, tend, extend, definitely",gemini (50.0%),"4954, 8434",You will tend to be more open with your feelings with today's planetary alignment. This is a positiv...,"You will tend to be more open with your feelings with today's planetary alignment. This is a positive time for you, when you collect new information from above and re-position yourself in the world. Take the opportunity to check in with yourself and establish your health goals for the coming year. With today's transit, you are able to extend your social sphere of healthy relationships. Definitely consider relationships as part of your overall health and wellness! You will tend to be more open with your feelings with today's planetary alignment. This is a positive time for you, when you collect new information from above and re-position yourself in the world. Take the opportunity to check in with yourself and establish your health goals for the coming year. With today's transit, you are able to extend your social sphere of healthy relationships. Definitely consider relationships as part of your overall health and wellness!"
76,2,"power, smell, nod, unlikely, periods",gemini (50.0%),"5034, 10254","Today you will feel that power is there for the taking. Thus, you are unlikely to give so much as a ...","Today you will feel that power is there for the taking. Thus, you are unlikely to give so much as a nod to the effects of some of the more subtle planetary aspects, even if they last for long periods of time. However, the current planetary configuration is not to be ignored. It's time to wake up and smell the green tea! If you do not listen to your body and respect its wishes, all the power in the world won't be able to keep you from suffering the consequences. Today you will feel that power is there for the taking. Thus, you are unlikely to give so much as a nod to the effects of some of the more subtle planetary aspects, even if they last for long periods of time. However, the current planetary configuration is not to be ignored. It's time to wake up and smell the green tea! If you do not listen to your body and respect its wishes, all the power in the world won't be able to keep you from suffering the consequences."
77,2,"liver, helps, pay, attention, important",gemini (50.0%),"5042, 6782","We all need to pay attention to our liver, as it helps us in that all-important digestive process. C...","We all need to pay attention to our liver, as it helps us in that all-important digestive process. Cleansing the liver is important in other respects, as well. A healthy liver helps clean our blood and eliminate toxins from our bodies. Did you know that the liver is your body's largest vital organ? Size matters here, so pay attention! Beets are a natural liver cleanser, and can be prepared in many delicious ways, and vinegar and lemon help stimulate the liver. Also, be respectful of your body when consuming alcohol. We all need to pay attention to our liver, as it helps us in that all-important digestive process. Cleansing the liver is important in other respects, as well. A healthy liver helps clean our blood and eliminate toxins from our bodies. Did you know that the liver is your body's largest vital organ? Size matters here, so pay attention! Beets are a natural liver cleanser, and can be prepared in many delicious ways, and vinegar and lemon help stimulate the liver. Also, be respectful of your body when consuming alcohol."
78,2,"allergic, praise, impressed, opening, cheating",gemini (50.0%),"5051, 10271","You enjoy the praise of many, but you are quite often almost allergic to criticism (probably because...","You enjoy the praise of many, but you are quite often almost allergic to criticism (probably because you receive so little of it!). People are impressed by your high energy level and your ability to get things done. Try opening yourself up to areas you need to learn about. How are you in the healthy diet department? Are you focused more on maintaining weight levels than what's really going on under the surface? This is known as ""cheating"" on your health, and there are consequences! You enjoy the praise of many, but you are quite often almost allergic to criticism (probably because you receive so little of it!). People are impressed by your high energy level and your ability to get things done. Try opening yourself up to areas you need to learn about. How are you in the healthy diet department? Are you focused more on maintaining weight levels than what's really going on under the surface? This is known as ""cheating"" on your health, and there are consequences!"
79,2,"way, number, online, shape, opportunities",gemini (50.0%),"5069, 6809",Make yourself available to get the maximum benefit out of healthy opportunities that will be coming ...,Make yourself available to get the maximum benefit out of healthy opportunities that will be coming your way. Be on the lookout for invitations to online groups that are centered around holistic wellness. Try to shape your life in a way that lets you gradually increase the number of activities you engage in that have a positive effect on your health. Make yourself available to get the maximum benefit out of healthy opportunities that will be coming your way. Be on the lookout for invitations to online groups that are centered around holistic wellness. Try to shape your life in a way that lets you gradually increase the number of activities you engage in that have a positive effect on your health.
80,2,"sky, harmoniously, cloud, works, reason",gemini (50.0%),"5097, 6837",Today's aspect works harmoniously to bring you a warm sense of wellbeing. There is not a cloud in th...,Today's aspect works harmoniously to bring you a warm sense of wellbeing. There is not a cloud in the sky unless you encounter someone else not having such a great day! Focus on this energy and keep to yourself and apply this energy where it is most needed: your health. Listen to your body and give it what it truly needs. There is no reason you can't feel this way every day with a little attention. Today's aspect works harmoniously to bring you a warm sense of wellbeing. There is not a cloud in the sky unless you encounter someone else not having such a great day! Focus on this energy and keep to yourself and apply this energy where it is most needed: your health. Listen to your body and give it what it truly needs. There is no reason you can't feel this way every day with a little attention.
81,2,"ve, whispers, message, bones, wisdom",gemini (50.0%),"5105, 10325","Today it's all about your diet, and I'm not referring to weight! Give yourself what you've been crav...","Today it's all about your diet, and I'm not referring to weight! Give yourself what you've been craving; we often crave what our bodies need. It's important to listen to your body, especially when you drive yourself as hard as you do. Iron, calcium and Vitamin A could be good for you right now. Whatever it is you've been thinking about is probably a message from your bones or your skin. If you can't think of anything, bear in mind this bit of wisdom and start listening to your body's dietary whispers! Today it's all about your diet, and I'm not referring to weight! Give yourself what you've been craving; we often crave what our bodies need. It's important to listen to your body, especially when you drive yourself as hard as you do. Iron, calcium and Vitamin A could be good for you right now. Whatever it is you've been thinking about is probably a message from your bones or your skin. If you can't think of anything, bear in mind this bit of wisdom and start listening to your body's dietary whispers!"
82,2,"discipline, positive, glimpse, adhering, ought",gemini (50.0%),"5106, 10326","All your hard work will pay off eventually, and today you get a glimpse of the reward! The disciplin...","All your hard work will pay off eventually, and today you get a glimpse of the reward! The discipline you have been adhering to in terms of your physical fitness routine ought to show you some positive results. But mostly it's an inner satisfaction you feel. Discipline helps keep you poised for inspiration. Today you may find the wind is at your back. Don't sit down for a breather but do enjoy the fresh gust of positive reinforcement! All your hard work will pay off eventually, and today you get a glimpse of the reward! The discipline you have been adhering to in terms of your physical fitness routine ought to show you some positive results. But mostly it's an inner satisfaction you feel. Discipline helps keep you poised for inspiration. Today you may find the wind is at your back. Don't sit down for a breather but do enjoy the fresh gust of positive reinforcement!"
83,2,"change, attitude, seeking, syndrome, forward",cancer (50.0%),"6690, 15781",Giving yourself the benefit of the doubt is critical if you are indeed seeking to change your health...,"When seeking to change your health habits for the better, remember that giving yourself the benefit of the doubt is critical. It's not easy changing old patterns! Real change a day by day effort and takes time. If you are feeling the ""one step forward to two steps back"" syndrome, lighten up a little and focus on the positive. When it comes to your health, your basic attitude is what matters the most. Try to keep this in mind. Giving yourself the benefit of the doubt is critical if you are indeed seeking to change your health habits for the better. It's hard to change old patterns! It's a day-by-day effort, and real change takes time. If you feel the ""one step forward to two steps back"" syndrome, lighten up a little bit and focus on the positive. When it comes to health, your basic attitude is what matters most. Keep that in mind."
84,2,"aided, sites, facilitates, fluent, accessible",cancer (50.0%),"6784, 10264","Do you know where you stand? ""Taking stock"" is aided by the planetary alignment, which facilitates t...","Do you know where you stand? ""Taking stock"" is aided by the planetary alignment, which facilitates the asking of necessary critical questions. Are you where you want to be in terms of your overall strength and fitness levels? Are you as fluent in dietary matters as you need to be to take good care of yourself? A book on holistic health might be a good idea, or you could check the new magazines on the rack at your health food store. Or look up some interesting sites on the internet. The information is there and easily accessible. Do you know where you stand? ""Taking stock"" is aided by the planetary alignment, which facilitates the asking of necessary critical questions. Are you where you want to be in terms of your overall strength and fitness levels? Are you as fluent in dietary matters as you need to be to take good care of yourself? A book on holistic health might be a good idea, or you could check the new magazines on the rack at your health food store. Or look up some interesting sites on the internet. The information is there and easily accessible."
85,2,"mind, bite, irritable, isolate, mail",cancer (50.0%),"6864, 12084","If you miss sleep or skip meals, you are likely to say things you regret. Keep this in mind today. B...","If you miss sleep or skip meals, you are likely to say things you regret. Keep this in mind today. Bite that tongue, turn those words into thoughts, and let it go. Isolate yourself in a comfortable way. Recognizing when we don't want to be around people is very important. Your own mind has oodles of information to give you if you will listen. Feeling irritable is a sign that ""you have mail."" A breathing or yoga session at home highly recommended. If you miss sleep or skip meals, you are likely to say things you regret. Keep this in mind today. Bite that tongue, turn those words into thoughts, and let it go. Isolate yourself in a comfortable way. Recognizing when we don't want to be around people is very important. Your own mind has oodles of information to give you if you will listen. Feeling irritable is a sign that ""you have mail."" A breathing or yoga session at home highly recommended."
86,2,"working, edge, equilibrium, setting, forefront",cancer (50.0%),"6872, 8612",The astral energy at play brings balance to the forefront. You may find yourself questioning the equ...,"The astral energy at play brings balance to the forefront. You may find yourself questioning the equilibrium of your work and private life. Being aware of your real goals and desires and setting appropriate boundaries could be issues. Take the situation of working out, for example. You must stick to your set routine of exercises, while also making sure that you are working at the edge of your capacity. When you keep your head down and don't look up, you lose crucial ground. The astral energy at play brings balance to the forefront. You may find yourself questioning the equilibrium of your work and private life. Being aware of your real goals and desires and setting appropriate boundaries could be issues. Take the situation of working out, for example. You must stick to your set routine of exercises, while also making sure that you are working at the edge of your capacity. When you keep your head down and don't look up, you lose crucial ground."
87,2,"express, overlooked, feelings, way, club",cancer (50.0%),"6881, 12101","Giving to others is something you enjoy doing because it's a way to express your intuitive nature, w...","Giving to others is something you enjoy doing because it's a way to express your intuitive nature, which can sometimes get overlooked. You are a sensitive person, and getting your needs met can go overlooked as well, unless you have very old friends who've known you for a while! You need to learn to put your feelings into words. Be on the lookout for ways to express your feelings and to be heard. A virtual book club is a fun and social way to express your emotional response to literature and could be a good place to start. Giving to others is something you enjoy doing because it's a way to express your intuitive nature, which can sometimes get overlooked. You are a sensitive person, and getting your needs met can go overlooked as well, unless you have very old friends who've known you for a while! You need to learn to put your feelings into words. Be on the lookout for ways to express your feelings and to be heard. A virtual book club is a fun and social way to express your emotional response to literature and could be a good place to start."
88,2,"mild, static, twice, soul, period",cancer (50.0%),"6899, 8639",You may feel inclined to think twice during today's favorable transit. Remember that your emotions a...,"You may feel inclined to think twice during today's favorable transit. Remember that your emotions are not a static part of life, and no one should expect them to be. You don't always know what you want to do, and that's perfectly OK. Do not be rushed during this period of mild insecurity, for you hate to be misled! Instead, take the time to deliberately slow down your thinking process. Yoga or mediation are great ways to soothe your body, mind, and soul. You may feel inclined to think twice during today's favorable transit. Remember that your emotions are not a static part of life, and no one should expect them to be. You don't always know what you want to do, and that's perfectly OK. Do not be rushed during this period of mild insecurity, for you hate to be misled! Instead, take the time to deliberately slow down your thinking process. Yoga or mediation are great ways to soothe your body, mind, and soul."
89,2,"pride, eye, meets, flush, purification",cancer (50.0%),"6927, 8667",A favorable transit makes things easy for you today. There is a pleasant feeling of luck in the air....,"A favorable transit makes things easy for you today. There is a pleasant feeling of luck in the air. To help play your cards right, drink a lot of water and bring some of this purification energy down to your liver. There is more to your health than meets the eye! Continue to flush your system this week and exercise as much as you can. Be aware that you are releasing toxins from your system. This is a powerful act - take pride! A favorable transit makes things easy for you today. There is a pleasant feeling of luck in the air. To help play your cards right, drink a lot of water and bring some of this purification energy down to your liver. There is more to your health than meets the eye! Continue to flush your system this week and exercise as much as you can. Be aware that you are releasing toxins from your system. This is a powerful act - take pride!"
90,2,"day, months, great, visions, laps",cancer (50.0%),"6935, 12155",This is a great day to assert your dreams and visions. If you would like to see yourself a little bi...,"This is a great day to assert your dreams and visions. If you would like to see yourself a little bit healthier in two months' time, today is a great day to swim a few extra laps or run up that hill two times. If you see yourself as more of a social animal than you were over the last six months, today is a great day to check out a dating app (I know - go crazy!) or surprise yourself in some other way. It's a fun day, a day to get started on things, and most of all a day to express yourself as you want to be! This is a great day to assert your dreams and visions. If you would like to see yourself a little bit healthier in two months' time, today is a great day to swim a few extra laps or run up that hill two times. If you see yourself as more of a social animal than you were over the last six months, today is a great day to check out a dating app (I know - go crazy!) or surprise yourself in some other way. It's a fun day, a day to get started on things, and most of all a day to express yourself as you want to be!"
91,2,"friends, feel, fuzzy, invite, unusually",cancer (50.0%),"6936, 12156","Things don't normally feel this warm and fuzzy to you. It's an unusually emotional day, and you may ...","Things don't normally feel this warm and fuzzy to you. It's an unusually emotional day, and you may feel especially appreciative of your friends. Share this feeling, but also include your needs. If possible, invite a friend to take a brisk walk with you and make a salad for the two of you to enjoy afterwards. Keep your energy in mind today, and resist eating heavy foods or drinking alcohol. It's important to feel the love of your friends in the context of doing what's right for you. Things don't normally feel this warm and fuzzy to you. It's an unusually emotional day, and you may feel especially appreciative of your friends. Share this feeling, but also include your needs. If possible, invite a friend to take a brisk walk with you and make a salad for the two of you to enjoy afterwards. Keep your energy in mind today, and resist eating heavy foods or drinking alcohol. It's important to feel the love of your friends in the context of doing what's right for you."
92,2,"important, reminded, unconscious, risky, overdo",leo (50.0%),"8614, 12094","You sometimes like to do things alone, but it's important to be aware not to overdo this. Isolation ...","You sometimes like to do things alone, but it's important to be aware not to overdo this. Isolation can be risky. It's important to involve friends and family in your life whenever possible so that you get the necessary perspective on how you're living. When you look great, don't you want someone to tell you? When you need a haircut, isn't it kind of cool to be reminded by someone who cares? Be careful not to cut yourself off from important sources of love and support - it's an unconscious act for some of you. You sometimes like to do things alone, but it's important to be aware not to overdo this. Isolation can be risky. It's important to involve friends and family in your life whenever possible so that you get the necessary perspective on how you're living. When you look great, don't you want someone to tell you? When you need a haircut, isn't it kind of cool to be reminded by someone who cares? Be careful not to cut yourself off from important sources of love and support - it's an unconscious act for some of you."
93,2,"caffeine, eyes, society, palette, cantaloupe",leo (50.0%),"8694, 13914","Some advice for your diet: avoid caffeine. It is a very prevalent drug in our society, but it may no...","Some advice for your diet: avoid caffeine. It is a very prevalent drug in our society, but it may not be right for you. Begin to open your mind and your palette to alternative substances, the most common being herbal infusions, especially green tea. The stress of caffeine on the eyes (vision) can adversely affect you. Also, include fresh fruits and vegetables that nourish your eyes: cantaloupe, cranberries, and blueberries. These delicious food sources certainly taste better than any medicine! Some advice for your diet: avoid caffeine. It is a very prevalent drug in our society, but it may not be right for you. Begin to open your mind and your palette to alternative substances, the most common being herbal infusions, especially green tea. The stress of caffeine on the eyes (vision) can adversely affect you. Also, include fresh fruits and vegetables that nourish your eyes: cantaloupe, cranberries, and blueberries. These delicious food sources certainly taste better than any medicine!"
94,2,"big, break, motivated, bold, inspired",leo (50.0%),"8702, 10442","With today's planetary alignment, you may be inspired to break down outdated habits and stagnant pat...","With today's planetary alignment, you may be inspired to break down outdated habits and stagnant patterns in order to move into the future with big, bold steps. You may be motivated to break down traditions deemed too difficult to take on. Have you ever felt like making radical changes in your health practices? A vegetarian diet? An earlier hour of waking up in the morning? Now would be a good time to try something big but start gradually. With today's planetary alignment, you may be inspired to break down outdated habits and stagnant patterns in order to move into the future with big, bold steps. You may be motivated to break down traditions deemed too difficult to take on. Have you ever felt like making radical changes in your health practices? A vegetarian diet? An earlier hour of waking up in the morning? Now would be a good time to try something big but start gradually."
95,2,"long, personal, time, swimming, complex",leo (50.0%),"8711, 13931",You generally need a lot personal time to sort out your complex feelings about the world. Try engagi...,"You generally need a lot personal time to sort out your complex feelings about the world. Try engaging in sports that can assist you in getting the most out of your personal time. Long distance running, swimming, hiking and mountain biking all require significant time commitment, which you can then put to good use inside your head. Healthy habits that meet your needs in combination are priceless. It's a long life, and you will enjoy yourself more, and have more to share with others! You generally need a lot personal time to sort out your complex feelings about the world. Try engaging in sports that can assist you in getting the most out of your personal time. Long distance running, swimming, hiking and mountain biking all require significant time commitment, which you can then put to good use inside your head. Healthy habits that meet your needs in combination are priceless. It's a long life, and you will enjoy yourself more, and have more to share with others!"
96,2,"aware, self, statements, leading, comforting",leo (50.0%),"8729, 10469","You often make statements that are more profound than you are aware of, leading people to expect mor...","You often make statements that are more profound than you are aware of, leading people to expect more from you than you realize. If you feel a little out of touch with yourself, take some time for self-care. Make yourself the healthiest or most comforting dinner you can with what you have on hand. Draw a hot bath and get to bed early with your favorite reading material. This will help you to know where you stand, and to re-establish the bond with yourself - thus making you more self-aware. You often make statements that are more profound than you are aware of, leading people to expect more from you than you realize. If you feel a little out of touch with yourself, take some time for self-care. Make yourself the healthiest or most comforting dinner you can with what you have on hand. Draw a hot bath and get to bed early with your favorite reading material. This will help you to know where you stand, and to re-establish the bond with yourself - thus making you more self-aware."
97,2,"big, quite, feel, people, replicate",leo (50.0%),"8757, 10497",The planets make a harmonious connection today. There is a big chance you will feel lighter than usu...,"The planets make a harmonious connection today. There is a big chance you will feel lighter than usual, and more easily engaged in other people's concerns than you normally feel is possible. People may respond quite positively to you, but don't forget to take care of yourself! Everyday counts when it comes to your health. Diet is a big part of your mood, so take note of what you feel like eating today. Maybe you can replicate it when you're not feeling quite as great! The planets make a harmonious connection today. There is a big chance you will feel lighter than usual, and more easily engaged in other people's concerns than you normally feel is possible. People may respond quite positively to you, but don't forget to take care of yourself! Everyday counts when it comes to your health. Diet is a big part of your mood, so take note of what you feel like eating today. Maybe you can replicate it when you're not feeling quite as great!"
98,2,"days, active, sleepy, catch, fog",leo (50.0%),"8765, 13985",Your intuition may be so strong today that you won't even catch the implications until a few days fr...,"Your intuition may be so strong today that you won't even catch the implications until a few days from now. That's not highly unusual for you, but you may feel a little bit sleepy as a result. This doesn't necessarily mean that you must have less energy than usual. It is absolutely important that you stay physically active when you have a few days of intense emotional ""fog."" If possible, take a walk during your lunch break. Anything you can do to add some physical momentum to this day will do you a world of good. Your intuition may be so strong today that you won't even catch the implications until a few days from now. That's not highly unusual for you, but you may feel a little bit sleepy as a result. This doesn't necessarily mean that you must have less energy than usual. It is absolutely important that you stay physically active when you have a few days of intense emotional ""fog."" If possible, take a walk during your lunch break. Anything you can do to add some physical momentum to this day will do you a world of good."
99,2,"night, remember, shots, factor, evening",leo (50.0%),"8766, 13986","This could be a night to remember! At the very least, it's a good night to have a really good time -...","This could be a night to remember! At the very least, it's a good night to have a really good time - whatever that means to you. You are feeling in your element today and you are calling the shots! Sit back and imagine your perfect day, afternoon, evening - and then go ahead and make it happen. Remember to factor in somewhere a release for your physical energy. It's important to stick to your basic routine, but the rest of the night is up to you. This could be a night to remember! At the very least, it's a good night to have a really good time - whatever that means to you. You are feeling in your element today and you are calling the shots! Sit back and imagine your perfect day, afternoon, evening - and then go ahead and make it happen. Remember to factor in somewhere a release for your physical energy. It's important to stick to your basic routine, but the rest of the night is up to you."
100,2,"pulled, relaxation, mental, accomplish, busy",virgo (50.0%),"10350, 19441",One of the most important parts of relating to your own body is making sure you get adequate rest. O...,"As you begin listening to your body, you will begin to have more control over your appetite and your emotional responses. Self-knowledge breeds self-control. One of the most important ways to make sure you are taking care of your body is to get adequate rest. On especially busy days when you feel pulled in many directions, it's crucial to calm your mind before going to bed. A hot bath with drops of lavender oil is a wonderful way to accomplish mental and physical relaxation. One of the most important parts of relating to your own body is making sure you get adequate rest. On especially busy days when you feel pulled in many directions, it's crucial that you calm your mind before you go to bed. A hot bath with drops of lavender is a wonderful way to accomplish mental and physical relaxation."
101,2,"present, routine, mom, drop, dream",virgo (50.0%),"10444, 13924","You are always happy to drop the old and start anew, but sometimes it's worth it just to stick to th...","You are always happy to drop the old and start anew, but sometimes it's worth it just to stick to the routine. Do you have a health routine? This is an important discipline for you to adhere to, because of your natural tendency to dream about the future and forget about the present. In the present, you must pay attention to the adequate administering of healthy food and plenty of water. Unless you still live with your mom, your health is up to you! You are always happy to drop the old and start anew, but sometimes it's worth it just to stick to the routine. Do you have a health routine? This is an important discipline for you to adhere to, because of your natural tendency to dream about the future and forget about the present. In the present, you must pay attention to the adequate administering of healthy food and plenty of water. Unless you still live with your mom, your health is up to you!"
102,2,"preparing, meals, healthy, texts, techniques",virgo (50.0%),"10524, 15744",You are able to intuitively sense what's needed in a given situation. If you are in the habit of pre...,"You are able to intuitively sense what's needed in a given situation. If you are in the habit of preparing meals for yourself and your family, you are probably naturally gifted at preparing healthy meals. To expand on this gift, you might learn some healthy techniques found in vegetarian or even vegan cookbooks. The perspectives contained in these texts may be new to you, but what you take away will enhance your experience of cooking and eating. You are able to intuitively sense what's needed in a given situation. If you are in the habit of preparing meals for yourself and your family, you are probably naturally gifted at preparing healthy meals. To expand on this gift, you might learn some healthy techniques found in vegetarian or even vegan cookbooks. The perspectives contained in these texts may be new to you, but what you take away will enhance your experience of cooking and eating."
103,2,"play, order, karate, punching, screaming",virgo (50.0%),"10532, 12272","As strong as you are spiritually, you must contend with issues of timidity in order to get what you ...","As strong as you are spiritually, you must contend with issues of timidity in order to get what you want in this life. With the astral energy at play, you are granted a breather during which it is OK to meander a bit and wonder about things, a natural tendency with you. However, consider getting involved in activities like boxing, kickboxing, or karate in order to increase your confidence and motivation. Play around at screaming and punching in the appropriate environment. Apart from releasing all that pent-up energy, you could meet a new side of yourself! As strong as you are spiritually, you must contend with issues of timidity in order to get what you want in this life. With the astral energy at play, you are granted a breather during which it is OK to meander a bit and wonder about things, a natural tendency with you. However, consider getting involved in activities like boxing, kickboxing, or karate in order to increase your confidence and motivation. Play around at screaming and punching in the appropriate environment. Apart from releasing all that pent-up energy, you could meet a new side of yourself!"
104,2,"games, mystery, board, read, solve",virgo (50.0%),"10541, 15761",You seem to love games that involve mystery - have you been playing enough board games lately? Gener...,"You seem to love games that involve mystery - have you been playing enough board games lately? Generally speaking, there are not enough adults who play board games these days. Human beings are among the most playful creatures on earth. When it comes to working together to solve a mystery, we easily combine forces. Indulge your sense of mystery in choosing the books you read, the films you see, even the kinds of conversation you initiate with your friends. Socrates said, ""I have decided to be happy because it is good for my health!"" You seem to love games that involve mystery - have you been playing enough board games lately? Generally speaking, there are not enough adults who play board games these days. Human beings are among the most playful creatures on earth. When it comes to working together to solve a mystery, we easily combine forces. Indulge your sense of mystery in choosing the books you read, the films you see, even the kinds of conversation you initiate with your friends. Socrates said, ""I have decided to be happy because it is good for my health!"""
105,2,"immune, news, sleep, needs, order",virgo (50.0%),"10559, 12299",One of the best ways to feel free of negative energy is to make an agreement with yourself to take a...,"One of the best ways to feel free of negative energy is to make an agreement with yourself to take a break from reading or listening to the news, even if it’s just for a day. Remember: there’s a fine line between “staying woke” and “never sleeping again.” In order for your immune system to fight off illness it needs on average a solid eight hours of sleep a night. In order to be able to sleep your body needs to know that it doesn’t have to be on high alert. Those of us who are particularly empathic need to be especially careful when it comes to the media we consume: be it heart wrenching segments on the nightly news or ultra-violent movies before bedtime, you aren’t doing your endocrine, nervous, and immune systems any favors by exposing it to over-stimulating, frightening content. One of the best ways to feel free of negative energy is to make an agreement with yourself to take a break from reading or listening to the news, even if it’s just for a day. Remember: there’s a fine line between “staying woke” and “never sleeping again.” In order for your immune system to fight off illness it needs on average a solid eight hours of sleep a night. In order to be able to sleep your body needs to know that it doesn’t have to be on high alert. Those of us who are particularly empathic need to be especially careful when it comes to the media we consume: be it heart wrenching segments on the nightly news or ultra-violent movies before bedtime, you aren’t doing your endocrine, nervous, and immune systems any favors by exposing it to over-stimulating, frightening content."
106,2,"feelings, magic, thrilling, potter, magical",virgo (50.0%),"10587, 12327","The planetary alignment today gives you a magical quality. It is subtle, so don't expect to be compe...","The planetary alignment today gives you a magical quality. It is subtle, so don't expect to be competing with Harry Potter, but you can internally feel a special energy if you meditate on this for a moment. There is magic in having a body - it allows us to feel the most incredible things. Take note of these feelings and consider what you can do for your body that will enhance these thrilling feelings. The planetary alignment today gives you a magical quality. It is subtle, so don't expect to be competing with Harry Potter, but you can internally feel a special energy if you meditate on this for a moment. There is magic in having a body - it allows us to feel the most incredible things. Take note of these feelings and consider what you can do for your body that will enhance these thrilling feelings."
107,2,"relationships, lovers, homework, devote, contact",virgo (50.0%),"10595, 15815",Give yourself the time you need to get your work accomplished so that you can then devote the necess...,"Give yourself the time you need to get your work accomplished so that you can then devote the necessary time to your relationships. This is a day to take comfort in what you know is real and good in your life: friends, children, lovers and parents. Contact a lost friend, offer to help your child with their homework, ask your partner for a little tenderness. Whatever it is you can do to get the most out of your personal relationships is recommended for today. Give yourself the time you need to get your work accomplished so that you can then devote the necessary time to your relationships. This is a day to take comfort in what you know is real and good in your life: friends, children, lovers and parents. Contact a lost friend, offer to help your child with their homework, ask your partner for a little tenderness. Whatever it is you can do to get the most out of your personal relationships is recommended for today."
108,2,"news, look, told, oh, perceive",virgo (50.0%),"10596, 15816","The good news is, you're going to look your best today! The glow on your face will come from a myste...","The good news is, you're going to look your best today! The glow on your face will come from a mysterious inner source, or at least that's how others may perceive it. You may not exactly feel well balanced on the inside, but you certainly can enjoy being told you look great. Go ahead and enhance it by styling your hair differently or spending a little extra time in the bathroom pulling yourself together. Oh, and by the way, there is no bad news! The good news is, you're going to look your best today! The glow on your face will come from a mysterious inner source, or at least that's how others may perceive it. You may not exactly feel well balanced on the inside, but you certainly can enjoy being told you look great. Go ahead and enhance it by styling your hair differently or spending a little extra time in the bathroom pulling yourself together. Oh, and by the way, there is no bad news!"
109,2,"feet, oil, warm, special, friend",libra (50.0%),"12274, 15754",This is a good time to pay special attention to your feet. Filling tubs of warm water should be a us...,"This is a good time to pay special attention to your feet. Filling tubs of warm water should be a usual practice, especially when you regularly have to wear socks or stockings and shoes. If you’re able to enlist the help of a special friend to make this a really worthwhile process, that's even better: add a dozen drops of lavender oil (or Australian tea tree oil) to the tub of warm water and soak your feet. Consider referring to a book on reflexology and discover the therapeutic benefits of foot massage with your friend. This is a good time to pay special attention to your feet. Filling tubs of warm water should be a usual practice, especially when you regularly have to wear socks or stockings and shoes. If you’re able to enlist the help of a special friend to make this a really worthwhile process, that's even better: add a dozen drops of lavender oil (or Australian tea tree oil) to the tub of warm water and soak your feet. Consider referring to a book on reflexology and discover the therapeutic benefits of foot massage with your friend."
110,2,"cool, hot, think, benefit, help",libra (50.0%),"12354, 17574","If you run into difficulty today, it will benefit you to take a break and give yourself some quiet, ...","If you run into difficulty today, it will benefit you to take a break and give yourself some quiet, private time to cool down before taking action. There is a strong tendency to act irrationally. Give others the benefit of the doubt. Remember the phrase: ""I'll have to think about this and get back to you."" These words can help when your emotions are too hot to allow you to think on the spot. Drinking hot beverages will help cool your interior pathways. If you run into difficulty today, it will benefit you to take a break and give yourself some quiet, private time to cool down before taking action. There is a strong tendency to act irrationally. Give others the benefit of the doubt. Remember the phrase: ""I'll have to think about this and get back to you."" These words can help when your emotions are too hot to allow you to think on the spot. Drinking hot beverages will help cool your interior pathways."
111,2,"muscles, martial, stretch, productivity, outlets",libra (50.0%),"12362, 14102","If you find balancing many possibilities an exhausting and pointless exercise, consider changing you...","If you find balancing many possibilities an exhausting and pointless exercise, consider changing your point of view and focusing that energy to your benefit. Try alternating as many different outlets as you can in your workout routine: swim one day, run another, and do some challenging yoga in between to stretch and strengthen your muscles. Or try martial arts to keep yourself alert and fit. Remember to drink plenty of water in order to secure your inner source of productivity. If you find balancing many possibilities an exhausting and pointless exercise, consider changing your point of view and focusing that energy to your benefit. Try alternating as many different outlets as you can in your workout routine: swim one day, run another, and do some challenging yoga in between to stretch and strengthen your muscles. Or try martial arts to keep yourself alert and fit. Remember to drink plenty of water in order to secure your inner source of productivity."
112,2,"aspect, preparation, reminiscent, realization, shared",libra (50.0%),"12371, 17591",Today's planetary alignment gives you the ability to weigh both sides of an issue and decide which c...,"Today's planetary alignment gives you the ability to weigh both sides of an issue and decide which conclusion to draw. The planetary energies working together are reminiscent of the effects of the combos: diet and exercise, rest and action, time alone and time shared with others whenever possible. In each coupling, there is the preparation aspect and the realization aspect. Bringing this kind of balance into your life takes commitment - it does not happen by chance. Meditate (whatever that means to you), and focus. Today's planetary alignment gives you the ability to weigh both sides of an issue and decide which conclusion to draw. The planetary energies working together are reminiscent of the effects of the combos: diet and exercise, rest and action, time alone and time shared with others whenever possible. In each coupling, there is the preparation aspect and the realization aspect. Bringing this kind of balance into your life takes commitment - it does not happen by chance. Meditate (whatever that means to you), and focus."
113,2,"eating, ready, emotions, taking, look",libra (50.0%),"12389, 14129","With today's planetary movements, it's time to look at your what foods you’ve been eating regularly ...","With today's planetary movements, it's time to look at your what foods you’ve been eating regularly and how it's affecting your emotions. Practice taking a good look at how you are feeling when you get ready for bed and when you get ready for work in the morning. Do you feel strong and flexible, calm, and relaxed? Food has a tremendous impact on how we process our emotions, both what we eat and how we eat it. Start paying closer attention, it may be time to re-examine some of your habits like eating while taking in a particularly upsetting news segment, or eating at your desk because you don’t feel you can afford the time it takes to take a proper lunch break. With today's planetary movements, it's time to look at your what foods you’ve been eating regularly and how it's affecting your emotions. Practice taking a good look at how you are feeling when you get ready for bed and when you get ready for work in the morning. Do you feel strong and flexible, calm, and relaxed? Food has a tremendous impact on how we process our emotions, both what we eat and how we eat it. Start paying closer attention, it may be time to re-examine some of your habits like eating while taking in a particularly upsetting news segment, or eating at your desk because you don’t feel you can afford the time it takes to take a proper lunch break."
114,2,"feeling, way, leaves, peaceful, lovely",libra (50.0%),"12417, 14157",The aspect of the day creates a kind of harmony that gives you a peaceful feeling today. You may fin...,"The aspect of the day creates a kind of harmony that gives you a peaceful feeling today. You may find others who feel the same way and by all means acknowledge it and encourage it. Also, take a moment to check in with your body and notice where this feeling is coming from, where it is registered. That is a very special place in your body, and you may want to find some way of honoring it. Applying a hot compress with fresh sage leaves would be lovely. The aspect of the day creates a kind of harmony that gives you a peaceful feeling today. You may find others who feel the same way and by all means acknowledge it and encourage it. Also, take a moment to check in with your body and notice where this feeling is coming from, where it is registered. That is a very special place in your body, and you may want to find some way of honoring it. Applying a hot compress with fresh sage leaves would be lovely."
115,2,"better, sleeping, accomplishing, skipped, walking",libra (50.0%),"12425, 17645","It's not going to be an easy day for you, especially if you skipped breakfast! Some protein with you...","It's not going to be an easy day for you, especially if you skipped breakfast! Some protein with your next meal is recommended. You should give yourself the luxury of feeling grounded today, above all else. Accomplishing this is different for everybody, but it's safe to say that you would be better off having a home-cooked dinner than getting takeout, better off walking than traveling by car, and better off sleeping in your own bed than someone else's - though that doesn't necessarily mean sleeping alone! It's not going to be an easy day for you, especially if you skipped breakfast! Some protein with your next meal is recommended. You should give yourself the luxury of feeling grounded today, above all else. Accomplishing this is different for everybody, but it's safe to say that you would be better off having a home-cooked dinner than getting takeout, better off walking than traveling by car, and better off sleeping in your own bed than someone else's - though that doesn't necessarily mean sleeping alone!"
116,2,"appearance, things, important, slack, pretty",libra (50.0%),"12426, 17646","Things may not be exactly as you want them today, but they are actually pretty good when you really ...","Things may not be exactly as you want them today, but they are actually pretty good when you really think about it. It's important to try to get a little perspective on things. Cut yourself some slack about your appearance, for one thing. You have a lot of baggage (we all do) when it comes to your appearance, and you must remember that the most important things in life are on the inside of your body. With that in mind, give your inner organs the benefit of some aerobic exercise. Things may not be exactly as you want them today, but they are actually pretty good when you really think about it. It's important to try to get a little perspective on things. Cut yourself some slack about your appearance, for one thing. You have a lot of baggage (we all do) when it comes to your appearance, and you must remember that the most important things in life are on the inside of your body. With that in mind, give your inner organs the benefit of some aerobic exercise."
117,2,"love, tofutti, paramount, troubling, substitute",scorpio (50.0%),"14104, 17584","Today's energy is all about knowing what you need in your life in terms of structure, and then abidi...","Today's energy is all about knowing what you need in your life in terms of structure, and then abiding by this in the most original and true-to-form manner possible. For instance, if you love ice cream and yet hate what it does to your body, it is paramount that you develop a love of Tofutti or some other less troubling substitute. If you do not take the initiative, something else will: your cholesterol level, for example! Today's energy is all about knowing what you need in your life in terms of structure, and then abiding by this in the most original and true-to-form manner possible. For instance, if you love ice cream and yet hate what it does to your body, it is paramount that you develop a love of Tofutti or some other less troubling substitute. If you do not take the initiative, something else will: your cholesterol level, for example!"
118,2,"messages, body, possibly, strain, headway",scorpio (50.0%),"14184, 19404",If you are staying grounded and have been making headway in the choice of food you eat and your dail...,"If you are staying grounded and have been making headway in the choice of food you eat and your daily exercise practice, today may come and go with no great strain. If, on the other hand, you have been ignoring your body's more subtle messages, you may receive a wakeup call. Attention is required in order to live the healthiest way possible. Address your body's wishes as much as you possibly can. If you don't hear your body's messages, you need to take the time to tune in. If you are staying grounded and have been making headway in the choice of food you eat and your daily exercise practice, today may come and go with no great strain. If, on the other hand, you have been ignoring your body's more subtle messages, you may receive a wakeup call. Attention is required in order to live the healthiest way possible. Address your body's wishes as much as you possibly can. If you don't hear your body's messages, you need to take the time to tune in."
119,2,"impels, entity, cuddle, pets, couch",scorpio (50.0%),"14192, 15932","Today's planetary alignment impels you to create structure and balance. You work out, you run, you e...","Today's planetary alignment impels you to create structure and balance. You work out, you run, you eat right, you invest in holistic products, but what good is it all if you can't have a cuddle on the couch with the living entity of your choice? After all, this is what makes us feel whole and well. Whether its love or friendship you have in your life at the moment, people or adored pets, don't forget your need for tenderness and intimacy. Today's planetary alignment impels you to create structure and balance. You work out, you run, you eat right, you invest in holistic products, but what good is it all if you can't have a cuddle on the couch with the living entity of your choice? After all, this is what makes us feel whole and well. Whether its love or friendship you have in your life at the moment, people or adored pets, don't forget your need for tenderness and intimacy."
120,2,"healthy, lots, juices, evaluate, tofu",scorpio (50.0%),"14201, 19421",Today you can evaluate and act with fluency. The greatest benefit of this special energy will come f...,"Today you can evaluate and act with fluency. The greatest benefit of this special energy will come from focusing on yourself, not others. What is right for you in any given situation is up to you to decide. To prepare for making good dietary decisions, stock your house with healthy foods - and give yourself lots of choices. There are many ways to have healthy diet - fresh juices, colorful salads, expertly prepared tofu. These options take considerable effort, but the payoff is worth it, don't you think? Today you can evaluate and act with fluency. The greatest benefit of this special energy will come from focusing on yourself, not others. What is right for you in any given situation is up to you to decide. To prepare for making good dietary decisions, stock your house with healthy foods - and give yourself lots of choices. There are many ways to have healthy diet - fresh juices, colorful salads, expertly prepared tofu. These options take considerable effort, but the payoff is worth it, don't you think?"
121,2,"pad, shoulders, heating, disciplinary, direction",scorpio (50.0%),"14219, 15959",Discipline is something you take for granted: you've never had a problem understanding what it takes...,"Discipline is something you take for granted: you've never had a problem understanding what it takes to get from ""A"" to ""B."" However, it's important to believe in what you set out to do. Given that you have such powerful disciplinary abilities, why not take yourself in the direction you want to go? Start with a light self-massage or heating pad applied to your neck and shoulders, or any other area of your body where you store tension, and let the clear thinking begin! Discipline is something you take for granted: you've never had a problem understanding what it takes to get from ""A"" to ""B."" However, it's important to believe in what you set out to do. Given that you have such powerful disciplinary abilities, why not take yourself in the direction you want to go? Start with a light self-massage or heating pad applied to your neck and shoulders, or any other area of your body where you store tension, and let the clear thinking begin!"
122,2,"know, want, toes, centering, actively",scorpio (50.0%),"14247, 15987",Another pleasant transit gives you the ease of getting what you want without stepping on other peopl...,"Another pleasant transit gives you the ease of getting what you want without stepping on other people's toes. However, you have to know what you want in order to get it, and that's where the work comes in. Centering yourself has to be part of your daily program. Exercise is a great way to do this. So is actively managing your diet so that you know what to expect from what you eat. Another pleasant transit gives you the ease of getting what you want without stepping on other people's toes. However, you have to know what you want in order to get it, and that's where the work comes in. Centering yourself has to be part of your daily program. Exercise is a great way to do this. So is actively managing your diet so that you know what to expect from what you eat."
123,2,"says, notes, anticipate, voice, succeed",scorpio (50.0%),"14255, 19475",Your dreams and intuition meet head-on with your will to succeed and your drive. But maybe you don't...,Your dreams and intuition meet head-on with your will to succeed and your drive. But maybe you don't really have a goal in mind that would benefit from this kind of energy. That's fine; all you need to do today is listen to your inner voice and take notes. There's nothing that says you must decide anything now. But you may want to anticipate the decisions you know are coming up. This will help you to be prepared. Your dreams and intuition meet head-on with your will to succeed and your drive. But maybe you don't really have a goal in mind that would benefit from this kind of energy. That's fine; all you need to do today is listen to your inner voice and take notes. There's nothing that says you must decide anything now. But you may want to anticipate the decisions you know are coming up. This will help you to be prepared.
124,2,"emotions, shed, unexpressed, tears, finds",scorpio (50.0%),"14256, 19476",I wouldn't be surprised if you shed some tears today. Who ever said it's wrong to cry? Do you preten...,"I wouldn't be surprised if you shed some tears today. Who ever said it's wrong to cry? Do you pretend you're not feeling anything at all when you are overwhelmed? If today is indeed a day that finds you crying, be happy! Blocked emotions weigh you down and make it hard for you to feel alive. If you can make it to a gentle yoga or a meditation class, it would help you to explore some unexpressed emotions you might not even know are there. I wouldn't be surprised if you shed some tears today. Who ever said it's wrong to cry? Do you pretend you're not feeling anything at all when you are overwhelmed? If today is indeed a day that finds you crying, be happy! Blocked emotions weigh you down and make it hard for you to feel alive. If you can make it to a gentle yoga or a meditation class, it would help you to explore some unexpressed emotions you might not even know are there."
125,2,"process, sugars, stimulation, longer, acquire",sagittarius (50.0%),"15934, 19414",Considering your options is as important a habit to acquire as is making decisions and taking action...,"Considering your options is as important a habit to acquire as is making decisions and taking action! The planets are now aligned for this kind of process - are you? Whatever your health habits are, it's a good time to eliminate the ones you no longer need. They get in the way of the process of progress. Treat yourself to the physical pleasures of long walks and stretching your limbs; forego the cheap stimulation of processed sugars and a high-carb diet. You will enjoy the results - I promise! Considering your options is as important a habit to acquire as is making decisions and taking action! The planets are now aligned for this kind of process - are you? Whatever your health habits are, it's a good time to eliminate the ones you no longer need. They get in the way of the process of progress. Treat yourself to the physical pleasures of long walks and stretching your limbs; forego the cheap stimulation of processed sugars and a high-carb diet. You will enjoy the results - I promise!"
126,2,"exercises, focus, breathing, attention, spirit",sagittarius (50.0%),"16014, 21234",There is a sensitivity to your spirit that is often overlooked! With so much distraction in the worl...,"There is a sensitivity to your spirit that is often overlooked! With so much distraction in the world, you must become very aware of your attention so that you can focus it on yourself. Focus is a great aspect of yoga, especially focus on the breath. Breathing exercises are a wonderful and a simple skill to learn. Yet it is not so easy to stick to regular breathing exercises. Greater control over your own attention will increase the quality of your life immeasurably. There is a sensitivity to your spirit that is often overlooked! With so much distraction in the world, you must become very aware of your attention so that you can focus it on yourself. Focus is a great aspect of yoga, especially focus on the breath. Breathing exercises are a wonderful and a simple skill to learn. Yet it is not so easy to stick to regular breathing exercises. Greater control over your own attention will increase the quality of your life immeasurably."
127,2,"pressure, make, important, stays, forever",sagittarius (50.0%),"16022, 17762",Today's aspect can make you feel like every decision you make is ALL important. This kind of pressur...,"Today's aspect can make you feel like every decision you make is ALL important. This kind of pressure can be difficult and confusing at times. Of course, what you eat and how much you exercise and whether you sleep well (and enough) are all important. But feeling like the decisions you make today are binding is a counter-productive force. Allow the feelings to come up and acknowledge any pressure you feel. Remember that nothing stays the same forever - including the position of the planets! Today's aspect can make you feel like every decision you make is ALL important. This kind of pressure can be difficult and confusing at times. Of course, what you eat and how much you exercise and whether you sleep well (and enough) are all important. But feeling like the decisions you make today are binding is a counter-productive force. Allow the feelings to come up and acknowledge any pressure you feel. Remember that nothing stays the same forever - including the position of the planets!"
128,2,"strict, selves, outer, tired, dialogue",sagittarius (50.0%),"16031, 21251",Your inner and outer selves are engaged in a great dialogue these days. It may seem like you have a ...,"Your inner and outer selves are engaged in a great dialogue these days. It may seem like you have a radio inside your head! This is something many of us feel right now. To understand what is being said, it is important to follow some rather strict guidelines: exercise enough so that you are tired enough to fall asleep early enough! The sleep you get during the current transits is vital. Your mind needs plenty of rest in order to sort out all the information at hand. Your inner and outer selves are engaged in a great dialogue these days. It may seem like you have a radio inside your head! This is something many of us feel right now. To understand what is being said, it is important to follow some rather strict guidelines: exercise enough so that you are tired enough to fall asleep early enough! The sleep you get during the current transits is vital. Your mind needs plenty of rest in order to sort out all the information at hand."
129,2,"fiber, immune, clear, keeps, produce",sagittarius (50.0%),"16049, 17789",Give yourself the benefit of plenty of drinking water every day. Not only does it aid digestion and ...,"Give yourself the benefit of plenty of drinking water every day. Not only does it aid digestion and keep your skin clear, but it is also a surefire boost for your immune system. There are certain times when we need to take special care to stay healthy. Eating fresh produce is important not only for its nutritional value but the fiber it contains. Fiber keeps our digestive system clear of build-up caused by too much starch and sugar, which can lead to lowered energy and immune responses. Give yourself the benefit of plenty of drinking water every day. Not only does it aid digestion and keep your skin clear, but it is also a surefire boost for your immune system. There are certain times when we need to take special care to stay healthy. Eating fresh produce is important not only for its nutritional value but the fiber it contains. Fiber keeps our digestive system clear of build-up caused by too much starch and sugar, which can lead to lowered energy and immune responses."
130,2,"favorite, wonderful, work, transit, projects",sagittarius (50.0%),"16077, 17817","Today's favorable aspect is like having lunch with your mother and a favorite aunt, or your father a...","Today's favorable aspect is like having lunch with your mother and a favorite aunt, or your father and a favorite uncle. You feel special, loved and content in knowing that things will work out for the best. This is a wonderful transit for working on projects at home, organizing your desk at work, or shopping for necessary items. You feel practical yet excited at the same time. Don't let this wonderful transit escape you: increase your sensitivity to this energy through exercise. Today's favorable aspect is like having lunch with your mother and a favorite aunt, or your father and a favorite uncle. You feel special, loved and content in knowing that things will work out for the best. This is a wonderful transit for working on projects at home, organizing your desk at work, or shopping for necessary items. You feel practical yet excited at the same time. Don't let this wonderful transit escape you: increase your sensitivity to this energy through exercise."
131,2,"looking, level, spend, pregnant, instinct",sagittarius (50.0%),"16085, 21305","If you're looking to get pregnant, or if your looking to impregnate someone, today is a highly proba...","If you're looking to get pregnant, or if your looking to impregnate someone, today is a highly probable day to make that happen! On another level, it could just mean that your intuition is functioning at a high level. Another way to put it is: trust your gut instinct. All of the above apply to your feeling that you must take seriously the commitments you make today. It's also a good day to spend with children, if you have any. If you're looking to get pregnant, or if your looking to impregnate someone, today is a highly probable day to make that happen! On another level, it could just mean that your intuition is functioning at a high level. Another way to put it is: trust your gut instinct. All of the above apply to your feeling that you must take seriously the commitments you make today. It's also a good day to spend with children, if you have any."
132,2,"spouse, snuggling, parent, street, smile",sagittarius (50.0%),"16086, 21306","The planetary alignment makes this a good day for snuggling, getting closer to your loved ones if po...","The planetary alignment makes this a good day for snuggling, getting closer to your loved ones if possible, or just being a good parent, spouse, and friend. You may notice that your focus is not on those relationships that don't move you: the people you don't really click with or the average person on the street may not be the recipient of your smile today. Stay close to home and be present to your emotional truth. The planetary alignment makes this a good day for snuggling, getting closer to your loved ones if possible, or just being a good parent, spouse, and friend. You may notice that your focus is not on those relationships that don't move you: the people you don't really click with or the average person on the street may not be the recipient of your smile today. Stay close to home and be present to your emotional truth."
133,2,"meals, change, architect, opportune, nuts",capricorn (50.0%),"17764, 21244","You see what needs to change in your life, and you are the only one to make the changes. This is an ...","You see what needs to change in your life, and you are the only one to make the changes. This is an opportune time to literally be the architect of your world. With the alignment at play today, change is probable in places you never would have thought possible. To help keep your energy high, try reducing the calories in your diet. Start by eating lighter meals, and then try to include some of the following in your meals: peas, fennel, parsley, whole grains and pistachio nuts (good for the lungs!). You see what needs to change in your life, and you are the only one to make the changes. This is an opportune time to literally be the architect of your world. With the alignment at play today, change is probable in places you never would have thought possible. To help keep your energy high, try reducing the calories in your diet. Start by eating lighter meals, and then try to include some of the following in your meals: peas, fennel, parsley, whole grains and pistachio nuts (good for the lungs!)."
134,2,"bed, marketplace, fortify, fear, surroundings",capricorn (50.0%),"17852, 19592","You certainly like certainty, and with such strong celestial energy, you may find yourself feeling a...","You certainly like certainty, and with such strong celestial energy, you may find yourself feeling a little faint of heart today. Dig into what you know and fortify yourself with protective surroundings. This means sticking to your exercise regimen, not crawling under the covers for 'fear of the marketplace!' Push yourself to stick to your healthy habits - fresh fruits and vegetables, plenty of water - then get to bed early so you have time to lounge and experience the comfort of your bed! You certainly like certainty, and with such strong celestial energy, you may find yourself feeling a little faint of heart today. Dig into what you know and fortify yourself with protective surroundings. This means sticking to your exercise regimen, not crawling under the covers for 'fear of the marketplace!' Push yourself to stick to your healthy habits - fresh fruits and vegetables, plenty of water - then get to bed early so you have time to lounge and experience the comfort of your bed!"
135,2,"habits, reflection, chaos, basis, affected",capricorn (50.0%),"17879, 19619","Even during a time of great activity, it serves you well when you can create a space for reflection ...","Even during a time of great activity, it serves you well when you can create a space for reflection and introspection on a regular basis. How has your health been affected by your actions lately? What would you like to change about your eating habits and your other health habits such as sleep and exercise? Don't let the chaos of your days distract you from asking yourself the questions that have the greatest impact on your wellbeing. Even during a time of great activity, it serves you well when you can create a space for reflection and introspection on a regular basis. How has your health been affected by your actions lately? What would you like to change about your eating habits and your other health habits such as sleep and exercise? Don't let the chaos of your days distract you from asking yourself the questions that have the greatest impact on your wellbeing."
136,2,"respect, food, flavor, lightheartedness, spring",capricorn (50.0%),"17907, 19647",The aspect of the day gives you a wonderful burst of positive energy. You may feel as though anythin...,The aspect of the day gives you a wonderful burst of positive energy. You may feel as though anything is possible. You sense spring in the air! This happy feeling can touch others at home and at work. Enjoy your lightheartedness and celebrate by encouraging it in others. Even the food you eat can reflect a respect for this kind of energy. Organic food grown with respect for the earth is a great place to start (and it has better flavor). The aspect of the day gives you a wonderful burst of positive energy. You may feel as though anything is possible. You sense spring in the air! This happy feeling can touch others at home and at work. Enjoy your lightheartedness and celebrate by encouraging it in others. Even the food you eat can reflect a respect for this kind of energy. Organic food grown with respect for the earth is a great place to start (and it has better flavor).
137,2,"healthy, brighten, playfulness, joy, picking",aquarius (50.0%),"19682, 21422",Your playful energy is encouraged by today's astral configuration. You will know just what to do to ...,"Your playful energy is encouraged by today's astral configuration. You will know just what to do to brighten your best friend's day, and it will certainly be appreciated. You may notice that your sense of playfulness brings you great joy in the healthy practices of exercise and cooking nutritious meals. You feel healthy and you gravitate towards things that enhance your health. It's a wonderful day for picking up healthy new habits from others. Your playful energy is encouraged by today's astral configuration. You will know just what to do to brighten your best friend's day, and it will certainly be appreciated. You may notice that your sense of playfulness brings you great joy in the healthy practices of exercise and cooking nutritious meals. You feel healthy and you gravitate towards things that enhance your health. It's a wonderful day for picking up healthy new habits from others."
138,2,"truly, physical, know, visual, spoken",aquarius (50.0%),"19709, 21449",Today's favorable planetary transit is a wonderful aspect for communicating with friends who mean a ...,"Today's favorable planetary transit is a wonderful aspect for communicating with friends who mean a lot to you. Communication of all kinds appeals to you: spoken, visual, artistic, and physical. To know what you are truly feeling, it's helpful to get some regular physical exercise that allows your body to ""speak"" to you. Once you know what you feel, you are more able to communicate with those people you truly care about. Today's favorable planetary transit is a wonderful aspect for communicating with friends who mean a lot to you. Communication of all kinds appeals to you: spoken, visual, artistic, and physical. To know what you are truly feeling, it's helpful to get some regular physical exercise that allows your body to ""speak"" to you. Once you know what you feel, you are more able to communicate with those people you truly care about."
139,2,"notice, nourish, begin, having, body",aquarius (50.0%),"19737, 21477","The aspect of the day, metaphorically speaking, could be seen as the inventive and creative mother w...","The aspect of the day, metaphorically speaking, could be seen as the inventive and creative mother who can please and fascinate her children. What a perfect time to take your body into account and notice how you nourish it. Having a body is like having a child, in a way: we must notice and nourish it each and every day. The best way to begin to notice your body is to listen to it without judgment. If you do this, it will begin to tell you what it wants. The aspect of the day, metaphorically speaking, could be seen as the inventive and creative mother who can please and fascinate her children. What a perfect time to take your body into account and notice how you nourish it. Having a body is like having a child, in a way: we must notice and nourish it each and every day. The best way to begin to notice your body is to listen to it without judgment. If you do this, it will begin to tell you what it wants."
