ID,sign,category,date,horoscope
18,aries,general,20200704,"You may have found yourself having some issues with food lately, Aries. It could be that your sense of self-worth isn't at its highest and you're trying to make up for it by sabotaging your relationship with your body. Food is healthy nourishment that you need to survive. Your body deserves respect. You need to always give it the proper fuel that it requires to be healthy."
22,aries,general,20200708,"You'll find little comfort in your emotions today, Aries. You may want to simply stick to business. Concentrate on getting things done in your regular routine. Create a plan and stick to it. This isn't a day to deviate from the norm, nor is it a time in which you'll find sympathy from others. Stick close to home and take care of your personal business. Time is precious - don't waste it."
51,aries,general,20200806,"Your mind is buzzing like a bee, Aries. You're apt to find that there's very little you can do to slow it down. Make sure you add compassion to the chain that's holding everything together. Also make sure that you don't become a victim of your thoughts by losing control over how you act simply because the voice in your head has completely taken over."
63,aries,general,20200818,"This is an excellent day to express your natural creativity, Aries. The arts will more than likely be very important to you. You may find that nothing brings you more pleasure on days like this. Consider putting this to good use by painting, sculpting, or doing crafts. You'll find the perfect thing for you is engaging in art activities with a focus on giving."
72,aries,general,20200827,"All things domestic are highlighted, Aries. It could be that you've finally called the plumber or set out to do those household repairs yourself. New people are likely to come into your life. In fact, they may try to finagle an invitation for dinner, if possible. All you can expect today is the unexpected. Have some extra food on hand and see what happens."
88,aries,general,20200912,"Stress could have you feeling uncommunicative today. You probably aren't going to want to talk to anyone, even your dearest friend, Aries. This might prove difficult, as people around you are going to ask for advice and help. Keep your cool. This feeling will pass, and you won't want anyone to think you're upset. Go to lunch alone, and tonight crash into bed with a good book."
98,aries,general,20200922,"The time is right to pursue training for a particular skill or finish a degree in a field of interest to you, Aries. Presently, great success and good fortune are indicated when you assert your considerable energy and focus on the subject matter. If you've been considering honing your communication skills, consider a writing course. Perhaps you want to organize a long-desired trip."
107,aries,general,20201001,"Exciting news could come to you today that could bring a lot of joy into your life, Aries. Your income may soon skyrocket, and more opportunities to advance yourself professionally should start coming thick and fast. You may even receive some sort of public acknowledgment. This isn't the end of the line, however - this is only the beginning! You will be glad to know you can expect this trend to continue for some time."
109,aries,general,20201003,"Don't get so stuck in your ways today that you insist on having the one true answer without really considering the options. You must be aware of a lot before you commit yourself one way or another. The people around you are apt to get annoyed with your narrow-mindedness, for this is how you will be viewed unless you stop and take a considered look at the whole picture."
119,aries,general,20201013,"Career and financial success might have paved the way for you to fulfill some of your fondest dreams, Aries. Perhaps you've wanted to return to college and get an advanced degree, explore new cultures or try writing and publishing. Whatever it is, your schedule should be freer and more flexible than ever, so this is the time to go for it. Start planning today!"
121,aries,general,20201015,"A friend could tell you about an exciting new person for whom you feel a very powerful physical attraction when you see their picture, Aries. Your first conversation could prove exciting but stay calm and remain objective. If your feelings are too obvious, he or she could well lose interest before anything has time to develop! Just be yourself, enjoy the discussion, and have fun. That's all you need do at this point."
124,aries,general,20201018,"You might want to escape the frenzy of the day by going shopping, Aries. Align yourself with partners and allies who share your views. Try to keep the disagreements to a minimum. There is enough tension and war raging in the world around you today that you don't need to add to the negative force by contributing disputes and ailments to the situation."
145,aries,general,20201108,"For the past several days, Aries, you've been fairly lucky in financial and material terms. But the day ahead will be an exception. If you're planning to make an investment, sign a contract, or purchase a major item, postpone it until another day. You may as well resign yourself to this fate and be grateful that you were spared the chance to make a mistake!"
146,aries,general,20201109,"Obviously, you have an important role to play, Aries. The mood today may be somewhat frustrating, but the way you handle it will earn you rewards and recognition in your workplace or at school. Your strength, self-control, and stability made the difference between success and failure. You can and should be proud of yourself."
159,aries,general,20201122,"Are you tired, Aries? It's no wonder. You're so eager to be useful that you've run yourself ragged over the past few weeks. As you may have noticed, the world is so apathetic now that every movement requires enormous effort on your part. Why not settle down and rest today? That would be the wisest and most reasonable thing to do. You will still be needed tomorrow."
175,aries,general,20201208,"You might wake up feeling a little under the weather, perhaps too tired to go anywhere, and you'll want to stay in. Perhaps this is the best course of action for today. You may be tired and a bit stressed out, Aries, and more vulnerable than usual to any bugs may be going around at this time. Drink lots of juices and get some rest. Tomorrow you will probably feel much better."
204,aries,general,20210106,"Close relationships should grow closer today, and new relationships become close ones. You're likely to feel extremely warm and loving toward most of the people you know, and they should reciprocate that feeling. Romantic relationships, especially, could grow more intimate and physical. You like the way you feel, Aries, but want to express it outwardly through gifts or intimacy."
215,aries,general,20210117,"Your practical skills should be operating efficiently, Aries. A creative or intellectual discipline that fascinates you might require some intense concentration today. You could spend much of the day in the library. You will want to take meticulous notes, but don't worry about it if you don't quite catch everything. Your memory should be sharp right now."
262,aries,general,20210305,"Chances to pursue opportunities to bring whatever creative work you do best to the public could come up today, Aries. This might involve performances, exhibitions, trade shows, or festivals - anything that involves a lot of attention from the public. You will be in the limelight and outshine almost everyone! This is likely to be a lot of fun. It should definitely boost your ego."
266,aries,general,20210309,"Your gracious, tender nature is likely to be extremely appreciated today, Aries. You may feel as if your head is so far up in the clouds that you can't get anything done. The truth of the matter is that the work you need to do is actually found up in those clouds. Trust that you've taken care of the foundation. The thing you need to do now is relax and let your fantasies lead the way."
272,aries,general,20210315,"A letter, call, or visit from a lover or close friend is likely to bring interesting news your way. Your creative energies are at their peak, Aries, so why not try writing, music, drawing, or painting? You will have to squeeze this creativity in between many errands, because the planets indicate you will take many short trips today."
275,aries,general,20210318,"Discussions with close friends could lead to ideas for creative projects of some kind, Aries. Although the projects themselves may center on writing, music, drama, graphics, or teaching, today's brainstorming is likely to center more on business and marketing than artistic matters. Nonetheless, you could walk away feeling inspired and motivated. Write down your ideas."
276,aries,general,20210319,"You're gifted in ways you don't even know about, Aries. Today you may uncover that gift unexpectedly. Perhaps you doodle a silly drawing in the margin of a note to a friend. Studying it reveals an idea that would be good for a children's book illustration. Perhaps there are other things you could do with your life. Research other possibilities online."
281,aries,general,20210324,"A relationship with a close partner may get a bit confused, Aries. You could react quickly to a situation without really thinking before speaking. There may be some confusion in your mind about whether to stay silent or take a more aggressive route and blurt out everything you feel. It's important that you find an equal balance of both."
284,aries,general,20210327,"Things may be coming to a dramatic climax for you, Aries. It may seem like everything is working against you. Take note that this is an excellent time to find balance and gain a much greater perspective on the issues in your life. If you're trying to figure out where your heart and brain are hiding, you should look on the opposite side of the world. They're over there discussing things together."
292,aries,general,20210404,"You may get frustrated today when people don't seem to act rationally. To you, Aries, the issues may be perfectly cut and dried. Keep in mind that not everyone sees the world the way you do. There's an element of strong emotion that's likely to play into the picture, an element that you probably failed to take into account. Make note of this as you go through your day."
299,aries,general,20210411,"A discussion could take place in your home between you, friends, and household members, Aries. A love partner may also be present. The conversation will concern controversial issues that the people feel very strongly about, so expect to hear intense debate between opposing views. Your guests will take more of an intellectual than argumentative stance, so you can relax and learn. Have fun!"
307,aries,general,20210419,"There will be a lighthearted, almost silly energy in the air today, Aries. The Universe is encouraging you to give up your iron grip on that list of responsibilities and have some fun. Picture all the pressure you put on yourself as a ball and chain that you need to unshackle. There's no reason to take yourself so seriously all the time!"
317,aries,general,20210429,"A scandal concerning a celebrity you admire could be in the news today, Aries. This might throw you for a loop. You might even suffer some disillusionment. Withhold judgment for the time being. Much of what you hear may be traced to gossip or misinformation. Shocking though it may be, you will want to hear the celebrity's side of it. Only then can you form an objective opinion."
321,aries,general,20210503,"Your strength lies in your inner resources, Aries. Today you will find that these resources have opened up within you. You will find that your emotions are calm and under control in the face of chaos. This time of new beginnings is extremely important. It would behoove you to probe your depths and fix any internal quirks that might give you trouble in the future."
384,aries,love,20200704,"Today's interplay of planetary energies creates a wonderful chance for a real romantic break. You can enjoy being with the one you love, if possible, and it may be a good idea to take time out to do something special so that you can strengthen the bond between you. If you are single, then networking this evening may yield a valuable prize."
388,aries,love,20200708,"If you don't make something quite plain, the elements of your love life could become very confused. The energy of today's astral configuration has the same effect as a very misty day, and words or certain statements made by you or your beloved could be taken in several different ways. So, it is wise to keep your wits about you if trying to get an important point across."
417,aries,love,20200806,"How often do you resist change at the times when you most need to embrace it? Today you will come to the realize what you really wanted all along. You just had to see the future possibilities in your current relationship to really begin to set it in motion. The cosmos will help you make the right decision, and everything will be for the best."
429,aries,love,20200818,"If friends seem to be posing problems today, then it may be that you need to take a look at where your interests clash. The day's planetary configuration has the effect of bringing restrictions to the surface. Are you saying what you really feel, or what you think they would like to hear? Just be mindful of where your motives actually lie. This will clarify things."
438,aries,love,20200827,"There is a strong sense of romantic passion in the air today, as well as a feeling of closeness. The day's planetary configuration indicates that you have a chance to express how you feel honestly and openly. It is also a great time to clear the air on any subject that may have become a sticking point, as there is genuine warmth and good feeling present."
454,aries,love,20200912,"You generally don't like to waste too much time talking, except if you have already decided that this is the only way you are going to get the attention of the one you secretly love. Today you have a chance to do just that, but you do need to warm up with some erudite conversation before you can get anywhere. Best get out the encyclopedia!"
464,aries,love,20200922,"This is a day that brings with it a feeling of hope. It seems that you have been pining for that perfect relationship for some time now, as well as trying out every love spell ever invented. The only problem is that nothing seems to work. Perhaps you need to communicate with some real people rather than reading about them in books. Be brave and get yourself a life!"
473,aries,love,20201001,"Today much progress can be made in the ongoing story of a certain romantic liaison. You will have a lot of scope for strengthening the bond and the sense of commitment between you. Although you may have been treating the whole thing fairly lightly, you are both only too aware that the feelings you share are growing day by day. Give love a chance!"
475,aries,love,20201003,"The influence of the planets makes today particularly intriguing. You love enigma, mystery, and especially people who remain obscure, despite your probing questions. It seems you are likely to meet someone whom you can barely resist, especially as they are so seductively charming, yet also just beyond your reach. Frustrating, to say the least; but you know you will win them over in the end."
485,aries,love,20201013,"There is an awful lot of small talk going on today. This you find infuriating but may have to go through the motions of pretending you are entirely riveted by another's conversation before you can get down to discussing the things that really matter. You like to get to the heart of the issue, whereas others need to warm up to it. Be patient!"
487,aries,love,20201015,"This is a day when you could realize just what you have been missing in a certain relationship. You notice that, while on the surface it all seems fine, there is a distinct lack of real passion. That spark that makes you pine for each other when out of each other's sight is no longer there. Now you have to decide what to do about it."
490,aries,love,20201018,"Don't get your hopes up: this is not likely to be a particularly romantic day. Most of the passion you do experience will be in terms of conversation. If you really enjoy a stimulating discussion, then you are in for an exciting day, but that is where the action will tend to remain. Still, you never know where a good conversation will lead you. There is a smidgen of hope!"
511,aries,love,20201108,"It is time to take a break from your usual punishing schedule, and to then decide on what you would like to do for an evening of fun and entertainment. Break all of your usual rules and move beyond the boundaries that keep you tied to a limited social circle. There is a whole exciting world out there to explore."
512,aries,love,20201109,"You shouldn't think about your current plan too much. The more you think, the more you tend to confuse the issue, and the more you run around in circles. Stop for a while and just relax. Take time to become calm and peaceful. Listen to your feelings, which are quite different, but which will guide you in the right direction."
525,aries,love,20201122,"Although you may find the today's energy a little too emotional, it won't hurt to talk over certain issues with your special friend. Conversation at the deepest levels is likely today, and it would a good idea to take advantage of this to clear the air concerning lingering problems; you will feel so much clearer and lighter if you can learn to share from the heart."
541,aries,love,20201208,"Work on meeting new people or start developing a whole new circle of friends. If you have been stuck in a rut for a while, then this could be the start of a new set of relationships, with the inherent possibility of meeting someone rather special. This is a time to accept the potential of possibilities rather than make excuses."
570,aries,love,20210106,"The current planetary alignment doesn't encourage real conversation. Feelings tend to be mixed, which does not make it at all easy to get any consistent message across. If you want to make the best of this occasion, then you could use the time to explain how you feel, even if you can't help being contradictory. The more fearless you are in expressing yourself, the better."
581,aries,love,20210117,"You may not exactly feel like putting on your best clothes and painting the town red tonight, although you may enjoy a more sober kind of evening out. If you are off on a date, then this may be a serious occasion, so don't take it that this is how it will always be. Give each other a chance and be patient. Next time will be great fun."
628,aries,love,20210305,"There is no way you are going to get to meet that special person if you insist on only making contact with one particular group of friends who live in one particular area. The planetary alignment means that you would be well advised to start being a bit more curious and investigative about life. See it as a grand adventure, and everyone you meet as fellow adventurers. Be bold."
632,aries,love,20210309,"Today's position of the planets gives you the chance to get a few things off your chest and to begin to breathe again as far as your current relationship is concerned. If you are not happy about the ways things have been going, and are beginning to feel that you have reached a limit beyond which you are no longer willing to go, then take heart. Do something now."
638,aries,love,20210315,"Today's position of the planets may mean you have a certain sense of gravity concerning your relationship. There may not be anything particularly wrong with it, but you feel you need time to reflect on your motives, on all the different aspects and challenges that it presents, and also to consider all that is truly positive. You will emerge from today's perusals feeling stronger and clearer about it all."
641,aries,love,20210318,"Today's position of the planets means that you and your partner (current or prospective) can have a great time together, as long as you do any kind of activity that is different from the norm. You need to break with any routine, as far as your love life and dating habits are concerned, and take the more unusual and original route. Start by dressing in a new way - recreate yourself and have fun!"
642,aries,love,20210319,"Today has all the ingredients of a storybook romance. There is passion, adventure, and the chance to go to places you have never been before. You pose the only obstacle, as you enjoy the stability of your comfort zone. If all of this seems daunting, then stay in and watch a romantic movie instead of experiencing the dizzying extremes of life firsthand."
647,aries,love,20210324,"You may be very popular today, with a little help from the planets. But maybe your partner (current or prospective) is urging you to do way too much chatting, when you would rather be doing something useful. Perhaps the answer to your romantic dilemma is to communicate your feelings by showing how much you care, rather than talking about it. This could get you the result you are after."
650,aries,love,20210327,The planetary alignment may bring about a situation that you find confusing. It seems that someone you have been close to in the past could have been whispering in the ear of someone you are close to at present. You realize that what they are telling your latest love is really a pack of lies - but how do you make your love interest believe you?
658,aries,love,20210404,"The planetary alignment enlivens your outlook, and brings a feeling of optimism regarding your latest romantic endeavors. There is certainly nothing ordinary about the events of today, or the people you are likely to meet. You may find one person in particular not only devastatingly attractive, but also of a sound, original, and witty mind, which for you, is like a red cloak to a bull."
665,aries,love,20210411,"Something needs to be sorted out today, and with the current celestial atmosphere, it seems certain that this in turn will lead to changes within the relationship. Whether you intend to have the conversation that ensues, or whether something triggers it, it will certainly address a whole lot of issues that have needed to be discussed for some time. Make use of this opportunity to clear the air."
673,aries,love,20210419,"The present planetary alignment suggests that you may need to be careful in your interactions today, as you could be prone to taking things the wrong way, and so alienating yourself from a loved one. Your feelings are far more volatile than normal, so perhaps it would be better to take some time out alone to do something special, and give each other a break."
683,aries,love,20210429,"Today's planetary transits make for some animated and very interesting conversation - the kind that changes things between people, and that could make quite a difference to the way you relate to each other. Whether you decide that something needs discussion, or whether this comes up naturally, you will certainly iron out a few wrinkles and smooth out a few ruffled feathers. You may want to celebrate a breakthrough."
687,aries,love,20210503,"You need your wits about you, plus the ability to be a little determined if you want to capture someone's heart today. The position of the planets gives you the audacity to make a bold move, but possibly not before you have spent some time agonizing over whether you are doing the right thing or not. Wear warm and zesty colors, and arrange to meet them somewhere special."
750,aries,career,20200704,The world around you is going faster than you are comfortable with. Be sure to take some time alone today in order to cool down and give yourself a break from the whirlwind of energy around you. You need a mental time-out from the insanity.
754,aries,career,20200708,"Close the door on old projects so you can make way for new ones. You have many loose ends right now that are causing mental clutter whether you realize it or not. Delegate your work, tackle it yourself with fresh eyes, or toss it out completely."
783,aries,career,20200806,"There is wonderful grounding energy in the air that will help balance out your fanciful nature. This strong stabilizing influence will help you manifest your ideas and get them working on a physical plane. In short, you will accomplish a great deal."
795,aries,career,20200818,You will be engaged in a difficult dance with someone. You are waiting for someone else to make up his or her mind while this other person is waiting for you to do the same. A stalemate will result. You are better off postponing all decisions.
804,aries,career,20200827,"Your head is spinning, and it is hard for you to get control of your mind. Slow down and take a few deep breaths. Try not to get frustrated. Good communication with others will be the key to sorting out your wild ideas and sporadic thoughts."
820,aries,career,20200912,You are better off riding the wave of exuberance than trying to fight it. There is electricity in the air that you can benefit from if you are willing to adjust your viewpoint. Don't turn your back on something that you know will be successful.
830,aries,career,20200922,"Today you can finally set the record straight. Over the past three weeks, the crazy cosmos has been putting monkey wrenches in your plans. The confusion ends today, so feel free to celebrate at this time."
839,aries,career,20201001,"Even though the week is winding down to a close, this doesn't mean that you should let the quality of your work slide. Maintain a high standard at all times. The work you do today will be noticed - so be sure you are on your best behavior."
841,aries,career,20201003,"The best way to heal yourself from the past week is to talk with others. Sharing your experiences, conversations, and relations with other people will be extremely beneficial. It will ease your burden and make the next week go much smoother."
851,aries,career,20201013,"You will be in good favor with the people around you and this will most certainly set the stage for a very efficient and productive workday. In general, others are on the same wavelength as you. Yesterday's confusion will dissolve."
853,aries,career,20201015,"Someone's attitude is making it hard for you to work effectively with him or her. You would like to develop a friendship or at least a certain camaraderie with this person, yet he or she would rather keep the relationship on a more surface level."
856,aries,career,20201018,"Whether you are at work or not, this will be a very productive day for you. You will be able to gather resources and information together in a very efficient way, creating a recipe for great success. Apply this recipe to whatever you are doing."
877,aries,career,20201108,"This a time for you to make peace with yourself and with others regarding workplace issues. If you aren't at work today, this is fine. Use this day to develop a plan for how you can create better harmony between you and the people you work with."
878,aries,career,20201109,Wonderful opportunities will fall into place for you as long as you are willing to cooperate with others. Trying to do everything by yourself will simply not work. Don't be stubborn now. Start the week off on a harmonious note - not a selfish one.
891,aries,career,20201122,This is a good day for you to concentrate on career issues even if you don't have to be at work. You have a clear understanding of what you want and how to get it. The gears in your head are turning in a positive direction. Momentum is generating.
907,aries,career,20201208,"Don't be too sluggish today - your boss is keeping track. Pick up the pace of your work or else you will be left behind. As uncomfortable as it might seem, don't be afraid to take some risks. The leaps of faith you take today will most certainly pay off."
936,aries,career,20210106,Confusion will arise around mid-day and will most likely set you back if you are not prepared to deal with it. Set your plan during the beginning of the day and then use the afternoon to follow through. Plans initiated mid-day will most likely flop.
947,aries,career,20210117,"Other people's ideas may seem completely foreign to you today. Your first reaction will be to dismiss them completely. Don't be too hasty to do so. You can learn a great deal from the wisdom of others. Right now, you should be listening closely."
994,aries,career,20210305,"This will be a busy day for you, but that is fine. You will use the energy given to you to accomplish a great deal - in many different areas. Tackle many small, short errands. Knock them off your list one by one. You will be quite efficient."
998,aries,career,20210309,The burst of energy that you have been hoping for finally comes - but probably not until later in the day. Play it cool in the morning but grab the reins in the afternoon. You will feel reborn and ready to take on new challenges with great confidence.
1004,aries,career,20210315,Take hold of a situation that is going nowhere. You may notice that there is stagnation related to your work thanks to someone's inability to make up his or her mind about a specific issue. This is your time to step in and flex your muscles.
1007,aries,career,20210318,You will have to re-arrange your schedule in order to fit in everything that you need to. Something is taking longer than you thought and something else won't take any time at all. Being flexible is the only way you will ride out this day with ease.
1008,aries,career,20210319,"A burst of power comes your way and you are able to transform an extremely unhealthy situation into a positive one. Others may think you have magical powers, judging by the way you are able to turn a difficult situation into a triumphant one."
1013,aries,career,20210324,"The truth is very blurred, and facts are only going to get more confusing as the day wears on. The more people you talk to, the more bewildered you will become. Try not to make any major decisions at this time. Wait until the path is clearer."
1016,aries,career,20210327,You are feeling recharged - as if you have been reborn. Your mindset tells you to be brave and fearless. You have an innocence about you that makes it seem as if you are seeing the world for the first time. Enjoy this wonderful state of mind.
1024,aries,career,20210404,"You are more accident prone than usual at work, so be careful. Make sure you have a first aid kit handy, or at least know where one is in case you need it during a time of emergency. Take extra precautions as you move throughout your workday."
1031,aries,career,20210411,"If you play your cards right during the beginning of the day, you can have someone important eating out of your hand. Be alert and attentive during your dealings with others and you will have an edge over everyone else who is sluggish and groggy."
1039,aries,career,20210419,"Your physical energy becomes sluggish today, and unfortunately, this trend will continue through the next few months. There will be times when you are feeling strong, but overall, you may feel as if you are trying to run with a ball and chain on."
1049,aries,career,20210429,"You will feel a strong connection to the people around you and this will pave the way for better relations in the workplace overall. Communication is strong and you will find that the more you talk, the more bonded you will feel to those around you."
1053,aries,career,20210503,"Be careful with your money. Stay away from commercial stores, avoid online shopping sites, and, if you must do some shopping, take only a minimum amount of money with you and leave your credit cards at home. If you don't, you could succumb to the temptation."
1116,aries,wellness,20200704,"The tendency to nurture others can be a liability for you. Unless you are a paid professional during office hours, taking care of yourself first is your foremost responsibility. Even parents need to focus on themselves if they are going to be proper role models for their children. If you need someone to nurture, look in the mirror! You are a wonderful listener: ask your reflection what it needs and hop to it! It may take a little practice, but you can do it."
1120,aries,wellness,20200708,"A lot of emphasis is put on diet these days - choosing the freshest foods available and preparing a variety of healthy meals so that all your nutritional bases are covered is key. Another important part of diet is to eat slowly and chew your food carefully. Apart from avoiding the risk of choking, well-chewed food helps us avoid over-taxing our digestive glands. Many people who gulp down their food over-work their glands and find that they stay ""hungry"" even after eating!"
1149,aries,wellness,20200806,"A great deal of emotional energy is at hand due to today's planetary positions, and no one will feel it more poignantly than you! Your natural inclination to take care of others is tapped by this placement and your emotional attachment to people close to you will grow more intense during these few days. To help some of the intense energy dissipate make it a point to get some exercise every day - preferably in the morning."
1161,aries,wellness,20200818,"Be on the lookout for issues that flair up around friends and family these days. You may be open to new ideas and new ways of thinking, but don't let this ""open-mindedness"" get you into trouble. The aspect of the day will typically bring up some boundary issues. You have the right to say ""no"" when a boundary is being crossed. And you are the one who sets the boundaries! Practice yoga or meditation to stay on top of your best interests."
1170,aries,wellness,20200827,"The aspect of the day gives you the power to express yourself emotionally with the people you care about. Rather than wondering whether your emotions will be accepted or validated, express yourself with abandon and really let your friend know how you are feeling. It never turns out as bad as your fears tell you it will! Get your blood flowing with some aerobic exercise and try to understand what you are feeling yourself before you try to communicate it to someone else. Have courage!"
1186,aries,wellness,20200912,"Your feelings will guide you if you will let them. There is a temptation to go the route that will win the most approval, but it would be in your best interest to start opening up to approval from within. Getting to do what you want is an option you give yourself - it has nothing to do with outside approval. Thus, consider your body and how you feel in it today. Is there some nagging health issue that you wish were not there? Begin by addressing your problem areas."
1196,aries,wellness,20200922,"Have you noticed that the more you think about dietary concerns, the more relaxed you are about choosing what you eat? If you are prepared ahead of time to handle the daily decisions about what you will and won't accept in your diet, the choosing is much easier. You know throughout the day that you are planning on having a healthy body to feel good about and enjoy. Making the connection between loving yourself and the food that you eat is the first step."
1205,aries,wellness,20201001,"With so much fiery energy coming your way from the celestial configuration, you won't have any trouble accessing your charming personality! Use this energy to diversify your exercise routine. Any aerobic exercise you do will practically send you through the roof. You may want to turn to yoga or some other kind of deep stretching exercise that will bring some of this heat into your muscles, melt them a little, and help them stretch and lengthen."
1207,aries,wellness,20201003,"Today's planetary configuration can help you get stuck. Creative solutions will abound if you listen to your inner voice. Learning how to depend on yourself for what you need is important. There are some things that only you can work out, like how you take care of yourself physically. If you are someone who likes to be with people, join a team or plan an exercise routine with a friend, if possible, and stick to it together."
1217,aries,wellness,20201013,"Ask yourself what you need to feel really comfortable in your body. Do you need to be in better physical condition? Do you need to feel stronger, have more flexibility, feel lighter or heavier? The way we live inside our bodies has everything to do with how we treat others and how we let others treat us. Unless we exist in a physical reality to our liking, it is difficult to create the emotional reality that we desire."
1219,aries,wellness,20201015,"You tend to deal with confusion by ignoring it. You are naturally territorial, and confusion does not mix well with your instincts! Going deeper into yourself is a necessary practice for someone with your nature. You need to attempt to recognize your emotional response to confusion, otherwise you will constantly feel ""beaten up"" by those around you who get frustrated by your apparent insouciance. Recommended health practices: yoga, martial arts and meditation."
1222,aries,wellness,20201018,"Structure in your health habits will be important to maintain during the next few weeks. Pattern your behavior one day upon the next, adhering to a basic program. Your program must include a very good night's rest, a minimum of eight large glasses of water each day, and a great deal of fresh produce in your diet. This is not a lot to do for your body, considering how much it does for you without complaint! But if your body does complain, be sure to take it seriously."
1243,aries,wellness,20201108,"You can be extremely conscientious regarding your diet when you put your mind to it. Think of the lion out in the wild. Only the freshest ""kill"" will do for a lion and her cubs. When it comes to feeding her little ones, she lets nothing stand in her way. Try using this feline mentality when you visit your local organic grocer. Go up to the clerks and ask which vegetables are freshest and treat yourself to the best the land has to offer."
1244,aries,wellness,20201109,"You love the frisky feeling exercise gives you, although you can also be terribly lazy! There is no judgment going on here, just try to be aware that you stand to gain a lot of joy and energy from doing just a little bit more exercise than you are currently doing! Don't do anything drastic; just increase what you do already. If you don't do anything, try walking rather than driving or take the stairs rather than the elevator. Take your time but increase your movement."
1257,aries,wellness,20201122,"The aspect of the day, metaphorically speaking, could be seen as the inventive and creative mother who can please and fascinate her children. What a perfect time to take your body into account and notice how you nourish it. Having a body is like having a child, in a way: we must notice and nourish it each and every day. The best way to begin to notice your body is to listen to it without judgment. If you do this, it will begin to tell you what it wants."
1273,aries,wellness,20201208,"A new outlook is possible today - things that you do every day may seem somehow different - enjoy this fresh perspective! It's important to be flexible and to listen for the inner voice that tells you when to bend and when to walk away from a situation. You often comply in situations when someone else will benefit - ask yourself what you really need, instead. When it comes to what you eat, it's wise to give your intestinal tract a break from bread and dairy products."
1302,aries,wellness,20210106,"Your ability to instigate new things is well known. With the predominant energy today, you are especially tuned into a ""new and improved"" way of doing things. You will feel inspired to regenerate the old and find a fresh new way to direct your energies. To enhance this process, pay special attention to your diet. Fresh fruits and vegetables and low caffeine intake are highly recommended, as is substituting fish for red meat."
1313,aries,wellness,20210117,"The sensitive side of your nature desires what's best for those you love - there is a deep feeling of ""I would die for you"" running through you with regard to your loved ones and your children. This intense emotion can be channeled into a more productive vein: caring for your body as though it were a loved one. Taking care of all its needs can be quite satisfying. This is ultimately nurturing for EVERYONE! Your life certainly does depend on your body."
1360,aries,wellness,20210305,"You may feel frustrated by the judgments that your mind produces. The aspects today invite us to be compassionate with ourselves and others, yet your sign is so dedicated to fairness that you may find it difficult to be compassionate when someone or something is just plain ""wrong"" in your eyes. Step back and take a break from this kind of situation. Swimming would be recommended now, in order to feel your own weightlessness while you exercise out those frustrations."
1364,aries,wellness,20210309,"Though you may sense the challenges more than the joys of life today, try to get through the rough road by sitting high in the saddle! Yes, only strength and determination will conquer doom and gloom. I would recommend making exercise a priority, but it's OK to go light. If there's something you can do that is more fun than your regular routine - a game of tennis rather than your usual run - it would be a good move."
1370,aries,wellness,20210315,"Take a look at what matters most to you in the world. Somewhere on your list is probably a sense of well-being for all, and a safe community for our children to grow up in. One of the ways you can balance your own needs and the needs of the community is through participation in organic farming. Consider getting knowledgeable about the issues surrounding organic farming. Being aware of what you can do will add to your sense of well-being. Buying organic is a political statement as well as a nutritional one!"
1373,aries,wellness,20210318,"In order to be an active thinker, it helps to keep an active body. Especially for a sign which tends to get bogged down by the inequalities of everyday life. Try thinking of exercise as something the body deserves. When your mind wants to talk you out of it or wants to convince you that procrastination is OK, remember that the body can be ignored by the mind (up to a point) and you must be the champion of the silent and oppressed! It's only fair."
1374,aries,wellness,20210319,"There could be some rejection from within to ""doing the right thing."" It is important to understand this resistance and to take measures to handle it. For instance, if you feel that eating only rich foods will satisfy you today - try choosing a salad that has rich ingredients. Or, if exercise is not on your program, elect to take a short walk after a meal. As you make these small compromises, you will have given your ""evil twin"" some feedback, and a heated discussion is likely to ensue!"
1379,aries,wellness,20210324,"Today you may want two opposite things at the same time: a good workout followed by some chocolate cake! Crazier things have happened! The planetary alignment impels you to desire comfort and security (your usual routine, comfort from approval and other good feelings) on one hand, yet on the other, you think it would be erotic and fun to stay up late and do things that give immediate, ""sinful"" pleasure. The challenge is to find the middle ground and suspend judgment."
1382,aries,wellness,20210327,"When you decide to make a habit of something, it's as though you've turned a page in a book. You will find an excellent resource in today's energy for creating healthy practices in diet and exercise. It may not seem like much at first, but when you decide to reduce dairy in your diet and increase the amount of water you consume, you have started down the path to a much healthier immune system. Your power lies in evaluation and action."
1390,aries,wellness,20210404,"The cosmic climate gives you the emotional security to pick and choose what you want. Whom you communicate with, what you have for dinner, when you go to bed - these desires are made clearer at this time. On the other hand, be on the lookout that certain areas of your life don't fluctuate with your changing moods. You should try to exercise at least three times a week. If you fail to do so because you ""just weren't in the mood,"" I guarantee your mood will worsen."
1397,aries,wellness,20210411,"You can't hold a grudge for too long - it's too involved in seeking out the higher truth of the matter. Likewise, you won't be caught on some trendy diet for too long - you're too interested in working towards a balanced lifestyle that involves healthy practices that nobody's last name belongs on. You know the routine: lots of water, seasonal local produce, low on carbohydrates, low on protein, lots of rest. Moderation in all things, including moderation!"
1405,aries,wellness,20210419,"There is a lot of stress in the air, and it is the wise person who takes it upon himself to unwind and get back to reality after a lot of interaction with others. After a lot of excessive communicating, you need to find the sound of your own voice again. Remember? It's the voice that instructs you gently through your health practices: eat this, don't eat that, wake up now to get some exercise in before work so that you don't get into personal conflicts while at work."
1415,aries,wellness,20210429,"You feel the planetary alignment today as a positive aspect, supporting those who are willing to turn their good intentions into action. The power of this transit is in experiencing the benefit of exercise and a healthy diet in your emotional life. Begin with today. Concentrate on making your diet a mirror reflection of what you feel is right: heavy on the vegetables, low on the sweets, look for protein in legumes and lay off the saturated fat!"
1419,aries,wellness,20210503,"Your deepest emotional needs can come to the forefront with today's position of the planets. Your desire to have things balanced in your life might become upset by such emotional force, and it's important that you don't blame yourself when you feel out of whack. There are times when it's more important to feel your feelings than to have it all under control! You can make a point of eating healthy meals this week as a way of counteracting the upset you may feel."
1482,aries,birthday,20200704,"You have a secret source of great love and support this year, possibly from friends and relatives. Be grateful and don't press for explanations. It may be a year of random acts of kindness, so perform your share. Be energetic in October, smoothing ruffled feathers and restoring peace and pleasantness at home. Be more low-key in November, but still fully enjoying life. A change-up in daily routine could have long-lasting effects. Enlightenment is possible in February. If sparks fly at work in April, you can cope with it. Spend the last month lavishing and receiving love and encouragement. It's a passionate, powerful year!"
1486,aries,birthday,20200708,"Your daily life doesn't need to have anything lackluster about it this year. You've got the magic touch, especially at home in the first month, and know how to set people at ease. After a nice, quiet stretch, family and friends may want to spend more time with you in October. Enjoy the attention and tactfully share any extra expenses. People want to treat you well and stay in your good graces. Reserve judgment in December if a close friend or lover disappoints you. You can learn why before the year ends. Let tender feelings express themselves, and treasure those hugs and kisses!"
1515,aries,birthday,20200806,"Your tastes and desires may differ from what the world offers, but don't swerve from what you love. In October friends or family may suggest things you don't like to do, but be gracious and play along if you think the company is good. Follow your own drumbeat in December, be calm and pleasant through the holidays, and be glad you did. If misgivings arise in April or May, that's fine. Respect your right to reevaluate earlier opinions and actions. Learn, improve, and advance. Love yourself, and give others the chance to love you, especially in the last month. It's a stimulating, sexy year!"
1527,aries,birthday,20200818,"Be part of a bigger extended family and take a bigger social role with friends and community. Bake more brownies (to share, of course) or simply smile and comfort the shy and quiet around you. Focus on the details of daily life despite desires for great or flamboyant things. In November friends may expect you to take the lead in everything. Be bold and creative in January. A flash of love in February promises great things, but may fizzle. Enjoy and don't be disappointed. A reward for a forgotten favor may appear in April. Be popular, sought after, and downright loved all year!"
1536,aries,birthday,20200827,"Things can click and fall into place for you in the material world this year. Generosity, good timing, and just being smart will all contribute to your financial progress. Details are easier to manage, so watch that budget, pay the bills on time, and enjoy being with your favorite people, especially in the fall. Big pleasures can come to you at zero or very little cost in January. A romantic fantasy may find you in February. Enjoy, but don't flounder in it. Do some favors in April and be rewarded. The last month is full of gifts and glamorous times! Have a proactive, prosperous year!"
1552,aries,birthday,20200912,"Be articulate and charming this year, and perhaps speak for those who can't speak for themselves. You know what matters. Work and finances look stable enough to permit more public involvement - and enjoyment, too. Cultivate diplomacy and find energetic companions in the first month. In November interact with sympathetic friends, but don't be overly ambitious. A home affair may need attention in January. People will offer help should you request it. Respect your health and energy level in February. Be highly visible in June. People will remember and seek you out again in July and August. Better than fame - bask in good luck, good deeds, and love!"
1562,aries,birthday,20200922,"Step into your own light this year! A karmic peek into your own mind is possible in October. Get finances and expenses under firmer control in November. Fun and adventures near to home are on your cosmic agenda in December. Friends will encourage this. Love and be loved in a bolder and more vocal way in March. Disagreements shouldn't be necessary. Even you should notice a more self-confident, outgoing mood by July and August. Connect better with more people in the last two months, and leave room in your heart for that most intimate and special one!"
1571,aries,birthday,20201001,"It's a great year to bring home life and social life into better accord and surround yourself with happy family and friends. Your playful, clever nature encourages people to listen to what you have to say. Older people and relatives may be drawn to you - and be generous - in November. Be busy and renew contacts in December. January may draw you deep into a home concern that will greatly enhance your overall environment. Don't stress over any changes. Love suddenly enters the scene in April. Enjoy some rare peace and quiet until August reignites life with big fun and affection!"
1573,aries,birthday,20201003,"Your inner child is near the surface this year and will lead you to many joyous and creative times! You're smart and naturally cautious, so there should be very little risk involved. You may be especially cautious regarding money in the autumn, but this will relax and leave you with more than enough resources for everything you need and want. You may crave new romantic excitement in the spring. Work and rest well so you can be ready for a boost in your social life in August. The last few weeks of the year may be the loveliest and most affectionate of all!"
1583,aries,birthday,20201013,"Feel at home anywhere in the world this year, and get attached to a few new favorite places, people, and things. Your great natural charm will make you popular no matter where you are. Your clear, thoughtful nature makes you easy to get along with. Being practical, energetic, and enthusiastic in the first three months will propel you through a successful, happy rest of the year. A brief escape into fantasy lightens up February. Play it safe in April. A trip is possible in July. Work is pleasant and plentiful in August. The last month is full of harmony, happiness, and love!"
1585,aries,birthday,20201015,"You'll be on a lot of people's radar this year, and having such a public presence will bring you much good luck. Your mental and social skills are at their peak and work together flawlessly, starting in the first month. Pace yourself and don't overexert, especially in November and April. Money and possessions may motivate you in December, making it sometimes hard to slow down. Find artistic or spiritual release in February. You glow in the work world in August. An increase in money, reputation, and recognition are all possible. Be modest and know you're worthy. Enjoy a glorious, glamorous year!"
1588,aries,birthday,20201018,"Think big, talk with lots of people, and go out and be seen! It's no time to hide out with a small circle of friends and associates. Think instinctively before you act in the first month, and balance charm and mature sophistication. A monetary windfall (maybe some borrowed money returned to you?) or valuable gift may find you in December. Say thank you. Dream big in February. Avoid needless risks in April, and play it safe and happy. Be more prominent at work in August, and don't shirk from being more in charge. Get social and popular in September. It's a fun, fabulous year!"
1609,aries,birthday,20201108,"Taking care of business ranks high for you this year, and a lot of that business may not even be yours. Be patient, listen, and take time to reply, especially with loved ones in the first two months. Keep to that budget and stay secure in January. Make your home more loving and lovely in February. In April surprise someone with an old favorite trick they've never seen you do. June and July may be busy with other people's concerns. Do what you can and have no regrets. Win hearts in August and win minds in October. It's a splendid, loving year!"
1610,aries,birthday,20201109,"Enjoy a lot of mutual concern and give and take among friends and family this year. No one will feel stranded or forgotten when times are easy or rough. Be the tactful voice of reason for your family in the first few months. Put more energy into increasing income in January, and see quick results. Mind the budget, though. Decompress with some mildly crazy fun in April and May. People may need one another in July - be there and be cherished. Be sublimely lucky and popular in August. As the year ends, be greatly respected, loved, and admired!"
1623,aries,birthday,20201122,"Your generous spirit drives you forward to happiness and success! Keep yourself in the equation of life, help others, and greatly help yourself. Material well-being is the focus of January, and you have energy and luck to profit from all your work. Friends offer relief, comfort, and fun in February. In March and April fill your home with a fresh feeling that's pure you. August can get exhausting and expensive, so respect some limits, as hard as that may be. The last month may have some frustrations, but don't get impatient or question any decisions you've made this year. Live and love to the fullest!"
1639,aries,birthday,20201208,"You don't have to solve everyone's problems this year, but you certainly have the strength and know-how to do so. Be sweet and firm as the year begins. See a radically different side of yourself in January. This can benefit you in your finances and in the work world in February and October. A change at home or with family could be big but no surprise in April or May. People may keep you busy with their problems in July and August. Listening can be helpful, too. Honesty and heart-warming clarity in an established love affair are yours in the final months!"
1668,aries,birthday,20210106,"Be energized and serious about all you do this year! That includes having fun. You might be the center of excitement in April, or you may spring a huge surprise on everyone. Be humble in public and thrilled in private. Save some passion for your own well-being in August and have a great fun-filled summer. Other people take up your time in October, but it will be good for you later, too. Feel serious and work hard in December. In January a big change at work could happen around you. Stay settled. Friends and that special love are never far away!"
1679,aries,birthday,20210117,"Many exciting times are on your horizon this year! Be sensible, pace yourself, and have the energy to do as much as you like. Surprise people all year, especially in March and April. Force yourself to take a moment and focus your attention on what you want to achieve. Be ambitious. A touch of charm will make your great energy more acceptable, and even admirable, to many people. August may get wild and hyper, so stay practical, especially about money. Be wise, influential, and modest in late November. In the last few months be surrounded by loyal friends, brilliant ideas, and great love!"
1726,aries,birthday,20210305,"It's a busy year full of big plans and big energy! Get your schedule organized in the first month and work hard. Save a little more, if you can, and see a sweet personal reward before July. August could be busy with summer excitement, but it doesn't have to be expensive. The end of December could be hectic, but stay focused and do your best for yourself and others. You might have an urge to get away from it all in January. Friends - and a special new love - will give you all the affection and rest you need at year's end!"
1730,aries,birthday,20210309,"You can make your career glow with success this year or you can make a shift to something new! You are most practical and solid in the first month. You can get inside people's heads, too. Keep the cash flow balanced and maybe acquire a small desired item in June. Enjoy some pleasant but inexpensive summer fun with family in August. Romance gets nostalgic in November. Prepare for a possible big change at work in January. February is big, so look and do your best. Relax with friends afterward and let some surprises make you smile. Love isn't far behind!"
1736,aries,birthday,20210315,A secret desire for something special could motivate you this year. Or it might be time for you to make private plans for a nicer lifestyle. Be ambitious and busy in the first few months and perhaps create a financial opportunity. Enjoy more luxury time with friends and family in July and August. Try not to spend away whatever you gain. Be sensible in love in November and feel appreciated. A startling new idea or project could distract you in January. Friends may inspire you in February. The last two months are bubbling with fun and affection. Make great advances this year!
1739,aries,birthday,20210318,"This year you may get more interested in money and the nice things it makes possible. Cleverness and get-rich-quick schemes won't deceive you. You may discover some sound, practical ideas in the first couple months. Hard work matters, too, and you may deserve a small private treat by July. Share good times with family and friends in August. You might want to host a party or summer event. A quiet romance could find you in November. Stay low-key and let things take care of themselves. Friends and the social scene come to life in the remaining months, including much love!"
1740,aries,birthday,20210319,"Charm and elegance are yours this year. You're smart. You know that life is more than money and material comforts, but you don't discount their importance. Be highly motivated all year and achieve a lot early on with what feels like little effort. Work diligently and maybe celebrate in August, perhaps on vacation. A friendship could become a serious romance in November. Deal promptly with any perceived crisis in January and see quick, easy resolutions. Amuse yourself with dreams of luxury in February. Friends and lovers are there for you, sometimes surprising you in the last two months!"
1745,aries,birthday,20210324,"Find countless pleasures in daily life and have a great time all year! You're full of energy, so nothing and no one can rain on your parade. Be smart and sensible in the first few months and calmly work hard to further yourself. See better income and steady progress before July. Be lucky and feel rich at home in August. In September be more young at heart and enjoy things more. Be healthy in November and poised to handle any problem in January. Dispel a cherished dream at work in February and move forward. Surprising love and friendship round out a great year!"
1748,aries,birthday,20210327,"The pleasure of good partners and teammates will make this a happy, powerful year! Early on think carefully about where you are and where you're headed, then work hard and be ambitious. The home budget may grow in July as you see progress. Be very lucky in August and attract more luck for your home environment. Don't remodel yet, though. September and October are times to luxuriate in doing what you love with people you love. In February you may recognize that a previous opinion came from a false impression. It's easy to fix things. April is yours for fun and fantastic love!"
1756,aries,birthday,20210404,"You always have the big picture in view and know what to do when! You may not pay much attention to others, but you inspire them. Be most energetic in the first month. Friends keep you hopping and happy in July. Surprise yourself in a big way in August. Do good things with it. Catch up with some older friends in November. Learn and try new things with new people in new places in late January. Be realistic and responsible but open to the future. Friends and love return in a big way in the last few months. What a charmed and charming year!"
1763,aries,birthday,20210411,"You know what you want and how to get it this year! You may not get everything instantly, but you know how to make it happen. Cleverness and energy are gifts that serve you well, particularly in the first few months. Be quietly productive and responsible. A friend may have some good ideas for you in July. Some unexpected good luck may find you while you're busy having fun with family in August. Reevaluate your position in November, and don't be too self-critical. You're doing well. In April and May relax with friends and perhaps a loving admirer who finally speaks up!"
1771,aries,birthday,20210419,"Your best luck and greatest treasures will come from people and places close to home this year. People work smoothly with you, and your enthusiasm and energy will find lots of constructive projects in the first two months. Be respectful of your money and have more than enough. August is pleasant and September absolutely joyous with social and family events. No need to run wild or be extravagant. Everyone is feeling generous and loving. Respect any health concerns in November and let go of any regrets. In February aspire to something more for the future at work. It's an ambitious, affectionate year!"
1781,aries,birthday,20210429,"Be your own best friend and be healthy and happy all year long! Friends and family will encourage you to take better care of yourself and make it easier. See benefits in August when your energy increases and smart decisions can bring more income. Have fun all summer, and be generous without spending more than needed. Feel more creative in November, but let those bright ideas simmer. Take good care of yourself in late December, and don't overdo the holiday eating and partying. Love could surprise you in January. Pleasant surprises at work in April may pay off big for months to come!"
1785,aries,birthday,20210503,"Have big plans, big ideas, and big dreams! There's all the energy you need. Be realistic in your approach and see what you can make happen. August is loving and luxurious without any need to overspend. The whole summer is made for fun. Enjoy quiet time in November and politely ignore any meaningless criticism. A big love (not necessarily a person) could come or go in January, or perhaps it's simply a shift in the romance lineup. Working for a good cause touches your heart in February. Be daring but not reckless at work in April and gain respect and rewards. Have a magnificent year!"
1848,taurus,general,20200704,"If there's an issue that needs to be brought to the table now, feel free to do so, Taurus. Don't hold back just to maintain a relationship's equilibrium. Don't sacrifice your own peace of mind just to keep from rocking the boat. Contributing unhealthy lies to maintain a healthy facade doesn't do anyone any good. Be totally honest with yourself, your feelings, and the people around you."
1852,taurus,general,20200708,"Try not to be smothering today, Taurus. You may want to seek comfort in conversations with others but find that this only produces grouchiness on the part of all involved. Curb your tendency to find fault in loved ones. Your best bet is to focus your energy on tasks you've had on the back burner for some time. Tackle projects that need special attention and the most discipline."
1881,taurus,general,20200806,"Mornings aren't usually your best time, Taurus. You aren't fully awake until afternoon. Try not to discount the events of this particular morning, however. More than likely, you'll enjoy your best mental clarity sometime before noon. Surprise people with an upbeat attitude and a solution for every problem that comes your way."
1893,taurus,general,20200818,"If you feel tired, Taurus, you may need to close your eyes and listen to soothing music. You work hard most of the time, so do your body and mind some good and just relax and listen to your favorite music. Even a few minutes will make a difference. You can always use the quiet time to plan if you feel you need to accomplish something."
1902,taurus,general,20200827,"Keep your mind open to any and all possibilities today, Taurus. It's likely that you'll encounter someone who imparts valuable information. You may not realize right away just how important this information is, but it could have a dramatic impact on your life. Be prepared for anything. This is likely to be a most interesting day."
1918,taurus,general,20200912,"Finances should be going well, Taurus, but your financial affairs aren't something you want to talk about to anyone now. Perhaps you want to make a decision that's yours and not influenced by others. Nonetheless, a close friend or lover is going to find out. Maybe they'll guess or maybe you'll let it slip. Don't panic. This person understands you and won't try to exert undue influence."
1928,taurus,general,20200922,"Circumstances are favorable for you if you're contemplating investment in real estate. Any sort of investment looks good for you right now, Taurus. Be ready to have an important conversation with a young person today. You may benefit from a significant piece of mail or phone call. Even if you hadn't planned on it, you may want to visit an older friend or relative tonight, if possible."
1937,taurus,general,20201001,"A powerful bond between you and a romantic partner could have you walking around with your head in the clouds, Taurus. Things between you seem to be improving by leaps and bounds. Right now, it all seems just too perfect. Savor every moment of your time together. You will want to remember them when times aren't quite so easy. We all deserve such halcyon days. You and your beloved should definitely make the most of it."
1939,taurus,general,20201003,"Quietly step into the background if things aren't going the way you'd like, Taurus. Don't try to stick your nose into someone else's business, even if you think you know the right way to proceed. People probably have strong opinions, and they won't be swayed in any direction. The best you can do is take care of yourself. You will probably find that this means you shouldn't be seen or heard."
1949,taurus,general,20201013,"Now that you feel more secure regarding your business and financial situations, Taurus, you might be looking for ways to feed your spiritual and metaphysical interests. Your intuitive and psychic abilities should be operating at a very high level, causing you to experience some vivid dreams and visions and receive the insights that come from them. Books and online lectures might prove especially enlightening."
1951,taurus,general,20201015,"Some exciting career developments could have you flying high today, Taurus. Perhaps you've just reached a long-term goal or managed to get a break that tells you that your goals are now within reach. Whichever it is, you're likely to be on the receiving end of some congratulations, perhaps from unexpected people. More income could also be in the offing. Whatever it is, you've earned it!"
1954,taurus,general,20201018,"Your mood should be quite good today, Taurus, although there may be some strong forces at work trying to subvert this positive attitude. Try not to let other people's disagreements bring you down. Take the high ground and you will certainly prevail. A peaceful nature is extremely important in order to balance the anger and hostility that's present all around. Be the one to promote this harmony."
1975,taurus,general,20201108,"The way you act when you first meet people is typical of Taurus. What is it that you do? You try to teach them something. It seems that you always have a lesson to impart, making you prone to giving advice when it isn't always wanted. Try to accept the points of view of others for a change."
1976,taurus,general,20201109,"You will feel as though your back is against the wall, Taurus. And this particular wall is impeding your progress. Others will ask you questions and ask for your opinion. You may want to tell them the ""truth"" as you understand it, and you could be tempted to do so humorously. Humor isn't your forte right now. You can always try, but for now a sensible approach is the best one."
1989,taurus,general,20201122,"The planets are moving you into a new cycle, Taurus. Soon you will be in a new ""story."" You will have to take stock of what you've learned in previous weeks. Who you are is related to the degree of peace you have in your life and whether or not you've been able to resolve some conflicts. Did you learn your lessons well? Without a doubt, you have a gift for calming tense situations."
2005,taurus,general,20201208,"Today you might get the feeling that someone in your family is hiding something. The atmosphere might be strained and somewhat tense. Your natural inclination is to try to spread oil on troubled waters to return the situation to normal, Taurus, but this isn't likely to be the right course of action here. Let things ride. Whoever is hiding something isn't likely to reveal it."
2034,taurus,general,20210106,"Relations with family or other members of your household should be especially warm now. Mutual goals and shared wins and losses are likely to bring you closer. Communication with friends and other acquaintances should be open and honest without being blunt, Taurus, providing you with a rewarding day. You probably won't spend much of your day alone. Make the most of it."
2045,taurus,general,20210117,"Practical matters involving home and family might need some attention today. This isn't anything alarming, Taurus, just a few tasks that you may have put off, such as house cleaning or yard work. Get other members of your household to help. You have other responsibilities to see to. It isn't fair to have to do it all by yourself."
2092,taurus,general,20210305,"The chance to take a trip by air with friends or members of a group could come your way today, Taurus. This might involve an exhibition of some kind, as well as a chance to advance your knowledge in some way. Both the dissemination and the gathering of information are definitely involved. If you can, make the arrangements today. Whatever the journey, it could make a big difference in your life."
2096,taurus,general,20210309,"If you need to do errands, Taurus, don't drag others along with you. Complete your mission solo. You will find that you're more efficient if you don't have to carry the extra burden around. Not only will you get your chores done more quickly but you will also have time to think and process certain things without someone else's energy influencing your thinking."
2102,taurus,general,20210315,"Your attractiveness and sociability are at a peak today, Taurus. Don't hesitate to put both to good use. You will shine brightly at any social occasion, whether you're the host or guest. You radiate warmth and enthusiasm. You draw people to you like a magnet. You may have some important news to share, so don't be surprised if you can't move for all the people gathered around you."
2105,taurus,general,20210318,"Money matters might require your attention today, Taurus. Concerns involving the home are on your mind. You may need to work on the household accounts or balance the records of a home business. You may put in more time than necessary. Don't assume the worst! All should be basically well, so you probably could just balance the accounts and move on. You have other things to do, too!"
2106,taurus,general,20210319,"A trip to a museum or gallery could bring you some interesting insights, Taurus. Maybe you will ignore the realistic paintings and photographs that used to interest you and admire the abstract works instead. They definitely capture your interest, and by the end of the day you may consider taking an art class to learn more about them."
2111,taurus,general,20210324,"You may run into a great deal of opposition from just about every quarter, Taurus. The most frustrating part about this is that even the people you turn to for help will transform the situation into an even bigger mess. Instead of finding relief, you may find more complications and misunderstandings. Perhaps you need to take the situation into your own hands and deal with it yourself."
2114,taurus,general,20210327,"Dig out the paints and get your creative energy flowing, Taurus. Keep in mind that you might not have the discipline or commitment to finish any project you start today, but you most certainly won't lack creative energy. Merge your mental and emotional processes and have them work together on a blank canvas. Bring beauty to the world by letting yourself shine for others to see."
2122,taurus,general,20210404,"Go deeper beneath the surface today, Taurus. You may get along just fine with the way you now handle things. Keep in mind, however, that you aren't likely to progress down your path until you turn up the intensity. If you don't, you may find that someone turns it up for you. Suddenly, volatile emotions could catch you by surprise and you will be floundering for support. Stay ahead of the game."
2129,taurus,general,20210411,"There could be a meeting in your community regarding some extensive changes in the not too distant future, Taurus. The meeting could bring facts to your attention that you should be aware of. The changes are likely to be positive in the end, but now they could be disruptive for all. Listen carefully to what everyone says, think about it, and then determine your position."
2137,taurus,general,20210419,"Taurus, plans to attend a lecture may have to be postponed because someone who's going with you feels under the weather. Overindulgence in food or drink may be the reason. This could be something you've wanted to attend for a long time, so make sure you know when and where the event will take place again. Either that or ply your friend with antacids and go anyway!"
2147,taurus,general,20210429,"Some rather shocking news could come to you from a friend who lives far away, Taurus. This probably won't affect you directly, as it most likely concerns the world economy, politics, or big business, but you still might worry about its long-term effects on society. You could discuss it with friends. You need to remain objective and see how the news develops. It might be less serious than it seems."
2151,taurus,general,20210503,"Offer your services to others, Taurus. Your generosity in spreading your knowledge will be rewarded. Things might be rather confusing at first, but once you start talking, you will be surprised by how much you really know and how far your incredible wit, manners, and sociable attitude can take you. Try your best to reach out to others without seeming needy or demanding."
2214,taurus,love,20200704,"Today's aspect at play could encourage you to be argumentative, perhaps for the fun of it. This is not your usual style, and your partner (current or prospective) could find it very annoying. If you are planning on going out anywhere, or have an important project on hand, it might help if you could summon the spirit of cooperation rather than irritation. At least you will achieve something useful."
2218,taurus,love,20200708,"The current celestial energy brings with it a golden opportunity to spread your wings and to discover new interests that motivate you. If you are in a permanent relationship, then this could bring new life into it and give you new things to do together. If you are looking for romance, then making some good friends could be a start."
2247,taurus,love,20200806,"You know all about transformation lately - you have hardly had a day without it for months. So, what makes today particularly special? The day's planetary aspect marks it as a milestone, or a point of recognition in the process you are moving through. It also puts one special relationship on a new footing. Could the change you are contemplating be the beginning of a joyful occasion?"
2259,taurus,love,20200818,"Today's celestial alignment is having quite an effect on your relationships. You may need to reconsider why you have become involved in something that seems to bring you more difficulty than happiness. This may only be temporary, but you do need to think about what motivated you to make the move in the first place. If you are really serious, then talking will begin to bridge the gap."
2268,taurus,love,20200827,"Your loved one seems to be in a particularly ardent and adventurous mood. The day's planetary configuration indicates that you have every chance to go places you have never been before. It is a day to discover new things you love to do together, and to find other interests you can share. Whether you are with a small group of friends or alone together, it will be really pleasant."
2284,taurus,love,20200912,"You can preach to your heart's content today. The person you want may not rush to your side, but you will certainly have an audience. The one who still remains seated after you have delivered your hour-long monologue is worth taking out to dinner. They obviously appreciate a fine brain, and yours in particular seems to have captured their heart."
2294,taurus,love,20200922,"Today you have every reason to look forward to the future. That very, very special person whom you have had your eye on for some time becomes free, up for grabs, and available for dating and lots more. How can you resist the temptation placed before you? But then again, when have you ever bothered to resist before?"
2303,taurus,love,20201001,"Today reveals there is little point in pretending to be the life and soul of the party or the jolliest person in the room if you don't feel this way. If your partner comments on the lack of terminal jokes you have told so far today, you may have to admit that even you, ""the last laugh of the universe,"" have your quiet and grumpy days."
2305,taurus,love,20201003,"You take things philosophically, especially when they are not going according to plan. But today even your most metaphysical thoughts don't seem to bring the comfort you need. The planets reveal a flaw in your current relationship. This may only be temporary, so don't panic. But if you can work through it now, you may be able to prevent it from becoming serious."
2315,taurus,love,20201013,"There is every indication that today you can openly discuss with your partner exactly what you have been feeling about your current relationship. It doesn't matter how much emotion is locked into certain issues. In fact, it will be an advantage to talk about all of these feelings today, as you both have the ability to see things from a more detached perspective, rather than being so caught up in it all."
2317,taurus,love,20201015,"You and your sweetheart enjoy banter and verbal horseplay, especially if you both can laugh at yourselves. Today you realize that your sugar honey actually has a very rare sense of humor, and one that you had not fully appreciated before. You feel as though you have gained a rare diamond, which you had previously mistaken for a very attractive piece of cut glass."
2320,taurus,love,20201018,"This is a great day for discussion. If you are looking for a new relationship, then try getting out somewhere where you can talk with others. The chances are that you could find someone who, while being on a different wavelength, nevertheless makes you feel very secure and needed, and who can provide practical suggestions for some of your more way-out ideas."
2341,taurus,love,20201108,"A few interesting doors will open up for you today, especially in terms of love and romance - IF you can make the decision to do something different and possibly educational. Search online for places you can learn something new and fascinating, as there you may interact with a person who appeals to you on many varied and interesting levels. Don't be shy - go for it."
2342,taurus,love,20201109,"You'll have the chance to add much-needed change to your relationship by discussing in great depth a certain important issue. You both know what needs to be said but are hoping that somehow the subject can be bypassed and forgotten. This will not help in the long run; like a wound, you both need to heal. Take time to start this process."
2355,taurus,love,20201122,"This is a good time to expand your social network, and to meet some new friends. A person from your college or university days could step back into your life when you least expect it. This time you may have more in common and may find that you get on a lot better than you did in the past. Who knows where this may lead? Go for it!"
2371,taurus,love,20201208,"Use your innate charm, and your most ingratiating behavior to twist your partner (current or prospective) around your little finger. This is one time when the right smile could get you anything you want, and the right words could get you even more. It is certainly worth turning on the charm today, as you will be successful in ways you could not have foreseen!"
2400,taurus,love,20210106,"It may not be easy to convey to a certain special someone just how much you care about them. The current planetary alignment creates a state of conflict, so that even though you think you are saying one thing, a loved one may understand your words in a different way. Perhaps the only solution is to show how much you love them without resorting to speech."
2411,taurus,love,20210117,"Today is very low-key compared to the recent excitement of the celestial events. You may not be feeling like declaring your undying love for your sweetheart. The current planetary aspect induces a mood of deep thoughtfulness, which may encourage you to reflect very deeply on what you want to happen next, or on your future together. But don't make any final decisions right now, as you are not at your most positive. Just bide your time."
2458,taurus,love,20210305,"The celestial atmosphere today gives an opportunity to learn a few things, and to get all fired up and back on track. But don't expect this to be true only of your career; this aspect can also create a very positive effect on your romantic life. You only need to find something that makes you feel excited to be able to meet someone who resonates with your enthusiasm."
2462,taurus,love,20210309,"Social outings and occasions could yield some gems as far as one-to-one personal relationships are concerned. The astral configuration today may bring someone quite unique into your life, but don't expect them to be anything like your average date. This particular person may not only dress in a unique way, but has a few ideas and ideals that are in marked contrast to the mainstream approach to life."
2468,taurus,love,20210315,"It may seem difficult to get this evening's date off to a good start, chiefly because of the current celestial atmosphere. However, don't give up immediately. Although the conversation may not be too scintillating, it could be because you both have other matters on your mind. Try offering each other the gift of friendship, and allow yourselves to discuss what is concerning you, rather than trying to make an impression."
2471,taurus,love,20210318,"If you are trying to decide what to wear this evening, you may find that with today's celestial atmosphere, you will actually be more successful if you go for something that is distinctly unusual and original. There is no point at all in wearing an old favorite. Anything flowery or lacy is also right out. You're just going to have to go for that high tech modernist approach!"
2472,taurus,love,20210319,"Partners - real or potential - are set to take you off on the experience of a lifetime. You have a chance to adventure into unknown zones. The current celestial aspect indicates that with this there is a price. Nothing comes free. You may have to commit yourself to something more than a casual relationship... create a deeper bond. If this is want you want, then go for it."
2477,taurus,love,20210324,"This could be a great day for meeting all kinds of people. If you are seeking that special relationship, then it is even more perfect. But make sure you get out to make new friends. Conversation is key here. Not that you are usually at a loss for words in any way - but today you will probably be even more witty and charming than usual."
2480,taurus,love,20210327,"You may find yourself becoming increasingly suspicious as the day goes on, especially as you thought you overheard an item of conversation that seemed to be hinting something about your latest love. Today's planetary alignment may increase rather than decrease your paranoia. But if you truly love your partner (current or prospective), you will take time to gently find out the truth, and this will help put your mind at rest."
2488,taurus,love,20210404,"In taking the step of joining a new group, or a particular course of study, you may meet up with someone whose lifestyle and approach to living are very different from your own. With the present planetary alignment they may not be quite as down-to-earth as you are, but nevertheless, they do have something very appealing about them, which you would certainly like to learn more about."
2495,taurus,love,20210411,"The celestial atmosphere brings with it a chance for yet more change. In this instance it is a particular conversation, or even something overheard or read that triggers a reaction. Whether you are in the presence of your partner (current or prospective), or need to get them by phone, something has stirred you enough to want to bring a resolution to a particularly intense issue. Take that step now!"
2503,taurus,love,20210419,"If you were hoping for a quiet day, then the present planetary alignment may not be quite what you wanted - especially as it could set in motion an incident or event that could change the balance of your relationship. Yet even though this may catch you unaware, you could discover that it has actually improved matters between you, as you agree to give each other more space."
2513,taurus,love,20210429,"Your capacity for conversation may reach new heights today, and you could surprise yourself with your determination to make a certain point, or to bring about specific changes through a particular discussion. The current planetary transits encourage you to talk big time, and not to beat about the bush when expressing your needs. You will make great progress by being fearlessly honest and staying open to the truth."
2517,taurus,love,20210503,"The current astral configuration makes you realize that you are going to have to act quickly if you want to get to know someone a lot better, because time is running out. All it needs is for you to summon some resolve, put on your sexiest clothes, and get on the phone to arrange a time to meet. Make your mind up, and get on with it."
2580,taurus,career,20200704,"For most of the day you will be feeling on top of your game. Just make sure you don't get too over-confident. When you assert yourself today, you must realize that people who usually go along with what you say might actually snap back with defiance."
2584,taurus,career,20200708,Confusion will arise around mid-day and will most likely set you back if you are not prepared to deal with it. Set your plan during the beginning of the day and then use the afternoon to follow through. Plans initiated mid-day will most likely flop.
2613,taurus,career,20200806,Slow down your pace. You are going to burn yourself out by the end of the month if you don't calm yourself down and relax. Remember that you don't always have to be operating at full speed in order to be effective in the workplace. Take it easy.
2625,taurus,career,20200818,"You will encounter a difficult situation in the workplace and the only way around it will be to compromise. Although you are ready to go into battle, everyone around you wants peace. Harmony and cooperation need to be your primary goals at this time."
2634,taurus,career,20200827,Continue working on what you started yesterday by riding the wave you are on instead of giving up and trying something new. Follow through on your actions instead of leaving them hanging. Bring projects to a close before starting new ones.
2650,taurus,career,20200912,The support that you need is there. The confidence that you have been hoping for is within you. There are no more excuses. Proceed with great conviction and you will be richly rewarded. You are in a good position to make a major career move now.
2660,taurus,career,20200922,"Communication has been fouled up during the past three weeks, but this is ending now. Starting today, the tone for much clearer communication all around. Now is the time to set the record straight."
2669,taurus,career,20201001,Your head seems to be going one way while your body is going the other way. You are conflicted about a certain issue and so you are trying to play both sides. This is fine. This is not the time to declare which side is right and which side is wrong.
2671,taurus,career,20201003,Your mind is buzzing with conversations from the day before. It seems as if your mind is on replay and you can't get other people's words out of your head. Do your best to let these thoughts go and don't let them dominate your consciousness today.
2681,taurus,career,20201013,You are a pioneer and an inventor. Tune into this part of your personality as you go about your day. Ask yourself what needs to be created in order to make your job go more smoothly and efficiently and then make plans to create this very thing.
2683,taurus,career,20201015,"You will feel indecisive, and this will make you irritable since you would rather make a decision than sit in limbo. Resist the temptation to act without thinking first. It is fine to spend time in deliberation. It will behoove you to do so."
2686,taurus,career,20201018,"Whether you are at work or not, you will feel a tremendous pressure to get certain tasks accomplished. If you are at home, attend to household jobs that you have wanted to get to for weeks. Today is the ""rainy day"" you've been waiting for."
2707,taurus,career,20201108,"Exercise your creative talent in a way that has nothing to do with your work. Take some time to free your creative abilities through a drawing, painting, or song. Doing so will help you be more effective, and it allows you to develop more creative ideas and solutions."
2708,taurus,career,20201109,The atmosphere calls for you to be social and outgoing. Smile when you encounter other people. This kind of mood will rub on others and get the week off to a very good start. Don't shrink into the background. Make a statement and reach out.
2721,taurus,career,20201122,Take care of personal issues now so that you can have a fresh start as the week begins. This is the day to focus on yourself and your own needs. Be selfish. Put yourself first. This will give you a more solid foundation to work from next week.
2737,taurus,career,20201208,"You can plan all you want and make a contingency scenario for every possibility there is, but if you never take that first step forward, you will never reach your goals. This is a good day to get moving and turn your plan into action."
2766,taurus,career,20210106,"You are on the brink of something big, but yet you are still one step away. The good news is that this one step is just a small one. You are actually much closer than you think. Hang in there. A breakthrough will come as early as tonight."
2777,taurus,career,20210117,"You have an important piece of information that you need to move through the system today. Unfortunately, however, a strong force is blocking your way. It seems that someone is automatically opposing all new ideas. Don't give up hope at this time."
2824,taurus,career,20210305,Your mind will have a hard time dealing with the unexpected energy that comes your way. Stay on your feet and be open to different possibilities. This flexibility will be key to staying sane during the surprise events that pop up throughout your day.
2828,taurus,career,20210309,Ideas will come pouring into your head all day. The phone will be ringing off the hook and you will get much more mail than usual. This is not a day to call in sick. You are too valuable of a player. Other people will be trying to get a hold of you.
2834,taurus,career,20210315,"Someone's erratic, unpredictable movements are making it hard for you to know how to proceed with the greatest efficiency. It would be easy if people were logical and trustworthy, but this is not the case. Be patient and roll with the punches."
2837,taurus,career,20210318,"Someone drops a lucky charm in your lap today and you will have this lucky charm for the next three weeks. Regardless of the day-to-day ups and downs, today marks the start of a very positive three-week cycle for you, in which you will flourish."
2838,taurus,career,20210319,"You have the urge to travel, and not just travel to the next town, but maybe to another side of the country. Your thinking broadens and suddenly you want to travel to another side of the world. Adjust your career plans to fulfill this dream if at all possible."
2843,taurus,career,20210324,"Rely on your intuition. The voice inside your head knows exactly how to proceed, so trust this inner voice. People may try to cloud your head with facts that are untrue or not validated. Don't get thrown off track by them. Listen to yourself."
2846,taurus,career,20210327,Quicken your pace. You have been dragging your heels lately and this attitude is reflected in everything you do. Be more aggressive; reach for your goals with conviction. This shift in attitude will have a positive effect in all aspects of your work.
2854,taurus,career,20210404,You will sense what needs to be done well before anyone tells you what needs to be done. Listen to your intuition. Don't wait for instructions; just proceed. Superiors and co-workers will appreciate it when you take the initiative on projects.
2861,taurus,career,20210411,"If you are wavering in any way, you will automatically get pulled into a crossfire. Other people want you to side with them and you are hesitant to do so at this time. Continue collecting facts before you make any big moves. There's no rush."
2869,taurus,career,20210419,"Everything you do for the next few months will have a strong creative edge to it. A cycle begins today that will bring out your artistic nature and ask you to create with colors, shapes, patterns, and forms instead of words and numbers."
2879,taurus,career,20210429,"Sometimes you wish that you could do your work in a bubble - completely undisturbed by anyone. Unfortunately, however, this will certainly not be the case on this day. In fact, quite the opposite is true; so, don't try to hide away. It won't work."
2883,taurus,career,20210503,"Partnerships of all kinds should be going very well. With regard to business associations, success and good fortune could seem right around the corner. Stay focused on your goals now and you will be able to attain them in no time."
2946,taurus,wellness,20200704,"Today's atmosphere helps you express your emotional side. With so much attention being paid to your energetic personality, it can sometimes be a challenge to make yourself vulnerable and really know what you are feeling. Movement that challenges you to be physically vulnerable is a recommended practice for emotional release. Yoga, of course, and stretching out the chest cavity in particular. Applying a hot water bottle to your chest at night is another way to bring gentle attention to your emotional core."
2950,taurus,wellness,20200708,"Pacing yourself is the name of the game. Whether you have just started an exercise regimen, or been at it for a while, pay attention to your pace. If you are beginning a new health practice, make it relatively easy to manage - so you can keep on doing it! Don't press yourself too hard in the beginning - remember, you are building a habit. Likewise, when you have been doing something for a while, it's important to press yourself gradually further into it (increasing the pace), so that you stay interested."
2979,taurus,wellness,20200806,"Your least favorite thing is to be blamed for causing some kind of disappointment, and you may find yourself caught in this type of bind this week. There's no way to really change your basic nature, but you can prevent certain situations from occurring. For starters, be honest with yourself about how busy you are and whether or not you can manage everything you need to get done for yourself before you make plans to help others."
2991,taurus,wellness,20200818,"Change is something you are tentative about, but with the right approach you can also find it exhilarating! The celestial energy gives everyone the chance to radically change something - from a haircut to a breakup! Ask yourself what would be a positive step. Chances are, you will look to your health practices and notice a little fine-tuning is needed on your goals. Try to make some time in the next couple of days to refine them."
3000,taurus,wellness,20200827,"Consider today's aspect as favorable to focus on what you are feeling, so that you can directly express it to someone else. You want to know more than whether you are happy or sad - you want to be able to express to someone in detail what you are feeling. This is the state of being truly understood. To start with, try to understand yourself. This necessarily begins with knowing what your body needs every day. Plenty of rest and healthy nourishment are just the basics."
3016,taurus,wellness,20200912,"Usually, you are a pretty happy and healthy individual. As long as you are in the spotlight and feel the admiration of those around you, you are energetic and seldom slow down. Yet, in order for this fire to not go out, you need to take care of your body's myriad needs. Visualize how you would eat and what schedule you would keep in a perfect world. Visualization is the starting place. Your enjoyment of unusual food can motivate you to try out new recipes that ultimately lead to a healthier diet."
3026,taurus,wellness,20200922,"Today's aspect at play will make you feel powerful and in control. The choices you make about your own body represent this personal power and control, so if you've been making good choices, you will feel superb! It's also a wonderful time to begin taking seriously the health practices that you may have been participating in only halfway. What you give to yourself in terms of time will radiate as love energy throughout your entire being."
3035,taurus,wellness,20201001,"While everyone else is complaining they're having a bad day, you could be plotting your victory move! It's a good day, for example, to impress the boss without really trying. Today you may see things turning out in your favor for no other reason than sheer luck. Be careful not to get so caught up in the momentum of events that you overlook your own basic needs. It would be tragic if you missed the boat altogether because you forgot to eat lunch and got into a bad mood!"
3037,taurus,wellness,20201003,"You should notice that things bear little resistance today. Not that you mind intensity, but it's very important that you drink a lot of water in order to temper the emotional expansion of the day's energy. On an imperceptible energetic level, you are being tested, and it's critical that you stay present. Drinking water will help you keep your emotional self ""lubricated."" Trust me."
3047,taurus,wellness,20201013,"The current planetary configuration gives us a chance to pull out the physical and emotional needs of our inner child - the need to be nurtured, the need to be fed and well taken care of - into the structure of our waking hours. It helps us to implement what we want in our lives. Therefore, this is an auspicious time for making known to yourself what will help you feel more secure in your life. Ask yourself: what do you need in order to feel good?"
3049,taurus,wellness,20201015,"The day's planetary energy can be of great benefit to you. The aspect at play asks you what you need to feel good and helps you by highlighting the areas in life that matter to your health. The planets do not lie. They may make you see the world through rose-colored glasses at times, but they can also give you the facts of the matter in easy to understand terms. For instance: diet and exercise? Water as an element of life?"
3052,taurus,wellness,20201018,"It's a good idea to increase your strength at this time. Whatever you normally do for physical exercise, focus on strength building. If you run, try to increase the strength in your upper body to make take some of the burden off your hips. If you typically do yoga, substitute weightlifting once a week to increase your ability to hold a pose in the future. If you favor one side of your body, strengthen the weaker side this month."
3073,taurus,wellness,20201108,"Making yourself truly comfortable in your body takes a lot of work. Have you ever seen people who look really physically fit, but still something makes them look awkward in their skin? There is more to being ""in shape"" than meets the eye. It's a whole process that starts with what you eat and how you eat it. (Do you eat on the fly? That doesn't help!) Get yourself eating what and how you would like to eat this week; the rest will follow."
3074,taurus,wellness,20201109,"Today the planets give you the drive to complete any task at hand. The celestial atmosphere impels you to pay attention to your body and especially hygiene. You will be a lot happier if you clean your house regularly, do your laundry at least once a week, wash the dishes immediately after meals, etc. This aspect will increase your appreciation for your home life. When your home is your haven, even if it's a temporary home, you are a more balanced individual."
3087,taurus,wellness,20201122,What if the thing you wanted most were given to you - would you know what to do with it? Think about what that would mean. What would you want? A new job? A new relationship? A new house? All these things are material and thus prone to change and disappointment. If you have your health you have something that is immaterial and thus more precious. Use the favorable aspect of the day to focus on what you really want. (Hint: focus on your health!)
3103,taurus,wellness,20201208,"With today's astral energies at play, you may feel extra sensitive. If you don't know what you think or feel, perhaps you could take some time to yourself and do something relaxing. Take your mind off the job, the kids, the spouse, the boss - and spend some time getting distracted in a healthy way. Definitely exercise, definitely drink a lot of water. The balancing act of separating what you want from what others want will be easier if you give yourself some extra room."
3132,taurus,wellness,20210106,"Keeping things in balance is never a done deal: there is always another day with things that need tweaking, issues that need ironing out. Give yourself the benefit of regularly balancing what you eat, in order to satisfy that desire for equilibrium. Eating fresh, organic produce is one of the best things you can do for your health. But you don't always have to be the one who cooks! Treating yourself to takeout once in a while can have a relaxing effect."
3143,taurus,wellness,20210117,"Your heart is in the right place when you care for yourself as well as you do for others. You need to be encouraged to eat well and exercise and get plenty of rest. Be careful if you find yourself in a relationship with someone who tells you the opposite, that it is most important to take care of their needs to prove you love them. This is a trap for you, and you must look for partnerships with people who share your healthy habits."
3190,taurus,wellness,20210305,"Give in to your gentle side today. Where there is a tendency to eroticize, look further into your body and find the true need beneath the surface titillation. The astral energy is helping you address your needs. Do not be afraid to make changes that seem ""irrelevant"": if you don't like your current exercise routine, make a change! Things like this are best to clarify and act upon now, so that you don't end up punishing yourself in the long run."
3194,taurus,wellness,20210309,"Get some space today. You are filled with a sense of power, and you need to work out what to do with this yourself, not with others. There is a lot you can do with this energy. For one thing, the physical exercise you do could put you in a trance state where you will receive important messages from your unconscious. Don't miss this! There is a lot of healing energy within you, and this transit is a way to tap that energy for present and future use."
3200,taurus,wellness,20210315,"Your ability to manage your busy life has a lot to do with what you eat and drink, whether you exercise regularly, and how you take care of your bodily needs. Take a clear look at your eating habits and your exercise regimen. Can you prepare your own meals more often, starting from scratch, instead of just getting takeout or heating a prepared meal? Can you add some more vegetables instead of adding a second helping of meat? It is the little things that can stand in your way to a healthier lifestyle. Being aware is the first step."
3203,taurus,wellness,20210318,"Knowing how to care for yourself takes preparation! Bring out the best in yourself by planning ahead. There is almost no physical activity that you wouldn't enjoy, so pick the one that is most convenient for you on a practical level. There should be little or no obstacles in the path of getting this exercise. Build up a practice around this chosen activity and use it as your support for when the going gets rough."
3204,taurus,wellness,20210319,"The energy emanating from the planets today presents a mental challenge. Emotions and power are growling at one another; maybe they're even engaged in a real fight! The mental challenge is in stepping back and assess the situation. How much is at stake? Will it eventually blow over? Is it about winning and losing? Most of all, the challenge will be to continue to respect your personal health regimen in the face of this distraction. It is neither fair nor prudent to neglect your body and all the energy contained therein."
3209,taurus,wellness,20210324,"Today's planetary alignment gives you the ability to see yourself for the good, beautiful person that you are! If you have been tending to your needs and paying close attention to yourself (diet, exercise, and sleep) you will feel especially good. If you have been feeling guilty because you've been distracted and neglecting your body, such a benevolent aspect reaches deep into your core and spreads its healing rose-gold light."
3212,taurus,wellness,20210327,"You probably feel like playing these days - and play is something you happen to excel at. It is already common knowledge that you are a passionate being, and today's astral configuration brings out that passionate energy even stronger. Practicing safe sex is probably one of the biggest health concerns out there. Protect yourself and your partner, so that you can stay ""negative"" - and have a great time doing it!"
3220,taurus,wellness,20210404,"You have a wide-ranging palate and are often the person at the table who will order something new or unusual. This palate is connected to a willingness to explore the physical and sensual areas of life. It's important to be open-minded about physical pleasure, though some do not give themselves permission to do so from a young age and become blocked. The body can store blocked energy in profoundly secretive ways. Experiment with various holistic massage practices if this interests you (Alexander Technique is one)."
3227,taurus,wellness,20210411,"Wishing that things were different doesn't often change matters. Unless of course, you reach your breaking point and then bust a move. You work this way much of the time. You hunker down and fester over something, and then one day for no apparent reason you change your tune. It's hard to always know whether you're festering in a productive way or not. To help cover your bases, keep a rigorous physical regimen going on during these times of confusion. This you don't have to think about: just do it."
3235,taurus,wellness,20210419,"With today's planetary aspect, you will probably begin remembering portions of times past that have stayed in the background for some time. It can be a sentimental time, and you may feel a heavy sense of nostalgia. Let this sort of energy come out through your body. Yoga is a wonderful way to excise old, pent up energy and bring in fresh new energy to help cleanse your spirit. It is a healthy process."
3245,taurus,wellness,20210429,"The main benefit of the physical component of your sign lies in stimulating the energy around the third chakra. There are many ways to do this and often times ""sex"" can be one of the more complicated ways, especially with the current position of the planets. Try doing simple yoga poses two or three times a week and you will notice your energy rise and flourish."
3249,taurus,wellness,20210503,"You begin to notice more about your body - you may spend more time in front of the bathroom mirror critically analyzing your complexion or standing on the scale playing the numbers game. This is not exactly the healthiest way to spend your time, but we all do it. Intensity will be accentuated during this time. Drinking lots of water will help you to focus on your body in a positive way and eliminate toxins."
3312,taurus,birthday,20200704,"You have a secret source of great love and support this year, possibly from friends and relatives. Be grateful and don't press for explanations. It may be a year of random acts of kindness, so perform your share. Be energetic in October, smoothing ruffled feathers and restoring peace and pleasantness at home. Be more low-key in November, but still fully enjoying life. A change-up in daily routine could have long-lasting effects. Enlightenment is possible in February. If sparks fly at work in April, you can cope with it. Spend the last month lavishing and receiving love and encouragement. It's a passionate, powerful year!"
3316,taurus,birthday,20200708,"Your daily life doesn't need to have anything lackluster about it this year. You've got the magic touch, especially at home in the first month, and know how to set people at ease. After a nice, quiet stretch, family and friends may want to spend more time with you in October. Enjoy the attention and tactfully share any extra expenses. People want to treat you well and stay in your good graces. Reserve judgment in December if a close friend or lover disappoints you. You can learn why before the year ends. Let tender feelings express themselves, and treasure those hugs and kisses!"
3345,taurus,birthday,20200806,"Your tastes and desires may differ from what the world offers, but don't swerve from what you love. In October friends or family may suggest things you don't like to do, but be gracious and play along if you think the company is good. Follow your own drumbeat in December, be calm and pleasant through the holidays, and be glad you did. If misgivings arise in April or May, that's fine. Respect your right to reevaluate earlier opinions and actions. Learn, improve, and advance. Love yourself, and give others the chance to love you, especially in the last month. It's a stimulating, sexy year!"
3357,taurus,birthday,20200818,"Be part of a bigger extended family and take a bigger social role with friends and community. Bake more brownies (to share, of course) or simply smile and comfort the shy and quiet around you. Focus on the details of daily life despite desires for great or flamboyant things. In November friends may expect you to take the lead in everything. Be bold and creative in January. A flash of love in February promises great things, but may fizzle. Enjoy and don't be disappointed. A reward for a forgotten favor may appear in April. Be popular, sought after, and downright loved all year!"
3366,taurus,birthday,20200827,"Things can click and fall into place for you in the material world this year. Generosity, good timing, and just being smart will all contribute to your financial progress. Details are easier to manage, so watch that budget, pay the bills on time, and enjoy being with your favorite people, especially in the fall. Big pleasures can come to you at zero or very little cost in January. A romantic fantasy may find you in February. Enjoy, but don't flounder in it. Do some favors in April and be rewarded. The last month is full of gifts and glamorous times! Have a proactive, prosperous year!"
3382,taurus,birthday,20200912,"Be articulate and charming this year, and perhaps speak for those who can't speak for themselves. You know what matters. Work and finances look stable enough to permit more public involvement - and enjoyment, too. Cultivate diplomacy and find energetic companions in the first month. In November interact with sympathetic friends, but don't be overly ambitious. A home affair may need attention in January. People will offer help should you request it. Respect your health and energy level in February. Be highly visible in June. People will remember and seek you out again in July and August. Better than fame - bask in good luck, good deeds, and love!"
3392,taurus,birthday,20200922,"Step into your own light this year! A karmic peek into your own mind is possible in October. Get finances and expenses under firmer control in November. Fun and adventures near to home are on your cosmic agenda in December. Friends will encourage this. Love and be loved in a bolder and more vocal way in March. Disagreements shouldn't be necessary. Even you should notice a more self-confident, outgoing mood by July and August. Connect better with more people in the last two months, and leave room in your heart for that most intimate and special one!"
3401,taurus,birthday,20201001,"It's a great year to bring home life and social life into better accord and surround yourself with happy family and friends. Your playful, clever nature encourages people to listen to what you have to say. Older people and relatives may be drawn to you - and be generous - in November. Be busy and renew contacts in December. January may draw you deep into a home concern that will greatly enhance your overall environment. Don't stress over any changes. Love suddenly enters the scene in April. Enjoy some rare peace and quiet until August reignites life with big fun and affection!"
3403,taurus,birthday,20201003,"Your inner child is near the surface this year and will lead you to many joyous and creative times! You're smart and naturally cautious, so there should be very little risk involved. You may be especially cautious regarding money in the autumn, but this will relax and leave you with more than enough resources for everything you need and want. You may crave new romantic excitement in the spring. Work and rest well so you can be ready for a boost in your social life in August. The last few weeks of the year may be the loveliest and most affectionate of all!"
3413,taurus,birthday,20201013,"Feel at home anywhere in the world this year, and get attached to a few new favorite places, people, and things. Your great natural charm will make you popular no matter where you are. Your clear, thoughtful nature makes you easy to get along with. Being practical, energetic, and enthusiastic in the first three months will propel you through a successful, happy rest of the year. A brief escape into fantasy lightens up February. Play it safe in April. A trip is possible in July. Work is pleasant and plentiful in August. The last month is full of harmony, happiness, and love!"
3415,taurus,birthday,20201015,"You'll be on a lot of people's radar this year, and having such a public presence will bring you much good luck. Your mental and social skills are at their peak and work together flawlessly, starting in the first month. Pace yourself and don't overexert, especially in November and April. Money and possessions may motivate you in December, making it sometimes hard to slow down. Find artistic or spiritual release in February. You glow in the work world in August. An increase in money, reputation, and recognition are all possible. Be modest and know you're worthy. Enjoy a glorious, glamorous year!"
3418,taurus,birthday,20201018,"Think big, talk with lots of people, and go out and be seen! It's no time to hide out with a small circle of friends and associates. Think instinctively before you act in the first month, and balance charm and mature sophistication. A monetary windfall (maybe some borrowed money returned to you?) or valuable gift may find you in December. Say thank you. Dream big in February. Avoid needless risks in April, and play it safe and happy. Be more prominent at work in August, and don't shirk from being more in charge. Get social and popular in September. It's a fun, fabulous year!"
3439,taurus,birthday,20201108,"Taking care of business ranks high for you this year, and a lot of that business may not even be yours. Be patient, listen, and take time to reply, especially with loved ones in the first two months. Keep to that budget and stay secure in January. Make your home more loving and lovely in February. In April surprise someone with an old favorite trick they've never seen you do. June and July may be busy with other people's concerns. Do what you can and have no regrets. Win hearts in August and win minds in October. It's a splendid, loving year!"
3440,taurus,birthday,20201109,"Enjoy a lot of mutual concern and give and take among friends and family this year. No one will feel stranded or forgotten when times are easy or rough. Be the tactful voice of reason for your family in the first few months. Put more energy into increasing income in January, and see quick results. Mind the budget, though. Decompress with some mildly crazy fun in April and May. People may need one another in July - be there and be cherished. Be sublimely lucky and popular in August. As the year ends, be greatly respected, loved, and admired!"
3453,taurus,birthday,20201122,"Your generous spirit drives you forward to happiness and success! Keep yourself in the equation of life, help others, and greatly help yourself. Material well-being is the focus of January, and you have energy and luck to profit from all your work. Friends offer relief, comfort, and fun in February. In March and April fill your home with a fresh feeling that's pure you. August can get exhausting and expensive, so respect some limits, as hard as that may be. The last month may have some frustrations, but don't get impatient or question any decisions you've made this year. Live and love to the fullest!"
3469,taurus,birthday,20201208,"You don't have to solve everyone's problems this year, but you certainly have the strength and know-how to do so. Be sweet and firm as the year begins. See a radically different side of yourself in January. This can benefit you in your finances and in the work world in February and October. A change at home or with family could be big but no surprise in April or May. People may keep you busy with their problems in July and August. Listening can be helpful, too. Honesty and heart-warming clarity in an established love affair are yours in the final months!"
3498,taurus,birthday,20210106,"Be energized and serious about all you do this year! That includes having fun. You might be the center of excitement in April, or you may spring a huge surprise on everyone. Be humble in public and thrilled in private. Save some passion for your own well-being in August and have a great fun-filled summer. Other people take up your time in October, but it will be good for you later, too. Feel serious and work hard in December. In January a big change at work could happen around you. Stay settled. Friends and that special love are never far away!"
3509,taurus,birthday,20210117,"Many exciting times are on your horizon this year! Be sensible, pace yourself, and have the energy to do as much as you like. Surprise people all year, especially in March and April. Force yourself to take a moment and focus your attention on what you want to achieve. Be ambitious. A touch of charm will make your great energy more acceptable, and even admirable, to many people. August may get wild and hyper, so stay practical, especially about money. Be wise, influential, and modest in late November. In the last few months be surrounded by loyal friends, brilliant ideas, and great love!"
3556,taurus,birthday,20210305,"It's a busy year full of big plans and big energy! Get your schedule organized in the first month and work hard. Save a little more, if you can, and see a sweet personal reward before July. August could be busy with summer excitement, but it doesn't have to be expensive. The end of December could be hectic, but stay focused and do your best for yourself and others. You might have an urge to get away from it all in January. Friends - and a special new love - will give you all the affection and rest you need at year's end!"
3560,taurus,birthday,20210309,"You can make your career glow with success this year or you can make a shift to something new! You are most practical and solid in the first month. You can get inside people's heads, too. Keep the cash flow balanced and maybe acquire a small desired item in June. Enjoy some pleasant but inexpensive summer fun with family in August. Romance gets nostalgic in November. Prepare for a possible big change at work in January. February is big, so look and do your best. Relax with friends afterward and let some surprises make you smile. Love isn't far behind!"
3566,taurus,birthday,20210315,A secret desire for something special could motivate you this year. Or it might be time for you to make private plans for a nicer lifestyle. Be ambitious and busy in the first few months and perhaps create a financial opportunity. Enjoy more luxury time with friends and family in July and August. Try not to spend away whatever you gain. Be sensible in love in November and feel appreciated. A startling new idea or project could distract you in January. Friends may inspire you in February. The last two months are bubbling with fun and affection. Make great advances this year!
3569,taurus,birthday,20210318,"This year you may get more interested in money and the nice things it makes possible. Cleverness and get-rich-quick schemes won't deceive you. You may discover some sound, practical ideas in the first couple months. Hard work matters, too, and you may deserve a small private treat by July. Share good times with family and friends in August. You might want to host a party or summer event. A quiet romance could find you in November. Stay low-key and let things take care of themselves. Friends and the social scene come to life in the remaining months, including much love!"
3570,taurus,birthday,20210319,"Charm and elegance are yours this year. You're smart. You know that life is more than money and material comforts, but you don't discount their importance. Be highly motivated all year and achieve a lot early on with what feels like little effort. Work diligently and maybe celebrate in August, perhaps on vacation. A friendship could become a serious romance in November. Deal promptly with any perceived crisis in January and see quick, easy resolutions. Amuse yourself with dreams of luxury in February. Friends and lovers are there for you, sometimes surprising you in the last two months!"
3575,taurus,birthday,20210324,"Find countless pleasures in daily life and have a great time all year! You're full of energy, so nothing and no one can rain on your parade. Be smart and sensible in the first few months and calmly work hard to further yourself. See better income and steady progress before July. Be lucky and feel rich at home in August. In September be more young at heart and enjoy things more. Be healthy in November and poised to handle any problem in January. Dispel a cherished dream at work in February and move forward. Surprising love and friendship round out a great year!"
3578,taurus,birthday,20210327,"The pleasure of good partners and teammates will make this a happy, powerful year! Early on think carefully about where you are and where you're headed, then work hard and be ambitious. The home budget may grow in July as you see progress. Be very lucky in August and attract more luck for your home environment. Don't remodel yet, though. September and October are times to luxuriate in doing what you love with people you love. In February you may recognize that a previous opinion came from a false impression. It's easy to fix things. April is yours for fun and fantastic love!"
3586,taurus,birthday,20210404,"You always have the big picture in view and know what to do when! You may not pay much attention to others, but you inspire them. Be most energetic in the first month. Friends keep you hopping and happy in July. Surprise yourself in a big way in August. Do good things with it. Catch up with some older friends in November. Learn and try new things with new people in new places in late January. Be realistic and responsible but open to the future. Friends and love return in a big way in the last few months. What a charmed and charming year!"
3593,taurus,birthday,20210411,"You know what you want and how to get it this year! You may not get everything instantly, but you know how to make it happen. Cleverness and energy are gifts that serve you well, particularly in the first few months. Be quietly productive and responsible. A friend may have some good ideas for you in July. Some unexpected good luck may find you while you're busy having fun with family in August. Reevaluate your position in November, and don't be too self-critical. You're doing well. In April and May relax with friends and perhaps a loving admirer who finally speaks up!"
3601,taurus,birthday,20210419,"Your best luck and greatest treasures will come from people and places close to home this year. People work smoothly with you, and your enthusiasm and energy will find lots of constructive projects in the first two months. Be respectful of your money and have more than enough. August is pleasant and September absolutely joyous with social and family events. No need to run wild or be extravagant. Everyone is feeling generous and loving. Respect any health concerns in November and let go of any regrets. In February aspire to something more for the future at work. It's an ambitious, affectionate year!"
3611,taurus,birthday,20210429,"Be your own best friend and be healthy and happy all year long! Friends and family will encourage you to take better care of yourself and make it easier. See benefits in August when your energy increases and smart decisions can bring more income. Have fun all summer, and be generous without spending more than needed. Feel more creative in November, but let those bright ideas simmer. Take good care of yourself in late December, and don't overdo the holiday eating and partying. Love could surprise you in January. Pleasant surprises at work in April may pay off big for months to come!"
3615,taurus,birthday,20210503,"Have big plans, big ideas, and big dreams! There's all the energy you need. Be realistic in your approach and see what you can make happen. August is loving and luxurious without any need to overspend. The whole summer is made for fun. Enjoy quiet time in November and politely ignore any meaningless criticism. A big love (not necessarily a person) could come or go in January, or perhaps it's simply a shift in the romance lineup. Working for a good cause touches your heart in February. Be daring but not reckless at work in April and gain respect and rewards. Have a magnificent year!"
3678,gemini,general,20200704,"The intensity of the day is apt to bring opposition that you aren't necessarily expecting, Gemini. Whether it's being verbalized or not, the confrontations are quite real. Don't underestimate a loved one's emotions. Stand up to these issues and be realistic about their solutions. No one expects you to have all the right answers, so don't pretend that you do. We're all human and we all make mistakes."
3682,gemini,general,20200708,"There's a damper on your emotions today that could leave you feeling like a pot of simmering water, Gemini. Just by knowing there's a lid on things you're likely to heat up more quickly than usual. Try to hold your temper. A furious rage will get you nowhere. Concentrate your energy on getting your material affairs in order. Deal with finances, investments, and long-term security planning."
3711,gemini,general,20200806,"Your world may seem rather tight and rigid this morning, Gemini, but the good news is that difficulties are apt to melt away as the day progresses. Don't assume that opinions are fixed in stone. Things can change in an instant. Even if they seem one way at one point, more than likely they're going to manifest themselves completely differently later."
3723,gemini,general,20200818,"Today could bring some strong feelings, Gemini. This may not be new, as you generally tend to feel things deeply. Finding a way to express this could sometimes be tough for you. While you're creative, it isn't always easy to find the right activity to get you going. Visit an online bookstore and look for some appealing craft or art books. They may spark ideas for expressing yourself."
3732,gemini,general,20200827,"Your ship could come in today, Gemini. It will happen unexpectedly, and it may take you some time to adjust to this sudden financial windfall. This is a day of big changes, because you may also decide to use this money to completely alter your way of life. It could be that you make a move to another part of the country or decide to change professions. Trust your instincts, Gemini."
3748,gemini,general,20200912,"You're likely to be in a solitary mood today, Gemini, and probably want to spend the evening reading or working on a project of your own. However, it isn't likely to work out that way. Family could drop by or some equipment could go on the blink and require repairs. Some unexpected calls could come your way. Take a deep breath and summon your good manners. You can be alone tomorrow."
3758,gemini,general,20200922,"Did you forget to take two aspirin before you fell into bed last night? This morning you may feel in a fog, but it should lift around midday. You could be surprised by some heartening news from a friend or relative regarding a difficult situation that is now being resolved. Enjoy the boost of energy that this good news gives you."
3767,gemini,general,20201001,"Gemini, love of all kinds - the love of friends, the affection of family members, romantic love - flourishes in the home today as you hear from a great deal of people, perhaps unexpectedly. One of these people could bring some wonderful news about money. A strong sense of unity should be very apparent, at least to you."
3769,gemini,general,20201003,"You may have gotten yourself tangled up in a deep mental drama over a series of recent incidents, Gemini. Your mind may be working overtime in order to solve the riddles. It's quite possible that the reality of the situation is that you're simply making a big deal over nothing. Today is one of those days in which you will face the harsh reality that comes as a consequence of your over-the-top thinking."
3779,gemini,general,20201013,"Just about every department of life should be going very well for you now, Gemini. Business, finances, and partnerships are likely on their way to success, while personal relationships of all kinds, particularly romantic ones, should also be more rewarding. You might be thinking of expanding your horizons through new enterprises or study. Don't be shy - go for it."
3781,gemini,general,20201015,"Tonight, you might decide to attend a small group activity of some kind, if possible, perhaps one concerned with philosophical or spiritual matters, Gemini. Everyone who attends is apt to feel very strongly about the subject, so discussions could prove lively and exciting. Your mind could be spinning like a top when you leave, so if you can, walk home so you can clear your head. Write down your thoughts. You will want to remember them."
3784,gemini,general,20201018,"Today's arena is one in which you can find a great deal of material, Gemini. There will be no shortage of energy to work with or opinions coming from you. Realize that your words have a greater potency about them as people become more intent on uncovering the truth. Apply yourself to peace and cooperation among groups. Help people work together toward a common goal."
3805,gemini,general,20201108,"Your philosophy of life comes naturally, Gemini. Others need to study, listen to experts, or sign on to various allegiances. You, on the other hand, already have a profound outlook on life that you surely inherited from your past experiences. It would be interesting for you to expand on your philosophy a bit and try to turn it into something concrete."
3806,gemini,general,20201109,"Today is likely to be a bit gray, Gemini. You won't be able to see how you can get out of your current situation. You may have some financial or physical problems at the moment. If this is the case, it's because you don't rely enough on your abilities and good sense to pull you through. It's possible that you don't take care of your body as well as you should. That's easily remedied."
3819,gemini,general,20201122,"Have you done the cleaning that the planetary configurations asked you to do in recent weeks, Gemini? If this is the case, today you should start to feel less weighed down by the conventions in your life. You've undoubtedly solved some of the problems in your relationships. You will feel as if you're in a kind of renaissance through the next cycle."
3835,gemini,general,20201208,"Gossip you hear today might make you angry. You're likely to sense it isn't true. Take nothing at face value today. Check the facts before making any judgments. Discontent is in the air, Gemini, and when people are disgruntled, they tend to say things they don't mean. Avoid the temptation to be confrontational. It will only make things worse. Try to spend some time alone if you can."
3864,gemini,general,20210106,"You should feel loving today toward just about anyone you like and respect. Clear communication with friends, lovers, and children could enhance your understanding of them, and vice versa. The bonds in these relationships will be strengthened, perpetuating the good feelings you've felt all year. Current bonds grow more devoted, while new ones become close. Keep the lines of communication open."
3875,gemini,general,20210117,"Matters involving your community might require your attention. This is likely to involve communication in some way. Perhaps you want to make some phone calls, write letters, or place an ad or article in a local newspaper. Communication of all sorts should go well, Gemini, and you might find that it opens new doors to understanding between you and those closest to you."
3922,gemini,general,20210305,"You could complete some personal projects that involve a lot of paperwork today, Gemini. This could increase your income considerably. Past success that has become known in your field could lead to opportunities for future success. This may be job related, but it may also involve your own projects. All signs indicate that success, good fortune, and advancement are in the wind for you."
3926,gemini,general,20210309,"Don't take no for an answer today, Gemini. Chances are you won't have to. People will be more understanding of your situation and have compassion for your cause. Your inner strength will show through loud and clear, and you have the desire to make anything happen you want. There's a lucky star smiling on you that's helping you tackle any project."
3932,gemini,general,20210315,"All matters related to romance, love, and marriage should go well today, Gemini. You should feel especially warm and supportive. Intimate conversations will come easily and naturally. Be sure to think before you speak. There's some danger of misunderstanding, and you don't want any arguments to upset this glorious day."
3935,gemini,general,20210318,"Deep thought that occupies your time today could lead to some fascinating conversations with a close friend or partner, Gemini. Lots of deas and useful information could be discussed and lead to new projects, perhaps involving writing or teaching. You will want to research every possible contingency before making definite plans, so get busy. You don't want to pass up a lucrative opportunity."
3936,gemini,general,20210319,"Home and technology figure prominently today, Gemini. Perhaps you've just bought the latest gadget and want to spend the day figuring out how it works. You're in your element! A phone call from a distant friend could interrupt your project. You may speak for a long time, but you won't mind the delay at all. It's wonderful to talk to old friends."
3941,gemini,general,20210324,"You're becoming much more perceptive, Gemini. At the same time, your psyche and unconscious knowing are also more acute. You may find that you know more about the way someone feels than that person does. More than likely, this sort of perspective is causing you to want to take aggressive action in order to shake people up and help them open their own eyes to the situation at hand."
3944,gemini,general,20210327,"Today is a terrific day for you, Gemini. You finally seem to have a grasp on your thought processes and inner emotions. You will feel extra sensitive and loving, and people will be drawn to you because of it. You're able to look at your feelings in a rational, levelheaded manner instead being at the mercy of your wildly fluctuating emotions."
3952,gemini,general,20210404,"You may wonder why it is that you can gain control of so many parts of your life, but nothing seems to go right when it comes to romance? Dismiss the notion that you're unworthy of love. Don't try to portray yourself as someone you're not. Perhaps you're confusing the people around you by projecting an image that's completely different from who you really are."
3959,gemini,general,20210411,"Career matters might prove frustrating today, Gemini. You're aiming for a specific goal of some kind that you're anxious to reach, but it seems to hit one setback after another. Hang in there! Persevere and keep pushing. Whatever it is you're trying to attain, you will get there. It's just going to require considerably more time and effort than you originally thought. Keep on pushing!"
3967,gemini,general,20210419,"A desire to make a big purchase might tempt you to overextend your credit cards and clean out your savings, Gemini. You aren't usually one to act on impulse, so don't do it today. Make the purchase if you really feel you need it and it isn't going to cause any major setbacks in your financial situation. That way your pleasure in the item won't be offset by guilt."
3977,gemini,general,20210429,"A dip in the stock market might cause you to worry about your own financial future, Gemini. You may have some investments that could be temporarily negatively affected. Bear in mind that such events don't necessarily reflect future trends. Take steps to create some kind of safety net if you wish, but don't assume the worst. The market could go back up tomorrow!"
3981,gemini,general,20210503,"If you feel slighted today, Gemini, don't shut yourself off from the situation. It may seem like everyone has ganged up and turned against you. Either that, or they all want to be your best friend. Things are always extreme for you, with no in-between. The slightest action from someone else can cause turmoil in your mind unless you learn to control your emotions. Make it a goal."
4044,gemini,love,20200704,"Romance is more a question of talking about the right things with someone rather than having the right feelings for them - that is, if you are set on impressing them. The planetary energies indicate that if you can get a toe in the door by showing them that you share their passionate interests, then you will succeed in many others way as well."
4048,gemini,love,20200708,"Today is wonderful for all kinds of social occasions, including any date that you have on for tonight, if that’s possible. With the current planetary energy, you will probably start off by finding out about each other's intellectual ideas and tastes, opinions, and views before considering other matters. However, there seems to be a basic harmony between you that helps you to get on just fine. You will enjoy it!"
4077,gemini,love,20200806,"How do you know that it will all turn out dismally, when you haven't even taken the first step yet? The current planetary aspect indicates that you cannot, from your current vantage point, determine just what will happen. Your special friend is waiting for you to make that move, but still you doubt yourself. Let's be honest - from where you stand right now, what do you have to lose?"
4089,gemini,love,20200818,"There has to be a very good reason why you haven't been able to be honest with someone close to you. This is being highlighted today by the planetary configuration. There is a good reason why you may have felt that you can't speak openly, but if you are to be happy, you need to be able to talk about what is stopping you from being completely truthful."
4098,gemini,love,20200827,"Will feelings of passion kindle a job-related romance? Perhaps a friend or colleague has in fact been a lover in waiting, and all this time you did not realize it. The day's planetary configuration indicates that you have the chance to cement this relationship in some way, or at least to get it started. It will brighten up your working day no end."
4114,gemini,love,20200912,"Learning and knowledge are all very well if they get you where you need to go. Today, by attending a course on a subject in which you are very interested, you could also meet someone who shares your dreams in many other ways. It is well worth keeping an open mind, as you have some fascinating things to learn."
4124,gemini,love,20200922,"If you hear about someone else’s wedding or engagement party, then you may come to one or two realizations about your love life. Today's atmosphere inspires you both to consider the prospect of a long-term commitment, which is heightened by the thought of your friends in the act of getting hitched. You are both tempted - but may need time to reflect."
4133,gemini,love,20201001,"You may enjoy a spell of pure popularity today. Your traditional approach to love and romance is greatly appreciated by one person, of whom you have had certain thoughts for some time. They adore your practical approach to relationships, where both parties help each other up the ladder of success by pooling resources and talents. You have a true admirer on your side."
4135,gemini,love,20201003,"You find it hard to stomach days like this when things just don't seem to be stable. The energy emanating from the planets induces you to wonder why you ever bothered with your latest heartthrob. They are blowing hot and cold, and you are feeling more irritable by the moment. Give it a few days, though, and you should see a marked improvement."
4145,gemini,love,20201013,"There is a certain light touch in the air, thanks to the energy emanating from the planets today. You may have been caught up in all kinds of plans and projects, which meant that the two of you have not been able to spend much time together. Take advantage of the positive atmosphere to go out for a meal, if possible, or somewhere you can both experiment with new things."
4147,gemini,love,20201015,"The current planetary configuration may help you to understand why you always seem to choose the wrong person to date, despite your superior qualities and amazing insight. You notice while communicating with a potential soul mate today that your attitude needs to be changed toward certain aspects of relationships that you were previously unaware of. This insight could help you choose more congenial partners."
4150,gemini,love,20201018,"You have a chance to seduce your favorite person by the power of words alone. Although the general atmosphere of the day is more platonic, you can still make quite a bit of headway through the subtle art of conversation. More than anything, this is the way to your sweetheart's heart. So, drop that cool efficient exterior and let your voice carry you both away."
4171,gemini,love,20201108,"For once in your life you can drop that profound and enigmatic wall of silence that usually surrounds you when you interact with new people. Relax, and don't view every person that tries to talk to you as a potential enemy. You really can talk more openly and freely without having to play those power games at which you usually excel. You will enjoy becoming involved."
4172,gemini,love,20201109,"You know the power of words, and you also understand in greater depth the awesome power of feelings. You'll have the opportunity to marry these two forces. If you have something to say to a loved one, then choose your words wisely, but also use the power of your feelings to convey your special message - in this way your partner (current or prospective) cannot fail to understand you."
4185,gemini,love,20201122,"Today romance takes on a more lighthearted approach, although you may find it difficult to decide whether you should follow your heart or your head. If a certain relationship seems like a really good option, then you may be tempted to go for it. But if your gut reaction says something different, then it may be wiser to listen to this."
4201,gemini,love,20201208,"The energy of today is very much associated with the needs of both you and your partner (current or prospective). You will feel like talking about what you want on all levels, from the physical through to the metaphysical. If you already have a good relationship, then you will have fun; if not, then you may have a few things to discuss, and the sooner the better!"
4230,gemini,love,20210106,"The current planetary alignment may create a feeling of conflict within your relationship. For some reason you both seem to be misunderstanding each other. There could also be a degree of stubbornness involved in this, as well. You can both stick rigidly to your points of view, but this will not bring you any closer. Only if you are both willing to truly listen, will this matter be resolved."
4241,gemini,love,20210117,"Today could well be spent in quiet contemplation of the past and future. Added to that, the current planetary aspect will not be bringing out your passionate and sexy side, but rather your capacity for deep thought into the nature of your current relationship. If you are looking for romance, you will not be attracted to anyone frivolous, but to the more mature, more serious and sober business types. Deep conversation and the natural wisdom of those more advanced in years appeals right now."
4288,gemini,love,20210305,"You will feel a lot better today, with the current planetary aspect, if you come out of your shell. Stop hiding behind excuses, routines, and timetables. Get yourself a life. If you want the relationship of your dreams, then stop dreaming and go out and do something that really makes you feel good, as your enthusiasm will rub off on others and draw them to you like a magnet."
4292,gemini,love,20210309,"The celestial atmosphere today encourages you to listen to the drummer who strikes a different beat within you. Although you are very loyal to those with whom you have developed a close bond, you also have a tendency to hold on long past the time when certain relationships have ceased to be worth the effort. Listen to your heart and take action if and where necessary."
4298,gemini,love,20210315,"Today's positive planetary alignment may indicate that you need time to reflect on events that have recently transpired within your current relationship. However, there is the chance that you could swing toward a pessimistic state, and begin to imagine that things are a lot worse than they actually are. In order to avoid any major disasters, don't make any decisions based on your current conclusions."
4301,gemini,love,20210318,"Today's alignment of the planets means your social life will be pleasantly different. In terms of love and romance, there is no way you will be able to determine just what is around the next corner. Literally anything could happen. If you are looking for someone special, don't frequent your usual haunts; instead, be prepared to go somewhere entirely different, as this could lead to many new and exciting opportunities."
4302,gemini,love,20210319,"A colleague may surprise you at work within a few days, just where you never expected romance could happen. The current celestial aspect indicates that you have quite an intense attraction to contend with. If you feel the same way, this will work out wonderfully, and you can both ride off into the sunset. If not, you may have a problem getting your adoring admirer to keep away."
4307,gemini,love,20210324,"This could be a perfect day for all kinds of relationships. The day's planetary constellation puts most people in an optimistic frame of mind, and ensures that good company surrounds you. However, you don't want to be sitting around drinking coffee all afternoon. Take a loved one out and have a real heart-to-heart talk about what the future holds for you both."
4310,gemini,love,20210327,"Today's planetary alignment confuses signs and signals that under normal circumstances would be pretty self-evident. You know that a certain person is extremely fond of you, and that you, in turn, are equally fond of them; and yet when it comes to arranging a simple date, neither of you can seem to get it right. You both hide your real feelings under a veil of apparent disinterest."
4318,gemini,love,20210404,"The planetary alignment means that rather than talking about all the different things you would like to do when you have finally managed to catch the attention of someone you admire, you may decide to take action. This will be by far the best thing you have done in a while. This in turn means going right up to this person and introducing yourself - a major step forward, indeed!"
4325,gemini,love,20210411,"You have an agile turn of phrase, and a way of taking teasing bites of a subject, then moving onto the next topic of interest. Today's celestial atmosphere, though, means that your partner (current or prospective) fully intends to pin you down and not allow you to change the subject until they have got something very important sorted out. You can wriggle around all you like, but you will have to listen."
4333,gemini,love,20210419,"The present astral configuration may mean that you overreact to information, without taking the time to check out whether it could be true or not. Your feelings may be on a hair trigger, which could inflame a situation that is not actually anything too much to worry about. If you and your sweetheart want to be on good terms, stop and think before you speak."
4343,gemini,love,20210429,"Today's planetary transits gives you extra muscle in the conversation department. With this, the power of your tongue is increased considerably. If you are going on out a first date, then you may find yourself enjoying the process of seducing them, word by word, sentence by sentence until they are completely smitten. You need to be sure you do want them in this condition though!"
4347,gemini,love,20210503,"Your social life is warm and interesting this week, with today's planetary transits. People are in an unusually generous mood, and also more inclined to talk and intellectualize, rather than make any great display of feeling. Yet one meeting in particular will be spiced with a little more pepper than usual. You should take a chance and meet again soon. You won't regret it."
4410,gemini,career,20200704,The hostile attitude in the workplace is likely to have quite a negative effect on you today if you are not careful. Your sensitive nature is not fully equipped to deal with the bombardment from the people around you. Wear a suit of armor today.
4414,gemini,career,20200708,"You are on the brink of something big, but yet you are still one step away. The good news is that this one step is just a small one. You are actually much closer than you think. Hang in there. A breakthrough will come as early as tonight."
4443,gemini,career,20200806,"Looking for a new job? This is your day to find it. Following your instincts will lead you to the perfect opportunity that will pay you the salary that you want. Your grounded, trustworthy, and honest nature are exactly what employers desire."
4455,gemini,career,20200818,"Instead of trying to explain to people why you are an important asset in the workplace, show them. You will find that communication with others is a bit off for you, but other people will be able to relate to your work quite well. Creativity is key."
4464,gemini,career,20200827,Projects involving computers and electronics will not run as smoothly as you want them to. Ask for help instead of trying to muddle through on your own. There is no sense in battling a foreign object when someone else knows how to operate it better.
4480,gemini,career,20200912,"You are having a hard time fitting in with the energy of the day, making it difficult for you to establish your own rhythm while you work. Feel free to use this day to experiment with something you've never attempted. Take a leap of faith."
4490,gemini,career,20200922,"Decisions made during the past three weeks need to be reviewed. If they have been difficult to manage or finalize, business deals and negotiations are back on track. Now you need to rebuild and reorganize with fresh eyes and a clearer perspective."
4499,gemini,career,20201001,It is important that you are in a good mood because this will make you better prepared to deal with the aggressive attitude you are getting from others. Don't let people's irrational and unpredictable actions throw you out of whack.
4501,gemini,career,20201003,"Even if you are physically not at work, your mind is still stuck there. Giving yourself a mental break will be easier said than done. Engage in a physical activity. Use this active motion to let out any stress, strain, or confusion you are carrying."
4511,gemini,career,20201013,"This is a very difficult time of month for you in which you feel as if everyone is against you. You are between a rock and a hard place with basically no room to escape. The harder you push, the more resistance you will encounter."
4513,gemini,career,20201015,"The day will start off on a rather intense note, but tempers will ease as the day wears on. People will be more cheerful by the afternoon and your faith in humanity will be restored. If you need a favor done, make this request in the afternoon."
4516,gemini,career,20201018,"Just because your current style is a little bit outdated, others are accusing you of doing something the ""old-fashioned way"". This is nothing to be ashamed of. Sticking to traditional methods will actually prove to be most effective."
4537,gemini,career,20201108,"Feel free to display more of your unique, original, and offbeat style. Many times during the workweek, you will suppress this side of you in order to conform to a certain personality that is appropriate for the workplace. Now you should let loose."
4538,gemini,career,20201109,Everything is working well for you! You are in a very favorable position with everyone around you. You are able to make a great deal of progress on anything you tackle. This is the bright spot among the storm clouds that you have been waiting for.
4551,gemini,career,20201122,Aggressive overtones will permeate all conversations. Watch out for people who have a rather passive-aggressive attitude toward you and your work. Approach these people directly and honestly. You shouldn't have to put up with this kind of attitude.
4567,gemini,career,20201208,"You are indestructible today, so use this high-energy period to your advantage. You can accomplish a great deal by simply tuning into your wonderful confidence and exuberant personality. This is a great time to present a new plan or make a deal."
4596,gemini,career,20210106,"It is not too late to capitalize on a fantastic opportunity of yesterday. Momentum from the previous couple of days has been building, setting you up to make a major move. Do it now before restrictions from other people descend upon you."
4607,gemini,career,20210117,"Communication will be muddled today, and you will find that the more information you get from others, the more confused you will become. Trying to sort out all the missing pieces will be extremely challenging. Don't make any major decisions today."
4654,gemini,career,20210305,"Newly purchased electronics may go haywire on you. Patience will be a key virtue when dealing with the computer crashes, camera failures, and vehicle breakdowns. Try to smile through it all. If you don't, your day will be worse than it has to be."
4658,gemini,career,20210309,Hold your tongue when talking with others. People you communicate with are likely to have a very conservative point of view. Don't scare them away with any wild and crazy ideas. Don't reveal too much information all at once. Use tact at all times.
4664,gemini,career,20210315,"The overall work atmosphere is good, and your positive energy is helping to contribute to this. Communication is strong and others are giving you the respect that you deserve. Take care of any work that involves writing or reading."
4667,gemini,career,20210318,"A little voice inside your head is telling you that you might be in trouble. This trouble has to do with a little white lie that you told about two weeks ago. You may have thought that this lie was harmless, but now it is starting to backfire."
4668,gemini,career,20210319,Difficult confrontation based on lies and misconceptions that got started yesterday are only going to worsen today. The lies you have told have led to bigger lies and now you are finding yourself in deep - way over your head at the current time.
4673,gemini,career,20210324,"There is no need to get upset or uptight about anything. Do your best to relax. The calmer and more relaxed you are, the calmer the people around you will be. This kind of environment fosters growth and overall good relations in the workplace."
4676,gemini,career,20210327,"You are like a pile of dry tinder and suddenly someone has walked up with a spark in his eye. A flame ignites - and together, you are ready to make major change. The fire created is urging you on to be more ambitious. Success is within your reach."
4684,gemini,career,20210404,"Don't offer any unsolicited advice. Other people will think you are being rude and insensitive if you simply and tactlessly tell them how they should be doing their job, or how they can be doing their job better. Keep these comments to yourself."
4691,gemini,career,20210411,Someone in a position of authority will pull rank on you and may end up embarrassing you. Don't be afraid to pull this person aside in private later on and explain to him or her that that kind of display is not appropriate.
4699,gemini,career,20210419,"For the next few months, you will be more gullible. You will be easily swayed by other people's opinions. You will think one thing with one person and believe a completely different thing when you are around someone of the opposite view."
4709,gemini,career,20210429,"Good luck comes your way whether you consciously go after it or not. Just by being yourself, you will automatically draw lucky and helpful people to your side. A new relationship will be born today - one that will be extremely beneficial for you."
4713,gemini,career,20210503,"You've definitely been working quite hard recently! Taking things easy in your job and career has never appealed to you. But take care now; work should be restricted to routine tasks you can do automatically, as you need some time to relax and refresh your energies. Hang in there!"
4776,gemini,wellness,20200704,"Today, give yourself more than enough time to do the most mundane things. Being rushed by others is also not something you will react well to. One of the best ways to escape the expectations of others is to set your limits and stick to them like crazy. Give yourself an extra workout, try some new form of exercise in addition to your regular routine. I do not mean that you should push yourself too far, but you have the extra energy today, and it's best that you use it for your own purposes, not someone else's."
4780,gemini,wellness,20200708,"The planetary energy gives your powers of observation a boost, while allowing you to notice with compassion what needs help. Have you been neglecting your exercise routine or diet lately? Has your self-image suffered from lack of self-care? You will notice things about yourself today, but the most important thing you can do is take action! There may be something symbolic you can do - such as buying a yoga mat or scheduling a massage (if possible) - to commit to giving yourself greater care."
4809,gemini,wellness,20200806,"If you can get some extra rest these days, it would be recommended. You've been going a breakneck speed and your body is probably more tired than you realize. Your mind can go on completing tasks forever - it's rare that you change your plans to accommodate your body's needs! You can begin to address this tendency by ""scheduling"" regular yoga workouts into your week in order to learn to check in with how your body is really feeling."
4821,gemini,wellness,20200818,"You are happy at the center of attention, but when change is afoot you prefer to hang in the background. With today's planetary alignment, your mind will be catching up with your feelings, trying to figure out what it is that you really want. Don't push yourself to be too social these next couple of days. Instead, focus on what can give you the most secure footing: regular exercise, light meals and regular sleeping hours. Take care of yourself!"
4830,gemini,wellness,20200827,"Today's aspect makes you feel more emotional for a couple of days. Notice what feelings come up and treat yourself gently. Keep on top of your health, though. There is no reason why you can't be gentle with yourself and still break a sweat in the gym, if possible! In fact, as emotions get processed it can be beneficial to exercise your body and release toxins at the same time. Be sure to drink plenty of water to make it a cleansing experience."
4846,gemini,wellness,20200912,"The current challenge for you is to find your balance among the various elements of life. In astrological terms, the elements are fire, earth, air, and water. In daily life terms, they are the spirit, the body, the intellect, and the emotions. Your natural interest in alternative medicine, psychology, health foods and nature point the way to a healthy balance. Paying attention to the needs of your body nurtures your basic well-being."
4856,gemini,wellness,20200922,"For someone who likes to have balance, it can be especially unnerving to be caught unawares. There is some panic that often occurs, a feeling of urgency and a sense of responsibility to make everything OK. Give yourself the benefit of the doubt and develop a systematic way of dealing with this feeling. Deep breathing exercises, which are taught in most yoga disciplines, along with drinking a few glasses of water, are the best ways to calm the body and the mind."
4865,gemini,wellness,20201001,"You are especially sensitive to your surroundings today. You may or may not be a designer or architect, but you do care about how the physical world looks. You require balance and harmony between your inner and outer worlds. If there is something you've been meaning to change in your home or wardrobe to give you more comfort or peace of mind, go ahead and get it done. Your inner world is affected by procrastination of any kind and is apt to get dragged down by unresolved issues."
4867,gemini,wellness,20201003,"You are a very busy person, and your mind has been running a thousand miles a minute for a few weeks now. Today's energy will help take some of the pressure off your over-active mind. Take advantage of this transit to let yourself get involved in a physical activity that you really enjoy - ice skating, fencing, climbing - the sky's the limit! If flamenco dancing is something you love but never do - this is something you need to pay attention to! Postponing what you love to do is exactly what happens when an over-active mind takes over."
4877,gemini,wellness,20201013,"You can't hold a grudge for too long - it's too involved in seeking out the higher truth of the matter. Likewise, you won't be caught on some trendy diet for too long - you're too interested in working towards a balanced lifestyle that involves healthy practices that nobody's last name belongs on. You know the routine: lots of water, seasonal local produce, low on carbohydrates, low on protein, lots of rest. Moderation in all things, including moderation!"
4879,gemini,wellness,20201015,"Watching others fail is depressing for you, particularly because you feel it is your job to assist others. Think of it this way: when you see someone not doing their best, it resonates with something inside yourself that you wish you were doing better. Always try to find that thing inside yourself that you are reminded of before you leap to help someone else. If you notice a friend who is lethargic, it's time for you to work out together, if possible!"
4882,gemini,wellness,20201018,"Focus and concentration is something that you tend to admire in others, being easily distracted yourself. Since when has your nature limited you? This month is a wonderful opportunity to choose something to focus on and go after it. Try to focus on your body, choosing one healthy habit to maintain for an entire month. Increasing your intake of water is one suggestion - you will definitely see results!"
4903,gemini,wellness,20201108,"There isn't much that you can't incorporate into your schedule when you are focused on the task. You may not want to be like Rocky and drink raw eggs in the morning before running up the steps of the Philadelphia Art Museum, but you can arrange to get up an hour early and go for a jog before you get to work. This kind of effort will help you manage the influences of the planetary alignments at this time."
4904,gemini,wellness,20201109,"You may feel introverted with the kind of intense choices that could be weighing down on you. Don't forget to include your friends in your thinking. Talk out your concerns with people you trust. You won't have to do what other people tell you to do, but you will feel better knowing that you are not alone! Keep your perspective on these mental and emotional issues by constantly challenging yourself physically. Running is a great way to increase your strength if your knees can take it."
4917,gemini,wellness,20201122,"You can use the elevating energy created by today's favorable aspect to increase your self-esteem. Apply your best efforts to taking care of yourself. Mind your diet, strengthen your resolve to get a little exercise each day, and try to avoid stressful situations. With a little energy dedicated in these directions you can plan to encounter a dazzling month ahead! There is nothing more valuable to a person's self-esteem than the will to succeed and the energy to do so."
4933,gemini,wellness,20201208,"If you find yourself giving in to other people too much because you feel they depend on you, it's time to give yourself the attention you deserve and stop distracting yourself through filling the needs of others. Ground yourself with deep breathing exercises. Have you been getting regular aerobic exercise? Take it easy if it's been a while, but definitely try to get back into caring for yourself first."
4962,gemini,wellness,20210106,"Your wounds don't always heal quickly. Once you feel burned by someone, you are likely finished with him or her for quite some time. On the other hand, you are willing to forgive and forget if a straightforward conversation settles the score. If you have feelings of misgiving about a friend, air them out with this person. Speak your truth and then decide if the friendship is worth saving. You will feel better about yourself if you find out for sure."
4973,gemini,wellness,20210117,"You can enjoy today's transit, because it is a time to focus intensively on yourself and your personal needs. In fact, this is a wonderful transit for grooming. Enjoy making yourself as attractive as you possibly can. If possible, get that haircut, get your nails done, have a massage to make your skin lovely and radiant, soak in the tub with real rose petals. Indulge yourself in healthy pleasures and ask no questions: as long as it's healthy, you deserve it!"
5020,gemini,wellness,20210305,"Flexibility is important for you. There may be a correlation between what you do for your body and what you are able to do in relationships. If you ignore what you need to do for your body, you may ignore what you ought to be doing in your relationships to boot! You are quite capable of changing things for the better and coming out on top. Start the process by removing the greasy favorites from your diet and cutting back on caffeine intake. And do drink more water!"
5024,gemini,wellness,20210309,"The patience you have inside comes from deep down in your gut, and you may find yourself digging around in there today! Situations may get sticky, and your usual ways of getting through to people may be appear, suddenly, to be useless! Be patient with others, the situation, and above all with yourself. Remember that it's not up to you to work everything out. Do what you can for yourself - when the going gets tough, the tough do yoga!"
5030,gemini,wellness,20210315,"It's impossible to independently satisfy all of your own needs and curiosities, because as human beings we are intricately dependent on each other. But you can come pretty close through managing your own health. Health is not only illness-prevention; it is the various natural highs you get from eating the right diet and exercising regularly that help make life grand. The astral energy is encouraging you to take care of yourself. Go for the natural high!"
5033,gemini,wellness,20210318,"There are days where even you don't want adventure, and with today's planetary alignment, this is probably one of them. Your sense of humor is likely to be downright dormant. Perhaps your expansive nature has gone inward, and you feel the need to reflect on the times gone by and the times on the road ahead. There is much to be gained by going inward. Try yoga to help support the process."
5034,gemini,wellness,20210319,"Today you will feel that power is there for the taking. Thus, you are unlikely to give so much as a nod to the effects of some of the more subtle planetary aspects, even if they last for long periods of time. However, the current planetary configuration is not to be ignored. It's time to wake up and smell the green tea! If you do not listen to your body and respect its wishes, all the power in the world won't be able to keep you from suffering the consequences."
5039,gemini,wellness,20210324,"Trying new things often improves our quality of life. Europe lived without tomatoes until the 1500s when they were brought over by travelers from the ""New World"" (it was new to the travelers)! Consider opening up to new forms of relaxation in order to aid in your capacity to reflect on old patterns and welcome in the new. Yoga and Pilates are wonderful ways to strengthen the lower spine. Meditation can help as well. It also would be wise to limit your intake of alcohol during this time."
5042,gemini,wellness,20210327,"We all need to pay attention to our liver, as it helps us in that all-important digestive process. Cleansing the liver is important in other respects, as well. A healthy liver helps clean our blood and eliminate toxins from our bodies. Did you know that the liver is your body's largest vital organ? Size matters here, so pay attention! Beets are a natural liver cleanser, and can be prepared in many delicious ways, and vinegar and lemon help stimulate the liver. Also, be respectful of your body when consuming alcohol."
5050,gemini,wellness,20210404,"The aspect at play reminds us that there are always two ways to do something (if not more!). You can either work out or not. You can eat healthy food, or not. Then there are decisions we make unconsciously: how do you sit in your chair when you work? Do you use good posture, with a strong back and the abdominal muscles slightly flexed? Or do you slouch and let your shoulders cave in? Pay attention while you still have a choice!"
5057,gemini,wellness,20210411,"You have enjoyed a few very busy months, and things look like they might stay in a settled formation for some time now. You have a great deal to do with this order of things. Keeping your diet regular is a very important aspect of this, as is regular exercise and adequate rest. Remember to always pay special attention to your liver, the organ in your body that regulates your blood and reminds you when you've gone overboard."
5065,gemini,wellness,20210419,"You may be feeling pretty worked up right now! The planetary movement concerning your sign this month is a hefty combination of intense energies! This makes you high-strung and on the alert at all times. Water is literally the best solution: drink plenty of water, a minimum of 8 glasses per day! Your liver will thank you for it, and you will be more emotionally balanced. Don't let yourself burn out!"
5075,gemini,wellness,20210429,"The positions of the planets create a favorable energy and whisper encouraging thoughts into your ear. You can feel the potential that this imports to your physical and emotional life. What you do for your body will directly affect your emotional life these days, for better or for worse. Pay attention to the role your mind plays in keeping your body tuned, and how your body helps to keep your emotions in tune. A regular workout keeps you listening."
5079,gemini,wellness,20210503,"The current planetary energy is likely to exacerbate your already sensitive nature. You may feel quite a lot of anxiety, and this could manifest in your digestion. Be sure to get plenty of exercise and drink plenty of water right now. Get in a yoga workout and do some deep breathing and lower abdominal stretching. While it may take some time, every single day matters to the big picture."
5142,gemini,birthday,20200704,"You have a secret source of great love and support this year, possibly from friends and relatives. Be grateful and don't press for explanations. It may be a year of random acts of kindness, so perform your share. Be energetic in October, smoothing ruffled feathers and restoring peace and pleasantness at home. Be more low-key in November, but still fully enjoying life. A change-up in daily routine could have long-lasting effects. Enlightenment is possible in February. If sparks fly at work in April, you can cope with it. Spend the last month lavishing and receiving love and encouragement. It's a passionate, powerful year!"
5146,gemini,birthday,20200708,"Your daily life doesn't need to have anything lackluster about it this year. You've got the magic touch, especially at home in the first month, and know how to set people at ease. After a nice, quiet stretch, family and friends may want to spend more time with you in October. Enjoy the attention and tactfully share any extra expenses. People want to treat you well and stay in your good graces. Reserve judgment in December if a close friend or lover disappoints you. You can learn why before the year ends. Let tender feelings express themselves, and treasure those hugs and kisses!"
5175,gemini,birthday,20200806,"Your tastes and desires may differ from what the world offers, but don't swerve from what you love. In October friends or family may suggest things you don't like to do, but be gracious and play along if you think the company is good. Follow your own drumbeat in December, be calm and pleasant through the holidays, and be glad you did. If misgivings arise in April or May, that's fine. Respect your right to reevaluate earlier opinions and actions. Learn, improve, and advance. Love yourself, and give others the chance to love you, especially in the last month. It's a stimulating, sexy year!"
5187,gemini,birthday,20200818,"Be part of a bigger extended family and take a bigger social role with friends and community. Bake more brownies (to share, of course) or simply smile and comfort the shy and quiet around you. Focus on the details of daily life despite desires for great or flamboyant things. In November friends may expect you to take the lead in everything. Be bold and creative in January. A flash of love in February promises great things, but may fizzle. Enjoy and don't be disappointed. A reward for a forgotten favor may appear in April. Be popular, sought after, and downright loved all year!"
5196,gemini,birthday,20200827,"Things can click and fall into place for you in the material world this year. Generosity, good timing, and just being smart will all contribute to your financial progress. Details are easier to manage, so watch that budget, pay the bills on time, and enjoy being with your favorite people, especially in the fall. Big pleasures can come to you at zero or very little cost in January. A romantic fantasy may find you in February. Enjoy, but don't flounder in it. Do some favors in April and be rewarded. The last month is full of gifts and glamorous times! Have a proactive, prosperous year!"
5212,gemini,birthday,20200912,"Be articulate and charming this year, and perhaps speak for those who can't speak for themselves. You know what matters. Work and finances look stable enough to permit more public involvement - and enjoyment, too. Cultivate diplomacy and find energetic companions in the first month. In November interact with sympathetic friends, but don't be overly ambitious. A home affair may need attention in January. People will offer help should you request it. Respect your health and energy level in February. Be highly visible in June. People will remember and seek you out again in July and August. Better than fame - bask in good luck, good deeds, and love!"
5222,gemini,birthday,20200922,"Step into your own light this year! A karmic peek into your own mind is possible in October. Get finances and expenses under firmer control in November. Fun and adventures near to home are on your cosmic agenda in December. Friends will encourage this. Love and be loved in a bolder and more vocal way in March. Disagreements shouldn't be necessary. Even you should notice a more self-confident, outgoing mood by July and August. Connect better with more people in the last two months, and leave room in your heart for that most intimate and special one!"
5231,gemini,birthday,20201001,"It's a great year to bring home life and social life into better accord and surround yourself with happy family and friends. Your playful, clever nature encourages people to listen to what you have to say. Older people and relatives may be drawn to you - and be generous - in November. Be busy and renew contacts in December. January may draw you deep into a home concern that will greatly enhance your overall environment. Don't stress over any changes. Love suddenly enters the scene in April. Enjoy some rare peace and quiet until August reignites life with big fun and affection!"
5233,gemini,birthday,20201003,"Your inner child is near the surface this year and will lead you to many joyous and creative times! You're smart and naturally cautious, so there should be very little risk involved. You may be especially cautious regarding money in the autumn, but this will relax and leave you with more than enough resources for everything you need and want. You may crave new romantic excitement in the spring. Work and rest well so you can be ready for a boost in your social life in August. The last few weeks of the year may be the loveliest and most affectionate of all!"
5243,gemini,birthday,20201013,"Feel at home anywhere in the world this year, and get attached to a few new favorite places, people, and things. Your great natural charm will make you popular no matter where you are. Your clear, thoughtful nature makes you easy to get along with. Being practical, energetic, and enthusiastic in the first three months will propel you through a successful, happy rest of the year. A brief escape into fantasy lightens up February. Play it safe in April. A trip is possible in July. Work is pleasant and plentiful in August. The last month is full of harmony, happiness, and love!"
5245,gemini,birthday,20201015,"You'll be on a lot of people's radar this year, and having such a public presence will bring you much good luck. Your mental and social skills are at their peak and work together flawlessly, starting in the first month. Pace yourself and don't overexert, especially in November and April. Money and possessions may motivate you in December, making it sometimes hard to slow down. Find artistic or spiritual release in February. You glow in the work world in August. An increase in money, reputation, and recognition are all possible. Be modest and know you're worthy. Enjoy a glorious, glamorous year!"
5248,gemini,birthday,20201018,"Think big, talk with lots of people, and go out and be seen! It's no time to hide out with a small circle of friends and associates. Think instinctively before you act in the first month, and balance charm and mature sophistication. A monetary windfall (maybe some borrowed money returned to you?) or valuable gift may find you in December. Say thank you. Dream big in February. Avoid needless risks in April, and play it safe and happy. Be more prominent at work in August, and don't shirk from being more in charge. Get social and popular in September. It's a fun, fabulous year!"
5269,gemini,birthday,20201108,"Taking care of business ranks high for you this year, and a lot of that business may not even be yours. Be patient, listen, and take time to reply, especially with loved ones in the first two months. Keep to that budget and stay secure in January. Make your home more loving and lovely in February. In April surprise someone with an old favorite trick they've never seen you do. June and July may be busy with other people's concerns. Do what you can and have no regrets. Win hearts in August and win minds in October. It's a splendid, loving year!"
5270,gemini,birthday,20201109,"Enjoy a lot of mutual concern and give and take among friends and family this year. No one will feel stranded or forgotten when times are easy or rough. Be the tactful voice of reason for your family in the first few months. Put more energy into increasing income in January, and see quick results. Mind the budget, though. Decompress with some mildly crazy fun in April and May. People may need one another in July - be there and be cherished. Be sublimely lucky and popular in August. As the year ends, be greatly respected, loved, and admired!"
5283,gemini,birthday,20201122,"Your generous spirit drives you forward to happiness and success! Keep yourself in the equation of life, help others, and greatly help yourself. Material well-being is the focus of January, and you have energy and luck to profit from all your work. Friends offer relief, comfort, and fun in February. In March and April fill your home with a fresh feeling that's pure you. August can get exhausting and expensive, so respect some limits, as hard as that may be. The last month may have some frustrations, but don't get impatient or question any decisions you've made this year. Live and love to the fullest!"
5299,gemini,birthday,20201208,"You don't have to solve everyone's problems this year, but you certainly have the strength and know-how to do so. Be sweet and firm as the year begins. See a radically different side of yourself in January. This can benefit you in your finances and in the work world in February and October. A change at home or with family could be big but no surprise in April or May. People may keep you busy with their problems in July and August. Listening can be helpful, too. Honesty and heart-warming clarity in an established love affair are yours in the final months!"
5328,gemini,birthday,20210106,"Be energized and serious about all you do this year! That includes having fun. You might be the center of excitement in April, or you may spring a huge surprise on everyone. Be humble in public and thrilled in private. Save some passion for your own well-being in August and have a great fun-filled summer. Other people take up your time in October, but it will be good for you later, too. Feel serious and work hard in December. In January a big change at work could happen around you. Stay settled. Friends and that special love are never far away!"
5339,gemini,birthday,20210117,"Many exciting times are on your horizon this year! Be sensible, pace yourself, and have the energy to do as much as you like. Surprise people all year, especially in March and April. Force yourself to take a moment and focus your attention on what you want to achieve. Be ambitious. A touch of charm will make your great energy more acceptable, and even admirable, to many people. August may get wild and hyper, so stay practical, especially about money. Be wise, influential, and modest in late November. In the last few months be surrounded by loyal friends, brilliant ideas, and great love!"
5386,gemini,birthday,20210305,"It's a busy year full of big plans and big energy! Get your schedule organized in the first month and work hard. Save a little more, if you can, and see a sweet personal reward before July. August could be busy with summer excitement, but it doesn't have to be expensive. The end of December could be hectic, but stay focused and do your best for yourself and others. You might have an urge to get away from it all in January. Friends - and a special new love - will give you all the affection and rest you need at year's end!"
5390,gemini,birthday,20210309,"You can make your career glow with success this year or you can make a shift to something new! You are most practical and solid in the first month. You can get inside people's heads, too. Keep the cash flow balanced and maybe acquire a small desired item in June. Enjoy some pleasant but inexpensive summer fun with family in August. Romance gets nostalgic in November. Prepare for a possible big change at work in January. February is big, so look and do your best. Relax with friends afterward and let some surprises make you smile. Love isn't far behind!"
5396,gemini,birthday,20210315,A secret desire for something special could motivate you this year. Or it might be time for you to make private plans for a nicer lifestyle. Be ambitious and busy in the first few months and perhaps create a financial opportunity. Enjoy more luxury time with friends and family in July and August. Try not to spend away whatever you gain. Be sensible in love in November and feel appreciated. A startling new idea or project could distract you in January. Friends may inspire you in February. The last two months are bubbling with fun and affection. Make great advances this year!
5399,gemini,birthday,20210318,"This year you may get more interested in money and the nice things it makes possible. Cleverness and get-rich-quick schemes won't deceive you. You may discover some sound, practical ideas in the first couple months. Hard work matters, too, and you may deserve a small private treat by July. Share good times with family and friends in August. You might want to host a party or summer event. A quiet romance could find you in November. Stay low-key and let things take care of themselves. Friends and the social scene come to life in the remaining months, including much love!"
5400,gemini,birthday,20210319,"Charm and elegance are yours this year. You're smart. You know that life is more than money and material comforts, but you don't discount their importance. Be highly motivated all year and achieve a lot early on with what feels like little effort. Work diligently and maybe celebrate in August, perhaps on vacation. A friendship could become a serious romance in November. Deal promptly with any perceived crisis in January and see quick, easy resolutions. Amuse yourself with dreams of luxury in February. Friends and lovers are there for you, sometimes surprising you in the last two months!"
5405,gemini,birthday,20210324,"Find countless pleasures in daily life and have a great time all year! You're full of energy, so nothing and no one can rain on your parade. Be smart and sensible in the first few months and calmly work hard to further yourself. See better income and steady progress before July. Be lucky and feel rich at home in August. In September be more young at heart and enjoy things more. Be healthy in November and poised to handle any problem in January. Dispel a cherished dream at work in February and move forward. Surprising love and friendship round out a great year!"
5408,gemini,birthday,20210327,"The pleasure of good partners and teammates will make this a happy, powerful year! Early on think carefully about where you are and where you're headed, then work hard and be ambitious. The home budget may grow in July as you see progress. Be very lucky in August and attract more luck for your home environment. Don't remodel yet, though. September and October are times to luxuriate in doing what you love with people you love. In February you may recognize that a previous opinion came from a false impression. It's easy to fix things. April is yours for fun and fantastic love!"
5416,gemini,birthday,20210404,"You always have the big picture in view and know what to do when! You may not pay much attention to others, but you inspire them. Be most energetic in the first month. Friends keep you hopping and happy in July. Surprise yourself in a big way in August. Do good things with it. Catch up with some older friends in November. Learn and try new things with new people in new places in late January. Be realistic and responsible but open to the future. Friends and love return in a big way in the last few months. What a charmed and charming year!"
5423,gemini,birthday,20210411,"You know what you want and how to get it this year! You may not get everything instantly, but you know how to make it happen. Cleverness and energy are gifts that serve you well, particularly in the first few months. Be quietly productive and responsible. A friend may have some good ideas for you in July. Some unexpected good luck may find you while you're busy having fun with family in August. Reevaluate your position in November, and don't be too self-critical. You're doing well. In April and May relax with friends and perhaps a loving admirer who finally speaks up!"
5431,gemini,birthday,20210419,"Your best luck and greatest treasures will come from people and places close to home this year. People work smoothly with you, and your enthusiasm and energy will find lots of constructive projects in the first two months. Be respectful of your money and have more than enough. August is pleasant and September absolutely joyous with social and family events. No need to run wild or be extravagant. Everyone is feeling generous and loving. Respect any health concerns in November and let go of any regrets. In February aspire to something more for the future at work. It's an ambitious, affectionate year!"
5441,gemini,birthday,20210429,"Be your own best friend and be healthy and happy all year long! Friends and family will encourage you to take better care of yourself and make it easier. See benefits in August when your energy increases and smart decisions can bring more income. Have fun all summer, and be generous without spending more than needed. Feel more creative in November, but let those bright ideas simmer. Take good care of yourself in late December, and don't overdo the holiday eating and partying. Love could surprise you in January. Pleasant surprises at work in April may pay off big for months to come!"
5445,gemini,birthday,20210503,"Have big plans, big ideas, and big dreams! There's all the energy you need. Be realistic in your approach and see what you can make happen. August is loving and luxurious without any need to overspend. The whole summer is made for fun. Enjoy quiet time in November and politely ignore any meaningless criticism. A big love (not necessarily a person) could come or go in January, or perhaps it's simply a shift in the romance lineup. Working for a good cause touches your heart in February. Be daring but not reckless at work in April and gain respect and rewards. Have a magnificent year!"
5508,cancer,general,20200704,"Give your loved ones the attention they need today, Cancer. Don't let another day go by without saying you love them. Life is short and getting shorter with each passing day. Feel free to be confrontational about a serious issue that needs to be addressed. You're responsible for your own feelings. Don't play the role of the victim. You'll only experience more pain and resentment later."
5512,cancer,general,20200708,"It could be hard for you to feel connected to anyone today, Cancer. You're probably better off keeping to yourself. If you're feeling sad or depressed, it's best to work through these feelings on your own. Other people aren't apt to be too sympathetic to your situation. You're better off sticking to your work in order to keep the demons out of your head."
5541,cancer,general,20200806,"This is one of those days in which you're better able to stand back and look at your emotions intellectually, Cancer. Your freedom-loving nature isn't built to deal with heavy emotional baggage and turmoil, so don't bother trying. Be especially wary of those who seem to plop a problem in front of you and expect you to deal with it."
5553,cancer,general,20200818,"Cancer, consider that artistic expression can happen in many ways. It isn't always about drawing a picture, singing a song, playing music, or acting. The way you arrange your home or workspace is an artistic expression, as are how you dress and do your hair. Each thing you do is an expression of your style. You are uniquely artistic. Enjoy this gift today."
5562,cancer,general,20200827,"You're likely aware of your writing abilities, Cancer, but you may not realize the extent of your talent. It would be worthwhile to devote more time to your craft. You can't improve much if writing time is interrupted by other obligations. Take some time to produce something of value. Why not give it a try, even if just for a week or so, to see what you can do?"
5578,cancer,general,20200912,"Today you might have a strange feeling that something is wrong, perhaps in the neighborhood or with a friend or relative. This is probably going to bother you all day, Cancer, so it might be a good idea to call this person or otherwise look into the matter. There's probably nothing really wrong, but someone close to you may have just experienced a shock of some kind."
5588,cancer,general,20200922,"If it's true that you reap what you sow, Cancer, you're in for a great harvest in the coming months. Your hard work and focus will start to pay off handsomely with promotions and raises just when you may have given up on being acknowledged for all you do. Hang on to your great energy, passion, and enthusiasm. Doors are about to open for you. Get ready to walk through them."
5597,cancer,general,20201001,"A small gathering of friends, relatives, and neighbors could take place in your neighborhood today, if possible, Cancer. You might run into a few old friends you haven't seen in a long time and enjoy catching up. A former romantic partner could also get in contact. Are you still interested? If so, pursue it. It might work this time! If you're no longer interested, perhaps you could now be friends. Think about it!"
5599,cancer,general,20201003,"You may feel as if your smile is unwelcome today, Cancer. It may seem to you like there's some sort of gloom and doom to people's attitudes that makes them unwilling to accept any sort of good news. Don't let this stop you from maintaining your own cheerful state. It's important that you not probe too deeply into the reasons behind other people's behavior now."
5609,cancer,general,20201013,"Whatever you're working on at the moment, Cancer, whether business related, personal projects, or volunteer work, it's likely to bring you increased satisfaction on many levels. You're enjoying what you do, making a difference, and interacting with new friends. Your health continues to glow. You may feel as if nothing can stop you. Watch out for minor upsets, but nothing that will burst your bubble."
5611,cancer,general,20201015,"Your financial situation could be greatly boosted by a development you hadn't expected, Cancer. Perhaps some investments suddenly skyrocket in value, or maybe the homes in your neighborhood are suddenly worth more than you thought. Whichever it is, don't try to cash in on it right now. Chances are the value of your investment will continue to increase. Hang in there and watch it grow."
5614,cancer,general,20201018,"Peace and harmony are in the regularly scheduled program for the day, but there is a good chance that there could be a warring force with strong opinions and vindictive tendencies. Hold onto your hat, Cancer, and make sure you have your actions well aligned with your soul or else you could be thrown into a battle that has nothing to do with you."
5635,cancer,general,20201108,"It isn't because your new projects demand such precision that they're causing you problems, Cancer. You tend to think details keep you from having a global vision, but that simply isn't true. There's no conflict between the long-term view and short-term needs. You just think that the latter gets in the way of the former. Try thinking of the details that you find annoying as steppingstones to your larger vision."
5636,cancer,general,20201109,"You're wasting your energy, Cancer, and you know it. You try your best to go about your everyday routine, but you're never really present. You listen to people but what they're saying doesn't interest you in any fundamental way. Yes, you're bored, and you're afraid to admit it to yourself. The depth of your inner search requires that you use a lot of energy to reexamine your life."
5649,cancer,general,20201122,"The social agitation that has been in your life for the last three weeks is coming to an end, Cancer. The celestial energy will help you learn some lessons and prepare for the next cycle. It would be great if you had some success and honors because this would help you confront the coming weeks. It will be a time of meditation and feeling a little bit disconnected from the world."
5665,cancer,general,20201208,"There is more than meets the eye to a money situation today, Cancer. There could be errors in your financial records, or someone may not be telling the truth about an important item. You're a caring, trusting person, but this isn't the day to blindly accept anyone's statements. Check the facts and see for yourself, then act accordingly in order to see to your own best interests."
5694,cancer,general,20210106,"Powerful feelings of love well up today, particularly toward family members. Communication between you and those you love is likely to be heightened, Cancer, as you learn to speak your mind while not being too blunt. Romantic matters could thrive now, as you will be in the mood to physically express your feelings. Old friends form stronger bonds, while you discover common interests with new friends."
5705,cancer,general,20210117,"Financial matters might need attention today. Bills may need to be paid, checks deposited, and budgeting worked out. Your powers of concentration are high, Cancer, so this is a great day to do this, even though you'd rather be doing something more interesting. Don't despair. Your practical skills are good, so you're apt to finish quickly. Then you can go play."
5752,cancer,general,20210305,"Opportunities for new partnerships concerning a personal project of yours could come to you from far away, Cancer. Contracts, agreements, and other legal matters work in your favor, but making sense of them could require concentration. Read the fine print to learn as much as you can. Whatever happens, your life should definitely change in a subtle but positive way. Embrace the change!"
5756,cancer,general,20210309,"It may be difficult to deal with people who seem spaced out and confused today, Cancer. This confusion can be contagious. You will find that no matter how much logic you apply to the situation, if it doesn't feel right, it won't happen. Things will flow naturally or they won't flow at all. Ease into the relaxed atmosphere of the day and don't worry if things don't happen as quickly as you'd like."
5762,cancer,general,20210315,"A group gathering you attend today could have long-term beneficial ramifications, Cancer. Perhaps you will strike up a conversation with a stranger who turns out to be an expert in a field you're interested in. Or you may deepen a relationship with a casual acquaintance, who ends up a friend for life. Keep your heart open to whatever and whomever this day brings!"
5765,cancer,general,20210318,"Today your imagination is likely to be flying high, Cancer, drawing on past images and events that you may have forgotten. You may wonder about the commercial potential of your thoughts. A conversation with a friend who knows this subject could prove enlightening. Write your ideas down and learn as much as you can about your various options over the next few days. You might be surprised!"
5766,cancer,general,20210319,"If you've wanted to get involved in some type of volunteer organization, today may be when you sign up to support a worthy cause. Whether it's an envirnomental charity or a volunteer opportunity, you realize that working to better the planet is an important element that has been missing in your life. Life glows all that much brighter with your new altruistic outlook, Cancer."
5771,cancer,general,20210324,"You're likely to act with great immediacy, Cancer. You will instantly know what to do in a situation, especially a crisis. You're likely to be thinking at top speed and moving with efficiency and courage. You should feel strong knowing that there's a terrific support system surrounding you in case things go awry. Go out on a limb and take a chance that you might not have considered before."
5774,cancer,general,20210327,"There may be some rough spots today that could be difficult to iron out, Cancer. No matter what you do, you land just a bit short of the mark. Perhaps your indecisiveness is making it too difficult for you to be effective. Your easygoing way of naturally going with the flow is making it easier for other people to manipulate you into doing what they want. Take control of the situation."
5782,cancer,general,20210404,"Try to stay on the lighter side today, Cancer. This may be easier said than done. You're the bridge that connects an island to the shore. The water is rising and the island is about to be completely submerged. People are scrambling to reach you. Be careful that the situation doesn't become an issue of self-sacrifice. The bridge is apt to sag or even break under so much weight and pressure."
5789,cancer,general,20210411,"A new field of interest may require much of your concentration for the next several days, Cancer. You could be studying a new spiritual discipline or perhaps an intellectual problem, such as the workings of the universe, or both. Your mind is especially sharp right now, so this is a good time to begin a new course of study. Take occasional breaks to avoid a sore back and eyestrain."
5797,cancer,general,20210419,"Home might be a lonely place tonight, Cancer. The other members of your household may be out or out of town. You might not feel up to any carousing, so you will probably choose to stay home and read or watch TV. However, your natural gregariousness could cause you to feel abandoned. Call a friend and talk for a while. That will make you feel more like yourself."
5807,cancer,general,20210429,"Today you might find that some of your more ambitious plans finally seem to be paying off, Cancer. You should be happy about this, but you might panic a bit, fearing that everything could crash at the last minute. Don't assume the worst and don't waste your energy worrying. Keep striving! You've gotten this far. With a little effort, all should go well."
5811,cancer,general,20210503,"You may wake up in a fog of confusion this morning for some reason, Cancer. The good news is that the air is likely to clear as the day continues. By late afternoon and early evening, you should be revved up and ready to go once again. Your normal self has returned and you're ready to face the world with a dramatic show of courageous action and adventure."
5874,cancer,love,20200704,"The current planetary alignment indicates that you have quite a lot to say for yourself concerning a certain event, but don't actually feel like talking right now. If your relationship is going through a stormy patch, then it is naturally far easier to withdraw in hurt silence then to make the effort to discuss the situation. But this is what you must do if want to make some progress."
5878,cancer,love,20200708,"The current planetary energy is great for teaming up with someone new who shares your ideas, beliefs, and general philosophy. If you have been getting to know them and are hopeful it will turn into a deeper and more passionate relationship, then there is every chance that it will, but it may not happen overnight. You will have to get to know each other and trust each other first."
5907,cancer,love,20200806,"Change for you is something of a sudden affair, quite often happening very fast. Today's astral energy helps you to realize the need for slow and steady progress in the area of your relationships. You know that you need to apply yourself to becoming more open and more expressive, so allow this to happen. Just start acting, and you will be astonished at what happens next."
5919,cancer,love,20200818,"Today's planetary alignment is bringing you the chance to become more uniquely yourself. Not that you tend to have too much difficulty in this respect, but you may have been having some problems recently in feeling completely at home in a certain relationship. You have been toying with the idea that you need more freedom, but really you just need to make some elbowroom for yourself."
5928,cancer,love,20200827,"Your partner is demonstrating a particularly passionate streak and seems to be full of fun and the joy of life. The day's planetary configuration indicates that you have a chance to be honest with each other, and to talk in a positive way about your future, and any changes you would like to make. It is also time for you both to go out and have a marvelous time."
5944,cancer,love,20200912,"You may have to resort to some in-depth conversation today to capture the one whom you secretly adore. They have some very interesting beliefs that they would like to share with another. But you would need to convince them that you too are passionately interested in the same thing. Whatever the situation, talking it through will cover a multitude of sins."
5954,cancer,love,20200922,"This is a day that is filled with togetherness and unity. You may have been feeling distinctly out of sorts lately with your partner and are sorely in need of some tender loving care. Perhaps you both need to make the effort to be nice to each other - really nice, not just pretending. See now, isn't that a lot better? There's mileage in this one yet."
5963,cancer,love,20201001,"Today brings a real challenge. You usually have a very lighthearted and detached approach to romance and relationships. You are often teased about your ""take it or leave it"" attitude and accused of mainly leaving it. However, now someone will not let go, even though you may wish they would. You are going to have to persuade them of your sincerity."
5965,cancer,love,20201003,"Ambivalent feelings are likely to be created between you and your loved one today. Strangely enough, although you are usually the one feeling distant and aloof, right now you feel the opposite, i.e., passionately desperate to be shown that your sweetest honey cake really, really cares about you. You find this quite disturbing, as it not your usual way in relationships. Yet it may be good to get a taste of your own medicine."
5975,cancer,love,20201013,"This is a perfect day for you to talk seriously to your sweetest love about the future of your relationship. There is a powerful feeling of mutual respect and harmony between you, and this may cause you both to want to take things one step further. If there are any issues that need discussing, then do it today, while path is smoothly paved by the day's planetary aspect."
5977,cancer,love,20201015,Perhaps it's not that you are frightened of dealing with both your own and others' feelings; it could be that you have just not learned how to flow with them at the appropriate moments. The current astral configuration may help you to understand a constant source of conflict within. This is the issue of how to balance your real ability to care with the act of actually caring.
5980,cancer,love,20201018,"Today brings a chance to make amends with your loved one concerning a recent misunderstanding. If you can get together and talk through the issue, this will really clear the air. There is a chance that one of you may also be hiding something, but if you open up to each other in mutual trust, you can heal any rifts very quickly."
6001,cancer,love,20201108,"Today you may meet that special person while at your local gym, if possible, or playing an individual sport like golf or tennis. Whatever you do, don't stay inside watching television. Use the energy of the day as an ideal opportunity to show off, to break through a few barriers, and to impress someone with your skill, openness, and great sense of humor."
6002,cancer,love,20201109,"Today you'll be given the chance to understand your partner (current or prospective) more fully. Relationships tend to proceed at a meandering pace, sometimes going forward, sometimes turning back on themselves, and sometimes going off at a tangent. This is a natural process and cannot be avoided, but we do all need to take time to understand the needs of our partners. Go to the trouble to do just that!"
6015,cancer,love,20201122,"If it is a question of knuckling down to some serious work, or spending quality time with your new love interest, then you may not have much problem deciding. You will both feel the need to go out and do something different. Spend time with friends, if possible, or log on and see a new online exhibition. Try anything that will expand your knowledge and awareness."
6031,cancer,love,20201208,"A little tension is set to come between you and your sugar honey, but quite honestly, this is nothing that you can't easily handle. All you have to do is ask yourself whether you are getting enough satisfaction out of the relationship, then be completely honest with yourself and also with your partner (current or prospective). You may feel like getting a lot closer to each other later on!"
6060,cancer,love,20210106,"You may be wondering whether it is wise to let your latest love interest in on a certain secret that you have been harboring. You are not entirely sure how far you can trust this person at this stage. The current alignment of the planets highlights your sense of conflict, but also reveals that perhaps it is best to keep quiet until you feel the time is right."
6071,cancer,love,20210117,"The current planetary aspect may find you feeling in a more thoughtful frame of mind. You are certainly not in the mood to make any promises without a lot of careful consideration. Thoughts about the future of a particular relationship may also be uppermost in your mind. While you realize just how much you have to offer each other, wait before making an irrevocable decision."
6118,cancer,love,20210305,"The astral configuration today means you will spend a lot of time wondering about the pros and cons of becoming involved in a certain relationship. You will meditate on it from one angle, perhaps getting out the tarot cards and to do a reading, and then reflect on it all from another perspective. Yet you only will only know if you like the flavor once you have bitten the fruit."
6122,cancer,love,20210309,"You may feel like doing your own thing today, with the current planetary aspect. It is only too easy for life to get into a tedious routine that can sap anyone's spirit, and also play havoc with our most precious relationships. If you suspect that this may be happening, take action now. Get out, change your patterns of dress and behavior, do things differently, and have a ball."
6128,cancer,love,20210315,"If you partner insists on remaining in a gloomy mood, even though you have tried every method in the book to cheer them up, then it may be best to leave them alone. Today's astral configuration indicates they may need time to work on a particular difficulty that they are experiencing, which they do not wish to talk about until they have thought it through. Be patient."
6131,cancer,love,20210318,"Today's astral configuration indicates that you have some exciting new options opening up to you in terms of love and romance, but it really does require that you alter your attitude in one or two significant ways. You can begin right now by determining that you are going to do several things differently. Start with looking through your wardrobe and putting it together in new and original ways."
6132,cancer,love,20210319,"The day's celestial configuration indicates that you have a day of real passion and romantic love in store for you. You and a love interest may well discover new heights to your relationship through trying out something different together. If you are looking for romance, anywhere connected with travel, sports, gambling, philosophy, or the theater will be a great setting to have fun."
6137,cancer,love,20210324,"Whether you are at work or at home today, this is a great time to lay the groundwork for a relationship to blossom and become a little more passionate later on. Invite someone you'd like to know better out for a meal. There is a wonderful optimistic energy about - so don't be shy. It is magic that's in the air."
6140,cancer,love,20210327,"Although it would be nice to think that you trust your sweetheart implicitly, the current planetary position encourages you to go down another road. This could mean that you continue to become more and more suspicious and disgruntled over an incident that arouses your mistrust. The worst thing you can do today is to withdraw in hurt silence. The best would be to discuss your deepest fears, and find them untrue."
6148,cancer,love,20210404,"Although this may not be a time of overriding passion, it is nevertheless a very positive chance to get to know someone much better. The planetary alignment indicates that while you may have had certain ideas, and even fantasies about what they could be like - imagining their hidden talents and foibles - nothing will compare with the reality of this unusual person. You are in for a real treat."
6155,cancer,love,20210411,"The current celestial atmosphere may cause you and a loved one to annoy each other. But hopefully what happens next is that rather than trying to skirt around a certain issue as usual, you both find the courage to talk about something that you find difficult to tackle. It may not be the most comfortable or easy conversation you have had, but certainly the most rewarding."
6163,cancer,love,20210419,"You could be tempted to lose your cool, with the present astral configuration. You may try and hold fire for as long as possible and hide your feelings, but sooner or later something will have to give. This may have a positive result in the end, especially if you and a loved one have not been communicating properly. It will clear the air, so you can both smile again."
6173,cancer,love,20210429,"If you try to hide so much as the tiniest secret from your love interest, it will be prized out of your crabby claws in two seconds. With today's planetary transits, the psychic radar is unusually powerful, and they will know if you are not telling the whole truth or are laying some kind of false trail. You will be tickled and questioned, teased and cajoled until you are honest."
6177,cancer,love,20210503,"The current astral configuration gives you a chance to be more daring and enterprising when it comes to your love life. You won't get a foot in the door if you insist on hiding away and refusing to speak to the person you so deeply admire. Then you could regret your actions. Go ahead and be the darling, charming self you know you can be, even if you have to act."
6240,cancer,career,20200704,"Your words are likely to have a harsh edge to them so be careful. You may think that your banter is witty and clever, but other people may find it to be harsh and offensive. Try not to make enemies in the workplace. Make friends instead."
6244,cancer,career,20200708,"It is not too late to capitalize on a fantastic opportunity of yesterday. Momentum from the previous couple of days has been building, setting you up to make a major move. Do it now before restrictions from other people descend upon you."
6273,cancer,career,20200806,Be more conservative with your money. Sometimes your frivolous spending can get a bit out of hand. This is a good day to put your money toward something meaningful - something that will help you. Put it towards an investment or a financial advisor.
6285,cancer,career,20200818,"Take extra time to spruce up your appearance. People appreciate and respect those who are neat, clean, and well dressed. Furthermore, you will feel extra confident just knowing that you look sharp. You will go further than you think is possible."
6294,cancer,career,20200827,"Push your ideas to the next level. Don't be satisfied with where you are at. Have the strength and inner confidence to take everything a step further. You will surprise everyone around you, including yourself, with the innovative ideas you generate."
6310,cancer,career,20200912,"Team up with someone. Your energy will most certainly help a project that was losing steam. Together, you will accomplish a great deal. The potential for success is there. Your job is to help define and direct the energy more efficiently."
6320,cancer,career,20200922,"The planets have been causing a great deal of mental confusion lately, but the good news is that changes soon. Today things that have been moving backward or have been in pause in your life are moving forward again."
6329,cancer,career,20201001,"Remember your history! Before you embark with a new technique and a new viewpoint about how things should be done, remember who has gone before you and how they have fared. Being mindful of the past will aid you now and in the future."
6331,cancer,career,20201003,"Tune into yourself as a person - as your true self - instead of holding on to the image of you as an employee or employer. Let these roles go as you enjoy your day. Even if you have to be working today, try to relate to people as yourself."
6341,cancer,career,20201013,"Be careful that you don't take on too much emotional stress. Pressure and high expectations from others are likely to put you into a panic and this will, in turn, lead to your own ill health. Take care of yourself emotionally and physically."
6343,cancer,career,20201015,"A trend that has been building during the last two weeks is going to culminate during your workday. The sparks will fly, and the resulting scene may not be too pretty. Brace yourself for intense confrontation with many different people."
6346,cancer,career,20201018,"Your constant apprehension regarding the workweek ahead is spoiling your enjoyment of the present moment. Don't get caught in this difficult position. There is no sense in worrying about tomorrow. Let it come, and be fearless when it does."
6367,cancer,career,20201108,"You will be invited to social engagements and once you get there, you will be the star of the show. At first you may be hesitant to mix business with pleasure, but it will behoove you to do so. An important breakthrough will be made when you do."
6368,cancer,career,20201109,This is going to be a rough day for you overall unless you wear a protective coat of armor. You may want to adopt a different persona for the day. Put your emotions and your worries aside. Keep your attitude upbeat and positive at all times.
6381,cancer,career,20201122,Your mode of operation may have to shift a bit in order for you to deal with the difficult issues of the day. Other people are taking the lead and you are better of following along instead of putting up a fight. Give others the right of way.
6397,cancer,career,20201208,"Feel free to state your opinion today but use caution. Your words may border on verbal abuse if you are not careful. Others are being extra aggressive today, but this doesn't mean that you have to play along. Take it easy."
6426,cancer,career,20210106,"Just because something is labeled ""work"" doesn't mean that it has to be tedious or boring. Try to put some spark in your workday today with an extra positive attitude. Believe it or not, you can make this day fun whether you are working hard or not."
6437,cancer,career,20210117,"The horse you are betting on is falling back in the pack today, but this is no reason to lose all faith. Ask what you can do to help instead of sitting back and doing nothing. Today you will find that helping others will actually end up helping you."
6484,cancer,career,20210305,Information you receive may not be very uplifting. Don't dwell on it. Take comments with a grain of salt. Someone's inappropriate remark is not something that you should lose sleep over. This person doesn't know what he or she is talking about.
6488,cancer,career,20210309,Don't try to hide the truth. Your tendency is to bend the facts in order to protect yourself and others. Don't. Doing so will only cause even greater harm down the road. Be sure to disclose all facts at this time. Honesty is a key theme for you.
6494,cancer,career,20210315,"Getting angry with others is not going to make them work faster or more efficiently. If anything, your anger towards people is only going to slow them down. Make peace with others instead of waging war. Others will repay you with kindness and respect."
6497,cancer,career,20210318,"The general pace slows down a bit today and you will find that this is the trend for the next three weeks. During this time, you should concentrate on gathering facts and planning. There is no rush. Take your time and be patient."
6498,cancer,career,20210319,"You will be bombarded by many brilliant ideas today - too many to keep track of. Your mind is wide open to all possibilities, and this is lending itself to the creation of many possibilities for you. Explore these possibilities at this time."
6503,cancer,career,20210324,"Make sure you have music nearby as you work. Pick something that is soothing and relaxing. If music is not allowed at your work, consider getting headphones. Tuning out the rest of the world as you work will make the day go by much more smoothly."
6506,cancer,career,20210327,"Even if you are away from your workplace, you are likely to feel a tension within you at just the thought of it. Headaches that come your way today are directly related to the stress you experience at work. Find a healthy outlet for this energy."
6514,cancer,career,20210404,Your instincts are right on target with regard to the people around you. You are able to immediately size up the crowd during any virtual or in-person meeting. Work with the energy of the day instead of against it. Don't antagonize those who are already down.
6521,cancer,career,20210411,Don't get swindled into playing someone else's game. It is quite clear that someone you work with is trying to trick you in some way. Perhaps this person is trying to get you to do more work than is required of you. Do not be fooled.
6529,cancer,career,20210419,"Gutting a current project and starting completely over may sound like a good idea, but it isn't. Persevere. A new trend begins that will continue for the next two months, and you will find that you can turn a failing project into a successful one."
6539,cancer,career,20210429,You may get the feeling that a buddy of yours is letting you down in some way. Look at the situation more closely and you will find that this is not the case. This person is just being who they are. Their actions have nothing to do with you.
6543,cancer,career,20210503,"You're especially disposed to teamwork today so start tackling that project that you wanted to set up and invite someone from your team to join you. This sounds like fun, but the reality of it is that you could spread yourself too thin if you don't get the support from other team members."
6606,cancer,wellness,20200704,"Balancing our lives can become a challenge. This is a good time to think about balance where your health is concerned. Is there balance in what you feed your body? Do you expose your system to harmful substances, or are you depriving it of its vital rest? Think along these lines when you plan your days: are you amply providing for your body, thinking about the years you have ahead on this earth? This can be a serious task but remember it can also be fun. Exercising with a friend, if possible, is good for the spirit!"
6610,cancer,wellness,20200708,"The cosmic climate gives you the emotional security to pick and choose what you want. Whom you communicate with, what you have for dinner, when you go to bed - these desires are made clearer at this time. On the other hand, be on the lookout that certain areas of your life don't fluctuate with your changing moods. You should try to exercise at least three times a week. If you fail to do so because you ""just weren't in the mood,"" I guarantee your mood will worsen."
6639,cancer,wellness,20200806,"Your deepest emotional needs can come to the forefront with today's position of the planets. Your desire to have things balanced in your life might become upset by such emotional force, and it's important that you don't blame yourself when you feel out of whack. There are times when it's more important to feel your feelings than to have it all under control! You can make a point of eating healthy meals this week as a way of counteracting the upset you may feel."
6651,cancer,wellness,20200818,"You may or may not be pleased while the planetary alignment lasts, as this aspect signals radical change. You may be ready for change, in which case you'll welcome this particular energy, or you may be nervous at the thought of change and get a bit uptight! Either way, you need to slow down the pace and get into a routine of deep breathing so that you can move through the next few days with calm intention. Yoga calms your nerves through breath, so why not try it?"
6660,cancer,wellness,20200827,"The transit of the day makes you notice your successes more than your failures, and that's a great thing! Revel in all the things you do well that don't necessarily get noticed or praised by other people. You can affect your self-esteem just by letting in a bit of praise from your own internal voice. Congratulate yourself for getting in some yoga, for making a healthy meal, for communicating honestly with a friend. These are the things that create a healthy life."
6676,cancer,wellness,20200912,"The current planetary configuration gives us a chance to pull out the physical and emotional needs of our inner child - the need to be nurtured, the need to be fed and well taken care of - into the structure of our waking hours. It helps us to implement what we want in our lives. Therefore, this is an auspicious time for making known to yourself what will help you feel more secure in your life. Ask yourself: what do you need in order to feel good?"
6686,cancer,wellness,20200922,"You really enjoy something that is presented with care and dedication. One reason you enjoy dining in fine restaurants is because of the artistry involved in the food presentation but guess what? You can try this at home! Colorful vegetables are a great way to start. There are several colors of squash, peppers, tomatoes, and beans. Try tantalizing your taste buds and your appreciation of careful preparation. As you also appreciate well-made tools, consider equipping your kitchen with the appropriate knives and cooking gear! Preparing your own meal can be pure pleasure."
6695,cancer,wellness,20201001,"Our best intentions are lost without some kind of communication. You are sometimes victim to the illusion that you've communicated something even when you haven't. You just feel things so intensely that you think you've communicated, when really, you've imagined the whole thing! Consider practicing grounding yourself in two-way communication through team sports, if possible, such as volleyball, where you are required to use your voice to let your teammates know what you're doing! This could greatly improve your relationships in work and love."
6697,cancer,wellness,20201003,"You can't have enough laughter in your life. The very act of laughing deeply stimulates and releases pressure that has been stored in the lower chakras, where your energy tends to get blocked. Put yourself in situations where you know laughter will play a part. If you love movies, start choosing funny ones over scary ones. If you have any children in your home, get down on the floor and start playing with them. There is just no better medicine than laughter."
6707,cancer,wellness,20201013,"Wishing that things were different doesn't often change matters. Unless of course, you reach your breaking point and then bust a move. You work this way much of the time. You hunker down and fester over something, and then one day for no apparent reason you change your tune. It's hard to always know whether you're festering in a productive way or not. To help cover your bases, keep a rigorous physical regimen going on during these times of confusion. This you don't have to think about: just do it."
6709,cancer,wellness,20201015,"Whether it's your job, your relationship, your family or your dreams for the future, you will feel the need to resolve or at least clarify deep issues right now. Be careful when doing this, as you may feel the urgency more than others who are involved. Focus this ""getting to the bottom of it"" energy on yourself, and benefit from the rigorous activity it demands. Your own body might benefit if you can turn your mental energy into physical exercise. With focus, it can be done."
6712,cancer,wellness,20201018,"Your stubborn side may be brought out by today's planetary movement. Hopefully, your stubborn feelings will be fixed on working out, or eating only healthy balanced meals, or getting enough rest each night. If you are experiencing some kind of emotional block that make these healthy habits difficult to realize, confide in someone you trust and get those blocked feelings moving. Your health is too important to take a back seat - put your health first."
6733,cancer,wellness,20201108,You have great character and want to make the most of a bad experience - once you are far enough away from it! Nothing will help you get through hard times more than regular exercise that involves deep breathing. It sorts out the body and mind by generating the flow of freshly oxygenated blood and improving your circulation. Yoga is probably something you do already. Try to find the best time of day to practice for you and make it a healthy habit.
6734,cancer,wellness,20201109,"Your best bet is to focus on your home life this week. To find the balance between inner and outer satisfaction, make certain you keep your diet in check. This means planning your meals, shopping for the finest produce you have available to you (if you don't already grow your own) and cooking at home. Cooking is a meditation when done well, and you deserve the best! You can enjoy the meals you prepare alone or with friends, if possible."
6747,cancer,wellness,20201122,Watching your behavior too closely can result in a judgmental inner critic that won't help you get where you want to go. Make a broad plan of what you want to do for your health in the coming weeks. Concentrate on what you want to eat and what you want to avoid eating. Focus on the time it will take to successfully integrate a few hours of exercise each week. With foresight and planning you may realize that it's not as hard as it looks.
6763,cancer,wellness,20201208,"You are a delightfully flexible person at times, and the planetary energy at play makes this one of those times! To emphasize this quality, consider paying special attention to stretching out your hips and legs. When you feel strong physically, your true nature shines through. Cut back on the caffeine intake - regularly substitute peppermint or chamomile tea to strengthen your nervous system."
6792,cancer,wellness,20210106,"It has been a productive month for you. This is truly a time of growth and prosperity, and with the present celestial atmosphere, it is not too late to add one more thing to your wish list. Have you been paying enough attention to your diet, exercise plan and sleep pattern? These are the areas where we need constant reminding. Give yourself the benefit of watching what you eat, how you sleep and whether you are exercising enough. Dare to have it all!"
6803,cancer,wellness,20210117,"Watch out for the temptation to go over-board today! You are practicing keeping your health boundaries this month. Health is largely dependent on sleep (observe the midnight hour) and a regular, healthy diet. Try to guard your sleep the way you would the fountain of youth - they may as well be the same thing! Your sleep affects your attitude, and they say attitude is everything. (Attitude is also breakfast: water, fresh fruit and whole grain toast is a great attitude!)"
6850,cancer,wellness,20210305,"Pay extra special attention to emotional needs today - both yours and those of that someone you love. With the current astral energy, our intentions to please and care for those we love can easily miss the mark. Have you ever put the car in third gear when you were aiming for first? Remember what happened? Don't stop yourself from opening your heart, but make sure your heart exits your mouth exactly the way you intend it to. Sometimes our sweetest thoughts fall into the mustard on the way to someone else's ears."
6854,cancer,wellness,20210309,"You are thought of as a rather reserved person, but in fact you can be intense and passionate, too. With today's planetary alignment, your passions could easily catch fire. Expect to look and feel your best, and to surprise yourself with what you are ready and willing to accomplish. Your energy is high and easily directed toward positive expression. You more than anyone realize that taking great care of yourself is sexy, sexy, sexy! So, don't skip your daily workout!"
6860,cancer,wellness,20210315,"It is only natural that you desire to do the right thing. However, it's not always easy to know what the right thing is! Today's planetary energy allows you to explore what is right for you. It's up to you to set the limits around what you eat; here are some guidelines to help you: The skeletal system and the skin, as well as hair, teeth, nails, the inner ear, and the knees are supported by nutrient-rich sea vegetables, like kelp. Try to become knowledgeable about the specifics of a healthy diet - it can be fun, too!"
6863,cancer,wellness,20210318,"If you are feeling overwhelmed today, give in to your nurturing qualities in order to protect yourself from any harm. Don't push yourself. If you can get some kind of exercise in it is recommended but remember that rest is as important as activity. Treat yourself to a hot bath with drops of lavender oil and take some time by yourself to write in your journal or listen to music. The way we treat ourselves when we feel under the weather deeply affects our health."
6864,cancer,wellness,20210319,"If you miss sleep or skip meals, you are likely to say things you regret. Keep this in mind today. Bite that tongue, turn those words into thoughts, and let it go. Isolate yourself in a comfortable way. Recognizing when we don't want to be around people is very important. Your own mind has oodles of information to give you if you will listen. Feeling irritable is a sign that ""you have mail."" A breathing or yoga session at home highly recommended."
6869,cancer,wellness,20210324,"The more time you spend looking at your diet and exercise needs, the easier it becomes to think of things that will improve your quality of life. For instance, when you spend a few weeks doing regular yoga workouts and drinking copious amounts of water, you will naturally feel ready to minimize certain foods in your diet, such as white flour and dairy. The body asks for what it wants: if you can increase your ability to listen you will be in good shape!"
6872,cancer,wellness,20210327,"The astral energy at play brings balance to the forefront. You may find yourself questioning the equilibrium of your work and private life. Being aware of your real goals and desires and setting appropriate boundaries could be issues. Take the situation of working out, for example. You must stick to your set routine of exercises, while also making sure that you are working at the edge of your capacity. When you keep your head down and don't look up, you lose crucial ground."
6880,cancer,wellness,20210404,"Walking is probably the most under-rated exercise because it doesn't require much exertion, and people do it every day. But how much do you actually do it? Do you walk instead of taking the bus whenever possible? Do you think 8-10 blocks is ""too far"" to walk? There are serious health benefits from walking: it tones your entire body, you can do deep breathing exercises at the same time, and the body naturally aligns itself when you walk with a straight back and an extended chest."
6887,cancer,wellness,20210411,"Today's planetary alignment is a marriage of feminine and masculine qualities. You are taking stock of your emotional cupboard: do you have what you need in your personal life? Are you OK with being alone? Do you feel you need more attention from others? These are confusing questions for some of you, who are accustomed to going without or making do with very little. It's a lot easier to know what you need emotionally when you are in reasonably good physical shape."
6895,cancer,wellness,20210419,"Jasmine oil should be on your shopping list this month. Jasmine is spiritually healing and is associated with the moon in herbal lore. Put a few drops in your bath or in your favorite (unscented) body lotion. Often thought to attract love, the scent also induces a deep, relaxing sleep that can cure symptoms of stress. Historically, Jasmine was used by midwives to help women relax their bodies during childbirth. A drop or two on your pillow will give you a pleasant night's rest."
6905,cancer,wellness,20210429,"If you are looking to outfit your bathroom cabinet with products to pamper yourself with, one of the first things you need to buy is tea tree oil. This oil has properties that are soothing to the skin - one of our most sensitive anatomical areas. Many health care products now include this wondrous natural healer, including bubble bath, moisturizer, deodorant, and shampoo. In addition to assisting in the care of your skin, tea tree oil also benefits nails and hair."
6909,cancer,wellness,20210503,"You are highly sensitive when it comes to friends and family, and today's transits exacerbate this emotional chord. Give yourself enough time each day to get a bit of exercise and to have healthy meals so that you are prepared to ""be there"" for those closest to you. You react very poorly to situations in which you are too pressed to give time to those you love. Time management can help you get what you need in every way."
6972,cancer,birthday,20200704,"You have a secret source of great love and support this year, possibly from friends and relatives. Be grateful and don't press for explanations. It may be a year of random acts of kindness, so perform your share. Be energetic in October, smoothing ruffled feathers and restoring peace and pleasantness at home. Be more low-key in November, but still fully enjoying life. A change-up in daily routine could have long-lasting effects. Enlightenment is possible in February. If sparks fly at work in April, you can cope with it. Spend the last month lavishing and receiving love and encouragement. It's a passionate, powerful year!"
6976,cancer,birthday,20200708,"Your daily life doesn't need to have anything lackluster about it this year. You've got the magic touch, especially at home in the first month, and know how to set people at ease. After a nice, quiet stretch, family and friends may want to spend more time with you in October. Enjoy the attention and tactfully share any extra expenses. People want to treat you well and stay in your good graces. Reserve judgment in December if a close friend or lover disappoints you. You can learn why before the year ends. Let tender feelings express themselves, and treasure those hugs and kisses!"
7005,cancer,birthday,20200806,"Your tastes and desires may differ from what the world offers, but don't swerve from what you love. In October friends or family may suggest things you don't like to do, but be gracious and play along if you think the company is good. Follow your own drumbeat in December, be calm and pleasant through the holidays, and be glad you did. If misgivings arise in April or May, that's fine. Respect your right to reevaluate earlier opinions and actions. Learn, improve, and advance. Love yourself, and give others the chance to love you, especially in the last month. It's a stimulating, sexy year!"
7017,cancer,birthday,20200818,"Be part of a bigger extended family and take a bigger social role with friends and community. Bake more brownies (to share, of course) or simply smile and comfort the shy and quiet around you. Focus on the details of daily life despite desires for great or flamboyant things. In November friends may expect you to take the lead in everything. Be bold and creative in January. A flash of love in February promises great things, but may fizzle. Enjoy and don't be disappointed. A reward for a forgotten favor may appear in April. Be popular, sought after, and downright loved all year!"
7026,cancer,birthday,20200827,"Things can click and fall into place for you in the material world this year. Generosity, good timing, and just being smart will all contribute to your financial progress. Details are easier to manage, so watch that budget, pay the bills on time, and enjoy being with your favorite people, especially in the fall. Big pleasures can come to you at zero or very little cost in January. A romantic fantasy may find you in February. Enjoy, but don't flounder in it. Do some favors in April and be rewarded. The last month is full of gifts and glamorous times! Have a proactive, prosperous year!"
7042,cancer,birthday,20200912,"Be articulate and charming this year, and perhaps speak for those who can't speak for themselves. You know what matters. Work and finances look stable enough to permit more public involvement - and enjoyment, too. Cultivate diplomacy and find energetic companions in the first month. In November interact with sympathetic friends, but don't be overly ambitious. A home affair may need attention in January. People will offer help should you request it. Respect your health and energy level in February. Be highly visible in June. People will remember and seek you out again in July and August. Better than fame - bask in good luck, good deeds, and love!"
7052,cancer,birthday,20200922,"Step into your own light this year! A karmic peek into your own mind is possible in October. Get finances and expenses under firmer control in November. Fun and adventures near to home are on your cosmic agenda in December. Friends will encourage this. Love and be loved in a bolder and more vocal way in March. Disagreements shouldn't be necessary. Even you should notice a more self-confident, outgoing mood by July and August. Connect better with more people in the last two months, and leave room in your heart for that most intimate and special one!"
7061,cancer,birthday,20201001,"It's a great year to bring home life and social life into better accord and surround yourself with happy family and friends. Your playful, clever nature encourages people to listen to what you have to say. Older people and relatives may be drawn to you - and be generous - in November. Be busy and renew contacts in December. January may draw you deep into a home concern that will greatly enhance your overall environment. Don't stress over any changes. Love suddenly enters the scene in April. Enjoy some rare peace and quiet until August reignites life with big fun and affection!"
7063,cancer,birthday,20201003,"Your inner child is near the surface this year and will lead you to many joyous and creative times! You're smart and naturally cautious, so there should be very little risk involved. You may be especially cautious regarding money in the autumn, but this will relax and leave you with more than enough resources for everything you need and want. You may crave new romantic excitement in the spring. Work and rest well so you can be ready for a boost in your social life in August. The last few weeks of the year may be the loveliest and most affectionate of all!"
7073,cancer,birthday,20201013,"Feel at home anywhere in the world this year, and get attached to a few new favorite places, people, and things. Your great natural charm will make you popular no matter where you are. Your clear, thoughtful nature makes you easy to get along with. Being practical, energetic, and enthusiastic in the first three months will propel you through a successful, happy rest of the year. A brief escape into fantasy lightens up February. Play it safe in April. A trip is possible in July. Work is pleasant and plentiful in August. The last month is full of harmony, happiness, and love!"
7075,cancer,birthday,20201015,"You'll be on a lot of people's radar this year, and having such a public presence will bring you much good luck. Your mental and social skills are at their peak and work together flawlessly, starting in the first month. Pace yourself and don't overexert, especially in November and April. Money and possessions may motivate you in December, making it sometimes hard to slow down. Find artistic or spiritual release in February. You glow in the work world in August. An increase in money, reputation, and recognition are all possible. Be modest and know you're worthy. Enjoy a glorious, glamorous year!"
7078,cancer,birthday,20201018,"Think big, talk with lots of people, and go out and be seen! It's no time to hide out with a small circle of friends and associates. Think instinctively before you act in the first month, and balance charm and mature sophistication. A monetary windfall (maybe some borrowed money returned to you?) or valuable gift may find you in December. Say thank you. Dream big in February. Avoid needless risks in April, and play it safe and happy. Be more prominent at work in August, and don't shirk from being more in charge. Get social and popular in September. It's a fun, fabulous year!"
7099,cancer,birthday,20201108,"Taking care of business ranks high for you this year, and a lot of that business may not even be yours. Be patient, listen, and take time to reply, especially with loved ones in the first two months. Keep to that budget and stay secure in January. Make your home more loving and lovely in February. In April surprise someone with an old favorite trick they've never seen you do. June and July may be busy with other people's concerns. Do what you can and have no regrets. Win hearts in August and win minds in October. It's a splendid, loving year!"
7100,cancer,birthday,20201109,"Enjoy a lot of mutual concern and give and take among friends and family this year. No one will feel stranded or forgotten when times are easy or rough. Be the tactful voice of reason for your family in the first few months. Put more energy into increasing income in January, and see quick results. Mind the budget, though. Decompress with some mildly crazy fun in April and May. People may need one another in July - be there and be cherished. Be sublimely lucky and popular in August. As the year ends, be greatly respected, loved, and admired!"
7113,cancer,birthday,20201122,"Your generous spirit drives you forward to happiness and success! Keep yourself in the equation of life, help others, and greatly help yourself. Material well-being is the focus of January, and you have energy and luck to profit from all your work. Friends offer relief, comfort, and fun in February. In March and April fill your home with a fresh feeling that's pure you. August can get exhausting and expensive, so respect some limits, as hard as that may be. The last month may have some frustrations, but don't get impatient or question any decisions you've made this year. Live and love to the fullest!"
7129,cancer,birthday,20201208,"You don't have to solve everyone's problems this year, but you certainly have the strength and know-how to do so. Be sweet and firm as the year begins. See a radically different side of yourself in January. This can benefit you in your finances and in the work world in February and October. A change at home or with family could be big but no surprise in April or May. People may keep you busy with their problems in July and August. Listening can be helpful, too. Honesty and heart-warming clarity in an established love affair are yours in the final months!"
7158,cancer,birthday,20210106,"Be energized and serious about all you do this year! That includes having fun. You might be the center of excitement in April, or you may spring a huge surprise on everyone. Be humble in public and thrilled in private. Save some passion for your own well-being in August and have a great fun-filled summer. Other people take up your time in October, but it will be good for you later, too. Feel serious and work hard in December. In January a big change at work could happen around you. Stay settled. Friends and that special love are never far away!"
7169,cancer,birthday,20210117,"Many exciting times are on your horizon this year! Be sensible, pace yourself, and have the energy to do as much as you like. Surprise people all year, especially in March and April. Force yourself to take a moment and focus your attention on what you want to achieve. Be ambitious. A touch of charm will make your great energy more acceptable, and even admirable, to many people. August may get wild and hyper, so stay practical, especially about money. Be wise, influential, and modest in late November. In the last few months be surrounded by loyal friends, brilliant ideas, and great love!"
7216,cancer,birthday,20210305,"It's a busy year full of big plans and big energy! Get your schedule organized in the first month and work hard. Save a little more, if you can, and see a sweet personal reward before July. August could be busy with summer excitement, but it doesn't have to be expensive. The end of December could be hectic, but stay focused and do your best for yourself and others. You might have an urge to get away from it all in January. Friends - and a special new love - will give you all the affection and rest you need at year's end!"
7220,cancer,birthday,20210309,"You can make your career glow with success this year or you can make a shift to something new! You are most practical and solid in the first month. You can get inside people's heads, too. Keep the cash flow balanced and maybe acquire a small desired item in June. Enjoy some pleasant but inexpensive summer fun with family in August. Romance gets nostalgic in November. Prepare for a possible big change at work in January. February is big, so look and do your best. Relax with friends afterward and let some surprises make you smile. Love isn't far behind!"
7226,cancer,birthday,20210315,A secret desire for something special could motivate you this year. Or it might be time for you to make private plans for a nicer lifestyle. Be ambitious and busy in the first few months and perhaps create a financial opportunity. Enjoy more luxury time with friends and family in July and August. Try not to spend away whatever you gain. Be sensible in love in November and feel appreciated. A startling new idea or project could distract you in January. Friends may inspire you in February. The last two months are bubbling with fun and affection. Make great advances this year!
7229,cancer,birthday,20210318,"This year you may get more interested in money and the nice things it makes possible. Cleverness and get-rich-quick schemes won't deceive you. You may discover some sound, practical ideas in the first couple months. Hard work matters, too, and you may deserve a small private treat by July. Share good times with family and friends in August. You might want to host a party or summer event. A quiet romance could find you in November. Stay low-key and let things take care of themselves. Friends and the social scene come to life in the remaining months, including much love!"
7230,cancer,birthday,20210319,"Charm and elegance are yours this year. You're smart. You know that life is more than money and material comforts, but you don't discount their importance. Be highly motivated all year and achieve a lot early on with what feels like little effort. Work diligently and maybe celebrate in August, perhaps on vacation. A friendship could become a serious romance in November. Deal promptly with any perceived crisis in January and see quick, easy resolutions. Amuse yourself with dreams of luxury in February. Friends and lovers are there for you, sometimes surprising you in the last two months!"
7235,cancer,birthday,20210324,"Find countless pleasures in daily life and have a great time all year! You're full of energy, so nothing and no one can rain on your parade. Be smart and sensible in the first few months and calmly work hard to further yourself. See better income and steady progress before July. Be lucky and feel rich at home in August. In September be more young at heart and enjoy things more. Be healthy in November and poised to handle any problem in January. Dispel a cherished dream at work in February and move forward. Surprising love and friendship round out a great year!"
7238,cancer,birthday,20210327,"The pleasure of good partners and teammates will make this a happy, powerful year! Early on think carefully about where you are and where you're headed, then work hard and be ambitious. The home budget may grow in July as you see progress. Be very lucky in August and attract more luck for your home environment. Don't remodel yet, though. September and October are times to luxuriate in doing what you love with people you love. In February you may recognize that a previous opinion came from a false impression. It's easy to fix things. April is yours for fun and fantastic love!"
7246,cancer,birthday,20210404,"You always have the big picture in view and know what to do when! You may not pay much attention to others, but you inspire them. Be most energetic in the first month. Friends keep you hopping and happy in July. Surprise yourself in a big way in August. Do good things with it. Catch up with some older friends in November. Learn and try new things with new people in new places in late January. Be realistic and responsible but open to the future. Friends and love return in a big way in the last few months. What a charmed and charming year!"
7253,cancer,birthday,20210411,"You know what you want and how to get it this year! You may not get everything instantly, but you know how to make it happen. Cleverness and energy are gifts that serve you well, particularly in the first few months. Be quietly productive and responsible. A friend may have some good ideas for you in July. Some unexpected good luck may find you while you're busy having fun with family in August. Reevaluate your position in November, and don't be too self-critical. You're doing well. In April and May relax with friends and perhaps a loving admirer who finally speaks up!"
7261,cancer,birthday,20210419,"Your best luck and greatest treasures will come from people and places close to home this year. People work smoothly with you, and your enthusiasm and energy will find lots of constructive projects in the first two months. Be respectful of your money and have more than enough. August is pleasant and September absolutely joyous with social and family events. No need to run wild or be extravagant. Everyone is feeling generous and loving. Respect any health concerns in November and let go of any regrets. In February aspire to something more for the future at work. It's an ambitious, affectionate year!"
7271,cancer,birthday,20210429,"Be your own best friend and be healthy and happy all year long! Friends and family will encourage you to take better care of yourself and make it easier. See benefits in August when your energy increases and smart decisions can bring more income. Have fun all summer, and be generous without spending more than needed. Feel more creative in November, but let those bright ideas simmer. Take good care of yourself in late December, and don't overdo the holiday eating and partying. Love could surprise you in January. Pleasant surprises at work in April may pay off big for months to come!"
7275,cancer,birthday,20210503,"Have big plans, big ideas, and big dreams! There's all the energy you need. Be realistic in your approach and see what you can make happen. August is loving and luxurious without any need to overspend. The whole summer is made for fun. Enjoy quiet time in November and politely ignore any meaningless criticism. A big love (not necessarily a person) could come or go in January, or perhaps it's simply a shift in the romance lineup. Working for a good cause touches your heart in February. Be daring but not reckless at work in April and gain respect and rewards. Have a magnificent year!"
7338,leo,general,20200704,"Don't run away from tension today, Leo. Any sort of emotional stress you feel will be compounded tremendously if it isn't dealt with right away. Be in the moment while the moment is here. The more you face in the present, the less you'll regret in the future. Clear up any sticky situation that arises and move forward. People may not understand your needs and concerns until you verbalize them clearly."
7342,leo,general,20200708,"You may feel a sense of restriction to the day, but in truth, this is for your own good, Leo. You'll find that your acute sense of discipline comes in handy today as you tackle work with incredible enthusiasm. Your goals aren't far from your grasp. Stay focused, and don't let the ticking clock pressure you. Hastiness will lead to careless mistakes. If you're going to do a job, do it right."
7371,leo,general,20200806,"Prepare for a surprise today, Leo. Perhaps it will come from someone else or perhaps it will come from you. Either way, by evening you're apt to be feeling quite lovey-dovey and rather spaced out. Give in to the lethargic attitude that might sweep over you. This is your time to play, so put work aside and have a good time while letting your emotions dictate your actions."
7383,leo,general,20200818,"You may find that today brings great physical strength and energy, Leo. You may want to do some really challenging, physical work. This is the day for it, so why not go to it? Do some yard work or clean out closets, cupboards, drawers, and filing cabinets. Consider donating items that you don't use anymore or sell things online to make a couple bucks."
7392,leo,general,20200827,"Tact isn't necessarily your strong suit, Leo. No one would accuse you of being overly sensitive to other people's emotions, but today you turn over a new leaf. This ""new and improved"" you tunes in to the thoughts and feelings of others and responds in thoughtful, caring ways. You may be surprised at how effective this gentler touch can be."
7408,leo,general,20200912,"An organization with which you're affiliated may be having financial problems, and this fact could come out today. It might be a shock to you and everyone else involved, Leo, but it's good that it's coming out now. This revelation might have a profound effect on your goals, and may necessitate some reevaluation. Some intense discussion with those around you is definitely indicated."
7418,leo,general,20200922,"You're highly esteemed in your profession because of your strong business acumen and no-nonsense approach to problem solving. Recent successes may be preparing you for the next leap in the progression. Be open to opportunities involving the Internet that present themselves. Remember, there's no glass ceiling online. Today may be peppered with all sorts of communications from friends."
7427,leo,general,20201001,"If you've asked your employer for a raise recently, Leo, the astral energy indicates that you can expect to receive one soon. Your employer is greatly impressed with your efforts, and probably thinking that you might be setting your sights elsewhere. Opportunities may certainly appear, although this is obviously not the time to decide. Take some time to really think and consider everything carefully."
7429,leo,general,20201003,"Keep careful track of things today, Leo, for you will find that the smallest detail will make the biggest difference. Don't hesitate to go with your hunches when something simply doesn't sound right. Stay focused and try not to get caught off guard when emotional issues come out of nowhere and disturb your thoughts. Trust yourself regardless of what's going on around you."
7439,leo,general,20201013,"It's likely that your personal and creative horizons are expanding, Leo. Your or another's artistic enterprises might pay off big today. You could be introduced to people who prove to be valuable contacts as well as new friends. Your love relationships are going well. Your new feeling of enthusiasm and self-confidence certainly doesn't hurt!"
7441,leo,general,20201015,"A legal matter that may have been pending for a while could finally be completed today, Leo. It's very likely to go in your favor. Therefore, if you've been sitting on a contract, agreement, or other document that needs your signature, read it carefully before you sign. You will probably get what you want out of the transaction. By the way, this is also a great day to get married!"
7444,leo,general,20201018,"I told you so might be your motto of the day. Try not to rub this in other people's faces, Leo. Indeed, you have the foresight to witness an action and see the consequences right away. These consequences might rear their ugly heads on a day like this. Use your incredible perception and intuition to home in on the best solution possible and work toward that goal before things get out of hand."
7465,leo,general,20201108,"Yes, Leo, this is a good moment to abandon old beliefs and moral values. Your view of life has changed and, above all, you're more aware of how your outdated, preconceived ideas sometimes poison your life. The past no longer concerns you. It's time for you to make a clean break from the beliefs that are holding you back. You might shock your family, but they'll get over it."
7466,leo,general,20201109,"It isn't always easy to think about how your life is going, Leo. Imagine if you were alone in the world, with nothing to hold you back or force you to do anything. At least once a month dedicate an hour to visualizing what your life would be like under these conditions. This will help you figure out what's impeding you today."
7479,leo,general,20201122,"This is the end of the first stage in your ""socialization,"" Leo. Are you satisfied with the people you've met? You can usually make the most out of these encounters, but did your political savvy let you down? Did it lead you in directions you didn't want to go? Take advantage of this pause to catch your breath and figure out where you are today and where you want to be tomorrow."
7495,leo,general,20201208,"Today, Leo, you probably aren't going to feel very friendly. You're most likely to want to sequester yourself at home and not see or speak to anyone. If your need for solitude is that strong, indulge it. You won't do yourself any good by forcing contact with others. You might feel a little out of sorts physically, so it's especially important to eat right and get lots of vitamin C."
7524,leo,general,20210106,Messages from close friends expressing their love and admiration for you may seem to arrive out of the blue. Your accomplishments over the past few weeks may have caused them to see you in a new light. Today you will experience the full force of their feelings. The doors of communication are open for you. You could decide to spend the day getting to know your friends all over again.
7535,leo,general,20210117,"Some projects might require practical attention today, getting irritating little details cleared up and out of the way. Your natural efficiency is at a peak, Leo, so you will probably be able to get these matters done before you get too bored. The important thing is that you will be able to achieve the results you want. Go to it."
7582,leo,general,20210305,"Mundane and perhaps boring tasks could take up much of your morning, Leo, but you will need to get them out of the way so you can move on to more exciting projects. More paperwork might be required in order to get these things started, but you will get it done quickly and efficiently. Keep on plugging along. You're on the right track!"
7586,leo,general,20210309,"Take your mind off your stressful duties and responsibilities today, Leo. This is a time for emotions and ego to connect in harmony. Don't let other people's problems ruin your good mood. There's a need for you to consciously let your mind and body be at ease. Art and music will bring you a great deal of pleasure. Indulge in the things that make you truly happy."
7592,leo,general,20210315,"It's unlike you, but today you rely on your intuition to guide you through some tricky territory, Leo. You may be somewhat distressed by the behavior of the people close to you. You're at a loss to understand their thinking. You will find that when you stop thinking logically and let yourself feel emotionally, you will likely gain insight into their actions."
7595,leo,general,20210318,"A friend could put forth some ideas regarding incorporating the arts into a business enterprise, Leo. A lot of discussion could result, though it's unlikely that any final decisions will be made now. More ideas should come over the next few days. Some intense research on your end should shed some light on the workability of the project. Go to it!"
7596,leo,general,20210319,"Your career is about to take a turn for the better, Leo. New professional possibilities may come your way today. Be receptive to any invitations or offers. Your advancement may not come in the most traditional way, so you need to pay close attention. Don't overlook something that seems beyond your capabilities. Your reach should always exceed your grasp. Stretch!"
7601,leo,general,20210324,"If someone tries to criticize you, Leo, don't be afraid to defend yourself. Other people aren't going to be afraid to speak their minds, and you shouldn't either. You may feel like someone is prodding you with a stick. They probably just want to get some sort of reaction out of you. Be honest about how you feel and explain your statements instead of just being curt."
7604,leo,general,20210327,"Nurture your artistic, romantic side today, Leo. Your feet may be a little cold, but that's what you get for splashing around in the rain. Don't worry about it. Your heart and mind are finally on the same page and it's much easier to say exactly how you feel. Take off the wet socks and put on a dry pair. Take to the streets and meet up with a fun troupe of merriment tonight."
7612,leo,general,20210404,"You may be trying to deal with things in a neat, orderly manner today, Leo. Try not to get too frustrated if things don't work out exactly the way you'd like. Tension may occur when matters of the heart come up for discussion. People may get rather emotional, sending your neat, orderly plan right out the window."
7619,leo,general,20210411,"Are you interested in psychology? If so, you might discover some information that clues you in to your mental and emotional history. Such disciplines as past-life regression or rebirthing could be especially appealing. What you learn today could enable you to understand yourself better and release remnants of past traumas. The future will fill the gap with new, wonderful things!"
7627,leo,general,20210419,"Usually you're quite social, Leo, but today you will feel like nothing more than working alone. Notwithstanding your wishes, however, you might be plagued with phone calls, visitors, and people wanting advice or help. Don't fight it. Go with the flow. Take care of what you need to and then spend the evening alone. Everyone has days like this."
7637,leo,general,20210429,"If you've been doing some creative or job-related writing, today you might be tired, blocked, and unable to muster the energy to turn on the computer. Leo, you need to ask yourself how important it is to get it done today. It's far better to wait another day and do it well than grind out something that isn't up to your standards. That could be counterproductive."
7641,leo,general,20210503,"Here's a suggestion. If you get a strange vibe about a situation today, walk away, Leo. Your instincts will tell you if something is dangerous or not. If you don't feel safe, find another place to be. You won't be productive in an environment where you don't feel comfortable. You will also enjoy yourself much more if you can relax in the situation instead of being uptight about it."
7704,leo,love,20200704,"Your in-person or virtual date this evening may not go entirely according to plan, but it won't be boring. Today's celestial energy encourages you to discover each other's intellectual preferences before you turn to more passionate matters. If you both have the same beliefs and ideals, then everything else will fall into place. If there is no meeting of minds, then no matter how hard you try, it may not last."
7708,leo,love,20200708,"There is a very light and warm atmosphere around right now, with the current aspect at play. It is perfect for any parties or lunches, and for entertaining in general, if possible, as others are very much interested in making new contacts. If you are looking for love, then you will find that although it may not happen right away, you can certainly make a beginning with someone special."
7737,leo,love,20200806,"If you are to really discover that special gift hidden in your current relationship, you will also need to know the secret of how to unwrap it. You are not sure whether to rip off all the paper or open it more sedately, beginning with carefully untying the bow. Either way, the longer you leave it unwrapped, the more you will regret it."
7749,leo,love,20200818,"You have been sitting on the fence, not sure whether to jump in and make that commitment today. The planetary configuration today is bringing you some questions to seriously consider before you make that all-important decision. Take some time to think through whether you can be totally yourself or whether you are pretending. Don't act until you feel sure; it is a big commitment."
7758,leo,love,20200827,"You could encounter that special person in some unlikely places. The day's planetary configuration indicates that you have a chance of your eyes meeting across a doctor's waiting room, veterinary office or at work. There will be a sense of attraction, and the feeling you have always known each other. This could be wonderful, so go with the flow."
7774,leo,love,20200912,"You usually prefer to spin your own stories, rather than get them out of books. Today you may have to resort to talking about some of the things you learned at college in order to get a date with that very fascinating person. Don't worry, you basically just have to demonstrate that you have a brain, not how well you can use it."
7784,leo,love,20200922,"You may find today a wonderfully pink occasion, with that special sort of sweetness reserved for candy floss and cherry nougat. The energy of the day brings a new lease on life to your latest relationship. Make your lover a wonderful candlelit meal with all the trimmings and show how much you care. They will be so grateful that they won't want to hang around for dessert."
7793,leo,love,20201001,"If your partner seems to be something of a party pooper today, then perhaps they can be forgiven. With today's astro energy, you may have quite a hard time bringing a smile to that usually sunny face, but don't despair. If you can persuade them to come out to see a show or take in a comic movie, all may not be lost."
7795,leo,love,20201003,"Easy come, easy go is often your motto concerning life, love, and relationships. Today you don't seem bothered whether your sweet love stays with you or not. You feel so strangely indifferent to their desperate pleas that you are ready to tell them you just don't care, after all. But don't dismiss them altogether, as they truly care about you! And anyway, tomorrow is another day!"
7805,leo,love,20201013,This is a great day to communicate with new people if you are seeking romance. People in general are in the mood to communicate and to make new friends. A small party could be just the setting where you start talking to that special person who may become a more permanent feature of your life. But primarily it is the quality of the conversation that will make the deepest impression.
7807,leo,love,20201015,"You may be very surprised today, in that the person you are currently dating dares to reveal some wonderful and awe-inspiring talents, of which you previously had no inkling. You realize that people are infinitely more mysterious than we ever give them credit for and are a constant source of delight if you know how to focus on this, rather than on their shortcomings."
7810,leo,love,20201018,"You're going to love the way your sugar honey talks to you today. Their words have soft, sexy, and very sultry overtones. You may find yourself the object of intensely passionate desire, and the turning point in the whole seductive process is a particular conversation that enables you to realize that there is far more depth and real understanding between you than you ever realized."
7831,leo,love,20201108,"You and a loved one will sample a much-needed dose of humor. If a sense of warmth and shared laughter has been missing from your relationship for some time, then take this wonderful opportunity to go for a walk, meet up with friends if possible, or just do anything that’s fun - but do laugh! It will improve all aspects of your relationship no end."
7832,leo,love,20201109,You may be feeling like you have just met your soulmate and are aware of that warm and tender glow deep in your heart. You'll both feel the urge to move to an even greater understanding. You both know this is a relationship that will stand up to any test - and probably it will be tested. But your love and deepening feelings will overcome any problems.
7845,leo,love,20201122,"Some great and lively conversations are in store for you today. If you are attending any form of small social gathering, then expect it to be fun. If you are single and looking for love, then don't stay at home; go wherever it’s possible to go to interact with others and talk yourself hoarse. Love comes through sharing your interests with others and allowing them into your world."
7861,leo,love,20201208,"While you can never talk too much, you and your sugar honey may be tired of discussing the ins and out of your love life. It might just encourage you to re-ignite the flame instead, and attempt to rekindle the love that you both felt for each other in the beginning. You have the technology and equipment - all you need do is enjoy yourselves and be happy!"
7890,leo,love,20210106,"The current alignment of the planets encourages you to want to take a risk with a certain relationship, yet also causes you to feel very apprehensive about doing so. You are faced with a fair amount of inner tension, which is something you generally try to avoid. However, on this occasion the conflict is truly creative, and it would be more appropriate to ignore your fears and just go ahead."
7901,leo,love,20210117,"This could be a day spent in reflection on your life, the past and the future. The current planetary aspect indicates you are thinking very carefully about your feelings for someone special. There is an air of caution around right now, and it may take you even longer than normal to come to a certain decision. This is a great time to reflect on all aspects of the relationship, but it may be better to delay any firm action for the moment."
7948,leo,love,20210305,"You need to trust your vision as far as a certain relationship is concerned, especially with the planetary alignment today. There is no way of knowing in advance whether you are making the right move; you can only truly know once you begin to connect and communicate with the person in question. Be brave and jump in, but be prepared to get out again if it doesn't suit you. Above all, enjoy the adventure."
7952,leo,love,20210309,"The current position of the planets may make room for a revelation concerning you and your partner (current or prospective). Take this chance today to talk about all things hidden, if you both feel that you can cope with it, and share your secrets with each other. You may find that if you do this in a spirit of real honesty and love, your partner (current or prospective)ship will blossom in unexpected ways."
7958,leo,love,20210315,"The position of the planets today encourages you to take it easy as far as a close current relationship is concerned. Whatever highs or lows, joys and excitements you have had to work through, right now it is time for a break. Whether this means taking time out to be alone and enjoy your own company, or just relaxing together - it will do you both good. Try to get a perspective!"
7961,leo,love,20210318,"Love could potentially be a big challenge today, in a very exciting way. Today's planetary alignment indicates that you have every chance of meeting someone who delights you in almost every sense of the word. The only slight catch is that they may come in a very unusual package, and not the one you had envisioned containing the person of your dreams. Keep an open mind."
7962,leo,love,20210319,"Passion may be found, or rather uncovered, at home today. The day's celestial configuration brings your love interest to their senses as far as you are concerned. You seem to have them twisted 'round your little finger and answerable to your every whim. Perfect, except that you, too, like to feel useful - so give as much as you hope to get. The day will be very memorable."
7967,leo,love,20210324,"The day's planetary constellation brings with it a feeling that you have much to celebrate. If you want to share this feeling of good fortune with a loved one, take them out somewhere special. If you are looking for romance, you may find it in places where there is a strong artistic atmosphere. Consider wandering around an art gallery or a cultural exhibition."
7970,leo,love,20210327,"The position of the planets may mean an innocent incident becomes magnified out of all proportion in the eyes of your beloved. They seem determined to accuse you of being unfaithful, when in fact you don't even remember what you did that could have aroused their suspicions. If you are to get any enjoyment out of the day, then this badly needs to be sorted out, and your honor restored."
7978,leo,love,20210404,"Today's planetary alignment may encourage you to take up an unusual opportunity, rather than abandoning it in favor of something you are more familiar with. However, in taking this unprecedented step, you may be opening yourself up to a chance to meet a person you would never normally have come into contact with. Perhaps destiny is at work here, making sure you find the one for you."
7985,leo,love,20210411,"With the current celestial atmosphere you could stage a full-blown drama today, by daring to air your dirty linen in public. This will ensure that you get the attention you need, but also gives you the chance to embarrass and shame your partner (current or prospective). If this makes you happy, fine; but you could also deal with this privately, which may be the way to bring resolution and healing."
7993,leo,love,20210419,Today's movement of the heavenly bodies could mean that you become repentant when you realize you have lashed out about a rumor that seemed to imply you had been involved with someone rather risqué. It would be better if you could check out the source of the information before you get mad at the wrong person. Speaking directly to the right person would be a better option.
8003,leo,love,20210429,"The position of the heavenly bodies means that simple words and phrases such as, ""I love you"" take on major connotations. In fact any statement you make to your love interest could evolve into a conversation concerning the purpose and direction of your relationship. A discussion about whether to go to the movies or out for a meal may reach mythical proportions, but you will probably enjoy the drama anyway."
8007,leo,love,20210503,"Meetings provide plenty of opportunity and also choices. The planetary transit today means that the more you get out and about and become involved in things, which you don't usually find a problem, the greater the chance you have of meeting someone just that extra bit special - the one who will put a smile on your face and a jaunty swing to your walk. What are you waiting for?"
8070,leo,career,20200704,You are going into battle as opposed to simply going into the workplace. You will feel at odds with the people you come in contact with. Someone is reaching for the stapler at the same time you are and you bump heads. It's just one of those days.
8074,leo,career,20200708,"Just because something is labeled ""work"" doesn't mean that it has to be tedious or boring. Try to put some spark in your workday today with an extra positive attitude. Believe it or not, you can make this day fun whether you are working hard or not."
8103,leo,career,20200806,Feel free to trust other people. Sometimes you may take on extra tasks in the workplace because you don't trust that others can get these things done on their own. Have faith and know that others will support you when you lean on them.
8115,leo,career,20200818,"Someone is not as intuitive as you are, and this is making you rather frustrated. Unfortunately, you need to listen to this person. As much as you would rather go off on your own, you will ultimately benefit more when you stick to the group."
8124,leo,career,20200827,"Try a new approach instead of relying on the same old course of action. Try stepping outside of yourself and seeing things from a new angle. You may feel like a different person as you go about your day, but this will lead toward greater success."
8140,leo,career,20200912,"Be more exuberant with regard to your work. If you don't show passion in your work, then your work itself will fail. The energy of the day is lively and energetic. Capitalize on it instead of feeling left out because you are feeling sad and moody."
8150,leo,career,20200922,"Short-range travel might be back on track. You may have noticed that it has taken longer to get places thanks to unexpected travel delays and mishaps. You can rest easy, since now these things are starting to shift."
8159,leo,career,20201001,"You are not willing to take any risks and this is fine. You shouldn't. Hold on to what you have, instead of putting it on the line for a chance to gain more. Such risky behavior is likely to backfire. Don't get talked into these kinds of gambles."
8161,leo,career,20201003,"It may be hard to shut your mind down and switch into relaxation mode. Getting involved with games that occupy your mind will aid in a positive transition. If you have to be at work today, try to think of your work as a game instead of a duty."
8171,leo,career,20201013,"Your powers of concentration are strong, and your mood is good. Overall, this is a fantastic day for you to get to the heart of any task you are dealing with and accomplish this task easily and efficiently. You have much to gain if you take charge."
8173,leo,career,20201015,"Make sure you support your fellow co-workers by following through on your word. If you aren't able to stick together in this simple fashion, you are shooting yourself and your co-workers in the feet. Together, you are strong. Separate, you are weak."
8176,leo,career,20201018,"Devising your own plan is key instead of waiting or hoping for others to make your plan for you. Your powers of concentration will be strong today, although others may try to throw you off balance with their criticism. Don't let them."
8197,leo,career,20201108,"Don't get caught up in a fantasy world. You will get distracted by someone else's dream, get off balance, and create a misconception about your career and where you are going with it. Don't make any decisions. You are not in a good position to do so."
8198,leo,career,20201109,"The day starts off on a very positive note for you. You have more control than you think. You have more power than you think. Other people are happy to be working with you, and overall, the environment around you is healthy for everyone."
8211,leo,career,20201122,"Your bravery is rising to the surface and you are not afraid of taking the next big leap of faith. You are courageous, creative, and strong. Set your major plan into motion. Work out details in your head. Gather resources. You are on track."
8227,leo,career,20201208,The hurried pace of those around you may cause you to feel rushed in some way. Don't run to catch up or you may end up falling flat on your face. Go at your own pace instead of getting swept up in the frenzy created by others.
8256,leo,career,20210106,Your attitude at the beginning of the day will determine how others treat you throughout the rest of the day. Don't give other people a reason to dislike you or be disrespectful to you. You deserve to be treated like the best because you are the best.
8267,leo,career,20210117,"Hard work is not your specialty but today you will find that it is a necessity. You like your self-image of a constantly happy-go-lucky person who can play all day and still achieve the impossible, but today you will need to put your nose to the grindstone."
8314,leo,career,20210305,"Spread your message far and wide. You have something to say, so say it. Just make sure you are willing to accept the consequences that come your way because of it. People's reactions will not be what you expect. Be patient. Give them time to process."
8318,leo,career,20210309,"You need to be careful with your words or you may get caught in your own web. You will be tempted to manipulate a certain situation in some way. Resist this temptation. Otherwise, you will make a fool out of yourself and everyone around you."
8324,leo,career,20210315,"When you know you are right about something, you are not afraid to stand up and fight in your defense. The problem is the opposing side is holding all of the cards. Look to a third and neutral party to be a mediator who can help resolve the issue."
8327,leo,career,20210318,"Your mood is upbeat for most of the day, making it easier for you to accomplish your work with a smile. The only potential pitfall in today's work has to do with your mental preoccupation. You can't seem to get your mind off of a certain loved one."
8328,leo,career,20210319,"You may be feeling quite low because of a recent collapse of your work situation. Perhaps you have been laid off, or moved to a different position, working fewer days a week. Don't get down on yourself. See this as an opportunity, not a tragedy."
8333,leo,career,20210324,"If something is working smoothly, let it be. There is no sense trying to disrupt the flow when everything seems to be working together just fine. Offer your two cents when it is asked of you. Otherwise, keep your opinions to yourself."
8336,leo,career,20210327,Talking with a spiritual person will help ease the burden of many of your career-related worries. Take this person's kind and soothing words to heart. Feel the calm within you instead of getting overwhelmed with the mental stress of your work.
8344,leo,career,20210404,You will win the favor and respect of others in the workplace by listening to them and simply understanding their needs and concerns as opposed to bossing them around. Your ear is more important than your mouth - so be mindful of how you use them.
8351,leo,career,20210411,You have the power and determination to act with great conviction and you have the strong communication skills and eloquent speaking manner to get your point across effectively and with tremendous passion. This is a powerful combination.
8359,leo,career,20210419,"A new trend kicks off today that will have a profound effect over the next couple months. In general, your actions will be dreamier and more imaginative. You will find yourself up in the clouds more often than not. Use this period to your advantage."
8369,leo,career,20210429,"Your charm and sweet-talking ways will get you into any door you want to walk through. You are on fire. The jokes are pouring off your tongue effortlessly. Your happy, childlike attitude is making everyone around you feel good. This spells success."
8373,leo,career,20210503,"Too many people, both on the job and in your personal life, could be making demands upon your time. You'll want to help them all, but you might not have the time, energy, or mental focus to do it. Don't feel bad about this. Concentrate on the ones with the most pressing needs for now."
8436,leo,wellness,20200704,"You used to love physical activity - the more intense the better. What has become of this urge? Picture a big pot filled with soup - the biggest pot you can imagine. Stirring that pot, so that soup from the very bottom mixes with the soup on top, is what exercise does for you. A good balance between aerobic and anaerobic exercise is ideal. This process is not only satisfying physically but is also necessary for a healthy mind. With so much energy brewing inside of you, regular physical release keeps your mental processes in check. Think about it."
8440,leo,wellness,20200708,"You have a wide-ranging palate and are often the person at the table who will order something new or unusual. This palate is connected to a willingness to explore the physical and sensual areas of life. It's important to be open-minded about physical pleasure, though some do not give themselves permission to do so from a young age and become blocked. The body can store blocked energy in profoundly secretive ways. Experiment with various holistic massage practices if this interests you (Alexander Technique is one)."
8469,leo,wellness,20200806,"You begin to notice more about your body - you may spend more time in front of the bathroom mirror critically analyzing your complexion or standing on the scale playing the numbers game. This is not exactly the healthiest way to spend your time, but we all do it. Intensity will be accentuated during this time. Drinking lots of water will help you to focus on your body in a positive way and eliminate toxins."
8481,leo,wellness,20200818,"Get ready to change what you have wanted to change for a long time whether you knew it or not - the time is now! Today's planetary alignment gives your patron planet a chance for innovative self-expression, which is why you may be surprised by what you find yourself willing to take on these next couple of days. To stay open to whatever your higher self embarks upon. Take hot baths with lavender essential oil at the end of your day."
8490,leo,wellness,20200827,"The planetary alignment today gives you a chance to get your own needs met by asking for things! Sometimes you don't see what you need because you are more concerned for others (yours is an altruistic sign). However, this placement makes your emotions urgent and vivid - and you somehow find the nerve to ask other people to do for you, instead of vice versa! Show the world you mean business and take your health into your own hands. Watch your diet carefully."
8506,leo,wellness,20200912,"The day's planetary aspect is best summed up with the image of Cupid, except that the recipient of all your ardor will probably be yourself. Doing what you need to do to nurture yourself properly is what this aspect is all about. Once acknowledged, you usually have no problem with execution. There is no point gained by a beautiful throw that misses the target! Look at your health regimen and ask what you can give yourself to improve your well-being."
8516,leo,wellness,20200922,"There is a wonderful planetary aspect occurring that will help you to figure out how you really want the next year to go. If you need to make improvements on your health regimen, use this transit as a turning point. Take a good look at your health practices - don't be satisfied with merely stepping up the volume. Understand why you do what you do, and what you maybe ought to do differently. It is through understanding that we improve our aim!"
8525,leo,wellness,20201001,"You sometimes give the impression that everything is going well even when it's not. You fall in love with the idea of having a good time and forget to ask yourself if it's really true or not. With a little help from the energy released by the current planetary alignment, take the opportunity to know what you are really feeling. Start with your health and wellness. Are you getting the right kind of energy from the foods you eat? Do you sleep enough? You can't know unless you ask."
8527,leo,wellness,20201003,"You tend to search for meaning in everything. This is not necessarily good or bad. But to keep you interested in something (or someone), there must often be some complex meaning to understand, or some ""point"" to follow. When it comes to your health, try to broaden your understanding of which foods have the highest nutritional value and why. Knowing this information will keep you interested in pursuing a healthy diet, and this is half the battle!"
8537,leo,wellness,20201013,"You have enjoyed a few very busy months, and things look like they might stay in a settled formation for some time now. You have a great deal to do with this order of things. Keeping your diet regular is a very important aspect of this, as is regular exercise and adequate rest. Remember to always pay special attention to your liver, the organ in your body that regulates your blood and reminds you when you've gone overboard."
8539,leo,wellness,20201015,"Today's planetary alignment can make you feel a little slowed down. You may not be comfortable with the way things feel in your head these days. Something is off - and you can't seem to identify the source. This ""creepy"" feeling needs to be handled with gentle attention. Ground yourself with deep breathing exercises, especially close to bedtime. Your sleep can be affected adversely, so take care to exercise enough to make you tired for bedtime."
8542,leo,wellness,20201018,"When the usual routine of eating lots of salad and getting regular exercise seems boring and predictable, prepare or order a really heavy dinner, like a fondue. Pay attention to how you feel the next morning and ask yourself which diet you prefer! You may not even have to do this because you can anticipate what the answer would be. We must always entertain our decadent impulses seriously, or we will miss the opportunity of using our better judgment!"
8563,leo,wellness,20201108,"With the influence from today's planetary alignment, things could get a little hard to manage. Whether positive or negative, there is a lot of energy in your midst right now and you need to stay active to keep things manageable! Any time you can walk instead of ride in a car or bus - do it. When making choices about what you eat, always choose for the benefit of your body. Your taste buds won't mind! Eat light, nutritious foods."
8564,leo,wellness,20201109,"With the present astral configuration, you are beginning to feel there is more to life than what other people want, do, and say. What you feel inside is the most important thing to notice and follow. How will you keep a hold of this awareness when the aspect changes? Make a note to self? How about committing to making your next month one of exemplary health habits. Prove to yourself that you call the shots!"
8577,leo,wellness,20201122,Today's aspect works harmoniously to bring you a warm sense of wellbeing. There is not a cloud in the sky unless you encounter someone else not having such a great day! Focus on this energy and keep to yourself and apply this energy where it is most needed: your health. Listen to your body and give it what it truly needs. There is no reason you can't feel this way every day with a little attention.
8593,leo,wellness,20201208,"The need for perspective is universal, but for you it can feel particularly acute. Throughout your quest for this perspective, remember that there is no substitute for regular exercise. The circulation of fresh blood throughout the body affects your skin quality. The skin also depends on lots of fresh water and a diet that provides plenty of Vitamin C. When you take care of your skin you feel better about yourself - and this is something that can entirely change your perspective!"
8622,leo,wellness,20210106,"Personal growth comes in many forms and packages, and sometimes the most challenging thing we can do is ask ourselves what we would really like to see change in our personal habits. Whether it's brushing your teeth more often or giving up alcohol for a period of time, there are things you will automatically think of - when you ask yourself the question seriously. Don't be afraid to take steps to improve your manners or physical appearance. It's a healthy conscience that wants to fit in and look good!"
8633,leo,wellness,20210117,"You may find yourself obsessing on something that doesn't matter today. Stick to your healthy habits during this distraction, and when push comes to shove, stand firm about your health! We all feel out of control once in a while. Remind yourself that you are not perfect, nobody who's anybody expects you to be perfect, and you are not aiming for perfection! If this doesn't help quell the obsessive thinking, try getting to bed early and trying again tomorrow!"
8680,leo,wellness,20210305,"While you're thinking about the future, it's important to tend to the present. Direct some of your attention to the development of good habits that help your vision. Consume spirulina, chlorella and other blue-green algae in healthy shakes once or twice a week. These and other sources of beta carotene will increase the level of Vitamin A in your blood stream, which you need to support your insightful vision. Also, sports such as tennis that depend on hand-eye coordination are excellent forms of exercise."
8684,leo,wellness,20210309,"Great understanding for others is the name of your game. With today's aspect at play, you will be able to see even more clearly what others feel. One of your weaknesses, however, is not clearly knowing how you feel. This may sound strange, but try talking to someone about your own emotions, and you will find that the shoe doesn't quite fit the other foot. One way to start tapping into your hidden feelings: keep a dream journal."
8690,leo,wellness,20210315,"The planets are forming a pleasant and potentially illuminating aspect! This configuration will gently alleviate the anxiety that can block you from understanding your true nature. A light workout, preferably including yoga, will open you to the benefits of this transit by putting your mind on hold, and allowing your body to assert its natural rhythms. Always follow up exercise with drinking plenty of water. Enjoy the enlightenment!"
8693,leo,wellness,20210318,"With today's planetary activity, you sense a struggle within yourself - what you want is different from what you need. If you choose to sail above the petty squabbling that occurs from time to time in your relationships, you will find it even more challenging to deal with this energy inside yourself. Do not ignore the tension that arises between your higher self and your human desires. Arm yourself to deal with it with a good dose of aerobic exercise."
8694,leo,wellness,20210319,"Some advice for your diet: avoid caffeine. It is a very prevalent drug in our society, but it may not be right for you. Begin to open your mind and your palette to alternative substances, the most common being herbal infusions, especially green tea. The stress of caffeine on the eyes (vision) can adversely affect you. Also, include fresh fruits and vegetables that nourish your eyes: cantaloupe, cranberries, and blueberries. These delicious food sources certainly taste better than any medicine!"
8699,leo,wellness,20210324,"Suspending judgment allows you to see more of the truth. Suspending judgment of the self allows you particularly to see your inner truth. Today's astral configuration is wonderful for personal inquiry. Are you doing things for yourself that aid your sense of well-being, or things that detract from it? What kind of behavior do you see in your friends that you admire and would like to follow? You have the freedom to choose your own health practices."
8702,leo,wellness,20210327,"With today's planetary alignment, you may be inspired to break down outdated habits and stagnant patterns in order to move into the future with big, bold steps. You may be motivated to break down traditions deemed too difficult to take on. Have you ever felt like making radical changes in your health practices? A vegetarian diet? An earlier hour of waking up in the morning? Now would be a good time to try something big but start gradually."
8710,leo,wellness,20210404,"One of the best ways to improve your health is to give yourself more time. No, I am not talking about turning back the clock! Give yourself the time between activities to re-group and understand what you want and need to do next. When we rush from place to place, we lose our sense of purpose and regret the time we waste. Even the choice of what you eat will be affected by giving yourself enough time to notice what you really want."
8717,leo,wellness,20210411,"Your gift of sight usually serves you especially well. Nurture your natural vision with sources of Vitamin A and Beta-carotene. Do not rub your eyes if they are tired or itchy. There are better ways to find relief. Use delicate eye moisturizer for the skin around the eyes. Wear sunglasses to prevent sun damage (yes, especially when the glare is strong). Your vision is a gift - use it to see, and do, good in the world."
8725,leo,wellness,20210419,"The power to nurture others is inherent in your being. You have something to offer that all creatures need. But be aware that you yourself need to center regularly and find ways to recharge. In order to protect yourself from unforeseen difficulties, be prudent regarding your diet. Eat the freshest foods possible and do not leave yourself open to illness or injury. It is in your nature to think ahead, so use this gift for yourself."
8735,leo,wellness,20210429,"Be good to yourself, because nobody else has the power to make you happy - George Michael said that in one of his songs, and he might as well have been thinking of you! You need to take the power into your own hands and create the physical reality you can be happy in. This means opening up your eyes to all that you wish were different about your body and taking steps toward a future form that is closer to your ideal."
8739,leo,wellness,20210503,"You may find yourself growing more involved in a physical relationship with someone you care about, and today's aspect will greatly enhance your ability to approach matters of sensuality with openness. This regards how you approach yourself most importantly. Your body is a vehicle for self-expression, and you must love your body in order to make love with it! This means caring for it with regular exercise, a healthy diet and a conscientious approach to intimate relationships!"
8802,leo,birthday,20200704,"You have a secret source of great love and support this year, possibly from friends and relatives. Be grateful and don't press for explanations. It may be a year of random acts of kindness, so perform your share. Be energetic in October, smoothing ruffled feathers and restoring peace and pleasantness at home. Be more low-key in November, but still fully enjoying life. A change-up in daily routine could have long-lasting effects. Enlightenment is possible in February. If sparks fly at work in April, you can cope with it. Spend the last month lavishing and receiving love and encouragement. It's a passionate, powerful year!"
8806,leo,birthday,20200708,"Your daily life doesn't need to have anything lackluster about it this year. You've got the magic touch, especially at home in the first month, and know how to set people at ease. After a nice, quiet stretch, family and friends may want to spend more time with you in October. Enjoy the attention and tactfully share any extra expenses. People want to treat you well and stay in your good graces. Reserve judgment in December if a close friend or lover disappoints you. You can learn why before the year ends. Let tender feelings express themselves, and treasure those hugs and kisses!"
8835,leo,birthday,20200806,"Your tastes and desires may differ from what the world offers, but don't swerve from what you love. In October friends or family may suggest things you don't like to do, but be gracious and play along if you think the company is good. Follow your own drumbeat in December, be calm and pleasant through the holidays, and be glad you did. If misgivings arise in April or May, that's fine. Respect your right to reevaluate earlier opinions and actions. Learn, improve, and advance. Love yourself, and give others the chance to love you, especially in the last month. It's a stimulating, sexy year!"
8847,leo,birthday,20200818,"Be part of a bigger extended family and take a bigger social role with friends and community. Bake more brownies (to share, of course) or simply smile and comfort the shy and quiet around you. Focus on the details of daily life despite desires for great or flamboyant things. In November friends may expect you to take the lead in everything. Be bold and creative in January. A flash of love in February promises great things, but may fizzle. Enjoy and don't be disappointed. A reward for a forgotten favor may appear in April. Be popular, sought after, and downright loved all year!"
8856,leo,birthday,20200827,"Things can click and fall into place for you in the material world this year. Generosity, good timing, and just being smart will all contribute to your financial progress. Details are easier to manage, so watch that budget, pay the bills on time, and enjoy being with your favorite people, especially in the fall. Big pleasures can come to you at zero or very little cost in January. A romantic fantasy may find you in February. Enjoy, but don't flounder in it. Do some favors in April and be rewarded. The last month is full of gifts and glamorous times! Have a proactive, prosperous year!"
8872,leo,birthday,20200912,"Be articulate and charming this year, and perhaps speak for those who can't speak for themselves. You know what matters. Work and finances look stable enough to permit more public involvement - and enjoyment, too. Cultivate diplomacy and find energetic companions in the first month. In November interact with sympathetic friends, but don't be overly ambitious. A home affair may need attention in January. People will offer help should you request it. Respect your health and energy level in February. Be highly visible in June. People will remember and seek you out again in July and August. Better than fame - bask in good luck, good deeds, and love!"
8882,leo,birthday,20200922,"Step into your own light this year! A karmic peek into your own mind is possible in October. Get finances and expenses under firmer control in November. Fun and adventures near to home are on your cosmic agenda in December. Friends will encourage this. Love and be loved in a bolder and more vocal way in March. Disagreements shouldn't be necessary. Even you should notice a more self-confident, outgoing mood by July and August. Connect better with more people in the last two months, and leave room in your heart for that most intimate and special one!"
8891,leo,birthday,20201001,"It's a great year to bring home life and social life into better accord and surround yourself with happy family and friends. Your playful, clever nature encourages people to listen to what you have to say. Older people and relatives may be drawn to you - and be generous - in November. Be busy and renew contacts in December. January may draw you deep into a home concern that will greatly enhance your overall environment. Don't stress over any changes. Love suddenly enters the scene in April. Enjoy some rare peace and quiet until August reignites life with big fun and affection!"
8893,leo,birthday,20201003,"Your inner child is near the surface this year and will lead you to many joyous and creative times! You're smart and naturally cautious, so there should be very little risk involved. You may be especially cautious regarding money in the autumn, but this will relax and leave you with more than enough resources for everything you need and want. You may crave new romantic excitement in the spring. Work and rest well so you can be ready for a boost in your social life in August. The last few weeks of the year may be the loveliest and most affectionate of all!"
8903,leo,birthday,20201013,"Feel at home anywhere in the world this year, and get attached to a few new favorite places, people, and things. Your great natural charm will make you popular no matter where you are. Your clear, thoughtful nature makes you easy to get along with. Being practical, energetic, and enthusiastic in the first three months will propel you through a successful, happy rest of the year. A brief escape into fantasy lightens up February. Play it safe in April. A trip is possible in July. Work is pleasant and plentiful in August. The last month is full of harmony, happiness, and love!"
8905,leo,birthday,20201015,"You'll be on a lot of people's radar this year, and having such a public presence will bring you much good luck. Your mental and social skills are at their peak and work together flawlessly, starting in the first month. Pace yourself and don't overexert, especially in November and April. Money and possessions may motivate you in December, making it sometimes hard to slow down. Find artistic or spiritual release in February. You glow in the work world in August. An increase in money, reputation, and recognition are all possible. Be modest and know you're worthy. Enjoy a glorious, glamorous year!"
8908,leo,birthday,20201018,"Think big, talk with lots of people, and go out and be seen! It's no time to hide out with a small circle of friends and associates. Think instinctively before you act in the first month, and balance charm and mature sophistication. A monetary windfall (maybe some borrowed money returned to you?) or valuable gift may find you in December. Say thank you. Dream big in February. Avoid needless risks in April, and play it safe and happy. Be more prominent at work in August, and don't shirk from being more in charge. Get social and popular in September. It's a fun, fabulous year!"
8929,leo,birthday,20201108,"Taking care of business ranks high for you this year, and a lot of that business may not even be yours. Be patient, listen, and take time to reply, especially with loved ones in the first two months. Keep to that budget and stay secure in January. Make your home more loving and lovely in February. In April surprise someone with an old favorite trick they've never seen you do. June and July may be busy with other people's concerns. Do what you can and have no regrets. Win hearts in August and win minds in October. It's a splendid, loving year!"
8930,leo,birthday,20201109,"Enjoy a lot of mutual concern and give and take among friends and family this year. No one will feel stranded or forgotten when times are easy or rough. Be the tactful voice of reason for your family in the first few months. Put more energy into increasing income in January, and see quick results. Mind the budget, though. Decompress with some mildly crazy fun in April and May. People may need one another in July - be there and be cherished. Be sublimely lucky and popular in August. As the year ends, be greatly respected, loved, and admired!"
8943,leo,birthday,20201122,"Your generous spirit drives you forward to happiness and success! Keep yourself in the equation of life, help others, and greatly help yourself. Material well-being is the focus of January, and you have energy and luck to profit from all your work. Friends offer relief, comfort, and fun in February. In March and April fill your home with a fresh feeling that's pure you. August can get exhausting and expensive, so respect some limits, as hard as that may be. The last month may have some frustrations, but don't get impatient or question any decisions you've made this year. Live and love to the fullest!"
8959,leo,birthday,20201208,"You don't have to solve everyone's problems this year, but you certainly have the strength and know-how to do so. Be sweet and firm as the year begins. See a radically different side of yourself in January. This can benefit you in your finances and in the work world in February and October. A change at home or with family could be big but no surprise in April or May. People may keep you busy with their problems in July and August. Listening can be helpful, too. Honesty and heart-warming clarity in an established love affair are yours in the final months!"
8988,leo,birthday,20210106,"Be energized and serious about all you do this year! That includes having fun. You might be the center of excitement in April, or you may spring a huge surprise on everyone. Be humble in public and thrilled in private. Save some passion for your own well-being in August and have a great fun-filled summer. Other people take up your time in October, but it will be good for you later, too. Feel serious and work hard in December. In January a big change at work could happen around you. Stay settled. Friends and that special love are never far away!"
8999,leo,birthday,20210117,"Many exciting times are on your horizon this year! Be sensible, pace yourself, and have the energy to do as much as you like. Surprise people all year, especially in March and April. Force yourself to take a moment and focus your attention on what you want to achieve. Be ambitious. A touch of charm will make your great energy more acceptable, and even admirable, to many people. August may get wild and hyper, so stay practical, especially about money. Be wise, influential, and modest in late November. In the last few months be surrounded by loyal friends, brilliant ideas, and great love!"
9046,leo,birthday,20210305,"It's a busy year full of big plans and big energy! Get your schedule organized in the first month and work hard. Save a little more, if you can, and see a sweet personal reward before July. August could be busy with summer excitement, but it doesn't have to be expensive. The end of December could be hectic, but stay focused and do your best for yourself and others. You might have an urge to get away from it all in January. Friends - and a special new love - will give you all the affection and rest you need at year's end!"
9050,leo,birthday,20210309,"You can make your career glow with success this year or you can make a shift to something new! You are most practical and solid in the first month. You can get inside people's heads, too. Keep the cash flow balanced and maybe acquire a small desired item in June. Enjoy some pleasant but inexpensive summer fun with family in August. Romance gets nostalgic in November. Prepare for a possible big change at work in January. February is big, so look and do your best. Relax with friends afterward and let some surprises make you smile. Love isn't far behind!"
9056,leo,birthday,20210315,A secret desire for something special could motivate you this year. Or it might be time for you to make private plans for a nicer lifestyle. Be ambitious and busy in the first few months and perhaps create a financial opportunity. Enjoy more luxury time with friends and family in July and August. Try not to spend away whatever you gain. Be sensible in love in November and feel appreciated. A startling new idea or project could distract you in January. Friends may inspire you in February. The last two months are bubbling with fun and affection. Make great advances this year!
9059,leo,birthday,20210318,"This year you may get more interested in money and the nice things it makes possible. Cleverness and get-rich-quick schemes won't deceive you. You may discover some sound, practical ideas in the first couple months. Hard work matters, too, and you may deserve a small private treat by July. Share good times with family and friends in August. You might want to host a party or summer event. A quiet romance could find you in November. Stay low-key and let things take care of themselves. Friends and the social scene come to life in the remaining months, including much love!"
9060,leo,birthday,20210319,"Charm and elegance are yours this year. You're smart. You know that life is more than money and material comforts, but you don't discount their importance. Be highly motivated all year and achieve a lot early on with what feels like little effort. Work diligently and maybe celebrate in August, perhaps on vacation. A friendship could become a serious romance in November. Deal promptly with any perceived crisis in January and see quick, easy resolutions. Amuse yourself with dreams of luxury in February. Friends and lovers are there for you, sometimes surprising you in the last two months!"
9065,leo,birthday,20210324,"Find countless pleasures in daily life and have a great time all year! You're full of energy, so nothing and no one can rain on your parade. Be smart and sensible in the first few months and calmly work hard to further yourself. See better income and steady progress before July. Be lucky and feel rich at home in August. In September be more young at heart and enjoy things more. Be healthy in November and poised to handle any problem in January. Dispel a cherished dream at work in February and move forward. Surprising love and friendship round out a great year!"
9068,leo,birthday,20210327,"The pleasure of good partners and teammates will make this a happy, powerful year! Early on think carefully about where you are and where you're headed, then work hard and be ambitious. The home budget may grow in July as you see progress. Be very lucky in August and attract more luck for your home environment. Don't remodel yet, though. September and October are times to luxuriate in doing what you love with people you love. In February you may recognize that a previous opinion came from a false impression. It's easy to fix things. April is yours for fun and fantastic love!"
9076,leo,birthday,20210404,"You always have the big picture in view and know what to do when! You may not pay much attention to others, but you inspire them. Be most energetic in the first month. Friends keep you hopping and happy in July. Surprise yourself in a big way in August. Do good things with it. Catch up with some older friends in November. Learn and try new things with new people in new places in late January. Be realistic and responsible but open to the future. Friends and love return in a big way in the last few months. What a charmed and charming year!"
9083,leo,birthday,20210411,"You know what you want and how to get it this year! You may not get everything instantly, but you know how to make it happen. Cleverness and energy are gifts that serve you well, particularly in the first few months. Be quietly productive and responsible. A friend may have some good ideas for you in July. Some unexpected good luck may find you while you're busy having fun with family in August. Reevaluate your position in November, and don't be too self-critical. You're doing well. In April and May relax with friends and perhaps a loving admirer who finally speaks up!"
9091,leo,birthday,20210419,"Your best luck and greatest treasures will come from people and places close to home this year. People work smoothly with you, and your enthusiasm and energy will find lots of constructive projects in the first two months. Be respectful of your money and have more than enough. August is pleasant and September absolutely joyous with social and family events. No need to run wild or be extravagant. Everyone is feeling generous and loving. Respect any health concerns in November and let go of any regrets. In February aspire to something more for the future at work. It's an ambitious, affectionate year!"
9101,leo,birthday,20210429,"Be your own best friend and be healthy and happy all year long! Friends and family will encourage you to take better care of yourself and make it easier. See benefits in August when your energy increases and smart decisions can bring more income. Have fun all summer, and be generous without spending more than needed. Feel more creative in November, but let those bright ideas simmer. Take good care of yourself in late December, and don't overdo the holiday eating and partying. Love could surprise you in January. Pleasant surprises at work in April may pay off big for months to come!"
9105,leo,birthday,20210503,"Have big plans, big ideas, and big dreams! There's all the energy you need. Be realistic in your approach and see what you can make happen. August is loving and luxurious without any need to overspend. The whole summer is made for fun. Enjoy quiet time in November and politely ignore any meaningless criticism. A big love (not necessarily a person) could come or go in January, or perhaps it's simply a shift in the romance lineup. Working for a good cause touches your heart in February. Be daring but not reckless at work in April and gain respect and rewards. Have a magnificent year!"
9168,virgo,general,20200704,"Stop hiding behind the intellectual barrier that you may have put up, Virgo. Playing games will get you nowhere. True strength is being able to demonstrate that you have the courage to say what you feel in any situation, especially regarding a close loved one. If you need to say something, say it. Don't wait until the situation escalates to an unhealthy argument before you finally get your feelings out."
9172,virgo,general,20200708,"Find comfort in your work today, Virgo. Although it may sound ridiculous, you'll find that getting things checked off your list is the most rewarding activity of the day. Try not to be too critical of others. Focus on your own tasks at hand. Mountains that seem too daunting will continue to grow bigger until you take the first step. Your perseverance will be an inspiration to others."
9201,virgo,general,20200806,"Things seem to be going quite well for you in many respects, Virgo. Your thinking is clear, your emotions are under control, and the puzzle pieces are fitting into place. This is your time to take advantage of these pockets of good fortune and turn them into something huge. You have the power to make anything happen - especially now."
9213,virgo,general,20200818,"Get into doing things today, Virgo. Activities that require focus or creativity are supported. Your physical strength and energy will compel you to do something active. If you've been feeling tired or under the weather, this can put an end to it. Consider artistic projects that take strength, such as building something out of wood or carving. Make something special for someone."
9222,virgo,general,20200827,"Even though you probably aren't getting on a plane today, Virgo, you would love to at some point in the future. Your wanderlust is back and you're bound for the wild blue yonder yet again, most likely to someplace exotic. Enjoy the time away, but do come back. It seems that sometimes your spirit of adventure dampens your enjoyment of the more mundane but more real daily life."
9238,virgo,general,20200912,Some unexpected changes that have been kept under wraps at the workplace could come out soon. They may involve reorganization or a change of ownership. This is going profoundly affect your attitude toward your job. It could cause you to consider making a change of your own. This isn't the time to make a decision. Take a few days to consider your options before making up your mind.
9248,virgo,general,20200922,"Opportunity may knock for you today from an unlikely source, perhaps total strangers! Use your intuition to follow potential leads. Real estate, particularly residential, looks especially promising for realizing financial gain for you right now. Follow your hunches and see what develops. Don't let your caution bog you down at the moment. It could be surprisingly wonderful."
9257,virgo,general,20201001,"An unexpected letter or package might arrive sometime today, Virgo. This could be a gift from a lover - perhaps a bit more lavish than you would have expected. You could receive other communications as well. At least one could be related to your job in some way. A virtual party invitation could also come, and you will probably want to attend. A significant other will want to join you."
9259,virgo,general,20201003,"You may feel as if your hands are tied today and you're faced with absolutely no options, Virgo. Don't despair over a situation that seems insurmountable. Think of yourself as a terrific magician who can burst out of the strongest chains. You have tricks up your sleeve that can help you escape just about any situation in which you find yourself."
9269,virgo,general,20201013,"If possible, a get-together of some kind could take place today either at your home or the home of someone close to you, Virgo. It could even turn into more than just a fun time. You might become involved in conversations with people who become valuable business or social contacts. Expect to have a wonderful time no matter what you do today."
9271,virgo,general,20201015,"Your physical energy is likely to be high today, Virgo, so you might not feel like staying indoors. Take care of your body first, and get in a good workout. You may also want to explore, perhaps by driving out of town for the day or going to an amusement park, if possible. You may not feel this energetic very often, so it's best to make the most of it when you can."
9274,virgo,general,20201018,"You may know exactly the right thing to do today, but for some reason, the action required may be a hard thing for you to implement, Virgo. Take an active role to get involved. Say your peace, but don't get so attached to the results that you get upset and discouraged if things don't exactly work out according to plan. Independence is an important virtue to hold onto today."
9295,virgo,general,20201108,"If you aren't careful to keep your eyes straight ahead and focused on the future, the past is likely to catch up to you, Virgo. Don't look back, even if you don't see anything in front of you. You must continue to move forward. It's true that this is easier said than done. Nevertheless, you feel inspired to give it a try."
9296,virgo,general,20201109,"Now is the time to be thinking about your professional orientation, Virgo. You may need to get some more fun in your life and experience pleasures that you've never had before. You have a certain tendency to separate the two worlds of work and play, but there's no need. In fact, your work will prosper once you discover ways to make it more playful."
9309,virgo,general,20201122,"This is the end of the voyage you've been on over the past few weeks, Virgo. You undoubtedly saw some interesting sights. Whether you were on an inner or outer voyage, the cosmic energy will bring you to a safe harbor. Unpack your bags carefully, as they're filled with treasures and souvenirs. You will want to put them around the house as happy reminders of how much you've grown."
9325,virgo,general,20201208,"Self-control is the word for today, Virgo. Others' unethical behavior could trigger some long-buried anger that might make you want to lash out at those responsible. This won't solve anything. The best way to handle these rather explosive emotions is honest communication, but today it could deteriorate into arguments. Try counting to ten before confronting anyone. It works!"
9354,virgo,general,20210106,"You're always one to face things logically, Virgo, and today you turn that logic, along with your intuition, toward reassessing some of your values. Your judgment is especially acute, so any decisions you make or any new avenues you want to explore are likely to be just what you need now. Relations with friends, lovers, and family should be warm, loving, and close."
9365,virgo,general,20210117,"Relatives or old friends, particularly seniors, who visit you today are likely to awaken childhood memories that you'd long since forgotten. Some of them might come as a shock, but they will all release hang-ups that you've been trying to expunge for a while. You might feel like you've just dropped a ton of weight - and you have. Psychological weight can be as heavy as anything physical."
9412,virgo,general,20210305,"A get-together with a current or potential romantic partner could lead to some stimulating discussions of concepts that interest you both, Virgo. You could make plans for future enterprises that bring you closer together. This is a good day to advance any relationships that involve mutual intellectual interests. Expect to spend much of your time in bookstores with your friend!"
9416,virgo,general,20210309,"All the knowledge in the world will be no match for the emotional energy in the air on a day like today, Virgo. You may be carried away into a mystical realm where feelings take precedence over facts. Let go of reality for a while and free yourself from the hectic pace of everyday life. There's a strong pull toward the fantasy realm today, so feel free to go there."
9422,virgo,general,20210315,"There is considerable grumpiness in the air today, Virgo. Everyone you know seems to be in a bad mood. However, you have the charm and persistence to pull them out from under that black cloud. Pay attention to any social invitations you receive, as you're likely to make some important professional contacts if you go."
9425,virgo,general,20210318,"Imagination and insights definitely advance a project today, Virgo. Discussions, perhaps involving money, spur you and your collaborators on to new innovative projects that might prove to be of great benefit to all. Don't let your inspiration stop there. Let the ideas and images spur you on toward new enterprises and horizons. Make the most of them in every possible way."
9426,virgo,general,20210319,"Anticipation is often as good as, if not better than, the actual event, Virgo. This is what you experience today as you and your partner plan an exciting getaway. It's a busy day, booking hotels and airline tickets, but it's fun, too. You and your mate are giddy with the excitement of it all. This is just what your relationship needs."
9431,virgo,general,20210324,"Be a friend to someone new and lend a hand to a greater cause than just your own advancement, Virgo. Ally with people by offering your support instead of asking for it. Give more of yourself and you will find that in the long run you will receive a great deal more than you ever would have asked for. Be generous to the people around you and form collective goals that will benefit everyone."
9434,virgo,general,20210327,"Today may be one of those days when you feel all dressed up with nowhere to go. Don't worry about the details, Virgo. Follow your heart to a fantasyland and join the outlandish and bizarre. The answer you seek is around the corner. You may sense that it's close but yet far. This is completely understandable. Take control of your destiny and work toward the goals that you've set."
9442,virgo,general,20210404,"Just when you thought you had love and romance all worked out in your head, Virgo, something or someone steps in to put your heart in a whirl once again. More than likely, the intensely emotional drama of the day is a passing phase, so try not to get too worked up about it. Situations may seem life or death today, but remember that they aren't."
9449,virgo,general,20210411,"Your circle of friends is probably changing, Virgo, perhaps too rapidly for your tastes. Some friends may be moving away, or different interests have caused you to form new friendships. Your life seems to be going well right now, but you may miss your old friends and go through temporary fits of nostalgia. Focus on the future and move ahead!"
9457,virgo,general,20210419,"Too much good food, good wine, and good conversation, Virgo? Not that any of this is undesirable, but you may be suffering from overload right now. Maybe you'd better get some rest and give your brain some time to sort through all the information you've taken in. Now you're probably having difficulty processing it all. Don't worry. In the morning you will be able to remember anything important!"
9467,virgo,general,20210429,"A project of some kind you've been working on could be going well, Virgo, but today you might experience a sudden rush of inspiration that makes it a lot better than you originally envisioned. This could involve effort that seems intimidating at first, but the results should be worth it. Summon all your energy and determination and get to it. You will be very glad you did!"
9471,virgo,general,20210503,"It's time to take charge of your life, Virgo. Don't rely on other people to sort out your problems. There may some anxiety in the air today that causes you to overreact to a situation that normally wouldn't faze you. You need to dig down and take responsibility for getting out of this mental or emotional jam. Don't rely on other people to do it for you."
9534,virgo,love,20200704,"Today's interplay of celestial energies could cause you to question your feelings about someone close to you. Your heart may be telling you one thing, while your mind may be going along a completely different track. It is difficult to resolve any situation while in a state of conflict - so it would help to have a plan of action that you can put all of yourself into."
9538,virgo,love,20200708,"The current planetary alignment is creating just the chance you need to get to know a certain person whom you have admired from a distance for some time. All you have needed is the opportunity to strike up a conversation and say something memorable so they will remember you. Although it may start out as an intellectual relationship, it could turn into something more promising later on."
9567,virgo,love,20200806,You may well feel as though you have been through enough changes. But today brings you to a new understanding. You really perceive what has contributed to your dilemma in terms of your current relationship and would like to create a positive environment for a healing of any rift that may have occurred. You feel more than ready to make changes within yourself to accomplish this.
9579,virgo,love,20200818,"Today you have the feeling of being restricted by either a person or circumstances. The planetary configuration is making it difficult for you to feel at ease or at home in a certain situation. You wish you could speak out about it, but somehow cannot bring yourself to do it. You need to be true to yourself, despite the consequences. It will be better in the long run."
9588,virgo,love,20200827,"Strength is very much admired today. Either others are impressed by your strength, or you seek out the strength in another. It is the direct approach that you need to take, rather than beating around the bush or whispering sweet nothings. If you have something to say to your nearest and dearest, then say it loud and clear; don't mumble."
9604,virgo,love,20200912,"Today any fatal attraction is most likely to occur behind the shelves in a quiet library, while perusing nature books. As you leaf through pictures you find very suggestive, you suddenly feel someone's eyes on you. The sensation as your eyes meet goes right through you - yes, Cupid has shot his arrow!"
9614,virgo,love,20200922,"You may not feel 100 percent yourself today. The atmosphere of the day makes it difficult for you to be as strong and commanding as you usually are. Your loved one will appreciate your different attitude very much, as it seems (at least temporarily) that you have learned how to simper and grovel, asking if there is anything they really need. Fear not, tomorrow is another day!"
9623,virgo,love,20201001,"Romance takes a more serious view of itself today. If you are taking your loved one to visit your mother and father, expect it to be a very proper and traditional occasion. Everyone will be on their best and most inhibited behavior. But at least the introductions will be over and done with, and you can then relax - or can you?"
9625,virgo,love,20201003,"The influence of the planets makes romance a little skittish today. If you have been going through a positive phase, then you may be surprised at your feelings. You may find yourself blowing hot and cold. Your partner may not know whether to give you a passionate hug or run for it. Explain the source of your ambivalence, and also that you will be fine soon, and hopefully they will understand."
9635,virgo,love,20201013,"The planets are aligning to make partnerships more harmonious today. If there has been any friction in the past, then both of you are prepared to talk quietly and calmly about the difficulties you might have shared. There is an emphasis on communication and on getting out and meeting with others. It may be a good time to hold a virtual party, inviting some new faces into your circle."
9637,virgo,love,20201015,"The game of romance and attraction has an edge of conflict to it today that perhaps makes it even more exciting than normal if that is possible. The differences between you and the object of your attraction may feel especially rough around the edges. Yet there are also aspects of your personalities that clash in a most delightful way. This could make it even more fun, so keep going."
9640,virgo,love,20201018,"Today may bring the chance for a vital conversation to take place. If you have been waiting for an opportunity to ask your loved one how they feel about a certain plan or project you have in mind for both of you, then do so now. If you are both willing to listen, the outcome will most likely be successful."
9661,virgo,love,20201108,"This is a wonderful day for arranging a small get-together with close friends, if possible, and also for daring to invite someone special whom you have been quietly flirting with for some time. Openness, warmth, and heart-to-heart sharing are all in store. Tell this person how you feel about them and watch as the barriers between you come tumbling down, and love takes their place."
9662,virgo,love,20201109,"Pay attention to your feelings, which you often do tend to ignore. This time, however, it is more difficult to cast aside the wisdom of your heart in favor of the ramblings of your restless mind. You would benefit from calming right down, encouraging a deepening sense of peace, and then listening to that small voice within."
9675,virgo,love,20201122,"If you and your love interest had planned to do something special today, then it may be a good idea to combine different activities. You may both enjoy going to peruse an online exhibition of art or something educational, followed by a romantic and utterly special candlelit dinner for two, if possible. After that, it's over to you to figure out how best to enjoy the rest of the evening."
9691,virgo,love,20201208,"You will open up to the person to whom you have been wildly attracted but have been too scared to approach until today. While your heart may beat a little faster than normal, you may also find that this time you are not too shy to say what you need to say or do what you need to do. Go for it!"
9720,virgo,love,20210106,"You can do just about anything you like today, but be careful not to take a certain person for granted. The planetary alignment may make you feel more cavalier than usual, and in the process of going after what you want, you may forget to ask them if they want the same thing. Don't lose sight of your partner's (current or prospective) needs, and then later realize your mistake when you could lose them."
9731,virgo,love,20210117,"You can tell this is going to be a great day for romance and relationships, because even before you are out of bed your phone may be buzzing with social energy. The vibrations from the planets encourage people to get together, and those with feelings for each other to draw even closer and deepen their bonds. Make the most of it."
9778,virgo,love,20210305,"Take this chance to host an impromptu party or meal for friends and the friends of your friends. Today's astral configuration reveals that such a gathering may have a profound impact on your life, so much so that it directs you toward a very interesting new course. Although perhaps not indicative of a new relationship, it may be the catalyst for one in the future."
9782,virgo,love,20210309,"The position of the planets today is a delightful omen for a first date with someone special. But to make the evening really complete, make sure you dress in clothes that include bold colors and make a unique statement about yourself. Don't agree with your date on everything, be true to yourself, and argue if you think this would be worthwhile. Your friend will appreciate you much more for this."
9788,virgo,love,20210315,The astral configuration of the day may prove just the thing you need to make some real headway within a certain relationship. You will find that you are open to a flow of very enlightening ideas that will give you a chance to see your partner (current or prospective) from a new and very different perspective. This could actually create some very positive progress in one area where you had both become stuck.
9791,virgo,love,20210318,"You may not be able to fathom your date this evening, especially if it is a first date, and even more so because of the influence of the current planetary alignment. They may not be howling like a wolf, or have some strange facial tic, but they will certainly come across as being very offbeat and original, and you will certainly benefit from what they have to offer."
9792,virgo,love,20210319,"Today the planetary transits may give you a surprise akin to an electric shock. Magic could be about to happen in your world of love and romance; you just need to open up to something that you have been fearful of for as long as you can remember - which is true spontaneity. Go out somewhere new, and do something for which you have no pre-programmed responses."
9797,virgo,love,20210324,"Today you feel good within yourself, look great, and are so popular! The day's planetary constellation is bringing out your most attractive features. But if you are single and looking for a romantic liaison, you will have to find a way to make your intentions clear. You seem to be a little intense, and may need to cool off a bit so as not to frighten anyone away."
9800,virgo,love,20210327,"Life is a little odd today. You have to hold on and not allow any surprises to throw you off. You need to maintain that cool, calm, and detached image that you have so successfully cultured. Others are looking for expressions of shock - don't give them that satisfaction. Smile, even if you feel anything but happy."
9808,virgo,love,20210404,"The current aspect urges you to see a specific problem between you and your partner (current or prospective) in a much more humorous light. You may have been giving this matter too much attention of a negative kind, making it appear far worse than it actually is. Try making a joke out of it for one whole day, and then see if it still has the same impact."
9815,virgo,love,20210411,"Sunshine, whether in terms of a beautiful day or a radiant smile, can really give you a lift. The present astral configuration brings you a dose of inner brightness. Your spirits are raised and you feel like celebrating something. Why not call up a loved one and share your joyful mood with them. Go out to a special place, and don't do anything except have real fun."
9823,virgo,love,20210419,"The present astral configuration brings the chance for a fresh start within your relationship. If you seem to have had trouble communicating due to a misunderstanding, then take heart. If you can sit down and begin to talk about how you honestly feel, you will both discover that your partner (current or prospective)ship grows in strength. You both care for each other deeply, so don't be afraid to let it show!"
9833,virgo,love,20210429,"The current astral configuration may create a few complications in your love life. If you are going out on a date, then you could find yourselves at loggerheads over a matter that is actually very trivial. There may be a tendency to involve yourselves in pointless arguments. It doesn't have to be this way if you set out from the start to be completely honest with each other."
9837,virgo,love,20210503,"Take a chance with love today, and make use of the wonderful energy that comes with the cosmic climate of the day. If someone has been persistently asking you out for a date, and you have been too boring to accept, then change your mind and do something more interesting for a change. Get out there and forget all your problems, hang-ups, and illnesses - and just have fun."
9900,virgo,career,20200704,Your confidence will pay off. People are not going to have faith in a leader who is vacillating and hesitant. Demonstrate that you are a good leader by being assertive and sure of yourself. Hold your chest high and you will command great respect.
9904,virgo,career,20200708,Your attitude at the beginning of the day will determine how others treat you throughout the rest of the day. Don't give other people a reason to dislike you or be disrespectful to you. You deserve to be treated like the best because you are the best.
9933,virgo,career,20200806,"When friction arises in the workplace, your immediate reaction may be to blame someone else. Look at yourself first before you point a finger at someone else. You are better off being the bigger person and admitting your own mistakes."
9945,virgo,career,20200818,"Bringing people together is one of your strong points. Exploit this ability. Teamwork is an important theme of the day, so as long as you can resonate with this goal, you will earn favor with everyone around you. Success is yours for the taking."
9954,virgo,career,20200827,Make a greater effort to tune into the collective instead of centering everything around you. A self-centered approach will most certainly backfire on a day like today. You will earn the respect of others if you are truly respecting others.
9970,virgo,career,20200912,"Good luck is being showered upon you. When it rains, it pours, and today, it is pouring in from all angles. Follow your heart and you will be led straight to the opportunities and success that you have been waiting for. This is your time to shine."
9980,virgo,career,20200922,"Missed appointments and missed phone calls have been commonplace during the past few weeks. Today, things ease up and messes become organized again, suggesting that these types of work-related incidents will be running smoothly again."
9989,virgo,career,20201001,Your own actions are counter to your true beliefs. Stop and consider what you are doing. You could be doing it out of habit or because someone else forced you into that position. Take the time to stop and reflect. Great change is at hand.
9991,virgo,career,20201003,"Think of yourself as a movie star. Work will be more fun if you pretend that you are playing a movie role. Your active imagination can take it from there. If you don't have to be at work today, that's even better. Enjoy your time off and relax your mind."
10001,virgo,career,20201013,"Don't try to push or prod others. The more you try to control other people, the more they will resist you. Your best tactic is to be sensitive to their needs and to win their trust by listening and offering gentle suggestions, not giving orders."
10003,virgo,career,20201015,"Others will be happy to follow your lead. You have more power than you think you do, so don't be afraid to use it. People are looking to you for leadership, so stand proud and show that you have the ability to take control and offer solid direction."
10006,virgo,career,20201018,Use this day to modify your overall attitude about your work. Whether you are actually at work or not doesn't really matter. Just realize that it is time to have a new outlook on your time spent on the job. Be grateful.
10027,virgo,career,20201108,"You are feeling extra sensitive - more so than usual - any small mention of work is likely to send you into a rather negative mood. If this is indeed your day off, enjoy it and avoid any discussion about work. If you have to work, take it easy."
10028,virgo,career,20201109,Try not to be hyper-cautious about everything. If you are nervous and anxious then you will make everyone around you extra nervous as well. This difficult mood will continue to fester if you are not careful. You are better off nipping it in the bud.
10041,virgo,career,20201122,Whatever you tackle will be done with great conviction. There is a fire in your belly that doesn't always burn this hot. The furnace is cranked up now so you might as well take advantage of this time. You can conquer the world and beyond.
10057,virgo,career,20201208,"You have been given the cosmic green light today to move forward with something that you have been hesitating about. There is no time like the present, so take advantage of this opportunity and go for it! With a confident attitude, you cannot fail."
10086,virgo,career,20210106,"Volunteer to take on an extra task today. When someone declares that there is a bit of extra work to be done, don't be afraid to jump on it. Doing so will put you in good favor with your superiors and will lead to big opportunities down the road."
10097,virgo,career,20210117,"You will feel a great deal of pressure today from the people around you. You feel the need to achieve a certain level of performance with absolute perfection. Most of this pressure is actually coming from within, not from others. Go easy on yourself."
10144,virgo,career,20210305,Your mind will be running in circles. There will be so much information coming at you that it will be next to impossible to make any sort of decision. Go with your first instinct and don't waste the rest of the day second-guessing yourself.
10148,virgo,career,20210309,Look to other people for advice on a technical gadget that you know nothing about. Spending hours searching through the manual will be a waste of time. Turn to others for the support that you are looking for. The answer is easier than you think.
10154,virgo,career,20210315,"Whenever you offer a suggestion, you will find that it is not met with the respect and positive feedback that you were hoping for. For some reason, your ideas aren't matched with other people's ideas very well. You may just want to lie low."
10157,virgo,career,20210318,"For the last three weeks, you have found that relations with others on the whole have been quite feisty and aggressive. Now, the tune changes, and you will find that the next three weeks brings a time of greater understanding and cooperation with others."
10158,virgo,career,20210319,"Someone is trying to convince you to jump aboard his or her train. Use caution here. What is good for that person is not necessarily good for you. This person has great enthusiasm about his or her situation, but that doesn't mean you need to join in."
10163,virgo,career,20210324,You have an overlying feeling that everyone else's business is your responsibility. You instinctively want to have your fingers in many different pies. Be careful of crossing the line from helpful advice into hurtful gossip or harsh judgment.
10166,virgo,career,20210327,You are getting frustrated and tangled up in knots because you have so many choices and so much energy but very little direction about which way to proceed. Take some time by yourself to quiet your mind and meditate. Look inward for the answers.
10174,virgo,career,20210404,"You have already analyzed a certain point to complete exhaustion. Trying to analyze it even more won't get you any further toward a decision. Instead, you need to let your instincts take over. What does your gut say about this issue?"
10181,virgo,career,20210411,"There is a tremendous restlessness in the atmosphere at work that is making it difficult for you to follow through on anything. Instead of focusing, you continue to switch tasks and second-guess yourself. Consciously take deep breaths often."
10189,virgo,career,20210419,"Today is the opening day in a two-month battle that you will have with someone in the workplace, or maybe even a battle that you will feel within yourself. Either way, you need to be prepared for a clash that will shake up your way of thinking."
10199,virgo,career,20210429,"Resist the urge to clean and organize everything in sight - including other people's desks and workspaces. Once you get started on a cleaning project, it will be difficult for you to stop and you will miss out on valuable information coming your way."
10203,virgo,career,20210503,Today you might have a lot of items on your to-do-list. Although some will be pleasant ones - others may not be but nonetheless you could have some difficulties getting them all out of the way. You might have to put some off until another day. Go with the flow!
10266,virgo,wellness,20200704,"Today's energies ignite your spirit. You have the feeling that you can do anything you set your mind to, and this is true! If you could ""bottle"" all that energy, wouldn't it be great? In fact, regular exercise does take that energy directly into your bloodstream, which in turn puts it into your strong muscles. Focus your positive energy on your body and you will see the glowing results. Remember to always drink water after you exercise, to replenish your body's vital fluids."
10270,virgo,wellness,20200708,"The aspect at play reminds us that there are always two ways to do something (if not more!). You can either work out or not. You can eat healthy food, or not. Then there are decisions we make unconsciously: how do you sit in your chair when you work? Do you use good posture, with a strong back and the abdominal muscles slightly flexed? Or do you slouch and let your shoulders cave in? Pay attention while you still have a choice!"
10299,virgo,wellness,20200806,"The current planetary energy is likely to exacerbate your already sensitive nature. You may feel quite a lot of anxiety, and this could manifest in your digestion. Be sure to get plenty of exercise and drink plenty of water right now. Get in a yoga workout and do some deep breathing and lower abdominal stretching. While it may take some time, every single day matters to the big picture."
10311,virgo,wellness,20200818,"You can benefit from the aspect of the day through increased awareness about how diet affects your body. You have a special relationship with the intestinal tract, and whatever you can do to assist operations there, the better off you will be. Try eating whole grains rather than bleached or processed grains; leafy green vegetables rather than starch for side dishes; less meat and more legumes for protein sources. Today's planetary energy gives you the inclination to try new things so go for it!"
10320,virgo,wellness,20200827,"Today's aspect creates more spark than you probably know what to do with. You already have so much sexual energy going on, this is like the cherry on top! If you can't express yourself with someone else, there is no reason not to ""take matters into your own hands."" Releasing sexual energy is vital to an adult's health. There are more ways to be sensual than just sex! Open up to your libido and surrender all your previously held notions."
10336,virgo,wellness,20200912,"The astral configuration that is forming may bring up old, familiar feelings. There may have been many days like this in your life. You seem to know your intentions, but the impact of your words and actions can leave people feeling confused, and sometimes afraid of you. The key is to recognize your own intensity and nurture it with things you do solo: skydiving or other risk-taking activities being prime examples. Get your daily dose of exercise."
10346,virgo,wellness,20200922,"Knowing when to stop and when to go forward can be a real source of anxiety. Picture the little billy goat on the mountain, unsure of his next step! Others may say that you make a big deal out of nothing, but inside you feel anxious. Ignore them! But don't ignore your anxiety. Create a habit of doing things that release tension and calm your anxiety. Schedule the time to pamper yourself in some way and keep it: it is a preventative measure, not a cure for symptoms!"
10355,virgo,wellness,20201001,"You appear to take it slow and steady, but sometimes a passionate streak flares up and surprises those around you. You experience frequent, sudden bursts of energy or changes of heart, but rarely show them to the outside world. Your skin could epitomize this tendency. One minute everything is fine, the next minute a rash has broken out or a pimple appears overnight! These fluctuations are caused by an inner intensity that is best managed by drinking copious amounts of water. Don't hesitate to check into a water service at this time."
10357,virgo,wellness,20201003,"Do people think you are ""too serious"" at times? If you hear this too often, the natural reaction would be to take it as criticism - after all, you are only trying to understand yourself and others. Other people might actually be picking up on your dedicated nature to help the needy, to work for a cause. In order to integrate your inner nature with outside events, look into group activities, if possible, such as ""Walking for a Cure"" or other athletic events which benefit a cause."
10367,virgo,wellness,20201013,"Today's planetary alignment is a marriage of feminine and masculine qualities. You are taking stock of your emotional cupboard: do you have what you need in your personal life? Are you OK with being alone? Do you feel you need more attention from others? These are confusing questions for some of you, who are accustomed to going without or making do with very little. It's a lot easier to know what you need emotionally when you are in reasonably good physical shape."
10369,virgo,wellness,20201015,"A deep sense of ""knowing"" pervades you, and yet you aren't going to be satisfied with this alone. Stay on top of your game with exercise and eating a light, balanced diet. Avoid eating excessive amounts of bread and other carbohydrates. Fish, salad and legumes are good things to eat right now. Consume plenty of water and get plenty of rest. While you are enforcing this kind of discipline in your physical life, your mental and emotional life may ""take off."""
10372,virgo,wellness,20201018,"Keeping yourself in good shape is one of the things you can really be proud of. Your health is the sum total of all the time you put into keeping fit, eating right and staying out of harm's way. Dedicate yourself to this noble effort now. Favor doing for yourself over doing for others when it comes to your health. What you do for yourself in regard to your own health will go much further than anything you can do for someone else."
10393,virgo,wellness,20201108,"You sometimes deal with emotional turmoil by keeping it very much under wraps, and not really letting others see what you are feeling. It's like you are afraid things will only get worse if you let other people know how you really are right now. This approach stems from your survival instinct and can sometimes cause you unnecessary suffering. To circumvent this tendency, go for a workout when you are feeling blue. If you still feel blue afterwards, go ahead and spill your guts to a friend."
10394,virgo,wellness,20201109,"You love to entertain but suffer from the irrational fear that people won't come to the party - or something like that! This fear of rejection is something we all have, and you can reduce the effects with some simple exercises (literally!). Try sticking to an exercise routine, and when you feel like giving up just tell yourself that you will not let yourself ""reject"" doing what is good for you! Doing this over and over again will lessen your fear of loneliness."
10407,virgo,wellness,20201122,"A favorable transit makes things easy for you today. There is a pleasant feeling of luck in the air. To help play your cards right, drink a lot of water and bring some of this purification energy down to your liver. There is more to your health than meets the eye! Continue to flush your system this week and exercise as much as you can. Be aware that you are releasing toxins from your system. This is a powerful act - take pride!"
10423,virgo,wellness,20201208,"You may feel like friendship is the most important thing in life, and if this is true, you must be very careful about who your friends are. Communication will be greatly enhanced by keeping your thoughts to yourself until you are ready to voice them. Try thinking through your relationship issues while you lift weights or exercise and focus on what you really want to say to someone while doing so. The truth will find its way to the surface."
10452,virgo,wellness,20210106,"You love this time of year because it's all about evaluating and planning. What can you do for your health that was lacking during the past few months? If you prefer bottled water, do you have a water delivery service? It's cheaper than buying bottles. If you prefer organic produce, consider signing up with a monthly club that delivers local organic produce to your door for much less money than what you would pay at the market. Plan for a healthy year!"
10463,virgo,wellness,20210117,"Love gives us energy to get through life. Loving your body helps, too. Nurture your body with exercise and you will find yourself able to be more loving towards others. Practice loving your body by carefully planning your meals days in advance. Be thoughtful about your upcoming meals as though you were wooing your own body to join you in a lifetime of happy adventures - because that's what you're faced with, and whether you make them happy or not is up to you!"
10510,virgo,wellness,20210305,"Today's atmosphere seems to make the world a safer place. Enjoy this feeling of ""expansive caring"" to the maximum. Start with getting your blood flowing with some kind of aerobic exercise. Then treat yourself to a dinner that includes organic produce: grown and consumed with the conscious intention of nourishing not only the body but the soul. You have the natural ability to tap into these positive energies, and the planets emphasize your idealistic perspective."
10514,virgo,wellness,20210309,"You may finally have that revelation that has been eluding you! Your intentions and actions come together with the vocalization of your ideas. If your desire to help others is strong but you need help expressing that, consult someone you respect. Through the articulation of your thoughts, you will bring them closer to a reality that can be shared with others. It often helps to take a long walk in order to get your courage up."
10520,virgo,wellness,20210315,"Thanks to the day's planetary configuration, you will intuitively sense the state of world affairs. This aspect sends messages of brotherly love, and in many cases, meets with resistance. Give yourself the benefit of a healthy lifestyle during this critical time in the human story. A healthy lifestyle includes plenty of rest because an overactive mind can take you away from the basics. Rest, diet, and exercise should be your mantra during trying times."
10523,virgo,wellness,20210318,"As you take charge of your health, you may feel at times that there is a bit too much to keep track of! Diet, routine, exercise, illness, sleep - and everything else that is involved with this thing called ""self-love."" This is why you have friends. Your friends can help you assess your situation and figure out the best course of action. Sometimes laughing away the tension is all you really need!"
10524,virgo,wellness,20210319,"You are able to intuitively sense what's needed in a given situation. If you are in the habit of preparing meals for yourself and your family, you are probably naturally gifted at preparing healthy meals. To expand on this gift, you might learn some healthy techniques found in vegetarian or even vegan cookbooks. The perspectives contained in these texts may be new to you, but what you take away will enhance your experience of cooking and eating."
10529,virgo,wellness,20210324,"Feelings of discouragement are a possibility with today's celestial energies. What you want may seem to be out of reach, quickly breeding a feeling of sadness. Focus on all that you do to nurture yourself, and the many small accomplishments you've made since reading your wellness horoscope! You can take steps to avoid the pitfalls of depression as soon as you recognize the signs. Definitely ask a friend to cheer you up - that's what real friends love to do!"
10532,virgo,wellness,20210327,"As strong as you are spiritually, you must contend with issues of timidity in order to get what you want in this life. With the astral energy at play, you are granted a breather during which it is OK to meander a bit and wonder about things, a natural tendency with you. However, consider getting involved in activities like boxing, kickboxing, or karate in order to increase your confidence and motivation. Play around at screaming and punching in the appropriate environment. Apart from releasing all that pent-up energy, you could meet a new side of yourself!"
10540,virgo,wellness,20210404,"Waiting for the right time can be good advice, but not with regard to developing healthy habits to live by. You need to eat three meals a day with healthy snacks in between (fresh fruit, for example). You need to sleep like a baby - and there are ways to create more successful sleeping habits if you need help. You need to drink enough water to keep your immune system strong and your elimination process in tune. These are things that do not benefit from ""waiting."""
10547,virgo,wellness,20210411,"You like to be part of a healthy relationships, whether with one person or with a whole group of people. For this reason, it can give you a lot of satisfaction to be part of a volunteer organization. You get to pick the cause of your choice and the people you meet are bound to be good people, like you, potentially with common interests. If you want to get in shape while you serve, look into ""walks"" or ""runs"" that raise money for worthy causes."
10555,virgo,wellness,20210419,"You can benefit tremendously from a group physical activity, if possible, such as a team that trains together for an athletic event. The group spirit is uplifting for your nature, which tends to be introverted when left alone. And, having a goal can help shape your perspective about life, which can otherwise become obtuse and slightly pessimistic if you aren't careful. Enjoy yourself with friends who are physically active, if you can, and see what energy comes of it."
10565,virgo,wellness,20210429,"The wonderful quality of empathy that you represent is only as good as it feels to you. That is, if you are not able to give someone else what they want in a relationship, that is just fine. Just be sure to communicate to others when you have reached your limit. This way you will avoid any unnecessary guilt. In the meantime, you would do well to focus on what you can do for yourself in terms of your physical health."
10569,virgo,wellness,20210503,"The aspect of the day will quite possibly find you brooding about how to get a head start. For one thing, you cannot go wrong by paying attention to your body. If your mind is feeling foggy, don't let it stop you from getting out into the fresh air for an invigorating walk every day. If your heart is feeling blue, don't let that stop you from reaching out to people who care about you and asking for some extra TLC!"
10632,virgo,birthday,20200704,"You have a secret source of great love and support this year, possibly from friends and relatives. Be grateful and don't press for explanations. It may be a year of random acts of kindness, so perform your share. Be energetic in October, smoothing ruffled feathers and restoring peace and pleasantness at home. Be more low-key in November, but still fully enjoying life. A change-up in daily routine could have long-lasting effects. Enlightenment is possible in February. If sparks fly at work in April, you can cope with it. Spend the last month lavishing and receiving love and encouragement. It's a passionate, powerful year!"
10636,virgo,birthday,20200708,"Your daily life doesn't need to have anything lackluster about it this year. You've got the magic touch, especially at home in the first month, and know how to set people at ease. After a nice, quiet stretch, family and friends may want to spend more time with you in October. Enjoy the attention and tactfully share any extra expenses. People want to treat you well and stay in your good graces. Reserve judgment in December if a close friend or lover disappoints you. You can learn why before the year ends. Let tender feelings express themselves, and treasure those hugs and kisses!"
10665,virgo,birthday,20200806,"Your tastes and desires may differ from what the world offers, but don't swerve from what you love. In October friends or family may suggest things you don't like to do, but be gracious and play along if you think the company is good. Follow your own drumbeat in December, be calm and pleasant through the holidays, and be glad you did. If misgivings arise in April or May, that's fine. Respect your right to reevaluate earlier opinions and actions. Learn, improve, and advance. Love yourself, and give others the chance to love you, especially in the last month. It's a stimulating, sexy year!"
10677,virgo,birthday,20200818,"Be part of a bigger extended family and take a bigger social role with friends and community. Bake more brownies (to share, of course) or simply smile and comfort the shy and quiet around you. Focus on the details of daily life despite desires for great or flamboyant things. In November friends may expect you to take the lead in everything. Be bold and creative in January. A flash of love in February promises great things, but may fizzle. Enjoy and don't be disappointed. A reward for a forgotten favor may appear in April. Be popular, sought after, and downright loved all year!"
10686,virgo,birthday,20200827,"Things can click and fall into place for you in the material world this year. Generosity, good timing, and just being smart will all contribute to your financial progress. Details are easier to manage, so watch that budget, pay the bills on time, and enjoy being with your favorite people, especially in the fall. Big pleasures can come to you at zero or very little cost in January. A romantic fantasy may find you in February. Enjoy, but don't flounder in it. Do some favors in April and be rewarded. The last month is full of gifts and glamorous times! Have a proactive, prosperous year!"
10702,virgo,birthday,20200912,"Be articulate and charming this year, and perhaps speak for those who can't speak for themselves. You know what matters. Work and finances look stable enough to permit more public involvement - and enjoyment, too. Cultivate diplomacy and find energetic companions in the first month. In November interact with sympathetic friends, but don't be overly ambitious. A home affair may need attention in January. People will offer help should you request it. Respect your health and energy level in February. Be highly visible in June. People will remember and seek you out again in July and August. Better than fame - bask in good luck, good deeds, and love!"
10712,virgo,birthday,20200922,"Step into your own light this year! A karmic peek into your own mind is possible in October. Get finances and expenses under firmer control in November. Fun and adventures near to home are on your cosmic agenda in December. Friends will encourage this. Love and be loved in a bolder and more vocal way in March. Disagreements shouldn't be necessary. Even you should notice a more self-confident, outgoing mood by July and August. Connect better with more people in the last two months, and leave room in your heart for that most intimate and special one!"
10721,virgo,birthday,20201001,"It's a great year to bring home life and social life into better accord and surround yourself with happy family and friends. Your playful, clever nature encourages people to listen to what you have to say. Older people and relatives may be drawn to you - and be generous - in November. Be busy and renew contacts in December. January may draw you deep into a home concern that will greatly enhance your overall environment. Don't stress over any changes. Love suddenly enters the scene in April. Enjoy some rare peace and quiet until August reignites life with big fun and affection!"
10723,virgo,birthday,20201003,"Your inner child is near the surface this year and will lead you to many joyous and creative times! You're smart and naturally cautious, so there should be very little risk involved. You may be especially cautious regarding money in the autumn, but this will relax and leave you with more than enough resources for everything you need and want. You may crave new romantic excitement in the spring. Work and rest well so you can be ready for a boost in your social life in August. The last few weeks of the year may be the loveliest and most affectionate of all!"
10733,virgo,birthday,20201013,"Feel at home anywhere in the world this year, and get attached to a few new favorite places, people, and things. Your great natural charm will make you popular no matter where you are. Your clear, thoughtful nature makes you easy to get along with. Being practical, energetic, and enthusiastic in the first three months will propel you through a successful, happy rest of the year. A brief escape into fantasy lightens up February. Play it safe in April. A trip is possible in July. Work is pleasant and plentiful in August. The last month is full of harmony, happiness, and love!"
10735,virgo,birthday,20201015,"You'll be on a lot of people's radar this year, and having such a public presence will bring you much good luck. Your mental and social skills are at their peak and work together flawlessly, starting in the first month. Pace yourself and don't overexert, especially in November and April. Money and possessions may motivate you in December, making it sometimes hard to slow down. Find artistic or spiritual release in February. You glow in the work world in August. An increase in money, reputation, and recognition are all possible. Be modest and know you're worthy. Enjoy a glorious, glamorous year!"
10738,virgo,birthday,20201018,"Think big, talk with lots of people, and go out and be seen! It's no time to hide out with a small circle of friends and associates. Think instinctively before you act in the first month, and balance charm and mature sophistication. A monetary windfall (maybe some borrowed money returned to you?) or valuable gift may find you in December. Say thank you. Dream big in February. Avoid needless risks in April, and play it safe and happy. Be more prominent at work in August, and don't shirk from being more in charge. Get social and popular in September. It's a fun, fabulous year!"
10759,virgo,birthday,20201108,"Taking care of business ranks high for you this year, and a lot of that business may not even be yours. Be patient, listen, and take time to reply, especially with loved ones in the first two months. Keep to that budget and stay secure in January. Make your home more loving and lovely in February. In April surprise someone with an old favorite trick they've never seen you do. June and July may be busy with other people's concerns. Do what you can and have no regrets. Win hearts in August and win minds in October. It's a splendid, loving year!"
10760,virgo,birthday,20201109,"Enjoy a lot of mutual concern and give and take among friends and family this year. No one will feel stranded or forgotten when times are easy or rough. Be the tactful voice of reason for your family in the first few months. Put more energy into increasing income in January, and see quick results. Mind the budget, though. Decompress with some mildly crazy fun in April and May. People may need one another in July - be there and be cherished. Be sublimely lucky and popular in August. As the year ends, be greatly respected, loved, and admired!"
10773,virgo,birthday,20201122,"Your generous spirit drives you forward to happiness and success! Keep yourself in the equation of life, help others, and greatly help yourself. Material well-being is the focus of January, and you have energy and luck to profit from all your work. Friends offer relief, comfort, and fun in February. In March and April fill your home with a fresh feeling that's pure you. August can get exhausting and expensive, so respect some limits, as hard as that may be. The last month may have some frustrations, but don't get impatient or question any decisions you've made this year. Live and love to the fullest!"
10789,virgo,birthday,20201208,"You don't have to solve everyone's problems this year, but you certainly have the strength and know-how to do so. Be sweet and firm as the year begins. See a radically different side of yourself in January. This can benefit you in your finances and in the work world in February and October. A change at home or with family could be big but no surprise in April or May. People may keep you busy with their problems in July and August. Listening can be helpful, too. Honesty and heart-warming clarity in an established love affair are yours in the final months!"
10818,virgo,birthday,20210106,"Be energized and serious about all you do this year! That includes having fun. You might be the center of excitement in April, or you may spring a huge surprise on everyone. Be humble in public and thrilled in private. Save some passion for your own well-being in August and have a great fun-filled summer. Other people take up your time in October, but it will be good for you later, too. Feel serious and work hard in December. In January a big change at work could happen around you. Stay settled. Friends and that special love are never far away!"
10829,virgo,birthday,20210117,"Many exciting times are on your horizon this year! Be sensible, pace yourself, and have the energy to do as much as you like. Surprise people all year, especially in March and April. Force yourself to take a moment and focus your attention on what you want to achieve. Be ambitious. A touch of charm will make your great energy more acceptable, and even admirable, to many people. August may get wild and hyper, so stay practical, especially about money. Be wise, influential, and modest in late November. In the last few months be surrounded by loyal friends, brilliant ideas, and great love!"
10876,virgo,birthday,20210305,"It's a busy year full of big plans and big energy! Get your schedule organized in the first month and work hard. Save a little more, if you can, and see a sweet personal reward before July. August could be busy with summer excitement, but it doesn't have to be expensive. The end of December could be hectic, but stay focused and do your best for yourself and others. You might have an urge to get away from it all in January. Friends - and a special new love - will give you all the affection and rest you need at year's end!"
10880,virgo,birthday,20210309,"You can make your career glow with success this year or you can make a shift to something new! You are most practical and solid in the first month. You can get inside people's heads, too. Keep the cash flow balanced and maybe acquire a small desired item in June. Enjoy some pleasant but inexpensive summer fun with family in August. Romance gets nostalgic in November. Prepare for a possible big change at work in January. February is big, so look and do your best. Relax with friends afterward and let some surprises make you smile. Love isn't far behind!"
10886,virgo,birthday,20210315,A secret desire for something special could motivate you this year. Or it might be time for you to make private plans for a nicer lifestyle. Be ambitious and busy in the first few months and perhaps create a financial opportunity. Enjoy more luxury time with friends and family in July and August. Try not to spend away whatever you gain. Be sensible in love in November and feel appreciated. A startling new idea or project could distract you in January. Friends may inspire you in February. The last two months are bubbling with fun and affection. Make great advances this year!
10889,virgo,birthday,20210318,"This year you may get more interested in money and the nice things it makes possible. Cleverness and get-rich-quick schemes won't deceive you. You may discover some sound, practical ideas in the first couple months. Hard work matters, too, and you may deserve a small private treat by July. Share good times with family and friends in August. You might want to host a party or summer event. A quiet romance could find you in November. Stay low-key and let things take care of themselves. Friends and the social scene come to life in the remaining months, including much love!"
10890,virgo,birthday,20210319,"Charm and elegance are yours this year. You're smart. You know that life is more than money and material comforts, but you don't discount their importance. Be highly motivated all year and achieve a lot early on with what feels like little effort. Work diligently and maybe celebrate in August, perhaps on vacation. A friendship could become a serious romance in November. Deal promptly with any perceived crisis in January and see quick, easy resolutions. Amuse yourself with dreams of luxury in February. Friends and lovers are there for you, sometimes surprising you in the last two months!"
10895,virgo,birthday,20210324,"Find countless pleasures in daily life and have a great time all year! You're full of energy, so nothing and no one can rain on your parade. Be smart and sensible in the first few months and calmly work hard to further yourself. See better income and steady progress before July. Be lucky and feel rich at home in August. In September be more young at heart and enjoy things more. Be healthy in November and poised to handle any problem in January. Dispel a cherished dream at work in February and move forward. Surprising love and friendship round out a great year!"
10898,virgo,birthday,20210327,"The pleasure of good partners and teammates will make this a happy, powerful year! Early on think carefully about where you are and where you're headed, then work hard and be ambitious. The home budget may grow in July as you see progress. Be very lucky in August and attract more luck for your home environment. Don't remodel yet, though. September and October are times to luxuriate in doing what you love with people you love. In February you may recognize that a previous opinion came from a false impression. It's easy to fix things. April is yours for fun and fantastic love!"
10906,virgo,birthday,20210404,"You always have the big picture in view and know what to do when! You may not pay much attention to others, but you inspire them. Be most energetic in the first month. Friends keep you hopping and happy in July. Surprise yourself in a big way in August. Do good things with it. Catch up with some older friends in November. Learn and try new things with new people in new places in late January. Be realistic and responsible but open to the future. Friends and love return in a big way in the last few months. What a charmed and charming year!"
10913,virgo,birthday,20210411,"You know what you want and how to get it this year! You may not get everything instantly, but you know how to make it happen. Cleverness and energy are gifts that serve you well, particularly in the first few months. Be quietly productive and responsible. A friend may have some good ideas for you in July. Some unexpected good luck may find you while you're busy having fun with family in August. Reevaluate your position in November, and don't be too self-critical. You're doing well. In April and May relax with friends and perhaps a loving admirer who finally speaks up!"
10921,virgo,birthday,20210419,"Your best luck and greatest treasures will come from people and places close to home this year. People work smoothly with you, and your enthusiasm and energy will find lots of constructive projects in the first two months. Be respectful of your money and have more than enough. August is pleasant and September absolutely joyous with social and family events. No need to run wild or be extravagant. Everyone is feeling generous and loving. Respect any health concerns in November and let go of any regrets. In February aspire to something more for the future at work. It's an ambitious, affectionate year!"
10931,virgo,birthday,20210429,"Be your own best friend and be healthy and happy all year long! Friends and family will encourage you to take better care of yourself and make it easier. See benefits in August when your energy increases and smart decisions can bring more income. Have fun all summer, and be generous without spending more than needed. Feel more creative in November, but let those bright ideas simmer. Take good care of yourself in late December, and don't overdo the holiday eating and partying. Love could surprise you in January. Pleasant surprises at work in April may pay off big for months to come!"
10935,virgo,birthday,20210503,"Have big plans, big ideas, and big dreams! There's all the energy you need. Be realistic in your approach and see what you can make happen. August is loving and luxurious without any need to overspend. The whole summer is made for fun. Enjoy quiet time in November and politely ignore any meaningless criticism. A big love (not necessarily a person) could come or go in January, or perhaps it's simply a shift in the romance lineup. Working for a good cause touches your heart in February. Be daring but not reckless at work in April and gain respect and rewards. Have a magnificent year!"
10998,libra,general,20200704,"Stop trying to feel everyone else's emotions and really feel your own, Libra. Being empathetic to others' needs is charitable, but you need to face the music and look at yourself. Make a clear distinction between your needs and those of others. Express your feelings to those around you. Ask for help if you need it. Other people aren't mind readers. They probably have no idea what you feel."
11002,libra,general,20200708,"Get your head out of the clouds, Libra. You'll find out that nitpicky details you failed to attend to earlier are now coming back to haunt you. Don't postpone your work any further. The time to take care of the job is now. Balance your checkbook and do your laundry. Clean your bathtub and go grocery shopping. The more you accomplish today, the better you'll feel about yourself tomorrow."
11031,libra,general,20200806,"Your engine may sputter this morning as your gears begin to turn, Libra. It could be that you're working out something important in your mind that's helping clarify your emotions. The answer you seek is probably nothing like the one you'll find. By the time night comes, you'll have everything figured out. All the answers you need will be right there in front of you."
11043,libra,general,20200818,"Your active side may really show today, Libra. While you can be extremely focused on ""thinking"" work, you can also love keeping active and enjoy physical work. When you have a project like cleaning your home, you can be quick when you put your mind to it. This is a good day to get a lot accomplished. You'll probably enjoy it very much and bask in the satisfaction afterwards."
11052,libra,general,20200827,"Positive change rarely happens without effort. Keep this in mind as transformation occurs quickly. You may feel as though you're in the middle of a whirlpool and getting sucked deeper and deeper, unsure of where you'll ultimately end up. This is merely the ""nose to the grindstone"" phase. Trust that your efforts will ultimately be rewarded."
11068,libra,general,20200912,"Some disconcerting revelations about your past or the past of someone close to you could come out today. This might be a bit of a shock, Libra, but it's a positive development, nonetheless. It will shed some light on how to deal with current issues in your life or a relationship. Write down your thoughts, meditate, talk to a friend, or otherwise try to make sense of it."
11078,libra,general,20200922,"Expect to receive interesting communications today, Libra. You might hear from a long-lost friend and have a chance to catch up on the news. Perhaps you'll hear something about success in reaching a goal you've been striving for these past few months. Expect some interesting conversations. Have a great time exchanging ideas on everything from politics to child rearing."
11087,libra,general,20201001,"Happiness reigns in the home right now, Libra. Money comes pouring in from bonuses, salary from extra hours, or gifts. You may be considering spending some of this money on either adding to or refurbishing your home. If you're having trouble making a decision, consider consulting a decorator. There is great harmony within your family. You seem to understand each other on an intuitive level."
11089,libra,general,20201003,"This is a good time to take a stand on an issue that you may have been vacillating about lately, Libra. People will lose confidence in you if you can't seem to make up your mind. What they don't realize is that you've been working overtime to process all the information. Now it's time to express orally what you've discovered mentally."
11099,libra,general,20201013,"Expect many advantageous changes to take place in your community, Libra. New businesses could open their doors, interesting neighbors could move in, or some necessary repairs could finally get done. You might spend a lot of time in the car or on the phone and spreading the news. An exciting proposition may come to you or someone close to you through a letter, email, or phone call."
11101,libra,general,20201015,"An exciting rush of physical passion could hit you today when you're introduced to an interesting new person, Libra. Take care not to wear it on your face. You generally don't like to reveal that much of yourself! Besides, you won't want this person to think you're too obvious. Try to stay focused and remain objective. Then consider whether it's a good idea to pursue this attraction."
11104,libra,general,20201018,"Make sure your opinion doesn't get lost in the frenzy of the day, Libra. Your words may not quite fit with the things that people want to hear. Try not to take this personally. Realize that this isn't an indication that your words are any less important. You have an incredible gift of being able to see things that others can't. Cherish and nourish this ability instead of invalidating it."
11125,libra,general,20201108,"This would be the moment to say yes to your destiny, Libra. You're a little frustrated because things haven't been moving forward the way you'd like. But now that opportunities are coming your way, you find you're holding things up. You're just afraid, that's all. But rather than let your fear overtake you, turn its energy to your advantage."
11126,libra,general,20201109,"You may be worn out, Libra, but you will have to push forward anyway. You're entering a long period of work and perseverance. This definitely isn't the moment to be late or balk. If you're still in your pajamas at noon, you should be ashamed! Do what you can to wake yourself from your recent daze. It's time to get up and get moving!"
11139,libra,general,20201122,"After the events of the last few weeks, do you still want to continue acting like the same person? This is always a good question to ask with a celestial atmosphere like today's. People generally feel that they have a chance to get out of old systems and relationships. But people always hesitate to do this because of a fear of the future. Don't waver. Take the next steps!"
11155,libra,general,20201208,"Anger and resentment caused by past hurts could come up today, at times tempting you to burst into tears. Don't fight it. Just find someplace where you can be alone and let it out. This is only a symptom of personal and spiritual growth on your part. Releasing the past clears the way for breakthroughs in the future. You could wake up tomorrow morning feeling like a changed person!"
11184,libra,general,20210106,"You're likely to feel especially friendly and outgoing today, Libra. People you meet, particularly through groups, are likely to be strongly attracted to you. Friendships, partnerships, and romantic relationships should continue to grow closer, enhanced by your high level of communication. In the evening, go out with those you love. Your bond will be stronger for it."
11195,libra,general,20210117,"Today you might spend a lot of time on the phone with friends, some of them seniors. Your conversations will be loving, informative, and revealing, Libra. As a result, you might decide to attend some group events in your community. A letter, check, or delivery that had been delayed might finally arrive. This is going to release a lot of tension, as you may have feared it had been lost."
11242,libra,general,20210305,"Today you might toy with the idea of doing some renovation on your home, perhaps for your enjoyment, but primarily to increase its value, Libra. Decorating, landscaping, or both might be on the agenda. A number of possibilities could present themselves, and you will probably spend much time giving each some serious consideration. In the end, you will probably choose the most beautiful!"
11246,libra,general,20210309,"Treat yourself to something special, Libra, whether a gourmet meal, new outfit, or latest gadget. Today is your day and you shouldn't deprive yourself of anything. There's a remarkable synchronicity of events that will lead you to exactly the right place at the right time. There's a special warmth and sensitivity in the air that will put your mind and emotions at ease."
11252,libra,general,20210315,"A recent windfall or good news regarding money could turn your thoughts to home renovation and decorating. You might do some painting or add decorative touches to the house. Even if you don't have a fortune to spend, fresh flowers, plants, and pillows or area rugs can perk up a room. You might even shop for some new furniture. Have fun with your projects today, Libra!"
11255,libra,general,20210318,"Friends who have been traveling or live far away could bring some interesting news your way that hasn't yet broken in your area, Libra. This might make you curious to do some research on the subject. Take everything you hear with a grain of salt until you determine the facts for yourself. Things can get garbled in translation when you hear things second or third hand."
11256,libra,general,20210319,"Past issues may rear their ugly heads today, Libra. No, it isn't pretty. In fact, it's frustrating to have to deal with this problem again. You will be well served to spend time meditating. You need to address these issues once and for all or they will continue to haunt you. You're fortunate to have such close friends who will support you through this difficult process."
11261,libra,general,20210324,"The gas is on, Libra. One spark can cause an explosive fireball. There's a tremendous amount of potential energy to the day just waiting to be unleashed. Know what you're getting into before you light that match. The effects of your actions will ripple for some time. That said, go ahead and set the situation on fire. Perhaps there's an issue brewing that can no longer be ignored."
11264,libra,general,20210327,"This is a fantastic day, Libra. Elements of your life seem to be falling into place. You're in a period when you're beginning new cycles of love and mental activity. These beginning points are highlighted. You should think about how you want to be remembered in the future. Your heart and mind are working harmoniously, so take advantage of this to lay down some plans."
11272,libra,general,20210404,"Be careful of letting your heart get carried away today, Libra. Extreme emotions are likely, making you very aware of your environment and what other people are thinking about you. You may want to retreat to the forest and seek council with the fairies and trolls. Fantasy is a terrific way to escape the emotional intensity that's likely to be in the air on a day like this."
11279,libra,general,20210411,"Although things may be going well for you at work, Libra, it's probably taking a physical and emotional toll on you. You may suffer from mild stress-related conditions like headaches. It might be time for a vacation. Even if you're unable to get away in the near future, just thinking about and planning a trip can help. Plan to go to a place where you know you will feel relaxed and have fun!"
11287,libra,general,20210419,"You usually don't mind being alone, Libra. In fact, you enjoy your own company. Tonight you're going to crave companionship. You could have an impromptu party in your kitchen, perhaps involving friends who are also business associates. Some fascinating conversations could take place about business and intellectual matters, as well as some deeper subjects that keep you thinking for hours or days."
11297,libra,general,20210429,"A family member could be experiencing business difficulties, Libra. Your sensitivity could cause you to feel their anxieties, too. You might want to make it clear to this person that you're there for him or her, but you also need to be objective about the situation. Protect yourself psychically, perhaps by surrounding yourself with white light. It won't help your relative if you're stressed."
11301,libra,general,20210503,"It's time to show other people that you have backbone, Libra. It could be that up until now very few people have noticed, since you're so flexible and adaptable to change. You easily wriggle your way downstream, and as a result, people may think they can control you. Prove to them that this isn't the case by setting your own agenda and sticking to it."
11364,libra,love,20200704,"The current astral energy is perfect for enjoying a great night out with someone special if that’s possible. If they like dressing up as much as you do, then you can have a lot of fun together choosing what you will wear and what accessories go with your outfits. This is one occasion where you choose your clothes and then decide where best to show them off – virtually if that’s the only way."
11368,libra,love,20200708,"You may have a unique love experience, with a today's intense astral energies. If you are able to get together with other people, then make sure to invite those whom you find fascinating and would like to get to know more intimately. One person in particular may prove too fascinating to pass by. You will certainly want to discover some of their secrets."
11397,libra,love,20200806,"Some days bring a momentous task with them, and this could be one of them. You may have been holding a grudge against your current lover. You now feel the need to change your perspective and your attitude, not to mention your problem of being a little possessive. It's no wonder that your partner gave you a hard time; you may have dished it out first."
11409,libra,love,20200818,"The planetary alignment is bringing certain issues up to the forefront of your mind. You have a good chance of moving out of limiting circumstances if you can access what you really want out of the current situation with an important person. It seems that they are cramping your style, but you also need to see the part that you have played in this so far."
11418,libra,love,20200827,"Are you entertaining your loved one at home today? If not, then do think about it, if possible. Today's planetary aspect indicates you have every chance of making a major breakthrough in your relationship. But don't hang back. If you are at all backward in coming forward, then your evening may just be mediocre. If you are honest, open and up-front, you could experience an unforgettable time."
11434,libra,love,20200912,"A subject in which you are both interested may inspire a romantic liaison. Although spending a night indoors with a pile of books may not sound like the ideal way to get further acquainted, you would be surprised at just how much you will uncover. Don't let anyone tell you that reading is boring, as you will find out tonight."
11444,libra,love,20200922,"The atmosphere of the day makes everyone a lot more easygoing. This includes your loved one, who is the epitome of sweetness and light right now. If you cannot quite believe your eyes at this sudden and astonishing transformation, you can at least take advantage of it. Go ahead and ask for anything you like; there is a very strong chance you'll get it."
11453,libra,love,20201001,"This is a day that encourages some serious conversation between you and your partner. If you have important decisions to make, then don't go burying your head in the sand, but look these issues directly in the face and work to get past them. They may not be particularly difficult, but the effort does need to be made in order to make everything run more smoothly."
11455,libra,love,20201003,"You may be intrigued by the behavior of your latest romantic partner. The energy of the day indicates that on the one hand they may swear eternal allegiance to you, and then in the next breath say they need some space and are going out with their friends. Although this is not your style - you prefer stability and dependability - it is probably a passing phase, so don't worry."
11465,libra,love,20201013,"If you have been thinking of making more of a commitment to your loved one, then this could be a great day for making the announcement public. It is also a time when others will want to join in the celebration and congratulate you, so make sure you share it with everyone. There is a natural harmony around that is very fortuitous."
11467,libra,love,20201015,"People will be brought together in very strange ways today. If you have been looking for romance, then expect to be surprised, as you may encounter someone who has been very fond of you for some time. Even though you may not agree on everything, the differences between you make a delightful contrast, and you will find that they enhance rather than detract from the relationship."
11470,libra,love,20201018,"A certain very productive conversation today may bring you even closer to someone you deeply admire. You will have a chance to use your powers of persuasion to convince them that you are just the person they have always been looking for, and only just found. After this you can rely on the rest of your charms to really get the ball rolling."
11491,libra,love,20201108,"A sense of light relief and much laughter will wash over your current relationship today. If you have both been burdened by troubles connected with other issues in your lives, then take time to reconnect, and to bond with each other more deeply. Watch a funny movie and just have fun. You both deserve it!"
11492,libra,love,20201109,"You will have a great time at a small social gathering today, if possible. Talk with those whom you would not normally bother to get to know. This may open doors to new interests, and ultimately to a new relationship. It is by taking a risk and daring to open your heart to someone new that you make more progress then you have for some time."
11505,libra,love,20201122,"If you are looking for love, which is not often the case with your sign, you would do well to be able to listen to what others have to say. If you are at a social gathering, rather than trying to impress others with your string of glittering achievements, allow others to do most of the talking."
11521,libra,love,20201208,"Getting angry or worked up with partners and loved ones is not really the answer today. Certain issues are likely to surface and may be quite emotive. Yet you also need to pretend that you do not feel as you do. If you can strike a balance between speaking your mind and creating harmony, you will have done well."
11550,libra,love,20210106,"The planetary alignment brings you a chance to make amends with someone you may have had romantic problems with recently. It would help if you could both sit down and talk, but you may need to soften them up somewhat before you can really discuss matters on a heart-to-heart basis. The cosmos gives you the chance to do so today. Go for it!"
11561,libra,love,20210117,"The energy from the planets encourages all kinds of parties and get-togethers. It is not a time to stay at home and read or watch television. If you are currently hunting for the romance of your life, you will find it in places where people are working together to really make a difference, and where they are committed to positive change, as you are yourself."
11608,libra,love,20210305,"The celestial atmosphere means that you may have to forget about getting an immediate show of affection from someone you think is altogether gorgeous, and be satisfied with planting a few well-chosen seeds for the future. This doesn't mean that it's not going to happen, just that it may not happen yet. In the meantime you need some way to stay in contact."
11612,libra,love,20210309,"This is a good time to accept any invitations to parties or other gatherings that may be offered to you. Today's planetary alignment indicates that meetings with others will be very promising, and if you do find someone special, they will certainly be very unique and fascinating. It could take you more than a little while to even begin to fathom them."
11618,libra,love,20210315,"You may have mixed feelings about a certain relationship situation in which you find yourself. However, today's position of the planets encourages you to take some time to reflect on what you actually want. You have a tendency to get very involved in your emotions, which often makes it difficult to adopt a detached perspective and see things with clarity. Try to stand back from them today."
11621,libra,love,20210318,"Today's planetary alignment indicates that you may not succeed in seeing things in quite the same way as your nearest and dearest, and yet this could ultimately bring you closer, rather than driving you apart. If things have seemed a little stuck between you recently, then treat this as the anecdote that will help things flow again, so that your relationship becomes more dynamically alive."
11622,libra,love,20210319,"You generally like everything to happen smoothly in your relationships, yet an unexpected surprise may cause you to stop in your tracks. The position of the planets could bring about a reintroduction to someone from the past who has quite a profound effect upon you. They could well have changed beyond all recognition, and have much to offer you that they could not previously. Will you take the bait?"
11627,libra,love,20210324,"You seem to be caught between the devil and the deep blue sea today. You have intense feelings for a particular person, but you are keeping quiet about it all. You do not wish them to see you in anything but a position of strength and control. The day's planetary constellation begs the question as to who are you kidding. Being vulnerable is a part of trusting another."
11630,libra,love,20210327,"You may do something today that you have been waiting to do for a very long time. It is a day of revolution, and you intend your love life to be revolutionized in a big way. No half measures; no unfulfilled intentions. The time you have been waiting for is beckoning - put on your glad rags and be the best you've ever been."
11638,libra,love,20210404,"This would be a great opportunity to hold an impromptu party and invite some very interesting people around. The current aspect creates a particularly sociable atmosphere, which could lead to some very special relationships being developed. You look set to become more deeply acquainted with someone whom you have admired from afar for some time. What is more, you will find that your instincts about this one are spot on."
11645,libra,love,20210411,"The astral configuration today encourages you to show real warmth to your love interest. You are an expert at wonderful romantic gestures, and yet sometimes you forget to include the hug or the meaningful caress that would let them know you really do care. The problem is that you are so sensitive that you can't bear the slightest hint of rejection. Put these fears aside and open your heart!"
11653,libra,love,20210419,"Although you may try to get your impassioned feelings to stay under control and reveal themselves subtly, even tastefully, you may not quite be able to manage this, especially with the present cosmic climate. Emotions have been boiling away beneath the surface for a certain person for quite for some time, and when the opportunity arises today to do something about them, it could all be too much!"
11663,libra,love,20210429,"Although you generally prefer harmony to discord, the current astral configuration encourages you to make your point rather than taking it on the chin. Your love interest may be insisting that you take a certain course of action, not because you want to, but because they want you to. This naturally is causing you to feel resentful. You will just have to tell them the truth about how you feel."
11667,libra,love,20210503,"The present planetary alignment brings with it the opportunity to change your image, and go out on an exciting date with someone who will appreciate the unconventionality of your adopted dress code. Do your hair in an extravagant study of wildness, wear clothes that make heads turn - then turn again - and most of all, have real fun with your potential love interest in a cool and upbeat kind of way."
11730,libra,career,20200704,"You will feel off-balance with the people in your office today. It seems that everyone is operating under a different wavelength, making it difficult for you to connect with people the way you need to. This is not the day to force a team effort."
11734,libra,career,20200708,"Volunteer to take on an extra task today. When someone declares that there is a bit of extra work to be done, don't be afraid to jump on it. Doing so will put you in good favor with your superiors and will lead to big opportunities down the road."
11763,libra,career,20200806,"Money matters are high on the agenda. Take the time to address these issues carefully. You will be extremely efficient with numbers, spreadsheets, and bank statements. Attention you pay to budget-related issues will be well worth your while."
11775,libra,career,20200818,"Someone you work with is taking shortcuts and being rather lazy overall. Meanwhile, you are slaving away and doing twice the work that he or she is doing. Don't get angry. The other person will get what he or she deserves, and so will you."
11784,libra,career,20200827,Feel free to take shortcuts in order to climb your way to the top. Listen to tips from those who have gone down your path before. The best approach may not necessarily be the one that is the most obvious. Rely on people instead of manuals.
11800,libra,career,20200912,Get out of your rut and say yes to an offer that you would normally turn down without giving it a second thought. Risks taken today will pay off quite handsomely. There is no need to fear the future. Have faith instead of doubt in your actions.
11810,libra,career,20200922,"Lately it has been difficult for you to get a clear mental picture on anything. Today, however, some difficult cosmic energy lifts, thereby easing this burden and bringing greater mental clarity to your world."
11819,libra,career,20201001,"You are feeling rather conservative and this is fine. A cautious attitude will serve you well. Be the ""defensive driver"" in the workplace today. You never know when someone is going to pull an unexpected maneuver and cut right in front of you."
11821,libra,career,20201003,"Even if you aren't at work today, work will be on your mind thanks to someone who calls and asks you a work-related question. Keep in mind that you are not obligated to field this question right now. Most likely, it can wait until Monday."
11831,libra,career,20201013,"Stick close to your home base today - whether this is your desk, your station, or your actual home. Either way, this home base is where you will be most efficient in getting your work done. Your ability to stay focused will be quite strong."
11833,libra,career,20201015,"Friction will develop automatically, thanks to your inherent indecisive nature. It will be hard to deal with others since they will be just as indecisive as well. A difficult stalemate is likely to result. Do your best to stay grounded and not waiver."
11836,libra,career,20201018,"Even if you are at home right now, you will find yourself applying work principles to the tasks you need to deal with around the house. Don't be afraid to do so. This will help you make the work go much more smoothly and efficiently."
11857,libra,career,20201108,"What you see in front of you is just a facade. Don't get too excited about a great opportunity that offers many rewards. There is fine print that needs to be addressed. If you agree to a deal now, you will get much less than you bargained for."
11858,libra,career,20201109,You have strong pillars of support all around you. There are guiding lights helping to point the way Use these people and resources and you will get ahead. You are at a starting point. Clear off your desk of the garbage and begin something new.
11871,libra,career,20201122,"Even if you are not at work today, you may be rather anxious just thinking about it. This is not a very strong point in the month, and you are already dreading what is in store for you on Monday morning. Put work out of your mind and relax."
11887,libra,career,20201208,"You are in a fantastic position to move forward with regard to your career. If you are feeling as if your current job is not fully satisfying you, don't hesitate to quit and move on to something else. A much more exciting opportunity awaits you."
11916,libra,career,20210106,Take the initiative to start a new routine for yourself in the workplace today. Don't be afraid to bite off more than you think you can chew. You will handle every new task just beautifully. Don't doubt yourself. Have faith in your abilities.
11927,libra,career,20210117,"Your vacillating mind won't get much support from others, so you might as well save your energy trying to get advice from the people around you. You are better off doing your own research in books, magazines, and periodicals. Your answers are there."
11974,libra,career,20210305,The flashes of creativity you receive will be very important to you. Recognize these insights and act on them. It is important that you stimulate this part of your brain in order to balance out all the thinking and data processing you do with the other half.
11978,libra,career,20210309,It will take you a while to get rolling. The morning will be a waste of time. You will wish that you had stayed in bed another four hours. You might as well. The day doesn't start for you until the afternoon. Give yourself a break until then.
11984,libra,career,20210315,You seem to be the main focal point at this time. Everyone is turning to you for suggestions and ideas. You like to be in the spotlight whether you admit this or not. Now is the time to demonstrate your tremendous value in the workplace.
11987,libra,career,20210318,Just because someone else doesn't completely understand your ideas doesn't mean that your ideas are no good. Relations with others might be a bit off for the next three weeks or so. Being aware of this trend will help you navigate the waters better.
11988,libra,career,20210319,"You are willing to commit to a certain extent, but yet you are hesitant to commit all the way. Don't be. Now is the time to do something with great confidence. Either pursue this idea with everything you've got, or don't pursue it at all."
11993,libra,career,20210324,"Don't be afraid to initiate something. Get started on a project or idea that you think is important and other people will follow automatically. You will have a great deal of support with just about anything, so get going on something you believe in."
11996,libra,career,20210327,"Make sure to get some physical exercise. Being outside in the fresh air will be an extremely beneficial thing. At the very least, take a short walk around the block. It is best that you stretch your legs and get your body moving at this time."
12004,libra,career,20210404,"Feeling inadequate, giving up, and saying you don't know is not the answer. There is always a way. There is always a solution, and yes, you can find this solution by asking others, doing research, and above all, maintaining a positive attitude."
12011,libra,career,20210411,Your sense of self is shaken up thanks to those who are trying to use their power to control you. Be confident and don't let others have the upper hand - especially since you know you are right. Don't back down even though the pressure will be great.
12019,libra,career,20210419,"During the next two months, you will find that you are more indecisive than usual. Perhaps you did not think that this was even possible. Well, it is. At least, by being aware of it, you will be better able to deal with it in a healthy manner."
12029,libra,career,20210429,"Use your connections now. Use your resources now. Capitalize on your charm and wit and you can have it all. The power is yours. All you need to do is embrace it and use it to your advantage. Your mood is good, and everything is flowing well."
12033,libra,career,20210503,"A financial windfall might tempt you to go out and go crazy spending. Although you've worked hard and you deserve a break, it would be wise to first think whether you really can afford to be so carefree. Maybe you should be thinking about investing at least part of the money for future stability."
12096,libra,wellness,20200704,"Have you enjoyed going on a Stairmaster when you’ve worked out in the past? The motion of the Stairmaster mimics the climbing motion that we miss in our lives when using elevators, escalators and other such devices. During your fitness activities, try to visualize what you are getting out of the exercise both physically and mentally. The time you spend working on your body is precious to the development of your self-esteem. Give yourself a double workout by releasing and strengthening within your mind and heart as well."
12100,libra,wellness,20200708,"Walking is probably the most under-rated exercise because it doesn't require much exertion, and people do it every day. But how much do you actually do it? Do you walk instead of taking the bus whenever possible? Do you think 8-10 blocks is ""too far"" to walk? There are serious health benefits from walking: it tones your entire body, you can do deep breathing exercises at the same time, and the body naturally aligns itself when you walk with a straight back and an extended chest."
12129,libra,wellness,20200806,"You are highly sensitive when it comes to friends and family, and today's transits exacerbate this emotional chord. Give yourself enough time each day to get a bit of exercise and to have healthy meals so that you are prepared to ""be there"" for those closest to you. You react very poorly to situations in which you are too pressed to give time to those you love. Time management can help you get what you need in every way."
12141,libra,wellness,20200818,"Today's transit could motivate you to try new things in the exercise department. You will feel drawn to those activities that you can do with friends - or those activities you can do in order to make new friends, if possible. Look into the things you've had in the back of your mind - bike trips or even running a future marathon for a good cause like supporting medical research. These activities generally attract ""good"" people who, like yourself, value health and friendship!"
12150,libra,wellness,20200827,"The planetary alignment today increases your energy, so be prepared! There is a lot of kinetic energy for you to process and it's recommended that you get plenty of exercise. If you feel too antsy at work to sit still, take a walk on your lunch break or take a quick trip to the gym. The food you eat will determine whether you are able to process this transit in a healthy way. This energy must not be internalized, so light foods are preferable."
12166,libra,wellness,20200912,You have the determination and persistence to succeed in whatever you take on. Don't allow your inner fears to dominate. Today's planetary configuration asks you to look at your needs and to assess whether they are respected in the schedule you keep. Do you have healthy food in your fridge and cupboards? Are you able to consistently exercise and get a good night's sleep? Your health needs dictate the daily schedule you should follow.
12176,libra,wellness,20200922,"The attention you give to your body will produce both interior and exterior results. The exterior results are not of great concern to you, though the positive comments you garner will certainly boost your self-esteem! You generally seek an inner harmony that enhances your wellness. Are you informed about matters like organic farming, and what your community does to support such things? Your involvement and contribution to these kinds of issues directly affects your sense of well-being. Think about it."
12185,libra,wellness,20201001,"Unfortunately for some of us, black tea and coffee consumption is known to weaken our vision. To help strengthen your eyes at this time, take tea brewed with the herb known as ""eyebright."" Beta carotene is found in foods such as carrots, apricots and cantaloupe - the liver converts this pigment into Vitamin A, which is very helpful for night vision. Take care of your eyes and create your vision of the future with enhanced precision."
12187,libra,wellness,20201003,"You need lots of friends, but also sufficient quiet time to focus on her own inner needs. Your goals tend to be ""people-oriented,"" but private time is what nurtures your ability to understand and set your goals. Combining thought with exercise is a wonderful habit to develop. At least once a week, take yourself on a long run or walk, or simply hit the tennis ball against a wall. This physical outlet creates the space for you to clarify your thoughts without being annoyed with your friends."
12197,libra,wellness,20201013,"Your gift of sight usually serves you especially well. Nurture your natural vision with sources of Vitamin A and Beta-carotene. Do not rub your eyes if they are tired or itchy. There are better ways to find relief. Use delicate eye moisturizer for the skin around the eyes. Wear sunglasses to prevent sun damage (yes, especially when the glare is strong). Your vision is a gift - use it to see, and do, good in the world."
12199,libra,wellness,20201015,"Your creative efforts are beginning to show fruit, and this is cause for celebration. However, do not begin to neglect the regimented program you have been trying to follow regarding diet and exercise. Now more than ever it is important to keep the internal pathways open - physically and energetically. At least three times a week you must exercise your body to let fresh energy bubble forth and old energy recycle on through the universe. You are aware of being part of something larger - act like it!"
12202,libra,wellness,20201018,Waiting for the right time to start getting serious about your health? That time is past. You must start today if you are asking yourself this question - it is never too late. The first step could be increasing the amount of water you drink each day. Make this month the period of time you use to really watch how much water you drink and double it. Most people suffer from effects of dehydration without even knowing it. Are you one of them?
12223,libra,wellness,20201108,"The position of the heavenly bodies supports you with energy to really act on behalf of others. You enjoy the feeling of helping other people succeed against the odds. However, you must also pay attention to yourself, otherwise you will quickly grow resentful of what others have that you lack. This is called affliction. To avoid being afflicted, make your diet and exercise the priority no matter what. When you take care of yourself physically you notice all your other needs more readily."
12224,libra,wellness,20201109,"Your tendency to go along with what everyone else is doing can sometimes give you the impression that what's good for the group is good for you - and this is just not true. We each have an individual recipe for health, and it's up to each of us to discover it and follow it religiously. Plan a few meals to prepare at home this week. You may wish to invite others to join you, if possible, but know deep down inside that you're doing it for you."
12237,libra,wellness,20201122,"The planets make a harmonious connection today. There is a big chance you will feel lighter than usual, and more easily engaged in other people's concerns than you normally feel is possible. People may respond quite positively to you, but don't forget to take care of yourself! Everyday counts when it comes to your health. Diet is a big part of your mood, so take note of what you feel like eating today. Maybe you can replicate it when you're not feeling quite as great!"
12253,libra,wellness,20201208,"Your concern for others brings you closer and closer to the feeling that you need the same kind of concern for yourself. Maybe it will mean getting hurt a few times before you learn that setting boundaries is useful for you. Start paying attention to your boundaries through following a more organized health regimen. Taking care of yourself sends out messages to others that they must take care with you. Also, remember that drinking enough water and other fluids is critical to maintaining healthy blood circulation."
12282,libra,wellness,20210106,"You are quite sensitive to color, light, and sound. Is your home environment nurturing you as it should? Apart from what's in the fridge and cupboards (of utmost importance), do you have the color of paint that you desire on your walls? Do you have plants that are able to grow in a well-lit space? Do you have the kind of music you like to play in the privacy of your own home? These things matter to your well-being as much as anything else!"
12293,libra,wellness,20210117,"You are startled by the violence you see in the world, and you need to balance out the shock with predictably soothing activities. Surround yourself with gentleness in your home - create a safe haven. Practice soothing exercises such as yoga, stretching, and walking. Calm your mind with reading positive material and practicing meditation in any way you see fit. Give yourself the balance you need, and notice when you need to balance. Walking is a wonderful exercise for regaining balance."
12340,libra,wellness,20210305,"You'll have your usual boundless energy today, along with some extra emotional awareness that may come as a pleasant surprise. To tap into this compassionate energy, be sure to drink plenty of water and stay away from processed foods, as they can disturb your mood. Doing yoga or meditating would be wonderful gifts to give to yourself. Listening to loud music where you can get up and dance would be a superb way to act out the combination of energies that are available to you."
12344,libra,wellness,20210309,"Saying what you mean is going to seem much easier today. Your emotions may bubble up when you least expect it, and you may even send a stinging word out of your mouth without realizing it. The wise will take extra care to burn off energy in the body with exercise and will be mindful of getting proper rest. When the body is conditioned, the mind follows a more predictable path, and relating to others becomes more harmonious."
12350,libra,wellness,20210315,"The feeling that you can accomplish all that you set out to do is strong today. Make a point of centering yourself. Whether this is with a yoga session or a walk with the dog, it will be the apex of your day. With focus, you can channel your energy into the higher power that it truly is. You will relish feeling passionate about those you love, and for causes you champion. Give yourself the benefit of drinking lots of water: the time and effort it takes can center you."
12353,libra,wellness,20210318,"Remember it's not the situation that matters, it's how you handle it. Continue to breathe consciously, focusing on your breath when you exercise and when you go to sleep as a way of heightening awareness. What you eat is important, but HOW you put food into your mouth is more important, today. First, make sure the food is appetizing to your body and mind. Next, arrange the food in a pleasing manner before beginning to eat. Center yourself. Eat slowly and enjoy."
12354,libra,wellness,20210319,"If you run into difficulty today, it will benefit you to take a break and give yourself some quiet, private time to cool down before taking action. There is a strong tendency to act irrationally. Give others the benefit of the doubt. Remember the phrase: ""I'll have to think about this and get back to you."" These words can help when your emotions are too hot to allow you to think on the spot. Drinking hot beverages will help cool your interior pathways."
12359,libra,wellness,20210324,"When you feel lost, and like you don't know what you want, stick to your routine. With the proper care of your body (good, fresh food, plenty of water and exercise), the subconscious will eventually reveal itself. Create a nurturing and predictable pattern for yourself today. Breathe consciously. A basic Hatha yoga workout would help quiet your mind. Whatever message is ""hidden"" inside of you will come out as long as you prepare yourself to receive. Let go and embrace the step of ""not knowing."""
12362,libra,wellness,20210327,"If you find balancing many possibilities an exhausting and pointless exercise, consider changing your point of view and focusing that energy to your benefit. Try alternating as many different outlets as you can in your workout routine: swim one day, run another, and do some challenging yoga in between to stretch and strengthen your muscles. Or try martial arts to keep yourself alert and fit. Remember to drink plenty of water in order to secure your inner source of productivity."
12370,libra,wellness,20210404,"You have been on a journey of process, it seems, and you may be craving something that you can sink your teeth into. Whatever you are craving, your internal organs are most likely craving as well. Give them something they can really ""gnaw"" on, such as: kale, chard, fennel, and chicory. Leafy green salads and roots vegetables can make a big difference in your outlook on life, believe it or not. Take a night off from working out and plan some meals that include these ingredients."
12377,libra,wellness,20210411,"On the one hand, you see many of your strengths and feel pretty good about yourself. On the other hand, you feel the one nagging thing you haven't been able to quite work out dragging you down. If you continue to compare yourself to others, you will create a real problem for yourself. If you use the positive to confront the negative within yourself, you stand a chance of a real breakthrough. Try to keep yourself centered through some aerobic exercise to keep the fresh blood flowing."
12385,libra,wellness,20210419,"With so much physical energy at your disposal, it's a wonder that you are not a professional athlete or dancer! You must have realized by now that you are one vital individual. Today you might seriously consider the ramifications of this and decide it's time to implement some health habits into your life that will bring that energy to a constructive level. Regular exercise and a balanced diet may not be enough! Meditation could do you good, or maybe the martial arts?"
12395,libra,wellness,20210429,"Giving in to what you feel like doing every minute of the day can be a wonderful fantasy but not a very healthy practice! Having a body is a bit like having a job, and you can make this either the best or the most challenging job you ever have! A regular, well thought-out program is recommended for a positive ""working relationship"" with your body. Begin to notice whether you give your body a real vote in the daily decisions you make about your health."
12399,libra,wellness,20210503,"Today's celestial configuration gives you more energy than you know what to do with. Internally you may feel confused or frustrated, while externally you may seem radiant and glowing. Do not let what others do or say influence your choices when it comes to your health. Follow your own internal measure regarding what you eat and how much, if any, alcohol you take in. There is no one else but you who knows exactly what it's like to be in your body."
12462,libra,birthday,20200704,"You have a secret source of great love and support this year, possibly from friends and relatives. Be grateful and don't press for explanations. It may be a year of random acts of kindness, so perform your share. Be energetic in October, smoothing ruffled feathers and restoring peace and pleasantness at home. Be more low-key in November, but still fully enjoying life. A change-up in daily routine could have long-lasting effects. Enlightenment is possible in February. If sparks fly at work in April, you can cope with it. Spend the last month lavishing and receiving love and encouragement. It's a passionate, powerful year!"
12466,libra,birthday,20200708,"Your daily life doesn't need to have anything lackluster about it this year. You've got the magic touch, especially at home in the first month, and know how to set people at ease. After a nice, quiet stretch, family and friends may want to spend more time with you in October. Enjoy the attention and tactfully share any extra expenses. People want to treat you well and stay in your good graces. Reserve judgment in December if a close friend or lover disappoints you. You can learn why before the year ends. Let tender feelings express themselves, and treasure those hugs and kisses!"
12495,libra,birthday,20200806,"Your tastes and desires may differ from what the world offers, but don't swerve from what you love. In October friends or family may suggest things you don't like to do, but be gracious and play along if you think the company is good. Follow your own drumbeat in December, be calm and pleasant through the holidays, and be glad you did. If misgivings arise in April or May, that's fine. Respect your right to reevaluate earlier opinions and actions. Learn, improve, and advance. Love yourself, and give others the chance to love you, especially in the last month. It's a stimulating, sexy year!"
12507,libra,birthday,20200818,"Be part of a bigger extended family and take a bigger social role with friends and community. Bake more brownies (to share, of course) or simply smile and comfort the shy and quiet around you. Focus on the details of daily life despite desires for great or flamboyant things. In November friends may expect you to take the lead in everything. Be bold and creative in January. A flash of love in February promises great things, but may fizzle. Enjoy and don't be disappointed. A reward for a forgotten favor may appear in April. Be popular, sought after, and downright loved all year!"
12516,libra,birthday,20200827,"Things can click and fall into place for you in the material world this year. Generosity, good timing, and just being smart will all contribute to your financial progress. Details are easier to manage, so watch that budget, pay the bills on time, and enjoy being with your favorite people, especially in the fall. Big pleasures can come to you at zero or very little cost in January. A romantic fantasy may find you in February. Enjoy, but don't flounder in it. Do some favors in April and be rewarded. The last month is full of gifts and glamorous times! Have a proactive, prosperous year!"
12532,libra,birthday,20200912,"Be articulate and charming this year, and perhaps speak for those who can't speak for themselves. You know what matters. Work and finances look stable enough to permit more public involvement - and enjoyment, too. Cultivate diplomacy and find energetic companions in the first month. In November interact with sympathetic friends, but don't be overly ambitious. A home affair may need attention in January. People will offer help should you request it. Respect your health and energy level in February. Be highly visible in June. People will remember and seek you out again in July and August. Better than fame - bask in good luck, good deeds, and love!"
12542,libra,birthday,20200922,"Step into your own light this year! A karmic peek into your own mind is possible in October. Get finances and expenses under firmer control in November. Fun and adventures near to home are on your cosmic agenda in December. Friends will encourage this. Love and be loved in a bolder and more vocal way in March. Disagreements shouldn't be necessary. Even you should notice a more self-confident, outgoing mood by July and August. Connect better with more people in the last two months, and leave room in your heart for that most intimate and special one!"
12551,libra,birthday,20201001,"It's a great year to bring home life and social life into better accord and surround yourself with happy family and friends. Your playful, clever nature encourages people to listen to what you have to say. Older people and relatives may be drawn to you - and be generous - in November. Be busy and renew contacts in December. January may draw you deep into a home concern that will greatly enhance your overall environment. Don't stress over any changes. Love suddenly enters the scene in April. Enjoy some rare peace and quiet until August reignites life with big fun and affection!"
12553,libra,birthday,20201003,"Your inner child is near the surface this year and will lead you to many joyous and creative times! You're smart and naturally cautious, so there should be very little risk involved. You may be especially cautious regarding money in the autumn, but this will relax and leave you with more than enough resources for everything you need and want. You may crave new romantic excitement in the spring. Work and rest well so you can be ready for a boost in your social life in August. The last few weeks of the year may be the loveliest and most affectionate of all!"
12563,libra,birthday,20201013,"Feel at home anywhere in the world this year, and get attached to a few new favorite places, people, and things. Your great natural charm will make you popular no matter where you are. Your clear, thoughtful nature makes you easy to get along with. Being practical, energetic, and enthusiastic in the first three months will propel you through a successful, happy rest of the year. A brief escape into fantasy lightens up February. Play it safe in April. A trip is possible in July. Work is pleasant and plentiful in August. The last month is full of harmony, happiness, and love!"
12565,libra,birthday,20201015,"You'll be on a lot of people's radar this year, and having such a public presence will bring you much good luck. Your mental and social skills are at their peak and work together flawlessly, starting in the first month. Pace yourself and don't overexert, especially in November and April. Money and possessions may motivate you in December, making it sometimes hard to slow down. Find artistic or spiritual release in February. You glow in the work world in August. An increase in money, reputation, and recognition are all possible. Be modest and know you're worthy. Enjoy a glorious, glamorous year!"
12568,libra,birthday,20201018,"Think big, talk with lots of people, and go out and be seen! It's no time to hide out with a small circle of friends and associates. Think instinctively before you act in the first month, and balance charm and mature sophistication. A monetary windfall (maybe some borrowed money returned to you?) or valuable gift may find you in December. Say thank you. Dream big in February. Avoid needless risks in April, and play it safe and happy. Be more prominent at work in August, and don't shirk from being more in charge. Get social and popular in September. It's a fun, fabulous year!"
12589,libra,birthday,20201108,"Taking care of business ranks high for you this year, and a lot of that business may not even be yours. Be patient, listen, and take time to reply, especially with loved ones in the first two months. Keep to that budget and stay secure in January. Make your home more loving and lovely in February. In April surprise someone with an old favorite trick they've never seen you do. June and July may be busy with other people's concerns. Do what you can and have no regrets. Win hearts in August and win minds in October. It's a splendid, loving year!"
12590,libra,birthday,20201109,"Enjoy a lot of mutual concern and give and take among friends and family this year. No one will feel stranded or forgotten when times are easy or rough. Be the tactful voice of reason for your family in the first few months. Put more energy into increasing income in January, and see quick results. Mind the budget, though. Decompress with some mildly crazy fun in April and May. People may need one another in July - be there and be cherished. Be sublimely lucky and popular in August. As the year ends, be greatly respected, loved, and admired!"
12603,libra,birthday,20201122,"Your generous spirit drives you forward to happiness and success! Keep yourself in the equation of life, help others, and greatly help yourself. Material well-being is the focus of January, and you have energy and luck to profit from all your work. Friends offer relief, comfort, and fun in February. In March and April fill your home with a fresh feeling that's pure you. August can get exhausting and expensive, so respect some limits, as hard as that may be. The last month may have some frustrations, but don't get impatient or question any decisions you've made this year. Live and love to the fullest!"
12619,libra,birthday,20201208,"You don't have to solve everyone's problems this year, but you certainly have the strength and know-how to do so. Be sweet and firm as the year begins. See a radically different side of yourself in January. This can benefit you in your finances and in the work world in February and October. A change at home or with family could be big but no surprise in April or May. People may keep you busy with their problems in July and August. Listening can be helpful, too. Honesty and heart-warming clarity in an established love affair are yours in the final months!"
12648,libra,birthday,20210106,"Be energized and serious about all you do this year! That includes having fun. You might be the center of excitement in April, or you may spring a huge surprise on everyone. Be humble in public and thrilled in private. Save some passion for your own well-being in August and have a great fun-filled summer. Other people take up your time in October, but it will be good for you later, too. Feel serious and work hard in December. In January a big change at work could happen around you. Stay settled. Friends and that special love are never far away!"
12659,libra,birthday,20210117,"Many exciting times are on your horizon this year! Be sensible, pace yourself, and have the energy to do as much as you like. Surprise people all year, especially in March and April. Force yourself to take a moment and focus your attention on what you want to achieve. Be ambitious. A touch of charm will make your great energy more acceptable, and even admirable, to many people. August may get wild and hyper, so stay practical, especially about money. Be wise, influential, and modest in late November. In the last few months be surrounded by loyal friends, brilliant ideas, and great love!"
12706,libra,birthday,20210305,"It's a busy year full of big plans and big energy! Get your schedule organized in the first month and work hard. Save a little more, if you can, and see a sweet personal reward before July. August could be busy with summer excitement, but it doesn't have to be expensive. The end of December could be hectic, but stay focused and do your best for yourself and others. You might have an urge to get away from it all in January. Friends - and a special new love - will give you all the affection and rest you need at year's end!"
12710,libra,birthday,20210309,"You can make your career glow with success this year or you can make a shift to something new! You are most practical and solid in the first month. You can get inside people's heads, too. Keep the cash flow balanced and maybe acquire a small desired item in June. Enjoy some pleasant but inexpensive summer fun with family in August. Romance gets nostalgic in November. Prepare for a possible big change at work in January. February is big, so look and do your best. Relax with friends afterward and let some surprises make you smile. Love isn't far behind!"
12716,libra,birthday,20210315,A secret desire for something special could motivate you this year. Or it might be time for you to make private plans for a nicer lifestyle. Be ambitious and busy in the first few months and perhaps create a financial opportunity. Enjoy more luxury time with friends and family in July and August. Try not to spend away whatever you gain. Be sensible in love in November and feel appreciated. A startling new idea or project could distract you in January. Friends may inspire you in February. The last two months are bubbling with fun and affection. Make great advances this year!
12719,libra,birthday,20210318,"This year you may get more interested in money and the nice things it makes possible. Cleverness and get-rich-quick schemes won't deceive you. You may discover some sound, practical ideas in the first couple months. Hard work matters, too, and you may deserve a small private treat by July. Share good times with family and friends in August. You might want to host a party or summer event. A quiet romance could find you in November. Stay low-key and let things take care of themselves. Friends and the social scene come to life in the remaining months, including much love!"
12720,libra,birthday,20210319,"Charm and elegance are yours this year. You're smart. You know that life is more than money and material comforts, but you don't discount their importance. Be highly motivated all year and achieve a lot early on with what feels like little effort. Work diligently and maybe celebrate in August, perhaps on vacation. A friendship could become a serious romance in November. Deal promptly with any perceived crisis in January and see quick, easy resolutions. Amuse yourself with dreams of luxury in February. Friends and lovers are there for you, sometimes surprising you in the last two months!"
12725,libra,birthday,20210324,"Find countless pleasures in daily life and have a great time all year! You're full of energy, so nothing and no one can rain on your parade. Be smart and sensible in the first few months and calmly work hard to further yourself. See better income and steady progress before July. Be lucky and feel rich at home in August. In September be more young at heart and enjoy things more. Be healthy in November and poised to handle any problem in January. Dispel a cherished dream at work in February and move forward. Surprising love and friendship round out a great year!"
12728,libra,birthday,20210327,"The pleasure of good partners and teammates will make this a happy, powerful year! Early on think carefully about where you are and where you're headed, then work hard and be ambitious. The home budget may grow in July as you see progress. Be very lucky in August and attract more luck for your home environment. Don't remodel yet, though. September and October are times to luxuriate in doing what you love with people you love. In February you may recognize that a previous opinion came from a false impression. It's easy to fix things. April is yours for fun and fantastic love!"
12736,libra,birthday,20210404,"You always have the big picture in view and know what to do when! You may not pay much attention to others, but you inspire them. Be most energetic in the first month. Friends keep you hopping and happy in July. Surprise yourself in a big way in August. Do good things with it. Catch up with some older friends in November. Learn and try new things with new people in new places in late January. Be realistic and responsible but open to the future. Friends and love return in a big way in the last few months. What a charmed and charming year!"
12743,libra,birthday,20210411,"You know what you want and how to get it this year! You may not get everything instantly, but you know how to make it happen. Cleverness and energy are gifts that serve you well, particularly in the first few months. Be quietly productive and responsible. A friend may have some good ideas for you in July. Some unexpected good luck may find you while you're busy having fun with family in August. Reevaluate your position in November, and don't be too self-critical. You're doing well. In April and May relax with friends and perhaps a loving admirer who finally speaks up!"
12751,libra,birthday,20210419,"Your best luck and greatest treasures will come from people and places close to home this year. People work smoothly with you, and your enthusiasm and energy will find lots of constructive projects in the first two months. Be respectful of your money and have more than enough. August is pleasant and September absolutely joyous with social and family events. No need to run wild or be extravagant. Everyone is feeling generous and loving. Respect any health concerns in November and let go of any regrets. In February aspire to something more for the future at work. It's an ambitious, affectionate year!"
12761,libra,birthday,20210429,"Be your own best friend and be healthy and happy all year long! Friends and family will encourage you to take better care of yourself and make it easier. See benefits in August when your energy increases and smart decisions can bring more income. Have fun all summer, and be generous without spending more than needed. Feel more creative in November, but let those bright ideas simmer. Take good care of yourself in late December, and don't overdo the holiday eating and partying. Love could surprise you in January. Pleasant surprises at work in April may pay off big for months to come!"
12765,libra,birthday,20210503,"Have big plans, big ideas, and big dreams! There's all the energy you need. Be realistic in your approach and see what you can make happen. August is loving and luxurious without any need to overspend. The whole summer is made for fun. Enjoy quiet time in November and politely ignore any meaningless criticism. A big love (not necessarily a person) could come or go in January, or perhaps it's simply a shift in the romance lineup. Working for a good cause touches your heart in February. Be daring but not reckless at work in April and gain respect and rewards. Have a magnificent year!"
12828,scorpio,general,20200704,"It may seem like neither side of the bed is the right side to wake up on, Scorpio. The only solution you might be able to come up with today is to go back to bed. Focus on your heart because it's trying to tell you that it needs some attention. Emotions may be running quite high, so be extra careful of how you treat yourself and others."
12832,scorpio,general,20200708,"Today you need to finish whatever you didn't get done yesterday, Scorpio. Themes of the journey include discipline and paying attention to the sand slipping through the hourglass. The more you're able to accomplish, the better you'll feel about yourself. Stagnant energy in your life signals that it's time to get things moving. Don't waste another moment waiting for someone else to find the solution for you. Take the initiative."
12861,scorpio,general,20200806,"Be careful not to overdo things today, Scorpio. You may so zealously want to meet your goals that you overshoot the mark by quite a bit. Feel free to express your exuberance and let your enthusiasm shine in whatever you do. At the same time, be careful about getting so carried away that you don't notice that you've already reached the finish line."
12873,scorpio,general,20200818,"If you've been feeling tired or sick lately, this will probably turn around for you today, Scorpio. Bouts of moodiness can be a real drain. Your emotional state has a pronounced effect on the way your body feels. Be sure to take care of your feelings as well as your body. If there are things that need to be worked out, do that now. The two really do go together."
12882,scorpio,general,20200827,"You have natural leadership abilities, and today would be an ideal day to make use of this talent. In the past you may have hesitated to step forward and implement your ideas. But recent successes have given you the necessary confidence to pursue your objectives. You'll likely find that the higher-ups support your efforts. Make the most of today's auspicious circumstances, Scorpio."
12898,scorpio,general,20200912,"Something you might have wanted to keep between you and a few trusted friends could inadvertently be revealed, perhaps to the wrong people. Frustration and a sense of betrayal could plague you, but don't turn against those who knew. Even though this can be disconcerting, you can learn from it. Benjamin Franklin said, ""Two people can keep a secret only when one of them is dead."""
12908,scorpio,general,20200922,"You're in a great position to reap the rewards from all your past hard work, Scorpio. In the coming weeks you'll be able to realize important gains in your career and personal projects. Not only should you see significant advancements in your work life, but you'll also achieve greater personal happiness. You have great momentum, so keep it up and you'll realize your goals."
12917,scorpio,general,20201001,"Are you single, Scorpio? If so, today you might fall in love at first sight. You may have been frustrated lately by the lack of available, interesting people, but today you could meet someone who seems too perfect for words. And you can rest assured that the attraction is mutual! If you're already involved, you can expect a revival of the fairytale romance between you and a significant other."
12919,scorpio,general,20201003,"Today is one of those days in which you will be bursting at the seams to share big news with your friends, Scorpio. Perhaps you just received an important package or piece of information and you can't wait to spread the news. Be careful about who might be lurking around, however, because there could be others listening in. They may not necessarily be acting in your best interests."
12929,scorpio,general,20201013,"You've probably had few periods when business and finance have gone well for you, Scorpio. Now this trend seems to be coming to a head. Today you might start or close some type of agreement that will make a big difference to your finances. Your money situation should not only improve but also stabilize at a level higher than it's ever been. As long as you're diligent, this growth should continue."
12931,scorpio,general,20201015,"Chores that need to be done around the house could be at the top of your priority list today, Scorpio. A female visitor, perhaps your mother, could come by and making your place look great will preoccupy you. Don't do any more work than you absolutely have to. You won't want to be too tired when she arrives."
12934,scorpio,general,20201018,"You have two choices today. Either jump into the thick of the mess with both feet or stay out of it altogether. There are definitely two distinct camps setting up their arsenals for battle. Realize that there is also a soft, tender, harmonious aspect that just wants peace. It will be hard to ignore the fact that your usual warring nature is ready to do battle."
12955,scorpio,general,20201108,"Don't expect to meet the partner of your dreams today, Scorpio. Rather, your romantic hopes are likely to meet with frustration. It would be better to devote your energies to something more realistic, such as your financial situation. It probably does need some attention, wouldn't you agree? If you redirect your energy, the rewards are more likely to be forthcoming."
12956,scorpio,general,20201109,"In a series of days that have tested your patience to the limit, here comes the moment of truth that could make or break you. You can expect a high-pressure day when you will be induced to express your deepest motivations. A confrontation with an authority figure could trigger an outburst. Do your best to remain levelheaded, Scorpio."
12969,scorpio,general,20201122,"The day ahead should give you an opportunity to analyze the events of the past three weeks, Scorpio. You will draw many important conclusions about your love life. You may conclude that matters have evolved little, if at all. This is discouraging, to be sure, but don't place too much trust in appearances. Remember, things aren't always as they seem."
12985,scorpio,general,20201208,"Someone you think of as a friend may prove less than trustworthy today, Scorpio. There are indications of deception all around you. Perhaps someone is keeping something from you or telling outright lies. Don't be too suspicious of anyone but check the facts of a situation before you take someone's word for anything. It's always best to do that anyway."
13014,scorpio,general,20210106,"You should be in a warm and romantic mood today, Scorpio. You will want to schedule an intimate evening with your partner, but you probably won't feel like staying in. You desire an evening out, perhaps to a restaurant, concert, or play. Regardless of how you usually feel, tonight you won't have any reservations about showing affection in public. Enjoy your evening."
13025,scorpio,general,20210117,"Today you could resolve to work harder than ever on whatever it is that brings the results you hope for, Scorpio. This is likely to involve nothing more glamorous than practical tasks, such as getting paperwork out of the way. Nonetheless, by the end of the day you should feel satisfied with your accomplishments. If nothing else, it should free you for more interesting chores."
13072,scorpio,general,20210305,"Creative energy, especially involving writing or speaking, could overflow today. Ideas could come thick and fast, Scorpio, and you might want to phone some friends and discuss your thoughts. This is probably going to bring even more information your way for your mind to process! Write down what interests you most, and take a walk to clear your head. Tomorrow it should all be clearer to you."
13076,scorpio,general,20210309,"There's an emotional, sensual feeling to the day that is sure to tickle your heart, Scorpio. Try not to be too abrasive when dealing with others. The more serene you can be, the more doors you will be able to walk through. Be patient and don't feel like you need to be first in line. If you aren't sure of a situation, don't jump in headfirst."
13082,scorpio,general,20210315,"Some misunderstandings could cause confusion at home today, Scorpio. Your natural tact and diplomacy will certainly come in handy. Artistically, you may be inspired to work on a painting or short story that's been in your head for a while. Even though you don't pay much attention to your artistic abilities, they may be responsible for some new career opportunities coming your way."
13085,scorpio,general,20210318,"Today you might give some thought to career matters, Scorpio. You're probably trying to brainstorm ingenious ways to advance professionally and increase your income. A number of different options might present themselves, some workable, some not. It might not be easy to put them into action, but keep trying. Obstacles always arise when you're trying something new. You will get there."
13086,scorpio,general,20210319,"Romance is in the air, Scorpio, filtering your vision with a rosy light. You're in love with the world today, and you're most especially in love with your partner. If you don't already have a partner, you may meet him or her today. Since you never know when or where, make sure to look your best throughout the day."
13091,scorpio,general,20210324,"This is truly a day of new beginnings, Scorpio. You can start a fresh cycle of emotions and understanding that can help you develop the quality and depth of your relationships. Note that all levels of your relationships will be affected in some way. Take time to consider the fact that you're at the starting line. Focus and align yourself with your goals and the people who can help you meet them."
13094,scorpio,general,20210327,"This is one of those days in which you can't figure out what to order for dinner. You're the official owner of the cloudy head today, Scorpio. You're waiting at the deli counter trying to figure out what you want and when it's your turn to order, you've already forgotten. Your emotions may be so tied up in your brain that you can't think straight. Try to mellow out and watch a movie."
13102,scorpio,general,20210404,"Be prepared for an emotional backlash that's likely today if you get too possessive about your romantic partner, Scorpio. Issues about freedom versus commitment could arise whether you're involved in a close relationship or not. Perhaps these feelings are simply internal and you're trying to figure out your position on the matter before you proceed."
13109,scorpio,general,20210411,"Are you working on something that requires in-depth research, Scorpio? If so, this is the day to dig in. Your mind and eyes are especially sharp right now, and you're likely to catch details that you might miss under normal circumstances. Whatever you're doing, you will probably find it fascinating, like putting together pieces of a puzzle. Take occasional breaks or you risk eyestrain."
13117,scorpio,general,20210419,"This is the day to listen and observe, Scorpio. There is a lot to learn from what's going on around you. You might be surprised at the impact of it. Too much talk now could prove fruitless and even set you back in some way, especially if talk is used to hide your insecurities. Keep your eyes and ears open. Tomorrow you can share what you learn."
13127,scorpio,general,20210429,"A friend or relative could be ill, out of work, or otherwise beset by problems. You may want to do whatever you can to help out. This could be frustrating, but you will feel better for having done what you can. This person needs to face and deal with his or her responsibilities. They're out of your control to fix, Scorpio."
13131,scorpio,general,20210503,"You may be anxious to get some new projects underway today, Scorpio, even though they aren't necessarily ready or well thought out. You must first learn that patience is key. Jumping the gun could cause a false start that disqualifies you from the race. Avoid this fate by playing it cool and laying low. Keep your big guns under wraps for now. You don't need to bring out all the heavy artillery yet."
13194,scorpio,love,20200704,"There is a much softer and far more amenable quality in the air, especially with the current aspect at play. Under this very romantic cosmic influence, you don't need to spot a potential partner and then rush in for the kill immediately. You can amble up to them slowly and take your time working out how best to win them over to your point of view. Easy does it!"
13198,scorpio,love,20200708,"The current astral environment is encouraging you to take a softer, more sensitive approach to someone special in your life. If you have wanted them to be something other than who they are, this may be putting them off from being honest with you. Allow them to be themselves, and they will be happy to become more intimate, as they will feel more comfortable in your presence."
13227,scorpio,love,20200806,"You may find days like this to be turbulent. When the heat is on in the relationship, you tend to rise to the bait both verbally and cerebrally. Thoughts may be whirling around in your head and you know you need to change your outlook. This could be achieved by taking a vacation, or by literally changing your thoughts about the situation in a constructive way."
13239,scorpio,love,20200818,"Patterns of thought are interfering with a course of action or a relationship with someone close that you are trying to resolve. The current planetary configuration is bringing these to the surface, allowing you to see the cause of the problems more clearly. You have a good chance of moving through this if you can talk about it with the person concerned. They will at least understand."
13248,scorpio,love,20200827,"You won't have to look very far if you need advice on where to go on your date today, as friends are only too willing to accompany you and join in the fun whenever possible. The day's planetary configuration indicates that you will have to be strong if you wish to be alone with your lover to enjoy some quiet moments. Others want to create a party atmosphere with you."
13264,scorpio,love,20200912,"Your main method of seduction is usually by means of charming conversation, which traverses a variety of topics. Today this method has a chance to be put to the test, as you have some major talking to do with someone whose major interest in life is very closely connected with yours. Try talking each other under the table, or anywhere else you desire."
13274,scorpio,love,20200922,"Today it seems as though others are obsessed with image, but you know that it’s not the most important thing in this world. Even if you sometimes feel your hair or skin isn’t the right color, your body isn’t the right size, or your wardrobe isn’t high-end, there’s someone out there who truly loves you for who you are underneath it all."
13283,scorpio,love,20201001,"If you feel a little grumpier than usual today, it is probably due to the atmosphere created by the planetary configuration. Of course, nobody will really take you seriously, and your nearest and dearest will continue to tease you, but still, you may need a little humorous resuscitation. Try to get out to see a comedy show, if possible, or stay in and watch a laugh-a-minute video."
13285,scorpio,love,20201003,"The planets are bent on bringing you an interesting day. You may communicate with someone whom you find particularly difficult to fathom, and your reaction may be equally strange. On the one hand you are both deeply attracted to each other, yet on the other hand, there is something that makes you wary of each other. Don't give up, as in a few days this may change."
13295,scorpio,love,20201013,"If you have been looking for romance and have recently met someone who seems to fit the bill, then make use of the day's auspicious planetary alignment to deepen your relationship. It is a good time to go out somewhere special together where you can talk about all the things that matter to you most and appreciate how much you have in common."
13297,scorpio,love,20201015,"If you have arranged an outing today with your loved one, it may not go strictly according to plan. You may find this hard to deal with, which could potentially make or break the occasion. If you don't try to get your own way, but rather make an effort to listen, you may find you both actually want the same thing."
13300,scorpio,love,20201018,"You always enjoy a good conversation - this goes without saying - but a certain discussion you hold today may change your future to a greater degree than you could ever have anticipated. You may have to dig deep to find the required response, though. It is there but needs to be drawn out by subtle means. Alluding to it directly may ruin your chances."
13321,scorpio,love,20201108,"Good humor and a need to see the funny side of your relationship characterize your love life today. You'll both feel the need to take a more liberal view of each other. Allow each other the space to be totally yourselves and open up to the genuine warmth you both share, especially if things aren't going as well as they could."
13322,scorpio,love,20201109,"Today you should try and work out how you really feel about your relationship with your latest partner or love interest. If you have had mixed feelings for a while, then take some time to mull over exactly what is bothering you. It may only be a minor issue that is being blown out of all proportion, creating a sense of alienation."
13335,scorpio,love,20201122,"You will be able to feel deeply about a situation that you may previously have only been able to think about. If you have just begun a new relationship, then perhaps it is time to talk about some of the discoveries you have made about each other. It is better to get into the habit of deep sharing now, rather than waiting until it is too late!"
13351,scorpio,love,20201208,"Action is the name of the game in love and relationships today. Try and see things from the perspective of your partner (current or prospective), yet not to forget about your own needs. It is getting the balance right and doing things together that make you happy that will bring out the best in both of you."
13380,scorpio,love,20210106,"Don't think that you can give that special someone just the smallest hint of attention whenever it suits you. The planetary alignment encourages you to realize that if you want the relationship to flourish in the way you envision, you cannot expect it to happen by magic. It is all a question of being honest and truthful about your own motives, first to yourself, and second to the other."
13391,scorpio,love,20210117,"If you have been toying with the idea of arranging a party for all the people you are associated with at work, this would be a great time to do so. The energy from the planets means that no matter how trying a time people have had lately, they are willing to put it behind them and have some fun. You too have a few surprises in store!"
13438,scorpio,love,20210305,"With the position of the planets today, love is a question of working out your priorities. This aspect encourages you to take a good look at your motives for wanting to be involved with a certain person. If you are attracted a purely physical level, there is no guarantee that it will last once you have exhausted the novelty of being with someone new. You would be better to have a more spiritual connection."
13442,scorpio,love,20210309,"Today's astral configuration may be just the perfect occasion to make a special wish come true. If you have been waiting for some sign that your love interest feels about you the same way that you feel about them, then this could be it. You may be about to discover that your hopes for a deep and fulfilling relationship are coming true."
13448,scorpio,love,20210315,"Today's planetary alignment means that you have a chance to do some exciting things with your partner (current or prospective), or perhaps to meet up with some very new and different people who will be able to make quite a difference in your life. Whatever you do, this is not a day to stay in and stick with your usual routine. Be creative and adventurous, and above all, have fun!"
13451,scorpio,love,20210318,"Life isn't always just as we would like it to be, and relationships can certainly seem to defy all our most ingrained hopes and expectations. Today's position of the planets may mark a significant chapter in the ongoing deepening of the bond between you. What transpires may mean that you have to alter your perspective radically, but sometimes this is necessary for dreams to come true."
13452,scorpio,love,20210319,"The celestial atmosphere means you have the chance to take stock of a recent relationship and see what lessons you can learn that will help you have more fulfilling partnerships in the future. Perhaps one of the most important insights is not to try and pigeonhole yourself or others. Allow the unique individual that you are to really shine out, and allow others to be themselves, as well."
13457,scorpio,love,20210324,"Friends may wonder just where you are at today. The day's planetary constellation makes you wonder as well. You seem to be intensely involved in trying to catch another's attention, melting under their gaze, and weakening at the knees when they speak. Friends wish you would snap out of this, as you are just not being yourself, and spend most of your time gazing into the distance."
13460,scorpio,love,20210327,"Others seem to outdo your capacity to impress today. You have every opportunity to make your mark where a certain person is concerned. However, they also have designs on you, and may be very determined. Startled is not the word, taken aback is getting close, but whatever you do, don't run away. This is too precious."
13468,scorpio,love,20210404,"The current aspect gives you and your partner (current or prospective) a chance to lighten up after going through what can only be described as a particularly heavy time. You need this break to see that the recent events have not done any real damage to your relationship as a couple, but have merely put you through your paces. Use this opportunity to go out somewhere special and have fun."
13475,scorpio,love,20210411,"Although it is natural for you to be drawn into the depths, you also appreciate days when there is a carefree and optimistic spirit around, as it reminds you not to take everything too seriously. The current astral configuration therefore encourages you and your partner (current or prospective) to totally relax in each other's company, and spend some time together just enjoying life, without needing to analyze each other's problems."
13483,scorpio,love,20210419,The movement of the planets heralds a day in which romance takes on a much more powerful note. You can no longer pretend that whispering sweet nothings into each other's ears and going for walks or in the park are enough. You realize there is a very strong connection between you that can no longer be ignored. You may as well gather your courage and say how you really feel.
13493,scorpio,love,20210429,"Today's position of the planets may mean that the day starts out a little complicated, but with some insistent questioning and a bit of smart detective work, you should have the problem sorted by lunch. At least you will have sorted out your love interest, whose attitude may have seemed to you to be the cause of the difficulty. Whether they agree with you is another issue altogether."
13497,scorpio,love,20210503,"Today you discover that you and another person share a vital and wonderful chemistry between you. The current astral configuration means that your relationship may now head into new and very different waters after perhaps months or years of being friends or acquaintances. You will find out that you can relate to each other's peculiar fantasies and strange quirks, and this makes you love each other even more."
13560,scorpio,career,20200704,"People are a bit jumpy around the office today, so proceed with caution. If someone rubs you the wrong way, try not to lash out at this person too harshly. Your tendency may be to do so, even without realizing it. Keep hurtful comments to yourself."
13564,scorpio,career,20200708,Take the initiative to start a new routine for yourself in the workplace today. Don't be afraid to bite off more than you think you can chew. You will handle every new task just beautifully. Don't doubt yourself. Have faith in your abilities.
13593,scorpio,career,20200806,"You have an important work-related secret that you are hesitant to disclose. This information is vital to the health and collective success of your workplace, but you fear the backlash that this information may create. Let the cat out of the bag."
13605,scorpio,career,20200818,"People will be singing your praises today, and rightly so. You are a wonderful asset to have in the workplace. Although you may not be the hardest worker, you are creative, artistic, and you are extremely good at communicating with others."
13614,scorpio,career,20200827,"Your physical energy is strong, giving you the ability to persevere through projects that are long and quite tiresome. Use your energy wisely instead of letting it go to waste. Concern yourself with your own work instead of other people's work."
13630,scorpio,career,20200912,"Be careful of someone who may be trying to manipulate your choices. You have the power to turn the situation around and use it to your benefit instead. When making decisions, remember that you are the final judge, not someone else."
13640,scorpio,career,20200922,"You will find that energy moves in a more positive direction, starting today. Feel free to purchase things with mechanical parts again - they won't break down on you as they have been doing the past three weeks."
13649,scorpio,career,20201001,You are afraid of speaking your mind because you know instinctively that other people are going to disagree with what you believe in. This is not a good reason to clam up. It is vital that you get your opinions out there regards of what others think.
13651,scorpio,career,20201003,Balance comes when you find a way to slow down the hamster that is running frantically around the wheel in your head. Look at the larger perspective. See things from a different angle. Don't let these petty issues from work spoil your day.
13661,scorpio,career,20201013,"If you are trying to scam or trick someone into getting what you want, it will not work today. Others will be able to see right through you. Don't bother putting on any sort of act. Being honest and real is what will earn you the respect you desire."
13663,scorpio,career,20201015,"Your good-natured, social personality will bring you great reward. Other people are your biggest allies, since they offer support and encouragement. Furthermore, with the advice of others you are able to achieve much more than you could on your own."
13666,scorpio,career,20201018,It may be hard for you to sit back and just have fun even though this is your day off. You are feeling a deep restlessness that is associated with your need to start something new. Don't suppress this feeling. You are on to something big.
13687,scorpio,career,20201108,Let your mind go. Don't get stuck in a rut. You are in a position right now to expand your position a great deal as long as you use your imagination and think outside the box. Use your mind creatively today whether you are at work or not.
13688,scorpio,career,20201109,"Make sure you go into work with a smile on. If you are feeling down, other people's smiles will only make you more angered and frustrated. Just because you woke up on the wrong side of the bed, this doesn't mean that you have to stay there."
13701,scorpio,career,20201122,Redefine your sense of happiness. Perhaps you are not happy with regard to your career. Figure out what would make you happy and work toward this goal. An aggressive nature is alive within you. Channel this energy toward positive change.
13717,scorpio,career,20201208,"You will spend most of your day putting out fires all around you instead of concentrating on your own work. Everyone seems to be squabbling, and as the peacemaker, it is natural for you to play the part of the diplomat. Proudly embrace this role."
13746,scorpio,career,20210106,Aggression with other people in the workplace may become destructive today if you aren't careful. Remember that you are working as a team. There is no need to compete with your teammates. The idea is to work together. Aim for cooperation.
13757,scorpio,career,20210117,You are in a good position today to take advantage of a situation that is floundering. People need direction and you can give it to them. Your natural take-charge personality is exactly what is needed - so don't be afraid to stand up and take the lead.
13804,scorpio,career,20210305,You are wishing and waiting for someone to contact you. You wait desperately by the phone or the computer waiting for the news you want to hear. Don't waste your day in this manner. Either contact this person yourself or let it go.
13808,scorpio,career,20210309,"Someone is coming down hard on you today. His or her words are much harsher than they need to be. Most likely, this person is just trying to manipulate you in some way. Do not become a victim of the situation. Be sure to stand your ground."
13814,scorpio,career,20210315,"Someone will pick a verbal fight with you. Be careful with what you say. This person will take careful mental notes of every word you utter, and these words may come back to haunt you later on. Be prepared to stand behind every word you say."
13817,scorpio,career,20210318,"Many times, it is extremely important for you to have the last word. During the next three weeks, you will find yourself in opposition with those who have completely different creative ideas than you do. Let others have the last word for a change."
13818,scorpio,career,20210319,"You often work from an internal pressure that says you need to do everything faster, better, and more efficient than everyone else. Give yourself a break and realize that there is no need to create this much stress for yourself at all times."
13823,scorpio,career,20210324,"Your general mood improves a great deal today, and this will make it much easier for you to deal with the immature attitude of the people around you. Naturally, you will be more patient, thereby opening the door to better relations all around."
13826,scorpio,career,20210327,"Don't let your mind become overwhelmed with work related issues. It is not healthy for your work to have such a strong hold on everything you do - especially when you are away from the workplace. When you leave work, leave its burdens there."
13834,scorpio,career,20210404,"Nothing can stop you. You are a steamroller plowing through your day with great force and conviction. Whatever you need is at your fingertips, whether you realize it or not. Suddenly, everything you have been working on is falling neatly into place."
13841,scorpio,career,20210411,Your detective powers will come in handy as you sort through the rhetoric that is coming at you from all angles. Take control of a situation that is floundering because of lack of direction. The energy is there. It just needs to be focused.
13849,scorpio,career,20210419,"You feel like you are on the home stretch with something big. Momentum on this project picks up and you will feel a constant, yet subtle, upward moving trend for the next couple of months. You have the energy you need to tackle anything."
13859,scorpio,career,20210429,Don't try to pretend that you are someone you are not or that you know something that you don't. You may be tempted to get yourself into a conversation that you simply know nothing about. Admit that this is the case instead of pretending.
13863,scorpio,career,20210503,"A feeling of adventurousness might cause you to want to get in the car today and take off. Responsibilities toward work might keep you from doing it. If you can maintain your focus now to complete what is at hand quickly, there's nothing to stop you from making plans for a nice weekend later."
13926,scorpio,wellness,20200704,"Today's transit encourages you to shower those you love with affection. This is something you may do inwardly all the time, but actually people need physical and verbal appreciation more than you sometimes realize. Use this energy to give yourself the best of everything, too. Have a breakfast with fresh fruit and whole grains, keep the fresh fruits and vegetables coming all day, and have a little protein with one meal. Oh, and, water, water, water! Your energy will glow with this kind of treatment."
13930,scorpio,wellness,20200708,"One of the best ways to improve your health is to give yourself more time. No, I am not talking about turning back the clock! Give yourself the time between activities to re-group and understand what you want and need to do next. When we rush from place to place, we lose our sense of purpose and regret the time we waste. Even the choice of what you eat will be affected by giving yourself enough time to notice what you really want."
13959,scorpio,wellness,20200806,"You may find yourself growing more involved in a physical relationship with someone you care about, and today's aspect will greatly enhance your ability to approach matters of sensuality with openness. This regards how you approach yourself most importantly. Your body is a vehicle for self-expression, and you must love your body in order to make love with it! This means caring for it with regular exercise, a healthy diet and a conscientious approach to intimate relationships!"
13971,scorpio,wellness,20200818,"Today's aspect is one of the most beneficial transits, emotionally speaking. Often you feel torn between lofty pursuits and everyday living. Lofty pursuits are easier, in a way; difficulties arise with everyday living, where other people's sensitivities clash with your own. The energy of the day helps you to verbalize and communicate in new ways that help your personal relationships. To increase the positive impact of this transit, take care to eat citrus fruits rich in Vitamin C."
13980,scorpio,wellness,20200827,"You feel empowered by today's aspect. There are strong emotions fueling your ascent to the top, and that's how you like it! Your usual intensity is lightened by this playful transit, and that helps you in communication with others. Get to the heart of the matter with friends and find a laugh there! Give in to your feelings of vulnerability and appreciate what it means to have friends! Exercise will help you spread this energy out through your body."
13996,scorpio,wellness,20200912,"Once you have formed an opinion, you usually stick to it. Your goal in life is to develop true self-confidence that comes from within. Your independence of thought enables you to find the right path leading to a good balance, but you tend to easily lose it in a moment of eccentricity. The best practice to combat this is regular yoga: the gentle firming up of your muscles accompanied by the gentle release of negative energy."
14006,scorpio,wellness,20200922,"Today could bring attention to the throat area, which can be especially sensitive under the current transit. There are several homeopathic treatments which aid an infected throat: astragalus, echinacea, gargling salt mixed into warm water, and putting fresh lemon on your food. A hurt throat sends a message to your body not to speak. This leads to internalization of emotions and can cause mental distress. Try to purify your lymphatic system with respect to this condition."
14015,scorpio,wellness,20201001,"Your intuition functions proportionally to how well you are sleeping at night. To help strengthen your metaphysical talents, try creating a bedtime ritual that you follow religiously for two weeks. Whatever strikes you as appropriate: music, a hot bath, rhythmic dancing, stretching, singing lullabies to yourself, anything. Try to make your sleep ritual the apex of every 24-hour period. When you awake, write your dreams in a journal. Keeping track will help you notice your progress."
14017,scorpio,wellness,20201003,"Do you ever experience cold hands and feet? This is a sign of weak circulation and can be aided by activities such as fast walking, running and swimming. Look at your exercise schedule and pay attention to what really gets your blood moving. If you can afford a massage every few weeks, it's a good time of year to make this a monthly practice if possible. When all else fails, stand on your head! Not only your blood circulation, but also your immune system will benefit from this special attention."
14027,scorpio,wellness,20201013,"You like to be part of a healthy relationships, whether with one person or with a whole group of people. For this reason, it can give you a lot of satisfaction to be part of a volunteer organization. You get to pick the cause of your choice and the people you meet are bound to be good people, like you, potentially with common interests. If you want to get in shape while you serve, look into ""walks"" or ""runs"" that raise money for worthy causes."
14029,scorpio,wellness,20201015,"A feeling of peace or contentedness is available to you now and though you might not know the source, it feels ""a long time coming."" Typically, it's possible for you to go about finding the source of this feeling in what others might call a ""backwards"" approach. Begin a discipline now of healthy practices. A diet of light foods and plenty of water along with physical activities might reveal to you the source of this peaceful feeling."
14032,scorpio,wellness,20201018,The most effective measure of a healthy diet is how well you sleep. The quality of rest you enjoy has to do with how finely tuned your body is. What you eat affects your ability to exercise and relax. Take the time to notice how your body digests what you eat. Red meat is difficult to digest - leafy greens are easy to digest. Get familiar with the spectrum and start treating your body the way you would a finely tuned instrument.
14053,scorpio,wellness,20201108,"The planetary alignment today makes you feel ever ready to take on the next phase of your personal development. Spiritually, emotionally, physically - whatever development you are focused on right now, today's aspect will help you take the lead. Yoga is a practice that combines all of those areas into one and when practiced on a daily basis, yoga can help you make the most of this transit. You have about ten days left, so don't miss out! Prepare yourself with water intake before you practice."
14054,scorpio,wellness,20201109,"With the present astral configuration, you may already sense that something is afoot! Focus on staying in optimal health. Try to eat at home more than you eat takeout. It's a better way to stay healthy – with food from restaurants you are probably eating more sauces and things (bread) that you wouldn't eat when preparing meals at home. And, when you prepare your own food you are more aware of how your digestive system reacts to the substances you eat."
14067,scorpio,wellness,20201122,"The planetary alignment today gives you a magical quality. It is subtle, so don't expect to be competing with Harry Potter, but you can internally feel a special energy if you meditate on this for a moment. There is magic in having a body - it allows us to feel the most incredible things. Take note of these feelings and consider what you can do for your body that will enhance these thrilling feelings."
14083,scorpio,wellness,20201208,"Today's astral energy leaves you feeling alive and open to new things. The best complement to these emotional energies is a diet that's easy to process and stretching your body. Light foods such as soups, salads and fish can be very satisfying for the entire body. Remember to eat slowly to allow for the maximum benefit of a meal. Exercise in the morning is recommended. Drink plenty of water, preferably at room temperature."
14112,scorpio,wellness,20210106,"There is a lot of unconscious material being stimulated right now, and you typically are not fond of this sort of thing. The manner in which you handle the unconscious is up to you. Pick an area in your life - such as diet, for example, and decide to aggressively improve it. Through the introduction of new nutritious substances (tofu, root vegetables, spices) and learning how to prepare them, your hidden feeling will be encouraged to risk making themselves known to you."
14123,scorpio,wellness,20210117,"Today's planetary movement gives you more conviction than you know how to deal with. Get used to bold feelings and confusion. People might tell you that you're self-centered when you're feeling kind. You might not know exactly how to love yourself. Give yourself some space by letting the little things count. Wash your toes when you take a shower. Get a haircut, if possible. Don't bite your nails. Exercise when you feel stressed or anxious. Focus on yourself in a positive way."
14170,scorpio,wellness,20210305,"You can feel like the world's most sensual person at times, and the planets support this kind of feeling. Let your emotions guide you in creating a wholly nurturing environment around yourself. Give yourself the right foods to feel your best and respect your body's need for physical exercise and adequate rest. If you tend to look after other people's needs, use today to identify the things that you so often go without. Then fulfill your own needs first."
14174,scorpio,wellness,20210309,"The words you use today could have great impact. Be honest and clear within yourself before you try to communicate. Clear your mind by meditation or yoga, running, or spending some time organizing a messy desk. If you feel someone does not understand you, be the first to apologize for any miscommunication. You may feel that someone appears to misunderstand you on purpose! Keep your cool and just restate your feelings. Try to navigate yourself so you avoid conflict today."
14180,scorpio,wellness,20210315,"When creating your healthy lifestyle, it's important to set specific goals within a specific timeframe. Be careful, however, not to over-estimate your goals or to expect immediate results. Focus instead on taking some action each day, no matter how small. Once you've got this going, you will be able to shift the focus to what else is important to you. You may need more in your life to balance your personal health goals. Is there a volunteer organization that appeals to you?"
14183,scorpio,wellness,20210318,"If you can connect with the subtle process of growth, you will be able to get a lot out of each season. Begin letting go of old, unnecessary behavior patterns and feel the gentle shifting inward, which is where you will find the next step. Letting go is not an easy task, so it is important to keep your mind open to the new. You are only giving up in order to get something else, something hopefully healthier and happier for you!"
14184,scorpio,wellness,20210319,"If you are staying grounded and have been making headway in the choice of food you eat and your daily exercise practice, today may come and go with no great strain. If, on the other hand, you have been ignoring your body's more subtle messages, you may receive a wakeup call. Attention is required in order to live the healthiest way possible. Address your body's wishes as much as you possibly can. If you don't hear your body's messages, you need to take the time to tune in."
14189,scorpio,wellness,20210324,Whatever you gave yourself yesterday in terms of food and exercise may not be appropriate for today. Try to vary your behavior and still be conscious of the needs of the body. Consider forms of exercise that you have never participated in: consider why this is - are there body issues that keep you from possibly enjoying certain forms of exercise? Today's aspect assists you in probing these depths. Try tapping into memories of early childhood experiences on the playground.
14192,scorpio,wellness,20210327,"Today's planetary alignment impels you to create structure and balance. You work out, you run, you eat right, you invest in holistic products, but what good is it all if you can't have a cuddle on the couch with the living entity of your choice? After all, this is what makes us feel whole and well. Whether its love or friendship you have in your life at the moment, people or adored pets, don't forget your need for tenderness and intimacy."
14200,scorpio,wellness,20210404,"The world has changed since last year, and no one of us is immune to changes occurring in our personal lives. ""Giving"" has taken on new meaning: we must give of our minds, not our pocketbooks. We must open up to a new way of living with others. Take this period of change seriously, and you will not be left behind. Yoga is a wonderful practice for giving power to the mind to show the body a new way of being."
14207,scorpio,wellness,20210411,"Try to give to yourself before you give to others. Meaning, focus on your wellness before you try to benefit from giving a sense of ""well-being"" to others. It isn't easy but is an important ability to cultivate. On any given day ask yourself what you've done for yourself: a nice refreshing run in the fresh air, particularly healthy meals and lots of water, a decision to have an early night for a good rest. These are the things that truly matter."
14215,scorpio,wellness,20210419,"Wanting something has usually led you to getting it, don't you find? You have a tenacious grasp on the earthly realm, and when it comes to goal setting you are among the most impressive. When it comes to your body, your approach may need to be a little more flexible. Although you tend to strive for perfection, remember that the human condition is very fluctuating, and you need to make room for the days you just won't be able to live up to your stringent expectations. Take it easy on yourself."
14225,scorpio,wellness,20210429,"You'll feel like indulging a bit today and that's OK as long as you also do something to counteract your indulgence of choice. If it's ice cream, for example, understand that lactose is difficult to break down and it also causes mucous build-up, so drink an extra lot of water to counteract these effects. If it's taking a break from exercise, make today the day that you get to bed early so you are refreshed for tomorrow."
14229,scorpio,wellness,20210503,"Watching the world go by will not suffice for you these days. You want more action, more involvement in things, more people to communicate with: more, more, more! This is an effect of today's aspect that will last for a couple of days. Take this energy burst with a grain of salt because you may not feel like following through on everything you start during this phase. You would be wise to stick with your regular exercise regimen."
14292,scorpio,birthday,20200704,"You have a secret source of great love and support this year, possibly from friends and relatives. Be grateful and don't press for explanations. It may be a year of random acts of kindness, so perform your share. Be energetic in October, smoothing ruffled feathers and restoring peace and pleasantness at home. Be more low-key in November, but still fully enjoying life. A change-up in daily routine could have long-lasting effects. Enlightenment is possible in February. If sparks fly at work in April, you can cope with it. Spend the last month lavishing and receiving love and encouragement. It's a passionate, powerful year!"
14296,scorpio,birthday,20200708,"Your daily life doesn't need to have anything lackluster about it this year. You've got the magic touch, especially at home in the first month, and know how to set people at ease. After a nice, quiet stretch, family and friends may want to spend more time with you in October. Enjoy the attention and tactfully share any extra expenses. People want to treat you well and stay in your good graces. Reserve judgment in December if a close friend or lover disappoints you. You can learn why before the year ends. Let tender feelings express themselves, and treasure those hugs and kisses!"
14325,scorpio,birthday,20200806,"Your tastes and desires may differ from what the world offers, but don't swerve from what you love. In October friends or family may suggest things you don't like to do, but be gracious and play along if you think the company is good. Follow your own drumbeat in December, be calm and pleasant through the holidays, and be glad you did. If misgivings arise in April or May, that's fine. Respect your right to reevaluate earlier opinions and actions. Learn, improve, and advance. Love yourself, and give others the chance to love you, especially in the last month. It's a stimulating, sexy year!"
14337,scorpio,birthday,20200818,"Be part of a bigger extended family and take a bigger social role with friends and community. Bake more brownies (to share, of course) or simply smile and comfort the shy and quiet around you. Focus on the details of daily life despite desires for great or flamboyant things. In November friends may expect you to take the lead in everything. Be bold and creative in January. A flash of love in February promises great things, but may fizzle. Enjoy and don't be disappointed. A reward for a forgotten favor may appear in April. Be popular, sought after, and downright loved all year!"
14346,scorpio,birthday,20200827,"Things can click and fall into place for you in the material world this year. Generosity, good timing, and just being smart will all contribute to your financial progress. Details are easier to manage, so watch that budget, pay the bills on time, and enjoy being with your favorite people, especially in the fall. Big pleasures can come to you at zero or very little cost in January. A romantic fantasy may find you in February. Enjoy, but don't flounder in it. Do some favors in April and be rewarded. The last month is full of gifts and glamorous times! Have a proactive, prosperous year!"
14362,scorpio,birthday,20200912,"Be articulate and charming this year, and perhaps speak for those who can't speak for themselves. You know what matters. Work and finances look stable enough to permit more public involvement - and enjoyment, too. Cultivate diplomacy and find energetic companions in the first month. In November interact with sympathetic friends, but don't be overly ambitious. A home affair may need attention in January. People will offer help should you request it. Respect your health and energy level in February. Be highly visible in June. People will remember and seek you out again in July and August. Better than fame - bask in good luck, good deeds, and love!"
14372,scorpio,birthday,20200922,"Step into your own light this year! A karmic peek into your own mind is possible in October. Get finances and expenses under firmer control in November. Fun and adventures near to home are on your cosmic agenda in December. Friends will encourage this. Love and be loved in a bolder and more vocal way in March. Disagreements shouldn't be necessary. Even you should notice a more self-confident, outgoing mood by July and August. Connect better with more people in the last two months, and leave room in your heart for that most intimate and special one!"
14381,scorpio,birthday,20201001,"It's a great year to bring home life and social life into better accord and surround yourself with happy family and friends. Your playful, clever nature encourages people to listen to what you have to say. Older people and relatives may be drawn to you - and be generous - in November. Be busy and renew contacts in December. January may draw you deep into a home concern that will greatly enhance your overall environment. Don't stress over any changes. Love suddenly enters the scene in April. Enjoy some rare peace and quiet until August reignites life with big fun and affection!"
14383,scorpio,birthday,20201003,"Your inner child is near the surface this year and will lead you to many joyous and creative times! You're smart and naturally cautious, so there should be very little risk involved. You may be especially cautious regarding money in the autumn, but this will relax and leave you with more than enough resources for everything you need and want. You may crave new romantic excitement in the spring. Work and rest well so you can be ready for a boost in your social life in August. The last few weeks of the year may be the loveliest and most affectionate of all!"
14393,scorpio,birthday,20201013,"Feel at home anywhere in the world this year, and get attached to a few new favorite places, people, and things. Your great natural charm will make you popular no matter where you are. Your clear, thoughtful nature makes you easy to get along with. Being practical, energetic, and enthusiastic in the first three months will propel you through a successful, happy rest of the year. A brief escape into fantasy lightens up February. Play it safe in April. A trip is possible in July. Work is pleasant and plentiful in August. The last month is full of harmony, happiness, and love!"
14395,scorpio,birthday,20201015,"You'll be on a lot of people's radar this year, and having such a public presence will bring you much good luck. Your mental and social skills are at their peak and work together flawlessly, starting in the first month. Pace yourself and don't overexert, especially in November and April. Money and possessions may motivate you in December, making it sometimes hard to slow down. Find artistic or spiritual release in February. You glow in the work world in August. An increase in money, reputation, and recognition are all possible. Be modest and know you're worthy. Enjoy a glorious, glamorous year!"
14398,scorpio,birthday,20201018,"Think big, talk with lots of people, and go out and be seen! It's no time to hide out with a small circle of friends and associates. Think instinctively before you act in the first month, and balance charm and mature sophistication. A monetary windfall (maybe some borrowed money returned to you?) or valuable gift may find you in December. Say thank you. Dream big in February. Avoid needless risks in April, and play it safe and happy. Be more prominent at work in August, and don't shirk from being more in charge. Get social and popular in September. It's a fun, fabulous year!"
14419,scorpio,birthday,20201108,"Taking care of business ranks high for you this year, and a lot of that business may not even be yours. Be patient, listen, and take time to reply, especially with loved ones in the first two months. Keep to that budget and stay secure in January. Make your home more loving and lovely in February. In April surprise someone with an old favorite trick they've never seen you do. June and July may be busy with other people's concerns. Do what you can and have no regrets. Win hearts in August and win minds in October. It's a splendid, loving year!"
14420,scorpio,birthday,20201109,"Enjoy a lot of mutual concern and give and take among friends and family this year. No one will feel stranded or forgotten when times are easy or rough. Be the tactful voice of reason for your family in the first few months. Put more energy into increasing income in January, and see quick results. Mind the budget, though. Decompress with some mildly crazy fun in April and May. People may need one another in July - be there and be cherished. Be sublimely lucky and popular in August. As the year ends, be greatly respected, loved, and admired!"
14433,scorpio,birthday,20201122,"Your generous spirit drives you forward to happiness and success! Keep yourself in the equation of life, help others, and greatly help yourself. Material well-being is the focus of January, and you have energy and luck to profit from all your work. Friends offer relief, comfort, and fun in February. In March and April fill your home with a fresh feeling that's pure you. August can get exhausting and expensive, so respect some limits, as hard as that may be. The last month may have some frustrations, but don't get impatient or question any decisions you've made this year. Live and love to the fullest!"
14449,scorpio,birthday,20201208,"You don't have to solve everyone's problems this year, but you certainly have the strength and know-how to do so. Be sweet and firm as the year begins. See a radically different side of yourself in January. This can benefit you in your finances and in the work world in February and October. A change at home or with family could be big but no surprise in April or May. People may keep you busy with their problems in July and August. Listening can be helpful, too. Honesty and heart-warming clarity in an established love affair are yours in the final months!"
14478,scorpio,birthday,20210106,"Be energized and serious about all you do this year! That includes having fun. You might be the center of excitement in April, or you may spring a huge surprise on everyone. Be humble in public and thrilled in private. Save some passion for your own well-being in August and have a great fun-filled summer. Other people take up your time in October, but it will be good for you later, too. Feel serious and work hard in December. In January a big change at work could happen around you. Stay settled. Friends and that special love are never far away!"
14489,scorpio,birthday,20210117,"Many exciting times are on your horizon this year! Be sensible, pace yourself, and have the energy to do as much as you like. Surprise people all year, especially in March and April. Force yourself to take a moment and focus your attention on what you want to achieve. Be ambitious. A touch of charm will make your great energy more acceptable, and even admirable, to many people. August may get wild and hyper, so stay practical, especially about money. Be wise, influential, and modest in late November. In the last few months be surrounded by loyal friends, brilliant ideas, and great love!"
14536,scorpio,birthday,20210305,"It's a busy year full of big plans and big energy! Get your schedule organized in the first month and work hard. Save a little more, if you can, and see a sweet personal reward before July. August could be busy with summer excitement, but it doesn't have to be expensive. The end of December could be hectic, but stay focused and do your best for yourself and others. You might have an urge to get away from it all in January. Friends - and a special new love - will give you all the affection and rest you need at year's end!"
14540,scorpio,birthday,20210309,"You can make your career glow with success this year or you can make a shift to something new! You are most practical and solid in the first month. You can get inside people's heads, too. Keep the cash flow balanced and maybe acquire a small desired item in June. Enjoy some pleasant but inexpensive summer fun with family in August. Romance gets nostalgic in November. Prepare for a possible big change at work in January. February is big, so look and do your best. Relax with friends afterward and let some surprises make you smile. Love isn't far behind!"
14546,scorpio,birthday,20210315,A secret desire for something special could motivate you this year. Or it might be time for you to make private plans for a nicer lifestyle. Be ambitious and busy in the first few months and perhaps create a financial opportunity. Enjoy more luxury time with friends and family in July and August. Try not to spend away whatever you gain. Be sensible in love in November and feel appreciated. A startling new idea or project could distract you in January. Friends may inspire you in February. The last two months are bubbling with fun and affection. Make great advances this year!
14549,scorpio,birthday,20210318,"This year you may get more interested in money and the nice things it makes possible. Cleverness and get-rich-quick schemes won't deceive you. You may discover some sound, practical ideas in the first couple months. Hard work matters, too, and you may deserve a small private treat by July. Share good times with family and friends in August. You might want to host a party or summer event. A quiet romance could find you in November. Stay low-key and let things take care of themselves. Friends and the social scene come to life in the remaining months, including much love!"
14550,scorpio,birthday,20210319,"Charm and elegance are yours this year. You're smart. You know that life is more than money and material comforts, but you don't discount their importance. Be highly motivated all year and achieve a lot early on with what feels like little effort. Work diligently and maybe celebrate in August, perhaps on vacation. A friendship could become a serious romance in November. Deal promptly with any perceived crisis in January and see quick, easy resolutions. Amuse yourself with dreams of luxury in February. Friends and lovers are there for you, sometimes surprising you in the last two months!"
14555,scorpio,birthday,20210324,"Find countless pleasures in daily life and have a great time all year! You're full of energy, so nothing and no one can rain on your parade. Be smart and sensible in the first few months and calmly work hard to further yourself. See better income and steady progress before July. Be lucky and feel rich at home in August. In September be more young at heart and enjoy things more. Be healthy in November and poised to handle any problem in January. Dispel a cherished dream at work in February and move forward. Surprising love and friendship round out a great year!"
14558,scorpio,birthday,20210327,"The pleasure of good partners and teammates will make this a happy, powerful year! Early on think carefully about where you are and where you're headed, then work hard and be ambitious. The home budget may grow in July as you see progress. Be very lucky in August and attract more luck for your home environment. Don't remodel yet, though. September and October are times to luxuriate in doing what you love with people you love. In February you may recognize that a previous opinion came from a false impression. It's easy to fix things. April is yours for fun and fantastic love!"
14566,scorpio,birthday,20210404,"You always have the big picture in view and know what to do when! You may not pay much attention to others, but you inspire them. Be most energetic in the first month. Friends keep you hopping and happy in July. Surprise yourself in a big way in August. Do good things with it. Catch up with some older friends in November. Learn and try new things with new people in new places in late January. Be realistic and responsible but open to the future. Friends and love return in a big way in the last few months. What a charmed and charming year!"
14573,scorpio,birthday,20210411,"You know what you want and how to get it this year! You may not get everything instantly, but you know how to make it happen. Cleverness and energy are gifts that serve you well, particularly in the first few months. Be quietly productive and responsible. A friend may have some good ideas for you in July. Some unexpected good luck may find you while you're busy having fun with family in August. Reevaluate your position in November, and don't be too self-critical. You're doing well. In April and May relax with friends and perhaps a loving admirer who finally speaks up!"
14581,scorpio,birthday,20210419,"Your best luck and greatest treasures will come from people and places close to home this year. People work smoothly with you, and your enthusiasm and energy will find lots of constructive projects in the first two months. Be respectful of your money and have more than enough. August is pleasant and September absolutely joyous with social and family events. No need to run wild or be extravagant. Everyone is feeling generous and loving. Respect any health concerns in November and let go of any regrets. In February aspire to something more for the future at work. It's an ambitious, affectionate year!"
14591,scorpio,birthday,20210429,"Be your own best friend and be healthy and happy all year long! Friends and family will encourage you to take better care of yourself and make it easier. See benefits in August when your energy increases and smart decisions can bring more income. Have fun all summer, and be generous without spending more than needed. Feel more creative in November, but let those bright ideas simmer. Take good care of yourself in late December, and don't overdo the holiday eating and partying. Love could surprise you in January. Pleasant surprises at work in April may pay off big for months to come!"
14595,scorpio,birthday,20210503,"Have big plans, big ideas, and big dreams! There's all the energy you need. Be realistic in your approach and see what you can make happen. August is loving and luxurious without any need to overspend. The whole summer is made for fun. Enjoy quiet time in November and politely ignore any meaningless criticism. A big love (not necessarily a person) could come or go in January, or perhaps it's simply a shift in the romance lineup. Working for a good cause touches your heart in February. Be daring but not reckless at work in April and gain respect and rewards. Have a magnificent year!"
14658,sagittarius,general,20200704,"You could feel like you're being double-crossed by a loved one today, Sagittarius. It could be that your own words are being used against you in a way that makes you look like the bad guy. When it comes time to make a rebuttal on your behalf, make sure you let the other person know that you're confronting their behavior and not attacking them as a person."
14662,sagittarius,general,20200708,"Put aside frivolity for a day, Sagittarius. This is an important time to prepare for the future. Don't take another step forward before you know you're on solid ground. This is a good time to secure your goals on a piece of paper. Writing them down in ink will help you manifest them in your life. Think about the long-term harvest. Security and grounding are key themes of the day."
14691,sagittarius,general,20200806,"Tempers may get hot today when someone says something that pierces you to your core. Address this problem right away, Sagittarius, instead of letting it fester through the rest of the day. The solution requires sensitivity and caring. Let the offender know that he or she has hurt you significantly, if that is indeed the case. There's no need for you to try to hide your feelings."
14703,sagittarius,general,20200818,"You'll probably be busy today, Sagittarius, and this may suit you just fine. This can really work in favor if you have some tasks to catch up on. Being energetic, active, and productive is natural for you. In fact, when you have to sit too long you probably feel restless or anxious. You may fidget, too. If you find yourself doing this, go find something active to do."
14712,sagittarius,general,20200827,"Today you feel in control and on top of the world. You can do anything, Sagittarius. This would be an auspicious time to begin a new project or creative endeavor. You can't help but succeed but take care not to get in your own way. Sometimes you can be your own worst enemy. Believe in yourself and move confidently in the direction of your dreams in order to make them come true."
14728,sagittarius,general,20200912,"Demands placed on you by work colleagues could have you stressed, Sagittarius. You might feel that your co-workers are taking unfair advantage of you. This could start you thinking of perhaps going into business for yourself or with a partner. This could well be a great idea, but today isn't the day to make a decision this monumental. Wait a few days and give it some serious thought."
14738,sagittarius,general,20200922,"With the current celestial energy, you might be going on a trip, Sagittarius. It may be for business, pleasure, or both. It's likely that this trip will achieve certain goals. Perhaps you're aiming for a promotion. Chances are you'll be successful in your ambitions. Or you may be ready to set out on your own and start a new business. It's an excellent time for this, too."
14747,sagittarius,general,20201001,"A strong attraction to someone could take you by surprise today, Sagittarius. This person could be involved in the arts in some way, perhaps film, television, or recording. You might spend considerable time, perhaps virtually, together for the purpose of working on a project, but the energy between you should be strong and apparent to both of you. If you're interested in a new relationship, make sure you look your best!"
14749,sagittarius,general,20201003,"Your reluctance to speak could get you in trouble today, Sagittarius. You may hesitate to share what you know for fear of what others might think. You should realize that you're using this as an excuse to hide what's really just selfishness. Share your knowledge with others and you will be amazed at the knowledge that comes back to you in return. Keep in mind that you may need to wait for it."
14759,sagittarius,general,20201013,"You tend to be practical and businesslike by nature, Sagittarius, but the tremendous growth you've experienced may increase your desire to be as sensible and efficient as possible in order to continue this trend. You're feeling upbeat and positive. You're likely to continue to feel this way. The only downside is that you're probably going to be working very hard. You will like the results, though, so go for it."
14761,sagittarius,general,20201015,"Today you may have some important phone calls to make, Sagittarius, and want to get them out of the way before doing anything else. You will definitely get your message across because your communicative abilities are very strong. Words combine with feelings to create understanding between you and just about anyone, whether you're talking on the phone or writing."
14764,sagittarius,general,20201018,"You may end up being the peaceful savior that calms everyone down today, Sagittarius. Use your artistic nature and love of beauty and harmony to inspire others to put away their differences and concentrate on the positive aspects. Generous acceptance of others is the only way to go, especially today, when people are riled up and ready to fight. Do your best to promote peace."
14785,sagittarius,general,20201108,"There's some likelihood that a recent meeting with an influential person has put a damper on your hopes for your projects. Will you abandon them and live with regret? Or will you choose to maintain your goals despite advice to the contrary and the risk of encountering disapproval from your supervisors? This is the type of question you will have to resolve today, Sagittarius."
14786,sagittarius,general,20201109,"Are you hankering for a little fun and longing for a little experimentation and perhaps even childish play? Tempting as these prospects are, you will have to ignore them. Sagittarius, you simply don't have the time, at least not today. You will be too busy coping with numerous little emergencies that crop up and having to justify your decisions throughout the day."
14799,sagittarius,general,20201122,"If you feel as though you aren't making sufficient progress toward your goals, use this day to correct your aim. Are you disappointed with your love life? You may have devoted a great deal of energy to it lately without seeing much payoff. Wait a few more days before you make any drastic decisions about the future, Sagittarius."
14815,sagittarius,general,20201208,"Something underhanded is going on, Sagittarius. Unethical people could be trying to manipulate certain situations in order to turn them to their own benefit. Be careful! Steer clear of any ""political"" conversations, and refrain from commenting on any situation or listening to gossip. On the positive side, your intuition is sharp, so you should be able to sense the trustworthy."
14844,sagittarius,general,20210106,"The mutual exploration of spiritual and intellectual ideas could bring you closer to friends and lovers. Fascinating discussions open new horizons to all participants. You may be overcome by the strong feeling of unity. By day's end, you could experience a strong spiritual longing to study whatever the topic of conversation was. Don't hesitate. It can only help you grow."
14855,sagittarius,general,20210117,"Pursuing intellectual interests may be on hold today because of career matters. Your ambitions, whatever they are, could get a shot in the arm through some new information, possibly from far away. This could be uncovered in a newspaper, book, conversation with a friend, or online. Whichever it is, Sagittarius, it's likely to work for you, so make use of it."
14902,sagittarius,general,20210305,"If you own your home, the value of your equity may have gone up in the recent past, Sagittarius. Income through land or property is strongly indicated. This is likely to change your life in a subtle but positive way. This is a great time to buy or sell a home. If you're in the process of doing it now, this is the perfect time to get some of the paperwork prepared."
14906,sagittarius,general,20210309,"The different parts of your personality should work harmoniously today, Sagittarius. It's important that there be an equal amount of give and take in your world. If for some reason there's an imbalance in a certain area of your life, address the issue right away. It's important that you maintain equilibrium within yourself and with the people around you."
14912,sagittarius,general,20210315,"You're looking better than ever, Sagittarius. Don't think your mate hasn't noticed! Even though communication may have been a bit strained lately, all that is forgotten as you delight in each other's company. You may feel adventurous, so why not plan something a bit different for the day? Take a canoe trip down a local river or go see the new comedian in town. You will have a great time!"
14915,sagittarius,general,20210318,"Your partner may return from a journey today, Sagittarius, and a deep conversation could follow. Your friend will share stories of the trip, which could lead to talk about the relationship's future. Nothing is apt to be decided. The discussion is more likely to focus on generalities than specifics. You will gain a stronger understanding of your partner and how things could shape up."
14916,sagittarius,general,20210319,"All sorts of wonderful changes are in the air at home and at work, Sagittarius. On the personal front, someone new is likely to enter your life and change it for the better. At work, perhaps a proposal you submitted has been accepted or you landed a deal you've been working on for some time. Enjoy this auspicious celestial energy!"
14921,sagittarius,general,20210324,"Stop dwelling on old projects and routines based on situations that have long since expired, Sagittarius. Note the changes that have occurred around you and adjust your plans. This is a good time to honestly examine your situation. Being aggressive in your approach toward improvement and change means letting go of what no longer serves you. Move forward with courage instead of hesitation."
14924,sagittarius,general,20210327,"Go to an art museum, Sagittarius. Your mind and heart are working in conjunction with each other, and you're apt to be especially receptive to elements of our world that fuse these two together. Make an evening out of the event, and be sure to take a good friend or romantic partner. Have a good meal, and don't forget dessert. Appreciate the world for all its natural wonder."
14932,sagittarius,general,20210404,"You may feel blocked on all sides today, Sagittarius, with no escape hatch. There's a strong set of forces acting in such a way as to make you feel responsible for some mess that has occurred in your life. Remember that when it comes to partnerships, it takes two to make or break a situation. Don't blame everything on yourself."
14939,sagittarius,general,20210411,"Today, Sagittarius, you might feel caught between the determination to reach a certain goal, probably financial, and a desire to stay home and work on your own projects, take care of your family, or both. You're clever and resourceful enough to have it both ways. Friends who know the ins and outs might be able to help you along these lines. Think carefully! You may be surprised by what you learn."
14947,sagittarius,general,20210419,"Are you going out tonight with friends who mean a lot to you, Sagittarius? You might be tempted to eat and drink too much and spend too much money. Usually you have a pretty strong stomach, but this isn't the day to overindulge in partying. Go out for a little while, but then invite your friends to your house for coffee. That way you will feel good about the evening when you wake up tomorrow!"
14957,sagittarius,general,20210429,"An unexpected expense, perhaps requiring repairs to the house or car, might take a chunk out of your bank account, Sagittarius. This may be disheartening. You've worked hard for your money and now you might have to put some of your plans on hold. Still, you need to be philosophical about it. Take care of it and move on. You built up your bank account once and you can do it again."
14961,sagittarius,general,20210503,"There's a romantic, dreamy feeling to today that you should indulge in, Sagittarius. If you have a special someone in your life, this is the perfect day to share these feelings! Try to plan a candlelit dinner at home for just the two of you. But don't feel pressured to cook an elaborate meal. Pick up some Chinese and serve it on the good china. Keep the focus on the two of you."
15024,sagittarius,love,20200704,"The current celestial energy could do wonders for your love life if you are not in too much of hurry. There is a natural warmth around right now, which helps people to open up to each other and encourages positive communication all round. If you are looking for that special person, just focus on what you have to give, rather than what you can get. This works wonders."
15028,sagittarius,love,20200708,"You may think you have encountered your soul mate today, under the influence of today's interplay of astral energies. If you are able to be out at a small party or other social occasion, you could feel that it is a question of love at first sight, as they have that kind of an effect upon you. You will be subject to powerful emotions - but don't allow yourself to get too carried away."
15057,sagittarius,love,20200806,"You have now spent a lot of time in the throes of your relationship problem. Now that you understand it, you can begin the process of moving on to the next stage. Today this will be quite positive and should consider how you feel about your future, your priorities, and your values. Move forward with the determination to be the wisest and most fulfilled you can be."
15069,sagittarius,love,20200818,"Relationships may seem to be on hold with today's astral climate, making you feel as though you have somehow been cut off from the one closest to you. The problem is most likely due to an attitude or stiff mind-set, which needs talking through to help it clear. You need to see where you are not being true to yourself and do what it takes to remedy this."
15078,sagittarius,love,20200827,"It is a great idea to entertain at home today and invite around a few friends with whom you feel really comfortable, if possible. There is the chance of getting closer to someone you have known from the past in quite a positive way. The day's planetary configuration indicates that you will need to be quite firm about your intentions. In this instance false modesty does no favors."
15094,sagittarius,love,20200912,"As you usually love to cook, you will be surprised at what you find on the menu. Today the romantic beginning that looked so promising seems to be turning into a race to see who can be the more learned of the two of you. Season your stories with some interesting anecdotes and you'll have a palatable enough dish for two."
15104,sagittarius,love,20200922,"Harmony pervades the atmosphere today. Hopefully, you enjoy those particularly insipid conversations in which people are forever buttering up each other's egos and laughing hysterically at very bad jokes. If so, you may be able to cope when your sweetheart takes you along to meet ""Mother."" Sit up straight, keep your eyes down, and don't fidget. That should do the trick!"
15113,sagittarius,love,20201001,"Is your sugar bunches coming across as the authoritarian again? The energy of the day may induce them to pretend to control the household. Meanwhile, you feel like one of those puppets dancing to whatever tune they happen to prefer. Well, perhaps it's time to reclaim your power, to let them know that you have more strings to your bow than any puppet, and from now on you intend to prove it."
15115,sagittarius,love,20201003,"You may find today particularly enigmatic, and your latest lover even more so. Indeed, the planets indicate that the emotional atmosphere between you may be a little strange. There is a certainly a great deal of passion and real caring there, but at the same time, there is a barrier that particularly concerns you because you like to feel emotionally close to someone. Don't give up."
15125,sagittarius,love,20201013,"Whether you are just about to enter into a relationship, or just about to leave one, the day's planetary aspect indicates that this is a great time for discussion on any important issues. It is also a positive time for communicating in general, especially if you are still looking for the romance of the century. Having conversations with new people is the answer."
15127,sagittarius,love,20201015,"This is a day filled with contrariness. While you are feeling very emotional and in need of being appreciated, cuddled, and told how wonderful you are, your partner may be feeling the opposite and need space and time to go off and do things alone. While this could be potentially hurtful, just appreciate that both of you have different needs right now, and perhaps a compromise is possible."
15130,sagittarius,love,20201018,"The astral signs indicate that you are in great position to receive an invitation to a small event that you will really enjoy. It is while talking to new people that you meet someone with whom you really click. This is probably someone who shares the same sentimental values as you, and who also loves to have numerous cats around the house to cuddle. Your conversation could go on for years."
15151,sagittarius,love,20201108,You and a loved one are becoming closer together in a warm and particularly caring way. Perhaps you have both been overworked lately and have not had an opportunity to relax and allow a sense of calm cheerfulness to humor you. Adopting a positive perspective that allows for a sense of humor will work wonders. Be kind to each other today!
15152,sagittarius,love,20201109,"You would benefit by taking any opportunity you get to articulate just how you feel about your current relationship. It is not often that you get the chance to talk in depth about certain issues that may be leading to feelings of separateness. You have a lot to discuss. And it's definitely worth the effort, as your partnership (current or prospective) still has plenty of mileage in it."
15165,sagittarius,love,20201122,"Everyone seems to be sobbing on your shoulder today, imparting their deepest and most heartfelt secrets to you. Others are getting in touch with their feelings that may have remained buried for some time. So be patient, as this will deepen your sense of intimacy with them."
15181,sagittarius,love,20201208,"The opportunity to show your partner (current or prospective) just how much you care will present itself to you. If you really want to improve your current relationship, then this may be a good time to do something that proves just how much you want to be with them. It doesn't have to be anything too excessive, just enough for them to get the message loud and clear."
15210,sagittarius,love,20210106,"The planetary alignment makes you even more eager to work out what makes a certain person tick. You may have tried a variety of approaches, all without success, yet are determined to have another go. Perhaps you need to enhance your image, and though it may not be your color, try wearing some black. Then focus on overcoming your fear of too much passion, and you just may have the ticket."
15221,sagittarius,love,20210117,"The planetary energy encourages one particular romantic liaison to become more prominent. No matter how many love interests you have in your pocket at the moment, one of them is going to outshine all the rest. Even though you may not have paid much attention to them in the past, you certainly won't be able to ignore them today, and you surely won't want to."
15268,sagittarius,love,20210305,The planetary alignment today is encouraging you to plant some seeds for the future as far as one outstanding relationship is concerned. You may not be able to get where you would like to be right now because of various factors in your lives that are preventing this from happening. But this does not mean that you can't continue to develop and strengthen the bond between you.
15272,sagittarius,love,20210309,"Take a break from any demanding routines to do something special with a loved one. The current astral configuration encourages you to take the initiative to decide where you would like to go, and what you will do when you get there. If you want to make an even greater impression, then try and change your image. Dress in a style and fashion that is completely different from usual."
15278,sagittarius,love,20210315,"Sometimes it takes an event of quite an unusual nature to shake us out of our complacency. Today's favorable celestial atmosphere offers just such an opportunity. Through some kind of unexpected opportunity, you may begin to see that the potential within your relationship is actually far greater than you had originally anticipated. You now realize why you were brought together, and how much you can achieve together."
15281,sagittarius,love,20210318,"The astral configuration may encourage you to do something radically different in order for a certain dream to come true. Although you are generally outspoken, and certainly not subtle, it may be a change of tack to a more mystical and unique viewpoint that enables you to go out on that first date. You will certainly understand each other, and will definitely want to see each other again."
15282,sagittarius,love,20210319,"Your social life could really blossom with the alignment of the planets today, which will present chances you could not have imagined coming to you could suddenly be discovered right on your doorstep. Don't pass an opportunity by just because it doesn't appear the way you think it should. Love comes in many surprising packages and cannot be determined by looks alone. Allow the bizarre and unusual to move you."
15287,sagittarius,love,20210324,"You may appear frustratingly aloof to your love interest. You have every chance of making a significant breakthrough in your most cherished relationship, but seem to have placed yourself behind a wall of glass. Your love can see you, but just can't touch. Do you have to wait till your pride finally gives way before you reach out and say how you really feel?"
15290,sagittarius,love,20210327,"Today you have a chance to see a problem from a unique perspective. The angle from which you perceive it makes a big difference between giving up on someone and allowing them back into your life. It is as though a light goes on in your head. You understand something about them that you just couldn't see before. Instead of blaming them, you forgive yourself."
15298,sagittarius,love,20210404,"The current aspect makes this a great time to pick out some fascinating and contentious topics of conversation, and go on your date armed with these plus a few juicy pieces of gossip. You may also need some New Age jokes for good measure. But seriously, you will certainly have a laugh, and your ability to find the same things funny will make the evening all that more enjoyable. What are the odds on seeing each other again?"
15305,sagittarius,love,20210411,"Today's astral configuration makes this a great day for spreading your good-natured and sunny optimism around. Arrange an impromptu party, along with a loved one, and invite both friends and strangers, as by the end of the occasion you are all sure to be like one happy family. This will uplift you both, and also introduce you to some interesting new faces."
15313,sagittarius,love,20210419,"If someone has been trying to persuade you of the merits of going out on a date with them for some time, then with the present astral configuration, you may just be tempted to give in and see how it goes. There is every chance that you will both find it an enlightening experience, and will want to discover more about each other's deeper motivations."
15323,sagittarius,love,20210429,"You may find it difficult to talk about how you feel, but the position of the planets means that you are not really sure yourself. You could try, but with your propensity for tactlessness, you may well get yourself into even more trouble. Your love interest may be pressuring you into giving some kind of response or explanation, but it would be better if you could put this off until you have an answer."
15327,sagittarius,love,20210503,"The planetary alignment at play today cuts through any thoughts, ideas, or ideals you may have harbored about someone, and brings you directly into contact with the person themselves. This may be a meeting out of the blue, which takes you by total surprise, because you won't be prepared for what is about to happen next. They aren't like you imagined, but you find them incredibly attractive anyway. Go for it!"
15390,sagittarius,career,20200704,"You are ready to take the lead on a certain project at work, but unfortunately, it seems that one of your co-workers has the same idea. Sharing the leadership role is not going to be so easy, so don't bother trying. Find a different solution."
15394,sagittarius,career,20200708,Aggression with other people in the workplace may become destructive today if you aren't careful. Remember that you are working as a team. There is no need to compete with your teammates. The idea is to work together. Aim for cooperation.
15423,sagittarius,career,20200806,Remember that traditional ways of tackling a problem are often the best way to find the solution you are looking for. These methods have become a tradition for a reason - because they work. Embrace an older methodology for the success you desire.
15435,sagittarius,career,20200818,Don't get upset at yourself today because you simply don't feel the normal drive and determination that you normally do. Give yourself a break. This is a time for you to relax. Be lazy for a change and let someone else do all the hard work.
15444,sagittarius,career,20200827,Your unwillingness to consider other perspectives is holding you back in more ways than one. Give other people more credit and consideration than you may normally do. An open mind is a much greater asset to you than you may realize.
15460,sagittarius,career,20200912,"Other people are likely to stand against you and speak their piece so that everyone around you can hear. This conflict is more about them showing off than it is about you, so don't take anything personally. Any disagreement will be amplified."
15470,sagittarius,career,20200922,"The last three weeks have been a time for reflection and review. Now this period is over, and it is time to move forward with confidence, based on the realizations that you have had. Your logical thinking is back on track - so feel free to proceed."
15479,sagittarius,career,20201001,"If working at the office, pack an extra big lunch for work. If working at home, make sure you treat yourself to a big takeout lunch. Food will help soothe your emotions and calm your frustration. Disregard any rules you may have about dieting. Eat what you want."
15481,sagittarius,career,20201003,"You can brush away weighty work issues with ease. There is a lighthearted flow to the day that is helping you to let go of the intensity of the workweek. Even if you find yourself at work today, take it easy and keep it light."
15491,sagittarius,career,20201013,"If you have a specific task that requires you to do something with passion, now is the time to do it. More than ever, you have an all-or-nothing attitude that will help you persevere with great strength and conviction until the job is done."
15493,sagittarius,career,20201015,"You will be mellower than usual today, and your normal intensive drive may feel a bit watered down. This is fine. Don't fight it. Taking a more easy-going approach will help you relate to others and get the respect from others that you desire."
15496,sagittarius,career,20201018,Your entrepreneurial spirit is quite strong whether or not you are actually on the job. Everything you look at has the potential to become a new business opportunity. Every person you meet is a potential resource for your career and long-term success.
15517,sagittarius,career,20201108,"You are happy to share ideas that you normally keep to yourself. There is a streak you have that is very independent. Today, however, you are happy to partner up with someone and bounce ideas off him or her. This is the right course of action."
15518,sagittarius,career,20201109,"Everything is working in your favor. Put aside long-term difficulties that you are experiencing and concentrate on the present. There is great potential for you in the current situation you are in. Now is the time for you to expand, not contract."
15531,sagittarius,career,20201122,You are drawn toward something new. Your thirst for knowledge is quite great. This is your time to research further schooling or an apprenticeship of some kind. You want to know more. Fulfill this inner need before it consumes you.
15547,sagittarius,career,20201208,"You are in a good position to make major moves with regard to your career today. You will find that the people around you are being extra supportive of your dreams, so don't hesitate to dream big. You will succeed in what you set your mind to."
15576,sagittarius,career,20210106,You are the important piece of the puzzle today. You will find that effectiveness in the workplaces increases several fold once you put your energy into the group. Put your two cents in when you know that something could be done a better way.
15587,sagittarius,career,20210117,"Get your work done early today. Get up an extra hour or two before you normally do and take advantage of this valuable time. You will be much more productive in these early morning hours. When the afternoon hits, so will the laziness."
15634,sagittarius,career,20210305,"The events of the day will be very frustrating to you, but this does not mean that you have to get upset or angry. Remember that although you may not be able to change a situation, you can at least change your reaction to the situation."
15638,sagittarius,career,20210309,"You will meet up with a very important partner. This is the support that you have been looking for. This person is a benefactor of some sort. Together, the two of you can work magic that you could have never done by working alone. Think big."
15644,sagittarius,career,20210315,"You are fired up. Other people had best move aside because you are on the move and you are getting things done. You may feel a bit frazzled since you have so much energy to burn, but overall you are feeling good and moving with great confidence."
15647,sagittarius,career,20210318,"Your general mood is extremely upbeat and positive, and even though others will try to shake this mood, you will stay strong. Other people have a very fanciful idea of the truth that does not match your understanding. Herein lies the friction."
15648,sagittarius,career,20210319,"You are feeling super-charged in all ways. There is a greater force behind everything you do and everything you say. You can accomplish a great deal, so stay on track and go after the things that matter most. You are fully supported at this time."
15653,sagittarius,career,20210324,"The day starts out on a rather sour note for you and unfortunately, it is only going to get worse. It is important that you nip small problems in the bud. Otherwise they will fester and get much more difficult to deal with in the afternoon."
15656,sagittarius,career,20210327,"Many ideas will come your way and you will come up with big schemes of how you should change jobs and start a new business, get degrees in something new, and save the world at the same time. It's certainly okay to dream in this manner."
15664,sagittarius,career,20210404,The week is off to a slow start and you are having a hard time getting into the rhythm of the day. Nothing you say seems to come out right and you feel like you aren't in sync with the people around you. Don't worry. This is just a passing phase.
15671,sagittarius,career,20210411,"You are in direct conflict with someone and there is simply no way to avoid it. This person is talking at you in circles, in an effort to confuse you in some way. Don't be fooled, and don't get thrown off track. Stick to the matter at hand."
15679,sagittarius,career,20210419,"A tremendous restlessness is brewing within you. Unfortunately, this one will be difficult to shake - especially during the next two months. Your energy is scattered and haphazard. When in doubt, follow your intuition. It will save you."
15689,sagittarius,career,20210429,"Since you are such an honest person, you expect others to be honest as well. Unfortunately, this is not always the case - especially today. It seems that you can't always trust the people around you. Be on guard. You may get swindled if you aren't."
15693,sagittarius,career,20210503,"You've probably been extremely busy recently! You are never one to take the easy route and always put all your energy into the job at hand. Right now, it may be better to not overdo it. If you can, take time out and try to refresh body and mind. Afterward, work will be so much easier if you do."
15756,sagittarius,wellness,20200704,"You love to explore new ideas, your very own adventures of the mind, and you are greatly assisted by today's astral energy. Your idealistic nature tempts you to focus on utopic dreams. You feel this energy as the essence of ""possibility,"" and it will be a period of emotional optimism for you. Whatever you have doubted to be possible in your health or dietary regimen, now is the time to give it a try. It doesn't have to be a marathon. Start small, and you can make your dreams a reality!"
15760,sagittarius,wellness,20200708,"Waiting for the right time can be good advice, but not with regard to developing healthy habits to live by. You need to eat three meals a day with healthy snacks in between (fresh fruit, for example). You need to sleep like a baby - and there are ways to create more successful sleeping habits if you need help. You need to drink enough water to keep your immune system strong and your elimination process in tune. These are things that do not benefit from ""waiting."""
15789,sagittarius,wellness,20200806,"The aspect of the day will quite possibly find you brooding about how to get a head start. For one thing, you cannot go wrong by paying attention to your body. If your mind is feeling foggy, don't let it stop you from getting out into the fresh air for an invigorating walk every day. If your heart is feeling blue, don't let that stop you from reaching out to people who care about you and asking for some extra TLC!"
15801,sagittarius,wellness,20200818,"The planetary transit today is like having a boost of positive energy where it counts most: your own self-confidence. You can increase the effect of this month-long transit by grounding your physical self in healthy routines such as regular meals with no snacking in between, and exercise at least four times a week. You have a choice: get the most out of this transit (and your entire year is likely to benefit) or ignore it and wonder what might have been."
15810,sagittarius,wellness,20200827,"The celestial energy today is favorable, full of playfulness and vulnerability in the right relationships. You may not find you can express yourself in words, but today's aspect allows you to show your feelings through gesture and movement, hugs and kisses. To feel this energy ever more deeply, be sure to follow your exercise regimen. Don't skimp on the aerobic exercise! Sending oxygen to your muscles will make you feel warm and happy all over."
15826,sagittarius,wellness,20200912,"The day's astral energy emphasizes your changeable nature. The key here is to keep your balance as you accept all the challenges that life presents and succeed. You know that your sensitive nature needs to be taken care of especially well in times of stress. Do what you love best. Take some time out, lie back, listen to the music you love and let your imagination take you places."
15836,sagittarius,wellness,20200922,"Your powers of communication continue to be strong. Today's physical focus should be on your feet! Yes - wherever you plant your feet indicates the direction in which you will head. The aspect at play asks you to be determined, and to follow through on what you say. It's a great day to pick up an exercise routine you've been talking about, and likewise to really think about the expression ""You are what you eat."""
15845,sagittarius,wellness,20201001,"Given the many options you have in life, the sensation of being overwhelmed can become the norm. Today's aspect gives some respite, allowing you to communicate in the way you would like to. This includes how you speak to yourself inside your head. With all of the healthy-living emphasis on diet and exercise, it is easy to forget that the most nurturing part of ourselves is really in our mind. How you treat yourself mentally is more important than low-fat anything. Think about it!"
15847,sagittarius,wellness,20201003,"Giving yourself room to do what is right for you may bring up issues of ""fitting in with the group."" Sometimes what is ""right"" changes, and you must break with the past. Resistance to change comes from fear that a particular love source will disappear as soon as we shift. Grounding yourself in your own reality through physical exercise is a powerful way to practice meditation without doing anything much out of the ordinary. Remind yourself that self-love is what we need most."
15857,sagittarius,wellness,20201013,"On the one hand, you see many of your strengths and feel pretty good about yourself. On the other hand, you feel the one nagging thing you haven't been able to quite work out dragging you down. If you continue to compare yourself to others, you will create a real problem for yourself. If you use the positive to confront the negative within yourself, you stand a chance of a real breakthrough. Try to keep yourself centered through some aerobic exercise to keep the fresh blood flowing."
15859,sagittarius,wellness,20201015,"Your body's voice is apt to be silent at times. So, you will need to adhere to a regimen that does not fluctuate with every new idea that comes to your mind. When you need to motivate yourself, think of your health as a job. The successful candidate will exercise aerobically three times a week, take care to eat three balanced meals a day with only fresh fruits or vegetables for snacks between meals, and drink inordinate amounts of water throughout the day. This approach may help you stay focused when your mind is in a cloudy state."
15862,sagittarius,wellness,20201018,"Too much activity will take a toll on your body. You need to pay special attention to how much relaxation time you give yourself. If you exercise during the morning, make sure you get to bed early enough at night. Do not spread yourself thin or your immune system might be put in jeopardy. To encourage you to relax, get in the habit of drinking herbal tea – which is also a nice excuse to sit still for half an hour!"
15883,sagittarius,wellness,20201108,"You will probably be frustrated by all the ""misfiring"" that goes on due to the celestial atmosphere prevailing today. This is a perfect opportunity to learn about yourself and how you respond to frustration. One thing to notice is how the food you eat supports you or sabotages you under circumstances of frustration. Try to reduce your sugar intake and increase your intake of raw fruits and vegetables. Meanwhile, drink plenty of water. With a healthy diet, what once frustrated you could become merely amusing."
15884,sagittarius,wellness,20201109,"With the celestial atmosphere today, you are faced with balancing your emotional life to make things work in other areas of your life. The first thing you need to do is relax. Breathe in deeply and let yourself feel the healing energy inherent in purposeful breathing. Then look to see what is potentially threatening your overall sense of wellbeing. Just taking the time to notice your feelings will often allow balance to settle over you."
15897,sagittarius,wellness,20201122,"The aspect of the day creates a kind of harmony that gives you a peaceful feeling today. You may find others who feel the same way and by all means acknowledge it and encourage it. Also, take a moment to check in with your body and notice where this feeling is coming from, where it is registered. That is a very special place in your body, and you may want to find some way of honoring it. Applying a hot compress with fresh sage leaves would be lovely."
15913,sagittarius,wellness,20201208,"Balancing the need for emotional security with the drive for independence is an essential part of your life path. This process can be mirrored in how you approach exercise. The security of a daily routine is beneficial and reliable. The drive to do whatever you want, whenever you want can sometimes lead to a gap in progress. If you can't make exercise happen some days, balance that out with lots of water and no coffee."
15942,sagittarius,wellness,20210106,"We are born to hope and dream. In order to encourage these beautiful qualities, we are charged with nurturing our bodies and listening to ourselves. A regular exercise regimen gives you the presence of mind to figure out your next step in life. The amount and quality of rest you give yourself is directly proportionate to your ability to know and get what you want. When you take these issues seriously, you are living to the best of your abilities."
15953,sagittarius,wellness,20210117,"Your own health is the greatest investment you will make in your life. How have you been doing so far? What are your plans for the future? If you haven't thought about your health as an investment, it's time to start. What other asset have you got that affects every single waking hour? Consider breath. How you breathe effects your sleep, your digestion, the way you walk, the way you talk, the way you make love - need I say more? Yoga also helps a great deal."
16000,sagittarius,wellness,20210305,"There is more to staying fit than eating right and exercising. You can benefit from paying closer attention to everything in your life: how clean is your car? Do you make your bed every morning? How long do you go without doing the laundry? These things affect how you perceive life, whether it is easy or hard, even going as far as whether you are optimistic or pessimistic. Today's positioning of the planets supports the general inquiry into these finite parts of life. Use the force!"
16004,sagittarius,wellness,20210309,"You may find yourself involved in a deep conversation today. There is room for unusual expression - humorous, perhaps, or surprising in other ways. It's important to stay grounded and fly under the radar so that you don't get flooded. Stay in tune with your body, as you may experience unusual hunger, or crave some unusual taste or spice. Follow your instincts and gratify yourself, explore the new. Also, try to be in bed early tonight. Your body will appreciate the extra rest."
16010,sagittarius,wellness,20210315,"There are, thankfully, many ways to keep routine and structure interesting. If you are someone who enjoys yoga, there are many different methods to choose from, and different positions to choose from within one method. If you enjoy running or walking, there are as many paths to take as there are days in the year. Keep variety as part of your routine so that you do not get bored. It's best to limit your choice of times, however: choose a morning and an evening time and alternate between them."
16013,sagittarius,wellness,20210318,"Keep asking yourself what health means to you, even if you've found it impossible to stick to any kind of routine lately! Asking the question an important step in doing those ""healthy things,"" because in order to commit you need understanding. For you especially, there has got to be a connection between the heart and the mind (it beats the ""running around in circles"" game!). Keep investigating where the food you eat comes from."
16014,sagittarius,wellness,20210319,"There is a sensitivity to your spirit that is often overlooked! With so much distraction in the world, you must become very aware of your attention so that you can focus it on yourself. Focus is a great aspect of yoga, especially focus on the breath. Breathing exercises are a wonderful and a simple skill to learn. Yet it is not so easy to stick to regular breathing exercises. Greater control over your own attention will increase the quality of your life immeasurably."
16019,sagittarius,wellness,20210324,"When you have your own health practice in order, it is easier to deal with those day to day obstacles. But too often, we let the obstacles determine our health practice. If only there was a way to have perspective when you need it the most - there is! Keeping discipline in your routine is the best way to overcome the confusion that settles in when the going gets tough. When all else fails, a hot bath does wonders for both body and mind!"
16022,sagittarius,wellness,20210327,"Today's aspect can make you feel like every decision you make is ALL important. This kind of pressure can be difficult and confusing at times. Of course, what you eat and how much you exercise and whether you sleep well (and enough) are all important. But feeling like the decisions you make today are binding is a counter-productive force. Allow the feelings to come up and acknowledge any pressure you feel. Remember that nothing stays the same forever - including the position of the planets!"
16030,sagittarius,wellness,20210404,"The current planetary configuration impels you to examine your life with a healthy perspective. You could be working on a plan of how you would like to live your life over the next 25 years. You must endeavor to make your health choices consciously, for your bodies is the very structure in which you live! Give yourself all the help you need in figuring out what works best for you in terms of diet and exercise and create a balance that enhances your well-being."
16037,sagittarius,wellness,20210411,"When you think it's time to take a break from your workout, think twice. Days of rest are extremely important, to be sure, but ask yourself whether you're just bored of the usual and want something new. This is not the same as your body asking for a day of rest: it's your mind wanting a new activity! Begin to develop variety in your workout routine so that you may respond to this impulse with compassion and discipline - a very healthy combination!"
16045,sagittarius,wellness,20210419,"You always like to see both sides of an issue and like to get along with others. In other words, you usually don't come across as stubborn. However, there is a tendency to go from one idea to the next too quickly, so that you might not even know your own true opinion! Involve yourself in things that take time to complete. Cooking is a good place to start. Make something a little complicated but delicious, and enjoy the results!"
16055,sagittarius,wellness,20210429,"There is a lot of temptation out there but take a moment and reflect on your body's reaction to excessive indulging. Isn't it time to get ""on track"" and assume regular health routine? Sometimes all you need to do is take the time to reflect on your decisions and you will find the answer sitting right in the center of your brain! Slow down today with a cup of Chamomile or other herb tea and notice the shift in your perceptions."
16059,sagittarius,wellness,20210503,"Give the gift of good communication: when you are feeling pent up inside count to ten before you try to put your thoughts to words. Today's aspect may cause you to be inexact when the most critical things need to be communicated. Your emotions may be hard to control. Get rid of excess energy by working out at the gym, if possible, or going on a long walk. You will be thankful for it at the end of the day."
16122,sagittarius,birthday,20200704,"You have a secret source of great love and support this year, possibly from friends and relatives. Be grateful and don't press for explanations. It may be a year of random acts of kindness, so perform your share. Be energetic in October, smoothing ruffled feathers and restoring peace and pleasantness at home. Be more low-key in November, but still fully enjoying life. A change-up in daily routine could have long-lasting effects. Enlightenment is possible in February. If sparks fly at work in April, you can cope with it. Spend the last month lavishing and receiving love and encouragement. It's a passionate, powerful year!"
16126,sagittarius,birthday,20200708,"Your daily life doesn't need to have anything lackluster about it this year. You've got the magic touch, especially at home in the first month, and know how to set people at ease. After a nice, quiet stretch, family and friends may want to spend more time with you in October. Enjoy the attention and tactfully share any extra expenses. People want to treat you well and stay in your good graces. Reserve judgment in December if a close friend or lover disappoints you. You can learn why before the year ends. Let tender feelings express themselves, and treasure those hugs and kisses!"
16155,sagittarius,birthday,20200806,"Your tastes and desires may differ from what the world offers, but don't swerve from what you love. In October friends or family may suggest things you don't like to do, but be gracious and play along if you think the company is good. Follow your own drumbeat in December, be calm and pleasant through the holidays, and be glad you did. If misgivings arise in April or May, that's fine. Respect your right to reevaluate earlier opinions and actions. Learn, improve, and advance. Love yourself, and give others the chance to love you, especially in the last month. It's a stimulating, sexy year!"
16167,sagittarius,birthday,20200818,"Be part of a bigger extended family and take a bigger social role with friends and community. Bake more brownies (to share, of course) or simply smile and comfort the shy and quiet around you. Focus on the details of daily life despite desires for great or flamboyant things. In November friends may expect you to take the lead in everything. Be bold and creative in January. A flash of love in February promises great things, but may fizzle. Enjoy and don't be disappointed. A reward for a forgotten favor may appear in April. Be popular, sought after, and downright loved all year!"
16176,sagittarius,birthday,20200827,"Things can click and fall into place for you in the material world this year. Generosity, good timing, and just being smart will all contribute to your financial progress. Details are easier to manage, so watch that budget, pay the bills on time, and enjoy being with your favorite people, especially in the fall. Big pleasures can come to you at zero or very little cost in January. A romantic fantasy may find you in February. Enjoy, but don't flounder in it. Do some favors in April and be rewarded. The last month is full of gifts and glamorous times! Have a proactive, prosperous year!"
16192,sagittarius,birthday,20200912,"Be articulate and charming this year, and perhaps speak for those who can't speak for themselves. You know what matters. Work and finances look stable enough to permit more public involvement - and enjoyment, too. Cultivate diplomacy and find energetic companions in the first month. In November interact with sympathetic friends, but don't be overly ambitious. A home affair may need attention in January. People will offer help should you request it. Respect your health and energy level in February. Be highly visible in June. People will remember and seek you out again in July and August. Better than fame - bask in good luck, good deeds, and love!"
16202,sagittarius,birthday,20200922,"Step into your own light this year! A karmic peek into your own mind is possible in October. Get finances and expenses under firmer control in November. Fun and adventures near to home are on your cosmic agenda in December. Friends will encourage this. Love and be loved in a bolder and more vocal way in March. Disagreements shouldn't be necessary. Even you should notice a more self-confident, outgoing mood by July and August. Connect better with more people in the last two months, and leave room in your heart for that most intimate and special one!"
16211,sagittarius,birthday,20201001,"It's a great year to bring home life and social life into better accord and surround yourself with happy family and friends. Your playful, clever nature encourages people to listen to what you have to say. Older people and relatives may be drawn to you - and be generous - in November. Be busy and renew contacts in December. January may draw you deep into a home concern that will greatly enhance your overall environment. Don't stress over any changes. Love suddenly enters the scene in April. Enjoy some rare peace and quiet until August reignites life with big fun and affection!"
16213,sagittarius,birthday,20201003,"Your inner child is near the surface this year and will lead you to many joyous and creative times! You're smart and naturally cautious, so there should be very little risk involved. You may be especially cautious regarding money in the autumn, but this will relax and leave you with more than enough resources for everything you need and want. You may crave new romantic excitement in the spring. Work and rest well so you can be ready for a boost in your social life in August. The last few weeks of the year may be the loveliest and most affectionate of all!"
16223,sagittarius,birthday,20201013,"Feel at home anywhere in the world this year, and get attached to a few new favorite places, people, and things. Your great natural charm will make you popular no matter where you are. Your clear, thoughtful nature makes you easy to get along with. Being practical, energetic, and enthusiastic in the first three months will propel you through a successful, happy rest of the year. A brief escape into fantasy lightens up February. Play it safe in April. A trip is possible in July. Work is pleasant and plentiful in August. The last month is full of harmony, happiness, and love!"
16225,sagittarius,birthday,20201015,"You'll be on a lot of people's radar this year, and having such a public presence will bring you much good luck. Your mental and social skills are at their peak and work together flawlessly, starting in the first month. Pace yourself and don't overexert, especially in November and April. Money and possessions may motivate you in December, making it sometimes hard to slow down. Find artistic or spiritual release in February. You glow in the work world in August. An increase in money, reputation, and recognition are all possible. Be modest and know you're worthy. Enjoy a glorious, glamorous year!"
16228,sagittarius,birthday,20201018,"Think big, talk with lots of people, and go out and be seen! It's no time to hide out with a small circle of friends and associates. Think instinctively before you act in the first month, and balance charm and mature sophistication. A monetary windfall (maybe some borrowed money returned to you?) or valuable gift may find you in December. Say thank you. Dream big in February. Avoid needless risks in April, and play it safe and happy. Be more prominent at work in August, and don't shirk from being more in charge. Get social and popular in September. It's a fun, fabulous year!"
16249,sagittarius,birthday,20201108,"Taking care of business ranks high for you this year, and a lot of that business may not even be yours. Be patient, listen, and take time to reply, especially with loved ones in the first two months. Keep to that budget and stay secure in January. Make your home more loving and lovely in February. In April surprise someone with an old favorite trick they've never seen you do. June and July may be busy with other people's concerns. Do what you can and have no regrets. Win hearts in August and win minds in October. It's a splendid, loving year!"
16250,sagittarius,birthday,20201109,"Enjoy a lot of mutual concern and give and take among friends and family this year. No one will feel stranded or forgotten when times are easy or rough. Be the tactful voice of reason for your family in the first few months. Put more energy into increasing income in January, and see quick results. Mind the budget, though. Decompress with some mildly crazy fun in April and May. People may need one another in July - be there and be cherished. Be sublimely lucky and popular in August. As the year ends, be greatly respected, loved, and admired!"
16263,sagittarius,birthday,20201122,"Your generous spirit drives you forward to happiness and success! Keep yourself in the equation of life, help others, and greatly help yourself. Material well-being is the focus of January, and you have energy and luck to profit from all your work. Friends offer relief, comfort, and fun in February. In March and April fill your home with a fresh feeling that's pure you. August can get exhausting and expensive, so respect some limits, as hard as that may be. The last month may have some frustrations, but don't get impatient or question any decisions you've made this year. Live and love to the fullest!"
16279,sagittarius,birthday,20201208,"You don't have to solve everyone's problems this year, but you certainly have the strength and know-how to do so. Be sweet and firm as the year begins. See a radically different side of yourself in January. This can benefit you in your finances and in the work world in February and October. A change at home or with family could be big but no surprise in April or May. People may keep you busy with their problems in July and August. Listening can be helpful, too. Honesty and heart-warming clarity in an established love affair are yours in the final months!"
16308,sagittarius,birthday,20210106,"Be energized and serious about all you do this year! That includes having fun. You might be the center of excitement in April, or you may spring a huge surprise on everyone. Be humble in public and thrilled in private. Save some passion for your own well-being in August and have a great fun-filled summer. Other people take up your time in October, but it will be good for you later, too. Feel serious and work hard in December. In January a big change at work could happen around you. Stay settled. Friends and that special love are never far away!"
16319,sagittarius,birthday,20210117,"Many exciting times are on your horizon this year! Be sensible, pace yourself, and have the energy to do as much as you like. Surprise people all year, especially in March and April. Force yourself to take a moment and focus your attention on what you want to achieve. Be ambitious. A touch of charm will make your great energy more acceptable, and even admirable, to many people. August may get wild and hyper, so stay practical, especially about money. Be wise, influential, and modest in late November. In the last few months be surrounded by loyal friends, brilliant ideas, and great love!"
16366,sagittarius,birthday,20210305,"It's a busy year full of big plans and big energy! Get your schedule organized in the first month and work hard. Save a little more, if you can, and see a sweet personal reward before July. August could be busy with summer excitement, but it doesn't have to be expensive. The end of December could be hectic, but stay focused and do your best for yourself and others. You might have an urge to get away from it all in January. Friends - and a special new love - will give you all the affection and rest you need at year's end!"
16370,sagittarius,birthday,20210309,"You can make your career glow with success this year or you can make a shift to something new! You are most practical and solid in the first month. You can get inside people's heads, too. Keep the cash flow balanced and maybe acquire a small desired item in June. Enjoy some pleasant but inexpensive summer fun with family in August. Romance gets nostalgic in November. Prepare for a possible big change at work in January. February is big, so look and do your best. Relax with friends afterward and let some surprises make you smile. Love isn't far behind!"
16376,sagittarius,birthday,20210315,A secret desire for something special could motivate you this year. Or it might be time for you to make private plans for a nicer lifestyle. Be ambitious and busy in the first few months and perhaps create a financial opportunity. Enjoy more luxury time with friends and family in July and August. Try not to spend away whatever you gain. Be sensible in love in November and feel appreciated. A startling new idea or project could distract you in January. Friends may inspire you in February. The last two months are bubbling with fun and affection. Make great advances this year!
16379,sagittarius,birthday,20210318,"This year you may get more interested in money and the nice things it makes possible. Cleverness and get-rich-quick schemes won't deceive you. You may discover some sound, practical ideas in the first couple months. Hard work matters, too, and you may deserve a small private treat by July. Share good times with family and friends in August. You might want to host a party or summer event. A quiet romance could find you in November. Stay low-key and let things take care of themselves. Friends and the social scene come to life in the remaining months, including much love!"
16380,sagittarius,birthday,20210319,"Charm and elegance are yours this year. You're smart. You know that life is more than money and material comforts, but you don't discount their importance. Be highly motivated all year and achieve a lot early on with what feels like little effort. Work diligently and maybe celebrate in August, perhaps on vacation. A friendship could become a serious romance in November. Deal promptly with any perceived crisis in January and see quick, easy resolutions. Amuse yourself with dreams of luxury in February. Friends and lovers are there for you, sometimes surprising you in the last two months!"
16385,sagittarius,birthday,20210324,"Find countless pleasures in daily life and have a great time all year! You're full of energy, so nothing and no one can rain on your parade. Be smart and sensible in the first few months and calmly work hard to further yourself. See better income and steady progress before July. Be lucky and feel rich at home in August. In September be more young at heart and enjoy things more. Be healthy in November and poised to handle any problem in January. Dispel a cherished dream at work in February and move forward. Surprising love and friendship round out a great year!"
16388,sagittarius,birthday,20210327,"The pleasure of good partners and teammates will make this a happy, powerful year! Early on think carefully about where you are and where you're headed, then work hard and be ambitious. The home budget may grow in July as you see progress. Be very lucky in August and attract more luck for your home environment. Don't remodel yet, though. September and October are times to luxuriate in doing what you love with people you love. In February you may recognize that a previous opinion came from a false impression. It's easy to fix things. April is yours for fun and fantastic love!"
16396,sagittarius,birthday,20210404,"You always have the big picture in view and know what to do when! You may not pay much attention to others, but you inspire them. Be most energetic in the first month. Friends keep you hopping and happy in July. Surprise yourself in a big way in August. Do good things with it. Catch up with some older friends in November. Learn and try new things with new people in new places in late January. Be realistic and responsible but open to the future. Friends and love return in a big way in the last few months. What a charmed and charming year!"
16403,sagittarius,birthday,20210411,"You know what you want and how to get it this year! You may not get everything instantly, but you know how to make it happen. Cleverness and energy are gifts that serve you well, particularly in the first few months. Be quietly productive and responsible. A friend may have some good ideas for you in July. Some unexpected good luck may find you while you're busy having fun with family in August. Reevaluate your position in November, and don't be too self-critical. You're doing well. In April and May relax with friends and perhaps a loving admirer who finally speaks up!"
16411,sagittarius,birthday,20210419,"Your best luck and greatest treasures will come from people and places close to home this year. People work smoothly with you, and your enthusiasm and energy will find lots of constructive projects in the first two months. Be respectful of your money and have more than enough. August is pleasant and September absolutely joyous with social and family events. No need to run wild or be extravagant. Everyone is feeling generous and loving. Respect any health concerns in November and let go of any regrets. In February aspire to something more for the future at work. It's an ambitious, affectionate year!"
16421,sagittarius,birthday,20210429,"Be your own best friend and be healthy and happy all year long! Friends and family will encourage you to take better care of yourself and make it easier. See benefits in August when your energy increases and smart decisions can bring more income. Have fun all summer, and be generous without spending more than needed. Feel more creative in November, but let those bright ideas simmer. Take good care of yourself in late December, and don't overdo the holiday eating and partying. Love could surprise you in January. Pleasant surprises at work in April may pay off big for months to come!"
16425,sagittarius,birthday,20210503,"Have big plans, big ideas, and big dreams! There's all the energy you need. Be realistic in your approach and see what you can make happen. August is loving and luxurious without any need to overspend. The whole summer is made for fun. Enjoy quiet time in November and politely ignore any meaningless criticism. A big love (not necessarily a person) could come or go in January, or perhaps it's simply a shift in the romance lineup. Working for a good cause touches your heart in February. Be daring but not reckless at work in April and gain respect and rewards. Have a magnificent year!"
16488,capricorn,general,20200704,"You may say one thing one minute and the opposite the next, Capricorn. Usually you can jump from one issue to another with no problem, but today people are likely going to call you on it. Think about what you really mean before you say it. Don't do all your thinking aloud where other people can hear. Your continuous thought process might be mistaken for a final analysis. Confusion could ensue."
16492,capricorn,general,20200708,"People may be a bit critical of you today, Capricorn, and you would do well to hear what they have to say. Be receptive of feedback from others so that you may establish a healthy ego. It's important to keep your sense of humility in check. You might find that you're feeling rather critical as you see people moving like sloths compared to your lightning quick mind. Be patient with others."
16521,capricorn,general,20200806,"Don't be surprised if you leap out of bed with a spark of inspiration that wasn't there last night, Capricorn. Let your dreams linger a bit before you face the world. This flash of genius is likely to strike quickly and unexpectedly, so keep an eye out for it, but don't consider it something that you can plan on or force into happening."
16533,capricorn,general,20200818,"Today, Capricorn, your ability to stand up for your decisions and not let others sway you may be enhanced. This will be especially strong if you've solved a problem. You may find that others often try to change your decisions, but not today. Things are working in your favor and you'll feel new strength as a result. Follow your heart."
16542,capricorn,general,20200827,"Friendship could turn into romance if you aren't careful, Capricorn. A platonic relationship could turn passionate, and no one would be more surprised than you. Think carefully about where you'd like this to go. While it can't go back to the way it was, you can stop it from progressing further if you're uncomfortable with the new dynamic. You can only make this decision once."
16558,capricorn,general,20200912,"Stress and job frustration might have you thinking about breaking free, walking out the door, and going somewhere else. Another thought is likely to concern going back to school and training for a career in another field. You might need a vacation, and returning to school could be a great idea in the future, but don't decide today. Wait a few days at least."
16568,capricorn,general,20200922,"Don't be surprised if money comes from an unlikely source. It could be a surprisingly good return on an investment or a bequest from a relative. Pay attention to any dreams that seem to repeat. They may hold a lesson about understanding your life path. You may receive an unexpected visit from a dear friend you haven't heard from in years. All in all, this is a great time."
16577,capricorn,general,20201001,"Are you involved in a creative project that involves modern technology, Capricorn? If so, progress could be made by leaps and bounds, starting today. A lucky break might set you off in a new direction that adds depth and dimension to your work. Communication with colleagues should be warm, congenial, and supportive. There is a sense of unity that pervades the group and adds to the energy and enthusiasm. You will love the results of your efforts."
16579,capricorn,general,20201003,"There may be a great tension between you and someone older today, Capricorn. Perhaps there's someone who's adopting a sort of ""parent knows best"" personality that's starting to annoy you. Take a breather. Realize that this person isn't being critical or judgmental but just giving you advice. You should open your eyes and understand that this advice could be very useful."
16589,capricorn,general,20201013,"You probably think of yourself as a curious intellectual, Capricorn, but a recent expansion in career and finance has brought out talents for business and money that you didn't know you had. This has been a time not only of success and good fortune but also of learning more about yourself. Don't fall back on old fears or underestimate yourself. You're capable of accomplishing more than you know."
16591,capricorn,general,20201015,"Good news about money could create some excitement in your household today, Capricorn. One of your goals might be to invest some of the funds in fixing up your living situation. You might even consider moving or purchasing a new home. You may kick around a lot of ideas about how to spend the windfall, but don't go too crazy. Hold on to some of that money as a nest egg."
16594,capricorn,general,20201018,"Your unique ability to communicate with many different groups and personalities will be extremely important today to maintaining a bridge between warring camps, Capricorn. Keep things moving and try not to let the situation stagnate on any one issue. If the conversation turns to raging and ranting, it's in your best interests to stop it right away. Don't be afraid to step up and take a leadership role."
16615,capricorn,general,20201108,"You will have to expect a few disturbances in the harmony that has reigned over the past few days, Capricorn. For example, your needs may not match those of your mate or close friends, or you may feel restless. Minor worries about the future may intrude on people's good moods. In short, this won't be a good day to look to emotional harmony as a source of satisfaction."
16616,capricorn,general,20201109,"Do you feel as though your self-expression is being stifled, Capricorn? Perhaps you need more time to choose a direction in life. Today, you can expect to feel a lot of pressure from someone close to you. You will feel forced to satisfy this person's demands. Annoying as this may be, you can take comfort in the knowledge that he or she has your best interests at heart."
16629,capricorn,general,20201122,"Are you feeling somewhat annoyed today? This is hardly surprising since the day inspires you to take a long, hard look at what's happening with your life. It's as though you suddenly realize that decisions you make may have impacts that reach far and wide. But don't let that stop you from committing yourself to a course of action, Capricorn. Be adventurous!"
16645,capricorn,general,20201208,"If you've been thinking about executing legal papers of any kind, Capricorn, this isn't the day to do it. Any contract entered into today is likely to have confusing clauses and obscure language that you may not understand and that potentially could be used against you. This also isn't the day to start or even plan a journey of any kind. However, it's a great day for reading or meditation."
16674,capricorn,general,20210106,"You feel especially sexy right now. A powerful feeling of love and a need to physically express it could be with you all day. If you're involved, you want to spend a romantic evening with your lover. If you aren't, you could channel the energy into creative activities. Romantic novels and movies are poor substitutes for the real thing, Capricorn, but if they're all that's available, go for it."
16685,capricorn,general,20210117,"Memories of past events that caused traumas that you're still dealing with could come to light today. This is a positive development, as the release of these old emotions could make it possible for you to progress more quickly on material and spiritual planes. You may feel lighter, and you could experience a rush of joy. In the evening, go dancing and work off some of this energy."
16732,capricorn,general,20210305,"A lot of letters, calls, or emails could come your way from all over, Capricorn, bringing lots of good news and useful information. Some of it could involve new and innovative opportunities that are of great interest to you. Expect a lot of discussion that could really get your mind going. Write down what seems most promising for you and leave the rest for others."
16736,capricorn,general,20210309,"You probably aren't going to impress people with your fast talk and quick facts today, Capricorn. You will likely get further if you express the emotions that lie behind your words. It's more important to say what you feel than what you think. Even though this may go against your usual nature, you will find that it's the best policy on a day like this."
16742,capricorn,general,20210315,"Your inspiration and imagination are at their peak, Capricorn. You may want to try some kind of an artistic project. You're sure to be pleasantly surprised by the results. You're especially tuned in to the feelings of others, so don't hesitate to act on your intuition. Logic takes a back seat to gut instinct today!"
16745,capricorn,general,20210318,"Today you may feel a little out of sorts, Capricorn, but your creative energies are likely to flow freely. Inspiration could come from deep within you. You're probably more focused than usual, and therefore can spend considerable time working on a task or project without getting restless. Give free rein to your ideas. They might seem a bit dark and strange at first, but they're important."
16746,capricorn,general,20210319,"There's a big world out there beckoning to you, Capricorn. Why not plan an adventure to a faraway land? You've been working hard and deserve a reward. If you can't take time off right now, at least contact a travel agent or do some research online. Surround yourself with pamphlets and images of foreign cities. Even though you know you can't travel to them now, you know you will get there soon."
16751,capricorn,general,20210324,"You're apt to feel stronger within, helping you to connect the inner and outer sides of your personality, Capricorn. You may feel like you have all your troops united on a common front and are making tremendous progress toward reaching your goals. Don't stop. Your momentum is strong. Things you set in motion now will have a tremendous effect that will continue to increase over time."
16754,capricorn,general,20210327,"It might seem like your brain and heart are working against you today, Capricorn. You might sense that they've teamed up to keep your head in a swirling maelstrom of confusion that you can't seem to pull out of. Look beyond the mundane confusion of this day. Connect with your sensitive, receptive side, sit back, and let someone else do the thinking."
16762,capricorn,general,20210404,"Your emotions could be quite strong today, Capricorn. You may find it difficult to act without having intense feelings come into the picture. Be careful about speaking without first thinking how your words will affect other people. It's important for you to be receptive in order to tune into the activity around you. Be open to others' opinions."
16769,capricorn,general,20210411,"A social event could put you in contact with people who love to gossip, Capricorn. They might have some juicy tidbits to report, and you could be torn between curiosity and compassion for the person being discussed. If what you hear is good, relax and enjoy it. If it's vicious, don't be afraid to speak up. Someone has to express displeasure at the spreading of unkind rumors!"
16777,capricorn,general,20210419,"What's driving you today, Capricorn? Why do you feel an obsessive need to get all your work done at once? If you're trying to impress someone, there's no need. Others already hold you in high regard. If the project you're working on is urgent, get some help. Don't try to do it all yourself unless you want to be too stressed out to accomplish anything tomorrow. Talk about counterproductive!"
16787,capricorn,general,20210429,"Career changes may be on the horizon, Capricorn. Although positive in the long run, the events leading up to the change may seem catastrophic. Your employer could go out of business or move too far away for you to commute. The secret here is not to panic. Accept the situation and move on. In the end, you will probably be glad that this happened. Success and good fortune are coming."
16791,capricorn,general,20210503,"You might not be in the mood to cooperate today, Capricorn. You will most likely want to work on projects alone at your own pace. You will probably have to come out of your shell and interact with others. You may need advice or input. Try not to be too pouty with your partner or kids. They might not understand the real reason why you're distracted."
16854,capricorn,love,20200704,"Don't worry if you don't feel up to that (real of virtual) date this evening. Make the effort to go anyway, as it will certainly be well worth it. The current planetary alignment implies that you will have a wonderful time and find that you have so much more in common than you originally imagined. But you will also find a powerful chemistry present as well - an added bonus!"
16858,capricorn,love,20200708,"Today's planetary alignment helps you to feel more mellow and relaxed than you have for some time. If you are able to go out on a date, then it will probably be a very romantic and memorable occasion. You will be surprised at how easily you are charmed into submission by all the right kinds of attention but do keep one foot on the ground at least."
16887,capricorn,love,20200806,"You have been aware of a slow and gradual change occurring in your life for some time now. Today's astral alignment indicates that this is one of those times when you need to look a little more closely at what needs transforming. Relationships are continually changing, and so are you. This is one fact of life you can count on, so go with the flow."
16899,capricorn,love,20200818,"You may find the celestial alignment particularly difficult today, as you have very little real energy to cope with a certain situation. You could feel hemmed in by someone, and this is making you tired. It needs some careful talking through, which may not be easy, but it is definitely worthwhile. You will have to take the first tentative steps towards a real breakthrough."
16908,capricorn,love,20200827,"This is a great time for all romantic relationships, even if they have been flagging. The day's planetary configuration indicates that they are more fun than usual, and also quite passionate, as well. It is fun to be together when possible and to share things, to be honest and open. If you have been dating for a while, go somewhere new, break with routine, and have a wonderful day."
16924,capricorn,love,20200912,"Today you may need to adopt the image of a wise and erudite person who knows absolutely everything about everything, if you wish to have a chance of that special relationship. You may have to dig back into the depths of your memory to come out with that one profound statement you learnt so long ago. But that may just be enough!"
16934,capricorn,love,20200922,"This is a day that can bring people together in weird and wonderful ways. It is filled with unity and togetherness, so why are you and your sugar puff just not getting along? Could it be something to do with the fact that you are way too bossy, and want your loved one at your entire beck and call every minute of every day? ""Nah!"" you say. Well, think again!"
16943,capricorn,love,20201001,"Today you may decide to take the plunge concerning a certain very important relationship. You may have erred on the side of caution for a while now, but equally fear that the whole thing will get nowhere. This is a great time to start talking about the future of your partnership, and a growing feeling of real companionship and togetherness."
16945,capricorn,love,20201003,"When you fall in love, you like the person concerned to be all yours, and to devote themselves to you utterly and entirely. This is why you may feel a little puzzled today! The energy of the day brings out some bizarre behavior in your partner. They seem mildly distracted and not their usual attentive selves. However, do not worry; time will tell what the real problem is."
16955,capricorn,love,20201013,"This may be a time when you feel it is not right for you to settle back in a steady relationship with anyone, as you have been deeply involved for too long now. The astral configuration indicates that for today at least, you are more than happy to flirt from dawn till dusk, and thoroughly enjoy all the attention you receive in the process."
16957,capricorn,love,20201015,"If you are on the verge of starting a new relationship, the energy of the day may cause you to stop in your tracks. It might seem that you are speaking to a different person, someone you have not met before, rather than someone with whom you are becoming more acquainted. Just realize that without a certain degree of conflict, your love life would be very boring."
16960,capricorn,love,20201018,"It is only through intense discussion that you manage to pry out that secret from your loved one today. You can only wonder why they have been holding something back from you. Actually, there is nothing to worry about. They are not telling you because they do not want to make you feel at all obligated concerning a situation in which they really do need your help."
16981,capricorn,love,20201108,"You can have a ball today. Doing something fun together with your sweetheart will do you both a great deal of good. You need to find a way to talk to new and different people, so try communicating with some new social circles and broadening your outlook and horizon. Take a risk and move into the unknown. Pretty soon you will have some great new friends."
16982,capricorn,love,20201109,"Today brings a chance to talk your way into that special relationship. You certainly have a way with words, and you certainly should use this to the fullest. Just don't go over the top. You might find that you have to retract some of what you already said when you discover that the object of your attraction does, after all, have a few faults and foibles."
16995,capricorn,love,20201122,"You will be bursting to finally spill the beans concerning how you feel about someone very close to you. You always like to keep part of yourself back, and dislike exposing yourself completely to anyone. But today you may wish to take a chance and allow yourself to be vulnerable. Your sweetheart will know where they stand, and you will feel a lot better, as well."
17011,capricorn,love,20201208,"If you get the opportunity to talk to that special person today, then just be very aware of what you are actually promising. You may promise the Earth when you actually have no intention of giving so much. If anything, it is better to offer less than you wish rather than more. At least that way no one will be disappointed."
17040,capricorn,love,20210106,"Although it may seem that your dearest loved one is ignoring you, rest assured that this is not intentional. Despite the fact that they may seem to have been paying more attention to a certain other individual or situation lately, this really is for entirely innocent reasons. Not convinced? You will be soon, when they spring a big surprise on you, and you realize just how much they do care."
17051,capricorn,love,20210117,"This is a wonderful day to deepen the bond and strengthen your commitment to one particular very special person. If you and your love are planning to make your relationship long-term, then this would be a good time to arrange a party and inform everyone of your intentions. It certainly will be an amazing day to remember. Be sure to take some photos."
17098,capricorn,love,20210305,"Developing a relationship is a learning process, and we are quite often drawn to those who can teach us the most about ourselves. The celestial atmosphere means that you have a chance to uncover more about why you became involved in your current relationship, and what you should be learning from it. This may also help you answer another important question that has recently been on your mind."
17102,capricorn,love,20210309,"Today's position of the planets encourages you not to give up on trying to get that all-important date with a certain person. It really is a matter of perseverance and patience. If you are already involved in a permanent relationship, then use today's wonderful atmosphere to enjoy some time together, doing all the kinds of things you love to do. There is some real magic in the air."
17108,capricorn,love,20210315,"The current astral configuration brings you an opportunity to see one particular relationship from a different angle. While you are normally quite good at doing this anyway, today your perceptions are even more heightened. Even though you do realize just how much you both share, with renewed insight, you also get to see that there is particular aspect to the partnership that is a sheer magic."
17111,capricorn,love,20210318,"Sometimes it takes an event that acts upon us like a bolt from the blue to get us to change our attitude toward life and love. The planetary transits may create such an opportunity in the shape of an incident that could leave you stunned. However, once you realize that this is not the disaster it first appears, but rather a unique experience - you will be ecstatic."
17112,capricorn,love,20210319,The astral configuration could help you break out of difficult situation within a relationship in a way that promotes true friendship. If you have been having difficulties with your beloved then take the first step of being honest and telling them exactly how you feel. Then allow yourselves to both express all that you genuinely feel. You will be pleasantly surprised at what can now take place.
17117,capricorn,love,20210324,"You often hope for that perfect romantic holiday. However, you are usually so busy doing your own unique thing that you sometimes don't notice romance until it has already overwhelmed you, and you are absolutely swooning. This is very much where you may find yourself today, already smitten and wondering what just happened. Don't worry: you'll eventually come around to it most enthusiastically."
17120,capricorn,love,20210327,"The current planetary configuration brings you many things today. Surprises, even though very little shocks you anymore. Hope, and lack of hope, love and fear of losing out to love.... You walk as if on a tightrope surrounded on either side by empty space. Although you may feel as though you are on a roller coaster, relax - the ride is meant for your enjoyment and it will be fine."
17128,capricorn,love,20210404,"The current aspect gives you the ability to laugh where you may have recently wanted to cry. Whatever the situation that tormented you, you will be able to see it in a new light after today. But then, you may also get some help from a person whom you know well, but have not considered in a romantic sense. They will help you see the light."
17135,capricorn,love,20210411,"Perhaps it's because you seem to be smiling so much more, or maybe it's the influence of the current astral configuration that puts that extra sparkle in your eye. Whatever the reason, you may well find that you meet up with someone who finds you truly delightful, in all senses of the word, and who manages to get you to forget about your responsibilities enough to make you laugh."
17143,capricorn,love,20210419,"The planetary alignment today heightens your feelings to a considerable degree, so that when a certain ravishing and delectable person catches your eye, you may find it virtually impossible to contain yourself. Thankfully, there may not be any need to, as there is every chance that they will find you equally attractive. It will certainly be a very interesting meeting, and could develop into something quite profound."
17153,capricorn,love,20210429,"Today's position of the planets means that you may want to postpone an outing or a date. You could be overreacting to a recent event that made you question the motives of your latest love interest, and also your own for becoming involved. If you can talk this through in an adult fashion, you may find you have nothing to worry about. It is certainly worth a try."
17157,capricorn,love,20210503,"A surprise meeting certainly gives you a lot to think about, with the current astral configuration. You may almost think about walking away, rather than taking up the offer of a date, simply because it all seems too quick and too sudden. But you would benefit by taking a risk and acting on your instinct if it tells you this would be the right road down which to travel."
17220,capricorn,career,20200704,Don't be a pushover today. Make sure you stand up for yourself when you know that someone is trying to hand you the short end of the stick. Be sure that you are getting fair pay and fair recognition for your services and hard work.
17224,capricorn,career,20200708,You are the important piece of the puzzle today. You will find that effectiveness in the workplaces increases several fold once you put your energy into the group. Put your two cents in when you know that something could be done a better way.
17253,capricorn,career,20200806,"You will skip over an important detail if you are not careful. Take your time. You may have to slow down, but this is fine. Slow and steady really does win the race today, so move with caution and check all the road signs twice before you proceed."
17265,capricorn,career,20200818,"Team up with someone you work with instead of trying to do everything by yourself. Having someone by your side will make the day go by much more quickly and smoothly. Furthermore, you will be twice as efficient as you would be working alone."
17274,capricorn,career,20200827,"Now is the time to explore your creative ideas and desires. Make sure you are in a position that allows you to expand and grow. Stagnation is like death for you. If boredom sinks in with your job, then you know it is time to find something else."
17290,capricorn,career,20200912,"Overall, you will feel especially strong, setting the stage for tremendous success in the workplace. You are at a particularly high point with no reason to be afraid of falling. If you want to take a step upward, now is the time to do so."
17300,capricorn,career,20200922,"For the past several weeks, you have received misinformation on something that is important to you and vital to your success in the workplace. Thanks to the cosmos clearing up, the truth is revealed and you are able to work with it constructively."
17309,capricorn,career,20201001,"You may not be feeling like yourself and others will question what is wrong with you. Don't pretend that everything is okay when clearly, it isn't. Be honest so that people can help you in the areas where you need extra support and encouragement."
17311,capricorn,career,20201003,"You hope to find escape from the difficult issues you've been dealing with. Unfortunately, however, the level of intensity continues - only the people and the setting change a bit. Try to maintain your sense of humor."
17321,capricorn,career,20201013,"While you are desperately trying to cheer everyone else up, it seems as if everyone else is trying to pull you down. There is an emotional weight to the day that is making it difficult for you to stay on the sunny side of the street. Do your best."
17323,capricorn,career,20201015,You are at a starting point. This is the time to make a resolution to yourself to take a new step in your journey up the ladder. Look for signs all around you. Subtle messages from the universe are helping to point the way. Be receptive to them.
17326,capricorn,career,20201018,"You sense that others are taking on a more serious tone even though you may not be at work. The people you are with can't seem to loosen up, and this is bringing you down. You don't want to get weighed down on a day when you are playing."
17347,capricorn,career,20201108,Don't get it in your head that no one cares about you or what you are doing. There is more to the story than this. Maybe the truth is that they truly don't understand what you are going through because you don't share enough with them. Share more.
17348,capricorn,career,20201109,There is no sense getting angry with the opposition and fighting them. You won't be able to beat them so you might as well join them. This is a time for you to make peace and find ways in which you are similar instead of the ways you are different.
17361,capricorn,career,20201122,"Other people are pulling your chain. Perhaps they want to make it seem that they are better than you, that their job is better than yours, and that they have everything, and you have nothing. Don't fall prey to this jargon. None of this is true."
17377,capricorn,career,20201208,"Don't let conflict between you and a co-worker cripple you for the rest of the day. In addition, don't be a pushover to that person's reckless approach. Take the time to collect yourself and refocus on the truth of the matter. Proceed from there."
17406,capricorn,career,20210106,"Instead of looking at all the negative aspects of your current plan, take a look at the benefits. Consider the potential rewards. If you think too much about the potential pitfalls then you are not likely to follow through on anything at all."
17417,capricorn,career,20210117,"You will become quite stressed today, thanks to the pressure from the people around you. Others are working themselves into a frenzy, and this energy is rubbing off on you. Try your best to sort through the nonsense and cut right to the facts."
17464,capricorn,career,20210305,Breathe free and easy. Try not to let heavy burdens weigh you down. There may be a tendency for you to think about all the things that could go wrong. Just thinking about these pitfalls will cause them to manifest. Think positive thoughts instead.
17468,capricorn,career,20210309,Don't act like the kind of person you think you should be in order to please others. Be yourself. Your conservative and practical approach is exactly what is needed at this point in time. Other people are opening in up to you in new ways.
17474,capricorn,career,20210315,You feel like you are being left behind. The world seems to be moving too fast and you are having trouble keeping up. This feeling will lead to frustration that will debilitate you even more. Don't get frustrated. Be calm and do what you can.
17477,capricorn,career,20210318,"Difficult relations with others will ease, since today marks the start of a three-week cycle in which you will feel a stronger connection with your co-workers. Relating to these people will be much easier than it has been during the recent past."
17478,capricorn,career,20210319,Walk on the sunny side of the street. This is a time for you to consciously be positive about your career situation and where you are going. Find a way to flip your mind from a negative perspective to an uplifting one. Your attitude is everything.
17483,capricorn,career,20210324,"You are likely to resist someone else's ideas or wishes because you sense that this person is trying to control or manipulate you. Most likely, this person is simply trying to help you, so be open and willing to accept advice from others."
17486,capricorn,career,20210327,"It may be hard for you to sit still today and not think about work-related issues, even if you are miles away from your workspace. Make a conscious effort to calm yourself down and simply relax. Let go of any nervous, restless energy that you have."
17494,capricorn,career,20210404,"You feel yourself under a great pressure to prove to someone else that you are worthy or deserving of something. You are feeling extra stress because of this pressure, and you are likely to make a mistake because of it. Calm down and relax."
17501,capricorn,career,20210411,The workplace is not very conducive for you to get your work done. Ask if there are any tasks that can be done outside of the office. Perhaps you can work from home or tackle a special task that doesn't involve others. Find an alternative path.
17509,capricorn,career,20210419,"You will feel a pressure to lift off from the solid foundation you are on, so that you can escape into the clouds. Inherently, you are hard-wired to resist this and so you fight with all your might to stay grounded. Don't fight. Just let yourself go."
17519,capricorn,career,20210429,"Adopt a light-hearted, happy-go-lucky attitude. You will have a hard time relating to people today if you don't. Trust that you will accomplish more if you are laughing and joking with people instead of being serious and uptight about everything."
17523,capricorn,career,20210503,"Discussions with friends could give you so many ideas for new projects that you might want to get started on them all at the same time. You might just be able to accomplish this; however, you need to pace yourself and work on one at a time. Don't be afraid to ask for assistance from those involved."
17586,capricorn,wellness,20200704,"Speaking your truth is the beauty of life and relationships, otherwise all beauty is hollow, and life becomes merely a charade. If you feel the tug of certain buried truths, it is wise to welcome them forth with the dedication to making yourself whole. If you feel you need more sleep in order to gear up for the changes you sense afoot, have the courage to say no to an unhealthy meal, and get to bed as early as you see fit. No excuses necessary!"
17590,capricorn,wellness,20200708,"You have been on a journey of process, it seems, and you may be craving something that you can sink your teeth into. Whatever you are craving, your internal organs are most likely craving as well. Give them something they can really ""gnaw"" on, such as: kale, chard, fennel, and chicory. Leafy green salads and roots vegetables can make a big difference in your outlook on life, believe it or not. Take a night off from working out and plan some meals that include these ingredients."
17619,capricorn,wellness,20200806,"Today's celestial configuration gives you more energy than you know what to do with. Internally you may feel confused or frustrated, while externally you may seem radiant and glowing. Do not let what others do or say influence your choices when it comes to your health. Follow your own internal measure regarding what you eat and how much, if any, alcohol you take in. There is no one else but you who knows exactly what it's like to be in your body."
17631,capricorn,wellness,20200818,"Today there are positive aspects beginning for you - supporting you in your endeavors. This may alleviate the haunting sense that you are ""all alone."" Many people will be brought to greater sensitivity (and necessary self-questioning) by this transit, and the result of this is that you will feel more like ""part of the gang"" around other people than you normally do. To accentuate this feeling of strength and self-confidence, you are encouraged to go to the gym, if possible, and build your upper-body strength."
17640,capricorn,wellness,20200827,"Today's aspect gives you a chance to express your playfulness with others. Enjoy this transit by increasing the amount of exercise you do - remember that increased energy comes from increased exercise. This transit can also have long lasting effects on your close relationships. Show people the warm and playful side of yourself, show your affection and open up to receiving affection from others. Drink plenty of water to keep you present and able to feel your fullest."
17656,capricorn,wellness,20200912,"The current planetary aspect may have you feeling that there is no way to approach feelings without there being any trouble. You may experience other people's feelings as obstacles, or somehow too much to deal with. Your own feelings may seem out of reach or overwhelming. Try to take some quiet time to center yourself and find your emotional core. Any element's hold on you is stronger when you are unaware of it, so try to pay attention to what you are feeling by getting some kind of exercise."
17666,capricorn,wellness,20200922,"Even though you may not feel like compromising today, it may be pretty hard to avoid! Instead of trying to do everything and as a result getting into a rut, keep your priorities at the top of your list throughout the day. Remember that you are of little use to others if your own needs have gone unmet. What do you really need to accomplish? Your health needs should be among your highest priorities: good fresh food that you eat slowly is a must!"
17675,capricorn,wellness,20201001,"It's not every day that you can open your mouth and like everything that comes out! With today's astral configuration, it might surprise you how easily you express yourself. Most importantly, you will be able to hear your own inner voice telling you exactly what you need and when you need it. When you wake up in the morning and you hear ""I'm thirsty,"" try to understand that the voice means water, not coffee! Listen well and give yourself what you need first."
17677,capricorn,wellness,20201003,Being yourself is feeling pretty easy these days. There is not a lot of challenge in your relationship with yourself - it is with others that the challenges can be a bit out of the ordinary. Concentrate on your own space: your relationship with yourself is the longest lasting one of your life and you must learn to take it seriously. Nowhere is this reflected more truthfully than in your diet. Are you giving yourself what you would give the most important person in your life?
17687,capricorn,wellness,20201013,"Try to give to yourself before you give to others. Meaning, focus on your wellness before you try to benefit from giving a sense of ""well-being"" to others. It isn't easy but is an important ability to cultivate. On any given day ask yourself what you've done for yourself: a nice refreshing run in the fresh air, particularly healthy meals and lots of water, a decision to have an early night for a good rest. These are the things that truly matter."
17689,capricorn,wellness,20201015,"With so much of our self-esteem invested in our body image, it is the wise one who takes care to maintain his or her physical health. Your underlying philosophy about health corresponds to your self-esteem. It's the little things that matter. For instance, do you own a water bottle that you can take with you when you drive a car or take public transportation? Do you floss twice a day to keep your gums healthy? By tomorrow make your answers yes!"
17692,capricorn,wellness,20201018,Your focus and determination are consistent qualities that others admire in you. You will admire them as well if you put them to the most personal use - your body. Be rigid and demanding toward what you allow in your diet. Only the best will do! Be narrow-minded and exacting about getting adequate rest. It is your best defense against the unpredictability of life! Your natural qualities can actually shape a very sensitive and gentle human being: you.
17713,capricorn,wellness,20201108,"There is a planetary configuration now that might force you to look at your whole approach to physical health and say ""Yuck!"" or ""C'mon, let's step it up!"" Be appreciative of the insights you have when you feel upset with things because there is much to be said for starting over with a new approach. One small step that is important for you to take, is a serious look at posture especially when you are at your desk. This can help you to avoid back and shoulder pain."
17714,capricorn,wellness,20201109,"You are greatly supported by the planetary energies on the emotional side of things but over the last few months you might have also found yourself putting on some extra weight. Look not into the mirror but into your heart and mind to discover what the cause might be for this change in your body. There is no need to worry about your appearance because beauty is honesty, and if you are honest with yourself you don't need to pass judgment."
17727,capricorn,wellness,20201122,"Another pleasant transit gives you the ease of getting what you want without stepping on other people's toes. However, you have to know what you want in order to get it, and that's where the work comes in. Centering yourself has to be part of your daily program. Exercise is a great way to do this. So is actively managing your diet so that you know what to expect from what you eat."
17743,capricorn,wellness,20201208,"You may feel like you're at the top of your game. The planetary alignment gives you the support you need to express your complex emotions: you find words work well for you when you talk about your feelings. It's not always necessary to talk to someone else, though. Try having a conversation with yourself to sort out your feelings when you are running or doing strength training. It's helpful to clarify your thoughts and feelings while you work out."
17772,capricorn,wellness,20210106,"Wonderful transits are occurring these days to allow for personal growth. Emotional material that has been ignored or repressed may come up. To manage this kind of awakening, it is important to stay physically active so that mental energy does not dominate you. Committing to some kind of aerobic exercise at least three times a week will help you immeasurably. Drinking a whole lot of water will also help you flush out those toxins - both physically and symbolically."
17783,capricorn,wellness,20210117,"It's sometimes difficult to know what we feel. Everyone is challenged by the question, “How are you?” But few people actually stop and ask themselves privately for a real answer. Begin checking in with yourself on a daily basis. If you don't know exactly how you feel that's OK, but just start taking the question seriously. It's very important to your health! Like anything, practice will make it easier, and you will become better able to serve your health."
17830,capricorn,wellness,20210305,"The planetary alignment makes you expansive and friendly today. Try turning your soft underbelly towards the world instead of that hard shell and you'll be surprised at what happens. There is a tendency to get stuck in ""receiving"" mode, however, so don't forget your own needs. Use the energy to remind yourself of what you really want and don't be afraid to vocalize it. Take time out to do something just for yourself, for example, if you are a busy parent. It will help you to better help others."
17834,capricorn,wellness,20210309,"You may be needed by everyone today. The aspect at play has a way of making people more emotional than usual, and they tend to run to the nearest person to help process the uncomfortable, the challenging, the downright scary. You may experience your own deep feelings welling up, and it's important to take time out to notice what's going on inside of yourself. Here is an ideal scenario: Prepare a nice dinner for your loved ones and take a long walk afterwards."
17840,capricorn,wellness,20210315,"Do you find that when you treat yourself better, the world is a better place? In order to take better care of yourself, take a close look at what you consume on a daily basis. It's important to keep weeding out the unhealthy habits, especially as you get older. You like to nibble, so be sure you have healthful things to nibble on rather than junk food. Dried cranberries are fun and tasty, as are pistachios. Dried papaya is a good friend too, as it aids in the breakdown of protein."
17843,capricorn,wellness,20210318,"One of your great qualities is the ability to be realistic. This is good news for setting up your health practice, as it's important to set attainable goals, otherwise you're likely to slip from pressure or lack of self-confidence. The exercise you choose needs to be something you like, and something that fits in with your daily schedule. For instance, if you choose rock climbing, you need a place where you can do that on a regular basis available (unless of course you live near a natural rock face!)."
17844,capricorn,wellness,20210319,"Whenever you run into a block in your energy or encounter what appears to be an exterior obstacle, take ten deep breaths and repeat this mantra: ""I enjoy discovery."" When you think about it in hindsight, the blocks we encounter are often full of potential and discovery. If you can learn to enjoy these moments of being ""stuck"" for the information they can ultimately give you, you will have a precious skill that will increase your well-being a thousand-fold."
17849,capricorn,wellness,20210324,"When you confront your demons - at the fridge late at night or with the snooze button in the mornings - you catch a glimpse of what needs some attention. Have you been nurturing your need for fresh, wholesome and tasty foods? Try baking an apple pie from scratch! Give yourself the treats you deserve in healthy, appropriate ways. And if you've been thinking about exercise rather than doing it, remember that you have a better night's sleep if you burn off stress with a run after your work is finished."
17852,capricorn,wellness,20210327,"You certainly like certainty, and with such strong celestial energy, you may find yourself feeling a little faint of heart today. Dig into what you know and fortify yourself with protective surroundings. This means sticking to your exercise regimen, not crawling under the covers for 'fear of the marketplace!' Push yourself to stick to your healthy habits - fresh fruits and vegetables, plenty of water - then get to bed early so you have time to lounge and experience the comfort of your bed!"
17860,capricorn,wellness,20210404,"A lot of emphasis is put on diet these days - choosing the freshest foods available and preparing a variety of healthy meals so that all your nutritional bases are covered is key. Another important part of diet is to eat slowly and chew your food carefully. Apart from avoiding the risk of choking, well-chewed food helps us avoid over-taxing our digestive glands. Many people who gulp down their food over-work their glands and find that they stay ""hungry"" even after eating!"
17867,capricorn,wellness,20210411,"Today's planetary alignment gives you a sense of expansiveness in your home life, in your emotional life, and in your relationship with yourself. Use this energy to square away any unresolved issues in your home life. This could mean looking into your health habits and asking yourself if you're really ""living"" as comfortably as you want to be. Do you eat enough green leafy vegetables to keep the digestive track running properly? This is one kind of ""spring cleaning"" that must go on all year!"
17875,capricorn,wellness,20210419,"Today it becomes apparent just how dedicated you are to home and family. Family is a cornerstone in your life or will be at some point. The most critical issue concerning families is health. Whether you are parent or child, your health is bound to mean the world to someone else. Why not have a handle on how to take care of yourself to the best of your abilities. Know your limits and be active and creative about your health. It will do you and your family much good."
17885,capricorn,wellness,20210429,"Walking the line between exerting yourself and conserving your energy is a delicate practice that needs the support of a healthy diet. Too much carbohydrate and fat consumption can take the vitality right out of your system! Take a couple of days to clean yourself out. Try making light meals of soup and salad to give your digestive track a break. At the same time, drink a daily herbal tea of Wood Betony and Verbena."
17889,capricorn,wellness,20210503,"A great deal of emotional energy is at hand due to today's planetary positions, and no one will feel it more poignantly than you! Your natural inclination to take care of others is tapped by this placement and your emotional attachment to people close to you will grow more intense during these few days. To help some of the intense energy dissipate make it a point to get some exercise every day - preferably in the morning."
17952,capricorn,birthday,20200704,"You have a secret source of great love and support this year, possibly from friends and relatives. Be grateful and don't press for explanations. It may be a year of random acts of kindness, so perform your share. Be energetic in October, smoothing ruffled feathers and restoring peace and pleasantness at home. Be more low-key in November, but still fully enjoying life. A change-up in daily routine could have long-lasting effects. Enlightenment is possible in February. If sparks fly at work in April, you can cope with it. Spend the last month lavishing and receiving love and encouragement. It's a passionate, powerful year!"
17956,capricorn,birthday,20200708,"Your daily life doesn't need to have anything lackluster about it this year. You've got the magic touch, especially at home in the first month, and know how to set people at ease. After a nice, quiet stretch, family and friends may want to spend more time with you in October. Enjoy the attention and tactfully share any extra expenses. People want to treat you well and stay in your good graces. Reserve judgment in December if a close friend or lover disappoints you. You can learn why before the year ends. Let tender feelings express themselves, and treasure those hugs and kisses!"
17985,capricorn,birthday,20200806,"Your tastes and desires may differ from what the world offers, but don't swerve from what you love. In October friends or family may suggest things you don't like to do, but be gracious and play along if you think the company is good. Follow your own drumbeat in December, be calm and pleasant through the holidays, and be glad you did. If misgivings arise in April or May, that's fine. Respect your right to reevaluate earlier opinions and actions. Learn, improve, and advance. Love yourself, and give others the chance to love you, especially in the last month. It's a stimulating, sexy year!"
17997,capricorn,birthday,20200818,"Be part of a bigger extended family and take a bigger social role with friends and community. Bake more brownies (to share, of course) or simply smile and comfort the shy and quiet around you. Focus on the details of daily life despite desires for great or flamboyant things. In November friends may expect you to take the lead in everything. Be bold and creative in January. A flash of love in February promises great things, but may fizzle. Enjoy and don't be disappointed. A reward for a forgotten favor may appear in April. Be popular, sought after, and downright loved all year!"
18006,capricorn,birthday,20200827,"Things can click and fall into place for you in the material world this year. Generosity, good timing, and just being smart will all contribute to your financial progress. Details are easier to manage, so watch that budget, pay the bills on time, and enjoy being with your favorite people, especially in the fall. Big pleasures can come to you at zero or very little cost in January. A romantic fantasy may find you in February. Enjoy, but don't flounder in it. Do some favors in April and be rewarded. The last month is full of gifts and glamorous times! Have a proactive, prosperous year!"
18022,capricorn,birthday,20200912,"Be articulate and charming this year, and perhaps speak for those who can't speak for themselves. You know what matters. Work and finances look stable enough to permit more public involvement - and enjoyment, too. Cultivate diplomacy and find energetic companions in the first month. In November interact with sympathetic friends, but don't be overly ambitious. A home affair may need attention in January. People will offer help should you request it. Respect your health and energy level in February. Be highly visible in June. People will remember and seek you out again in July and August. Better than fame - bask in good luck, good deeds, and love!"
18032,capricorn,birthday,20200922,"Step into your own light this year! A karmic peek into your own mind is possible in October. Get finances and expenses under firmer control in November. Fun and adventures near to home are on your cosmic agenda in December. Friends will encourage this. Love and be loved in a bolder and more vocal way in March. Disagreements shouldn't be necessary. Even you should notice a more self-confident, outgoing mood by July and August. Connect better with more people in the last two months, and leave room in your heart for that most intimate and special one!"
18041,capricorn,birthday,20201001,"It's a great year to bring home life and social life into better accord and surround yourself with happy family and friends. Your playful, clever nature encourages people to listen to what you have to say. Older people and relatives may be drawn to you - and be generous - in November. Be busy and renew contacts in December. January may draw you deep into a home concern that will greatly enhance your overall environment. Don't stress over any changes. Love suddenly enters the scene in April. Enjoy some rare peace and quiet until August reignites life with big fun and affection!"
18043,capricorn,birthday,20201003,"Your inner child is near the surface this year and will lead you to many joyous and creative times! You're smart and naturally cautious, so there should be very little risk involved. You may be especially cautious regarding money in the autumn, but this will relax and leave you with more than enough resources for everything you need and want. You may crave new romantic excitement in the spring. Work and rest well so you can be ready for a boost in your social life in August. The last few weeks of the year may be the loveliest and most affectionate of all!"
18053,capricorn,birthday,20201013,"Feel at home anywhere in the world this year, and get attached to a few new favorite places, people, and things. Your great natural charm will make you popular no matter where you are. Your clear, thoughtful nature makes you easy to get along with. Being practical, energetic, and enthusiastic in the first three months will propel you through a successful, happy rest of the year. A brief escape into fantasy lightens up February. Play it safe in April. A trip is possible in July. Work is pleasant and plentiful in August. The last month is full of harmony, happiness, and love!"
18055,capricorn,birthday,20201015,"You'll be on a lot of people's radar this year, and having such a public presence will bring you much good luck. Your mental and social skills are at their peak and work together flawlessly, starting in the first month. Pace yourself and don't overexert, especially in November and April. Money and possessions may motivate you in December, making it sometimes hard to slow down. Find artistic or spiritual release in February. You glow in the work world in August. An increase in money, reputation, and recognition are all possible. Be modest and know you're worthy. Enjoy a glorious, glamorous year!"
18058,capricorn,birthday,20201018,"Think big, talk with lots of people, and go out and be seen! It's no time to hide out with a small circle of friends and associates. Think instinctively before you act in the first month, and balance charm and mature sophistication. A monetary windfall (maybe some borrowed money returned to you?) or valuable gift may find you in December. Say thank you. Dream big in February. Avoid needless risks in April, and play it safe and happy. Be more prominent at work in August, and don't shirk from being more in charge. Get social and popular in September. It's a fun, fabulous year!"
18079,capricorn,birthday,20201108,"Taking care of business ranks high for you this year, and a lot of that business may not even be yours. Be patient, listen, and take time to reply, especially with loved ones in the first two months. Keep to that budget and stay secure in January. Make your home more loving and lovely in February. In April surprise someone with an old favorite trick they've never seen you do. June and July may be busy with other people's concerns. Do what you can and have no regrets. Win hearts in August and win minds in October. It's a splendid, loving year!"
18080,capricorn,birthday,20201109,"Enjoy a lot of mutual concern and give and take among friends and family this year. No one will feel stranded or forgotten when times are easy or rough. Be the tactful voice of reason for your family in the first few months. Put more energy into increasing income in January, and see quick results. Mind the budget, though. Decompress with some mildly crazy fun in April and May. People may need one another in July - be there and be cherished. Be sublimely lucky and popular in August. As the year ends, be greatly respected, loved, and admired!"
18093,capricorn,birthday,20201122,"Your generous spirit drives you forward to happiness and success! Keep yourself in the equation of life, help others, and greatly help yourself. Material well-being is the focus of January, and you have energy and luck to profit from all your work. Friends offer relief, comfort, and fun in February. In March and April fill your home with a fresh feeling that's pure you. August can get exhausting and expensive, so respect some limits, as hard as that may be. The last month may have some frustrations, but don't get impatient or question any decisions you've made this year. Live and love to the fullest!"
18109,capricorn,birthday,20201208,"You don't have to solve everyone's problems this year, but you certainly have the strength and know-how to do so. Be sweet and firm as the year begins. See a radically different side of yourself in January. This can benefit you in your finances and in the work world in February and October. A change at home or with family could be big but no surprise in April or May. People may keep you busy with their problems in July and August. Listening can be helpful, too. Honesty and heart-warming clarity in an established love affair are yours in the final months!"
18138,capricorn,birthday,20210106,"Be energized and serious about all you do this year! That includes having fun. You might be the center of excitement in April, or you may spring a huge surprise on everyone. Be humble in public and thrilled in private. Save some passion for your own well-being in August and have a great fun-filled summer. Other people take up your time in October, but it will be good for you later, too. Feel serious and work hard in December. In January a big change at work could happen around you. Stay settled. Friends and that special love are never far away!"
18149,capricorn,birthday,20210117,"Many exciting times are on your horizon this year! Be sensible, pace yourself, and have the energy to do as much as you like. Surprise people all year, especially in March and April. Force yourself to take a moment and focus your attention on what you want to achieve. Be ambitious. A touch of charm will make your great energy more acceptable, and even admirable, to many people. August may get wild and hyper, so stay practical, especially about money. Be wise, influential, and modest in late November. In the last few months be surrounded by loyal friends, brilliant ideas, and great love!"
18196,capricorn,birthday,20210305,"It's a busy year full of big plans and big energy! Get your schedule organized in the first month and work hard. Save a little more, if you can, and see a sweet personal reward before July. August could be busy with summer excitement, but it doesn't have to be expensive. The end of December could be hectic, but stay focused and do your best for yourself and others. You might have an urge to get away from it all in January. Friends - and a special new love - will give you all the affection and rest you need at year's end!"
18200,capricorn,birthday,20210309,"You can make your career glow with success this year or you can make a shift to something new! You are most practical and solid in the first month. You can get inside people's heads, too. Keep the cash flow balanced and maybe acquire a small desired item in June. Enjoy some pleasant but inexpensive summer fun with family in August. Romance gets nostalgic in November. Prepare for a possible big change at work in January. February is big, so look and do your best. Relax with friends afterward and let some surprises make you smile. Love isn't far behind!"
18206,capricorn,birthday,20210315,A secret desire for something special could motivate you this year. Or it might be time for you to make private plans for a nicer lifestyle. Be ambitious and busy in the first few months and perhaps create a financial opportunity. Enjoy more luxury time with friends and family in July and August. Try not to spend away whatever you gain. Be sensible in love in November and feel appreciated. A startling new idea or project could distract you in January. Friends may inspire you in February. The last two months are bubbling with fun and affection. Make great advances this year!
18209,capricorn,birthday,20210318,"This year you may get more interested in money and the nice things it makes possible. Cleverness and get-rich-quick schemes won't deceive you. You may discover some sound, practical ideas in the first couple months. Hard work matters, too, and you may deserve a small private treat by July. Share good times with family and friends in August. You might want to host a party or summer event. A quiet romance could find you in November. Stay low-key and let things take care of themselves. Friends and the social scene come to life in the remaining months, including much love!"
18210,capricorn,birthday,20210319,"Charm and elegance are yours this year. You're smart. You know that life is more than money and material comforts, but you don't discount their importance. Be highly motivated all year and achieve a lot early on with what feels like little effort. Work diligently and maybe celebrate in August, perhaps on vacation. A friendship could become a serious romance in November. Deal promptly with any perceived crisis in January and see quick, easy resolutions. Amuse yourself with dreams of luxury in February. Friends and lovers are there for you, sometimes surprising you in the last two months!"
18215,capricorn,birthday,20210324,"Find countless pleasures in daily life and have a great time all year! You're full of energy, so nothing and no one can rain on your parade. Be smart and sensible in the first few months and calmly work hard to further yourself. See better income and steady progress before July. Be lucky and feel rich at home in August. In September be more young at heart and enjoy things more. Be healthy in November and poised to handle any problem in January. Dispel a cherished dream at work in February and move forward. Surprising love and friendship round out a great year!"
18218,capricorn,birthday,20210327,"The pleasure of good partners and teammates will make this a happy, powerful year! Early on think carefully about where you are and where you're headed, then work hard and be ambitious. The home budget may grow in July as you see progress. Be very lucky in August and attract more luck for your home environment. Don't remodel yet, though. September and October are times to luxuriate in doing what you love with people you love. In February you may recognize that a previous opinion came from a false impression. It's easy to fix things. April is yours for fun and fantastic love!"
18226,capricorn,birthday,20210404,"You always have the big picture in view and know what to do when! You may not pay much attention to others, but you inspire them. Be most energetic in the first month. Friends keep you hopping and happy in July. Surprise yourself in a big way in August. Do good things with it. Catch up with some older friends in November. Learn and try new things with new people in new places in late January. Be realistic and responsible but open to the future. Friends and love return in a big way in the last few months. What a charmed and charming year!"
18233,capricorn,birthday,20210411,"You know what you want and how to get it this year! You may not get everything instantly, but you know how to make it happen. Cleverness and energy are gifts that serve you well, particularly in the first few months. Be quietly productive and responsible. A friend may have some good ideas for you in July. Some unexpected good luck may find you while you're busy having fun with family in August. Reevaluate your position in November, and don't be too self-critical. You're doing well. In April and May relax with friends and perhaps a loving admirer who finally speaks up!"
18241,capricorn,birthday,20210419,"Your best luck and greatest treasures will come from people and places close to home this year. People work smoothly with you, and your enthusiasm and energy will find lots of constructive projects in the first two months. Be respectful of your money and have more than enough. August is pleasant and September absolutely joyous with social and family events. No need to run wild or be extravagant. Everyone is feeling generous and loving. Respect any health concerns in November and let go of any regrets. In February aspire to something more for the future at work. It's an ambitious, affectionate year!"
18251,capricorn,birthday,20210429,"Be your own best friend and be healthy and happy all year long! Friends and family will encourage you to take better care of yourself and make it easier. See benefits in August when your energy increases and smart decisions can bring more income. Have fun all summer, and be generous without spending more than needed. Feel more creative in November, but let those bright ideas simmer. Take good care of yourself in late December, and don't overdo the holiday eating and partying. Love could surprise you in January. Pleasant surprises at work in April may pay off big for months to come!"
18255,capricorn,birthday,20210503,"Have big plans, big ideas, and big dreams! There's all the energy you need. Be realistic in your approach and see what you can make happen. August is loving and luxurious without any need to overspend. The whole summer is made for fun. Enjoy quiet time in November and politely ignore any meaningless criticism. A big love (not necessarily a person) could come or go in January, or perhaps it's simply a shift in the romance lineup. Working for a good cause touches your heart in February. Be daring but not reckless at work in April and gain respect and rewards. Have a magnificent year!"
18318,aquarius,general,20200704,"The subtle tension in the air today might be just what you need to make you more aware of subconscious issues that affect your behavior, Aquarius. You'll find that you need to get a lot off your chest. The more honest you can be about the pain people have caused you, the more loving words will be able to flow in the future. Open the channels of communication and let it flow."
18322,aquarius,general,20200708,"Maintain your psychic shield today, Aquarius, because you'll need it. People's comments may seem harsh even if they mean well. Your best defense against the critical tone of the day is to use other people's criticisms as constructively as you can in order to build a stronger foundation from which to work. Process this energy in a positive frame of mind and use it to get things done."
18351,aquarius,general,20200806,"Sometimes your emotions overtake your rational thoughts, Aquarius, and you end up acting on impulse. Today you'll find that your head and heart are aligned on significant issues, and that they're working well together. Try not to swing the other way by becoming too rational. Your goal is to find the best working balance."
18363,aquarius,general,20200818,"You may feel a need to get moving today, Aquarius. Almost everyone at times prefers quiet activities, books, art, and even just sitting around to physical activity. But your health can suffer if you're too inactive. Fresh air, exercise, and sunshine are vital to your well-being. Don't resist the urge to get up and do something active. Chances are good that you'll really enjoy it."
18372,aquarius,general,20200827,"Today you wake up feeling reinvigorated and renewed, Aquarius. You feel as though you can accomplish anything. And very likely, today you can. Anything you set your mind and attention to works out beautifully. Take care that you don't gloat too much, though. Just because you feel invincible doesn't necessarily mean that you are."
18388,aquarius,general,20200912,"A close friend or loved one might drop out of sight today. You may panic when he or she doesn't return your phone calls. Don't jump to conclusions. They're preoccupied with matters that for the moment appear important and will contact you in time. When you do finally connect, you could hear some interesting news. Relax, go about your business, and look forward to the call."
18398,aquarius,general,20200922,"This is a good time to forge new relationships, Aquarius. Be open-minded if someone you know approaches with a proposal. Do your homework and examine the potential risks, but this is a fine period in which to pursue something new. Success and good fortune are coming. Keep your eyes and ears open for opportunities. You may hear some important news from your love interest."
18407,aquarius,general,20201001,"If you own your home or have any kind of investments in real estate, Aquarius, you might hear some great news today about the value of that investment. It's likely to be increasing, and probably will continue in that direction. This could make a big difference in your life in some way right now. In fact, there might be a number of options opening to you. Consider them all carefully and go for the gold."
18409,aquarius,general,20201003,"There's apt to be a comfortable feeling about today that should make you feel quite secure and nurtured, Aquarius. Perhaps you're feeling protected by a strong force, maybe an internal one, that's reminding you that as long as you stay within the lines, everything will be fine. There's a familiarity to things that will make it easy for you to navigate any rough waters."
18419,aquarius,general,20201013,"Your natural warmth is enhanced by a new sense of self-confidence, Aquarius. Whichever kind of group activities and social events are possible might bring you into touch with people who prove to be valuable business contacts. Whatever goals you've attempted to reach may finally show signs of materializing, possibly through the efforts of others who believe in you. This should be a very fortunate and enjoyable day for you. Make the most of it!"
18421,aquarius,general,20201015,"An intriguing new neighbor, perhaps someone you're attracted to, could move in near you, Aquarius. This might prove very exciting. You will probably strike up a conversation and enjoy talking with him or her. Whether you choose to pursue this attraction depends on both of your current situations, but at the very least, you will make a new friend."
18424,aquarius,general,20201018,"You might feel like you're getting worked up from all angles today, Aquarius. Find comfort in knowing that things will definitely improve by tomorrow. You might get the feeling that somehow you're all alone despite the circle of friends that surrounds and loves you. You may be called to action by a strong force. Try to stay abreast of information and developments around you so you can make the most informed decisions possible."
18445,aquarius,general,20201108,"As a person who embodies affection and tenderness, Aquarius, you may feel especially resentful about today's mood. It will be difficult to charm a smile out of anyone or achieve any semblance of harmony. Moreover, the friction won't spare siblings - even close friends may quarrel. Prepare to duck and cover because clashes are likely to occur all around you."
18446,aquarius,general,20201109,"Is there someone persecuting you, Aquarius? Is there a situation that feels unbearably oppressive? Today you won't have any trouble identifying the source of your problems. And the great news is that is the first step toward obtaining release from them. But you can't expect it to be easy. The day ahead may feel somewhat overwhelming."
18459,aquarius,general,20201122,"Are you feeling scattered, Aquarius? It's possible that you're wondering about a million different things today. Are you strong enough to assume your family duties? Are you attractive? Are you important? Of course, all these questions simply distract you from your anxiety. Don't worry. The next few weeks will be less stressful."
18475,aquarius,general,20201208,"Money matters look uncertain and a bit deceptive, Aquarius. This isn't a good day to enter into any kind of investment program, negotiate salaries or commissions, or change banks. Your dreams may be a bit disturbing, but this likely reflects fears from the past rather than dangers in the future. Write them down, however. You may learn a lot about yourself by studying the symbols."
18504,aquarius,general,20210106,"Close relationships could lead to a feeling of spiritual unity today. In fact, Aquarius, you might feel as if those who share your interests are actually your family now. If you're involved, expect to experience warm and passionate feelings toward your partner. If not, don't be surprised if someone new comes on the scene. Shared intellectual interests might be what bring you together."
18515,aquarius,general,20210117,"Today you might see old and new friendships and romantic involvements reach a new understanding, Aquarius. This creates a stronger commitment between you and those who care for you. This is a great day to execute paperwork, particularly legal contracts. Your business sense is operating at a very high level. You're more apt to spot clauses that need work, so go for it today."
18562,aquarius,general,20210305,"An opportunity to earn extra money in a creative way may come today from an unexpected and perhaps even previously unknown source, Aquarius. This could come as a surprise, but you're likely to want to take advantage of it. You could also be the lucky recipient of a financial windfall. Someone who owes you money might suddenly pay you back. This should definitely be a good day for money!"
18566,aquarius,general,20210309,"Your ego should be strengthened by your emotions, and vice versa, today. Be yourself in every capacity and situation, Aquarius. Things should flow quite smoothly for you as long as you keep the energy moving within you. Share your feelings honestly with others and you will find that your inner vitality strengthens. No one will be able to speak against words that come straight from your heart."
18572,aquarius,general,20210315,"You're a sensitive and caring person, Aquarius. Today you feel especially connected to your group, even those you don't know well. Your kind nature brings healing to others and many benefits to you whether you're aware of it or not. You should be feeling happy and upbeat. You're physically fit, you look great, and you will be happy to spend the day socializing."
18575,aquarius,general,20210318,"The survival of a partnership could depend on some open and honest communication today, Aquarius. Conflicting issues may be simmering and need to be aired in a sensitive and caring way. It's vital to express the affection you feel for your partner and the importance of this partnership to you. The conversation may not be an easy one, but you will feel better for it by day's end."
18576,aquarius,general,20210319,"Today, Aquarius, you're likely to undertake some seemingly urgent decorating projects in order to get your home in tip-top shape. It could be that a few minor purchases are all that's needed. But you may decide you can't live with the color of the bedroom one moment longer and take matters into your own hands and do the job yourself. You will be exhausted but pleased by the end of the day."
18581,aquarius,general,20210324,"There's an explosive quality about the day. You may walk along, minding your own business, when someone accidentally bumps into you. Your first reaction may be to push that person back. Carelessness on the part of others may cause you to get worked up into fits of rage. Do your best to keep these tendencies under control, especially when driving."
18584,aquarius,general,20210327,"Your moods are always fluctuating. Today looks like you're on an up note, Aquarius, so enjoy the caring, sensitive mood of the day. You should find that you can clearly express your emotions on a more intellectual level. At the same time, you're also able to put more feeling and sensitivity in your otherwise dry intellect. Realize that we are all one."
18592,aquarius,general,20210404,"Other people may find it difficult to deal with today's intensity, Aquarius, but you will be quite adept at fitting into whatever situation comes your way. The waters may get quite rough, especially when it comes to love and romance, but know that the boat you're on is seaworthy. There's also room for others, so let more people on board."
18599,aquarius,general,20210411,"Over the past few months you may have thrown yourself into your work, accomplishing feats that ordinary people would never even try. Today you should give your brain a day off! Don't worry. Your successes haven't gone unnoticed by higher-ups, and you can expect to reap the rewards that come with hard work. For now, you need to do something light and entertaining to recharge those batteries."
18607,aquarius,general,20210419,"If you're attending a class tonight, do something frivolous for the rest of the day. Read romance novels instead of great literature. Otherwise, by the time you get to class you will already be suffering from intellectual overload and absorb very little of what you hear. Keep yourself hungry for knowledge until you get there. That way you will learn quickly and retain a lot."
18617,aquarius,general,20210429,"Premonitions today might be rather disturbing, Aquarius, and you might actually feel some fear because of them. Don't panic! Your intuitive abilities aren't quite as sharp as usual. What you feel could be distorted or untrue. This doesn't mean you've lost it, either. Try to be objective about everything you pick up psychically. You will be glad you did."
18621,aquarius,general,20210503,"Start today on the right foot by projecting a positive mood and healthy mindset, Aquarius. If you're dragging your heels and already dreading the forthcoming events, you will only succeed in making it harder to move ahead, regardless of what you end up doing. Attitude is everything. This is one of those days in which it matters the most."
18684,aquarius,love,20200704,"Current planetary energies give romance a real opportunity to blossom where previously nothing seemed to be happening at all. Whether you are both willing to give each other more of a chance on this occasion, or perhaps you see something in each other that you never really noticed before - you have the potential to be star struck, and Cupid will score a direct hit."
18688,aquarius,love,20200708,"Don't let your usual worries stop you from going out and having a really good time this evening. The current celestial energy encourages you to dress in some of your most individualistic clothes, and to really make sure you look your best. If you’re able to go out to socialize, you could meet a person who will be bowled over by your unique and original style - so it is worth the time and trouble."
18717,aquarius,love,20200806,"What you tend to fear most is any deviation from the norm, or any slight delay or hitch in your schedule - in fact, the unknown in general. However, the planetary configuration is asking you to make a tough decision. You must either move into the unknown concerning a certain relationship, which will bring many changes, or stay put in your dry and dusty little corner."
18729,aquarius,love,20200818,"You perhaps need to see how not being able to accept others as they are is bringing your current relationship into some difficult waters. The planetary alignment is bringing to your attention a pattern of behavior that is making it difficult for others to get really close to you. If you can stop yourself before you are about to repeat this behavior, you will be able to gradually change it."
18738,aquarius,love,20200827,"The day's planetary configuration indicates that you may experience a strong intuitive feeling about someone you know. The realization may come that you are bonded to this person in a particularly close way, and that you know them at a very deep level. This may affect your attitude, which, if previously distant, may now become much closer. You will feel a warmth that you never noticed before."
18754,aquarius,love,20200912,"Today flirting with and seducing your favorite person has never been easier. You just have to spend as long as it takes, slowly going through all the details of your latest research project, one by one, as well as your latest theories that you are about to have published. The cosmos has already arranged for your prey to completely adore you. Really, it's that easy!"
18764,aquarius,love,20200922,"You can't help feeling as though there is something missing from the conversations you become involved in right now. The day may be encouraging a sycophantic attitude that makes you want to throw up. In reality, everyone is just dying to say what they really think. Your nearest and dearest knows only too well what they think, and fully intends to tell you and everyone else."
18773,aquarius,love,20201001,"This is a great day for you and your sweetest darling to do something constructive together. You can now start work on any of those great ideas you have had, like starting the loft conversion or rebuilding the garage. If you can work through the planning stage together without any major disagreements, you won't have much trouble in getting the rest organized."
18775,aquarius,love,20201003,"The influence of the planets is making you one tricky person to get along with today. One minute you are criticizing your loved one for their disgusting habits and wishing they would clean themselves up a bit, and the next moment you are adoring the very ground they tread upon. It may be best if you give each other a little space for at least a short while."
18785,aquarius,love,20201013,"If you and your loved one need any excuse to have fun, then the lovely day ahead provides the perfect opportunity to have an adventure by going out somewhere exciting. Or you may prefer to create a sumptuous feast and stay in to enjoy feeding each other. Either way, you will have a great time, and will also strengthen you intimate bond."
18787,aquarius,love,20201015,"You may think twice before getting in touch with that gorgeous person you have admired from afar for so long. Today you see a different side to them, a new angle, and you are not sure if this really appeals to you or not. But rather than just wondering, do your best to find out for sure. At close range, you could find this aspect of their personality actually very attractive."
18790,aquarius,love,20201018,"The astral alignment means that you can now hold that vital conversation with your loved one. If you have had something on your mind for some time, then take this opportunity to sit down with them and have that much needed talk. It will not only clear the air, but it will also result in many new ideas of things you can do together."
18811,aquarius,love,20201108,"Spend time with your love interest. If your latest liaison is not only a secret, but also a dangerous enterprise, then you may feel even more moved to take a gamble. Maybe you would like to take them out and show them off. Life and love are a continuing succession of changes and risks - perhaps yours will pay off today!"
18812,aquarius,love,20201109,"There is no point in wasting a great chance to share how you feel with that someone special. You will come out from your shell. However, there is no need to hit them verbally with the depth of your passion straight away. Just let your partner (current or prospective) gaze into your wonderful liquid eyes and let your return gaze express how you feel. Don't spoil it all, though, by bursting into tears!"
18825,aquarius,love,20201122,It is by talking things through that you finally get to the core of an issue that has been bugging you for some time. You will want to sit down with a loved one and get it out in the open. This will really help you both to explore the deeper feelings you both have for each other and enable you to renew your commitment.
18841,aquarius,love,20201208,"Something is making you feel more restless than usual within your current relationship. You could be feeling bored and wishing for some kind of excitement or any out-of-the-ordinary event to whisk you out of your daily routine. Rather than looking to your partner (current or prospective) to fill the gap, try being more exciting yourself. This is the ultimate answer."
18870,aquarius,love,20210106,"The planetary alignment encourages you to take some very bold steps concerning a certain relationship, whether it is one you are already involved in, or a budding partnership. All you need do is change your perspective slightly. As you tend to be a person of the moment, try extending your range of possibilities to include a few interesting challenges for the future, and here you will find a recipe for success."
18881,aquarius,love,20210117,"The energy from the planets creates a mood of harmony between you and your love interest. Somehow you both feel really good in each other's company, and if there have been any problems recently, you are more than willing to go halfway to find a solution. This is a good time to consider plans for the future, and ways in which you can begin to put them into motion."
18928,aquarius,love,20210305,"Today's astral configuration gives you an opportunity to get to know someone better, but it may not offer the chance to get to know them completely. If you are willing to be patient, this may start out as a wonderful friendship that grows ever deeper as time goes on. Eventually it will become the intimate partnership that you are now hoping it will be."
18932,aquarius,love,20210309,"You just need to state your case and refuse to take whatever is being dished out by your current partner. Today's planetary alignment means that this is as good a time as any to say what you have to say, because they will understand your perspective and will be eager to cooperate, and even make it up to you. Just make a start, it will work out well."
18938,aquarius,love,20210315,"Don't worry too much if you seem to have a little trouble working out just what your love interest is about today. Today's position of the planets indicates that your partner (current or prospective) is feeling the need to spend some time alone. This doesn't mean that the relationship is falling apart, just that in reconnecting with themselves, they will more surely be able to connect with you."
18941,aquarius,love,20210318,"The celestial atmosphere today may give you the courage to take a risk that you have been pondering for some time. It's not that you suddenly gain an extra dose of courage, but more that you appreciate the dilemma associated with your love interest from a new and very different perspective. It is this that helps you to see a way through, and enables you take the required action."
18942,aquarius,love,20210319,"You will feel on top of the world with the planetary transits of today. If you are in a permanent relationship, then make time to go and celebrate your love for each other in a very unique and individualistic way - do something you have never done before. If you are looking for love then make sure you are being absolutely yourself, right down to your tiny toes."
18947,aquarius,love,20210324,"You have the choice between work and play. Both options are very possible today. You may be in the midst of a board meeting, but you won't be bored for a minute because just across from you, love is playing one of its tricks, and you cannot help but be completely bowled over. You may be working now, but you'll be playing later."
18950,aquarius,love,20210327,"You may feel a little like a fish out of water today, trying to fit in somewhere you don't belong. You need not put yourself through this in order to get the attention of someone special. There are other ways that are not so extreme. Perhaps writing a romantic card or a letter describing your feelings would be a better way to start. Let your feelings flow."
18958,aquarius,love,20210404,"You are perfectly capable of waxing lyrical about your feelings, due to the current aspect. This gives you the ability to stand back from the river of sentiment running through your system, and while not feeling it, certainly describing it in detail - which to the person on the receiving end will seem like the real thing. Only we know the difference, and will never tell a soul!"
18965,aquarius,love,20210411,"Today's astral configuration brings a new radiance to your day. It could be that you feel warmly optimistic about the date you are going out on tonight, or it could just be that you are currently enjoying life. Whatever the reason, you will have even more occasion to smile after you meet up with your new friend, who proves to be one very amazing person."
18973,aquarius,love,20210419,"You may not be able to stop the buildup of electricity between you and another person today, especially with the current planetary configuration. Thought and logic just do not enter into this, and no amount of planning could have prepared you for the intensity of the situation. This will be one person whom you will either remain very close to, or be tempted to run from."
18983,aquarius,love,20210429,"Your enthusiasm for a certain person may be dampened, due to some irritating gossip that you may have heard about them. The present planetary alignment could indicate that because you do not yet know them that well, you are wondering how much truth there is in what you have heard. In all honesty, it may be better to ask them directly and note their response."
18987,aquarius,love,20210503,"The planetary alignment at play today makes you see that life can still be full of surprises, even for someone as unconventional as yourself. A first date turns out to be a wonderfully exciting occasion in which you will openly and freely admire the breadth and generosity, not to mention the originality of spirit of the person sitting in front of you. You will recognize a deep bond between you."
19050,aquarius,career,20200704,"People aren't afraid to give you their two cents today even if you did not ask for it. As these opinions fly at you, you are likely to get more and more confused. Instead of trying to make sense of everyone else's opinion, just listen to yourself."
19054,aquarius,career,20200708,"Instead of looking at all the negative aspects of your current plan, take a look at the benefits. Consider the potential rewards. If you think too much about the potential pitfalls then you are not likely to follow through on anything at all."
19083,aquarius,career,20200806,"You are on solid ground to feel free to take that next giant step up the mountain. Other people will be there to support you if you slip. Most likely, however, you will be able to handle everything just fine on your own - so don't worry."
19095,aquarius,career,20200818,Making decisions will be difficult for you. Your first reaction will be to get extremely frustrated at yourself. Don't beat yourself up just because you can't decide. It is perfectly fine to weigh all of your options at this time. Indecision is okay.
19104,aquarius,career,20200827,"Work with those people who are just as dedicated and passionate as you are. You will learn a great deal from them, and maybe even adjust your own perspective while you are at it. Ideas are being shared freely. Listen carefully and you will learn."
19120,aquarius,career,20200912,"No one is going to appreciate a sourpuss so if you have a bad attitude when you wake up this morning, be sure that you leave it at home. Any negativity will be amplified, so you are better off wearing a smile. The day will go much more smoothly."
19130,aquarius,career,20200922,You can breathe a big sigh of relief today. The planets have been making it difficult for you over the past three or four weeks by creating confusion in your relations and communications with others. No more!
19139,aquarius,career,20201001,Honesty is most certainly the best policy for you right now. Don't try to pull the wool over anyone's eyes. Doing so will have unpleasant ramifications later on down the road. Tell the truth now so it doesn't come back to haunt you in the future.
19141,aquarius,career,20201003,You aren't relating very well to your friends and family. This is mostly due to the fact that your head is still filled with garbage left over from the workweek. Engage in some sort of activity that helps clear your mind and start fresh.
19151,aquarius,career,20201013,Determination and mental strength are key aspects of your personality that are shining brightly throughout the entire day. Make sure you don't step on other people's toes as you race to the top. Hurting others will not help you in the long run.
19153,aquarius,career,20201015,"Announcing that you are depressed is not likely to get sympathy from others. For the most part, people are in a very optimistic, spirited mood. Don't spoil this for them. Instead, you should join in. Show others that you can add to the merriment."
19156,aquarius,career,20201018,"Your mood shifts and you are suddenly becoming quite positive. You are able to see the opposing side of any issue you come in contact with, and this is helping you to broaden your overall perspective. Take this feeling with you when you head to work."
19177,aquarius,career,20201108,"You are getting support for your ideas from the people around you. Even if these people are not those you work with, their input is worth listening to. They have an outside perspective that you can benefit from a great deal. Trust others."
19178,aquarius,career,20201109,Something has to give - and most likely it will. You just need to give it one extra nudge. Don't be afraid to use your charm and strong will. You are closer than you think. You have worked to get yourself this far. Now you need to go all the way.
19191,aquarius,career,20201122,You are an important role model for others. Lead by example and demonstrate your success. Most of your power comes through your tremendous character and original spirit. Show off these qualities to the people around you. You have their support.
19207,aquarius,career,20201208,"Pack your suit of armor among your other work tools today. Superiors may be extra harsh evaluating your performance, so be prepared. Try not to take anything personally and remember that it's only a job - you can quit whenever you want."
19236,aquarius,career,20210106,"Now is a good time to review your long-term career plan. A big change is coming up for you, so be prepared to make adjustments. There is no sense staying on the current track if you feel yourself being pulled in another direction. Follow your heart."
19247,aquarius,career,20210117,"Put your strong ideas aside today and be open to the people around you. If you get too caught up in only one way of thinking, then you are likely to miss out on a very valuable point. Let go of the preconceived notion that your way is the only way."
19294,aquarius,career,20210305,Your dreamy and original way of dealing with things is conflicting sharply with someone who has a very mental approach. Your two viewpoints clash drastically. You don't need to find compromise at this time. Simply understand the opposing argument.
19298,aquarius,career,20210309,"The answer is sitting right in front of your face. Most likely, you didn't expect the answer to be so simple and so you neglected to see this as a possible solution. You don't have to conjure up any wild schemes to uncover the simple truth."
19304,aquarius,career,20210315,Pick your battles carefully. There is no sense in trying to fight everything and everyone all at once. Do what you can do and don't get frustrated because you can't tackle everything. It is better to do a few things well than many things poorly.
19307,aquarius,career,20210318,"The overlying theme of the next three weeks has to do with a battle between old and new. You are on the side of the new, innovative, and broad-minded cooperative thinking, while the other side is stuck in antiquated, traditional ways of thought."
19308,aquarius,career,20210319,"Support from friends is outstanding. Lean on your friends at this time. Asking for help and support is a sign of strength, and not a sign of weakness. Don't be afraid to ask others for ideas and alternative perspectives. They are there to help you."
19313,aquarius,career,20210324,You may be so busy second-guessing yourself that it becomes impossible for you to make any sort of decision whatsoever. Have faith in whatever decision you make. You are better off moving forward in some manner than not moving forward at all.
19316,aquarius,career,20210327,Someone who has a great deal of physical energy spurs you on. Jump aboard this person's wavelength and enjoy his or her passion for life. Be sure to take this passion with you into the workplace. Do your job with gratitude.
19324,aquarius,career,20210404,"If you find yourself in a leadership position, take a deep breath and know that you can handle the task. Remember that the best way to lead others is to know what they want, what they think, and what their ideas are. Get input before you give orders."
19331,aquarius,career,20210411,"You are getting a tremendous amount of support from different angles, thereby encouraging you to take the next big leap in your career path. You are on an upward spiral so don't lose sight of your goal. You will continue to find support along the way."
19339,aquarius,career,20210419,"Today marks the beginning of a two-month trend during which you need to be more sensitive and tuned-in to the people around you. Now is not the time to be working in a bubble. Instead, you need to be aware and respectful of the whole picture."
19349,aquarius,career,20210429,"You are in alignment with today's energy, suggesting that everything will flow very smoothly for you. Relationships with others will be highlighted and all conversations with others will be productive and easy-going. You will accomplish a great deal."
19353,aquarius,career,20210503,"Today you might decide to host a virtual business-related event. You could be excited about this, as it should not only be fun, but could advance your career in some way. Nonetheless, you'll probably find putting it together is a lot of work, probably too much for one person."
19416,aquarius,wellness,20200704,"Today's energy has a great personal impact. The deeper you go to find your truth, the brighter you will shine. There is a tendency for you to be somewhat afraid of risk, to appear selfish and stubborn to others because of a fear of the unknown. Give yourself the permission to explore yourself without fear. Treat yourself to a deep tissue massage, if possible - the journey of relaxation and free association could be a gentle way to unlock what's inside, just waiting to get out and enrich your life."
19420,aquarius,wellness,20200708,"The world has changed since last year, and no one of us is immune to changes occurring in our personal lives. ""Giving"" has taken on new meaning: we must give of our minds, not our pocketbooks. We must open up to a new way of living with others. Take this period of change seriously, and you will not be left behind. Yoga is a wonderful practice for giving power to the mind to show the body a new way of being."
19449,aquarius,wellness,20200806,"Watching the world go by will not suffice for you these days. You want more action, more involvement in things, more people to communicate with: more, more, more! This is an effect of today's aspect that will last for a couple of days. Take this energy burst with a grain of salt because you may not feel like following through on everything you start during this phase. You would be wise to stick with your regular exercise regimen."
19461,aquarius,wellness,20200818,"With today's planetary positioning, there is potential for expanding your world in innovative and creative ways. The celestial energy relates to the body today. Can you see how your body might benefit from this atmosphere? A light fast, perhaps, or a new approach to food altogether could come out of this transit. Look at your physical condition and focus your intention on what you would like to change most radically. Then go for it!"
19470,aquarius,wellness,20200827,"Today's aspect gives you a fresh burst of fiery energy to complement your already fiery nature. Look at yourself in the mirror and notice what a radiant smile you have, what an outgoing personality you have to charm people with. These are all blessings that you can be thankful for. Your greatest blessing however is good health. Are you eating plenty of healthy things each and every day? Nothing will make you feel better than a balanced diet."
19486,aquarius,wellness,20200912,"Given the current astral energy, you might be hearing the voice ringing in everyone's head: ""Enough! I want what I want, and I want it now!"" If this brings apprehension, it's because the day's planetary aspect is not through with you yet. Whatever the limitations you have been incorporating into your life may be, they need to be closely examined. Ask yourself if you are doing the best that you can in your self-care, particularly when it comes to your health."
19496,aquarius,wellness,20200922,"Today's planetary aspect is a dynamic one for many signs. You can give something your best shot and either succeed or fail, but it's how you feel about yourself in the process that will tell you what sort of day you're having! Accept yourself unconditionally; continue with your regular practice of exercise and a healthy diet no matter what. Only then will you see that the way you feel is largely determined by how you treat yourself."
19505,aquarius,wellness,20201001,"Getting what you want may seem easy these days, with the astral energy at play. ""Seem"" is the important word here. It is all too easy to make ourselves believe that what we get is really what we want, and this is especially true for you. We must take the time to really know what we want. Some form of quiet is necessary in order to foster this skill. Yoga is a lovely combination of inner and outer strength building. Actually, any exercise that challenges you is recommended."
19507,aquarius,wellness,20201003,"Having a walk on the wild side? If you are, it's probably got something to do with the minor revolution happening in the skies. The planetary alignment makes you a willing participant! Watch as your pleasure principle meets your conscience. It can be a critical test to see if you know where your boundaries are, and if you can prevent them from being trespassed. Your healthy habits should be able to survive the unpredictable - take notice of how your diet and exercise are affected this week!"
19517,aquarius,wellness,20201013,"When you think it's time to take a break from your workout, think twice. Days of rest are extremely important, to be sure, but ask yourself whether you're just bored of the usual and want something new. This is not the same as your body asking for a day of rest: it's your mind wanting a new activity! Begin to develop variety in your workout routine so that you may respond to this impulse with compassion and discipline - a very healthy combination!"
19519,aquarius,wellness,20201015,"The best way to keep yourself focused on your health is through positive reinforcement. There are ups and downs in keeping a health regimen that will need to be met with a rigorous attitude. But in addition to a rigorous attitude, you must pamper yourself as well! After a long hard workout, consider it mandatory to take a soothing hot bath with lots of bubbles and candles (or whatever makes it special for you). Your body is influenced by positive reinforcement."
19522,aquarius,wellness,20201018,"When you are disciplined, no other sign can produce the kind of beneficial life source that you are capable of because your higher self is generally geared toward helping others. You must ground your physical body in the here and now to be able to reach that higher self. Use discipline to train your body to crave exercise and your mind to crave the healthiest foods possible. Here begins the successful adventure!"
19543,aquarius,wellness,20201108,"There is a lot to be said for getting some exercise in before you get to work in the morning. Communication difficulties tend to fly by the wayside for those who jog before work, get in a pre-dawn workout, or even just walk to work. Take your body seriously and you will notice the effects in your personal and professional life. With today's cosmic climate it's a good time to negotiate these kinds of commitments with yourself."
19544,aquarius,wellness,20201109,"You're apt to find yourself making excuses for why you can't exercise or why you indulge in certain foods that are not exactly nutritious. Don't bother yourself with excuses! Try to see things for what they are - departures from healthy living included - and you will be stronger as a result. We all take a break from the ""healthy way"" now and then. Try to center yourself through meditation or yoga when it becomes hard to see things for what they are."
19557,aquarius,wellness,20201122,"Today's favorable aspect is like having lunch with your mother and a favorite aunt, or your father and a favorite uncle. You feel special, loved and content in knowing that things will work out for the best. This is a wonderful transit for working on projects at home, organizing your desk at work, or shopping for necessary items. You feel practical yet excited at the same time. Don't let this wonderful transit escape you: increase your sensitivity to this energy through exercise."
19573,aquarius,wellness,20201208,"Things may feel a bit uneasy today, and you are right to listen to yourself at the cost of seeming indifferent to others. There is no better way to protect yourself than to stay true to what you know is right for you. Giving in to the pressure of the outside world can often lead you to unhappiness. Try to enjoy the security of your own privacy but be careful not to shut yourself in completely. Getting in some soothing yoga is highly recommended."
19602,aquarius,wellness,20210106,"You are a natural nurturer, and no matter how much we tell you to nurture yourself you will always have a need to nurture others. Try to combine the two wherever possible. In fact, the planetary energy at play gives you increased perception, and you are intuitively able to sense your boundaries. You may find you wake up early in the morning during the current transit. It's a great time to take a walk and give yourself some personal time - and the dog might love it, too!"
19613,aquarius,wellness,20210117,"Why do you keep looking at today's transit with such a quizzical stare? You want me to do what? Your emotional self is highly active right now in ways that you don't normally experience. Express this surprise! Dance, move, run up stairs, and let the energetic friction out that may be in your body due to these vibrations. Your temper may be short when you least expect it to be. Don't block yourself with judgment, just be sure to let out your mixed feelings with short, quick physical sprees."
19660,aquarius,wellness,20210305,"If you need help at work or at home, today is a great day to ask for it. Others are only too willing to serve you. If you've been neglecting your own needs lately, take the time to secure help with the kids or stop working early, and do something for yourself. This could be taking a walk or hopping on the treadmill to get your heart rate up (always important!), or even doing some online shopping for the little things that have been on your personal list for too long."
19664,aquarius,wellness,20210309,"Things may not go as planned today. Just when you are starting to get things going your way, something can happen to upset the whole picture. What you do in a situation like this says a lot about you. In order to have the patience and endurance you will need, be sure to get aerobic exercise. The oxygen in your bloodstream is converted directly into patience! And a bit of spicy food is good to get the toxins out of your blood, too!"
19670,aquarius,wellness,20210315,"Once you feel comfortable looking into your personal habits, take a trip into the kitchen. Do you have what it takes in there to prepare your own nutritious meals? It's important to feel comfortable in your own kitchen; it means you are ready to take control of what you eat. Even if you only cook one meal a week, you will begin to learn the process by which you nourish yourself intelligently. Make your kitchen a priority in the home-decorating budget!"
19673,aquarius,wellness,20210318,"Starting all over again isn't always easy. Sometimes you need plenty of reassurance and coaxing. It may be time to look into changing your health habits to make them even healthier than they are. A child does easily let go of its favorite things. Similarly, the grown-up does not appreciate new suggestions about how to behave. Without balking, try to look into what recurring themes you have about food in your life. Remember that there's really no criticism involved, just loving reassessment, and growth."
19674,aquarius,wellness,20210319,"When you have found something in your diet you'd like to improve on, give yourself adequate time to adjust mentally as well as physically. For instance, if dairy is very prevalent in your diet, don't eliminate it all together! This kind of enthusiasm is counterproductive. Try backing off of ice cream and cheese, while still relishing your morning latte. The whole self needs to be able to distinguish what is going on. Instead, gradually convince yourself of why and how you will reduce dairy in your diet."
19679,aquarius,wellness,20210324,"There is a lot of stuff to look at when we begin to examine our health, and especially our diets. Behavior learned from childhood does not fade fast. Food is everywhere: even in our relationships. It is a key way in which we relate to the world. Changing your diet changes who you are on some level, and this can be exhausting. Don't be discouraged if you become overwhelmed. Remember that if you think about food in a healthy way, you are already making progress!"
19682,aquarius,wellness,20210327,"Your playful energy is encouraged by today's astral configuration. You will know just what to do to brighten your best friend's day, and it will certainly be appreciated. You may notice that your sense of playfulness brings you great joy in the healthy practices of exercise and cooking nutritious meals. You feel healthy and you gravitate towards things that enhance your health. It's a wonderful day for picking up healthy new habits from others."
19690,aquarius,wellness,20210404,"Pacing yourself is the name of the game. Whether you have just started an exercise regimen, or been at it for a while, pay attention to your pace. If you are beginning a new health practice, make it relatively easy to manage - so you can keep on doing it! Don't press yourself too hard in the beginning - remember, you are building a habit. Likewise, when you have been doing something for a while, it's important to press yourself gradually further into it (increasing the pace), so that you stay interested."
19697,aquarius,wellness,20210411,"Ask yourself what you need to feel really comfortable in your body. Do you need to be in better physical condition? Do you need to feel stronger, have more flexibility, feel lighter or heavier? The way we live inside our bodies has everything to do with how we treat others and how we let others treat us. Unless we exist in a physical reality to our liking, it is difficult to create the emotional reality that we desire."
19705,aquarius,wellness,20210419,"Making yourself beautiful for a certain someone may have brought up some health issues. Are you ready to begin taking your diet more seriously? What you put in your mouth goes a long way toward shaping your life. Eventually, as you recently noticed, it has an effect on how you see yourself (in the mirror). Why not ask yourself up front how you want to see yourself? Examine your eating habits (when you are not hungry) and ask yourself: who do I want to be?"
19715,aquarius,wellness,20210429,"Give into your desire to exercise! You will feel the pull right now to get to the gym, if possible, or get out of the house for refreshing walks or runs, and it's important to seize these urges and act upon them. Your body is crying out for energy renewal. And let's face it, you have to spend energy in order to get energy. You may also want to consider doing yoga or other stretching and deep breathing exercises. You will notice a rise in energy and a rise in your spirits!"
19719,aquarius,wellness,20210503,"Your least favorite thing is to be blamed for causing some kind of disappointment, and you may find yourself caught in this type of bind this week. There's no way to really change your basic nature, but you can prevent certain situations from occurring. For starters, be honest with yourself about how busy you are and whether or not you can manage everything you need to get done for yourself before you make plans to help others."
19782,aquarius,birthday,20200704,"You have a secret source of great love and support this year, possibly from friends and relatives. Be grateful and don't press for explanations. It may be a year of random acts of kindness, so perform your share. Be energetic in October, smoothing ruffled feathers and restoring peace and pleasantness at home. Be more low-key in November, but still fully enjoying life. A change-up in daily routine could have long-lasting effects. Enlightenment is possible in February. If sparks fly at work in April, you can cope with it. Spend the last month lavishing and receiving love and encouragement. It's a passionate, powerful year!"
19786,aquarius,birthday,20200708,"Your daily life doesn't need to have anything lackluster about it this year. You've got the magic touch, especially at home in the first month, and know how to set people at ease. After a nice, quiet stretch, family and friends may want to spend more time with you in October. Enjoy the attention and tactfully share any extra expenses. People want to treat you well and stay in your good graces. Reserve judgment in December if a close friend or lover disappoints you. You can learn why before the year ends. Let tender feelings express themselves, and treasure those hugs and kisses!"
19815,aquarius,birthday,20200806,"Your tastes and desires may differ from what the world offers, but don't swerve from what you love. In October friends or family may suggest things you don't like to do, but be gracious and play along if you think the company is good. Follow your own drumbeat in December, be calm and pleasant through the holidays, and be glad you did. If misgivings arise in April or May, that's fine. Respect your right to reevaluate earlier opinions and actions. Learn, improve, and advance. Love yourself, and give others the chance to love you, especially in the last month. It's a stimulating, sexy year!"
19827,aquarius,birthday,20200818,"Be part of a bigger extended family and take a bigger social role with friends and community. Bake more brownies (to share, of course) or simply smile and comfort the shy and quiet around you. Focus on the details of daily life despite desires for great or flamboyant things. In November friends may expect you to take the lead in everything. Be bold and creative in January. A flash of love in February promises great things, but may fizzle. Enjoy and don't be disappointed. A reward for a forgotten favor may appear in April. Be popular, sought after, and downright loved all year!"
19836,aquarius,birthday,20200827,"Things can click and fall into place for you in the material world this year. Generosity, good timing, and just being smart will all contribute to your financial progress. Details are easier to manage, so watch that budget, pay the bills on time, and enjoy being with your favorite people, especially in the fall. Big pleasures can come to you at zero or very little cost in January. A romantic fantasy may find you in February. Enjoy, but don't flounder in it. Do some favors in April and be rewarded. The last month is full of gifts and glamorous times! Have a proactive, prosperous year!"
19852,aquarius,birthday,20200912,"Be articulate and charming this year, and perhaps speak for those who can't speak for themselves. You know what matters. Work and finances look stable enough to permit more public involvement - and enjoyment, too. Cultivate diplomacy and find energetic companions in the first month. In November interact with sympathetic friends, but don't be overly ambitious. A home affair may need attention in January. People will offer help should you request it. Respect your health and energy level in February. Be highly visible in June. People will remember and seek you out again in July and August. Better than fame - bask in good luck, good deeds, and love!"
19862,aquarius,birthday,20200922,"Step into your own light this year! A karmic peek into your own mind is possible in October. Get finances and expenses under firmer control in November. Fun and adventures near to home are on your cosmic agenda in December. Friends will encourage this. Love and be loved in a bolder and more vocal way in March. Disagreements shouldn't be necessary. Even you should notice a more self-confident, outgoing mood by July and August. Connect better with more people in the last two months, and leave room in your heart for that most intimate and special one!"
19871,aquarius,birthday,20201001,"It's a great year to bring home life and social life into better accord and surround yourself with happy family and friends. Your playful, clever nature encourages people to listen to what you have to say. Older people and relatives may be drawn to you - and be generous - in November. Be busy and renew contacts in December. January may draw you deep into a home concern that will greatly enhance your overall environment. Don't stress over any changes. Love suddenly enters the scene in April. Enjoy some rare peace and quiet until August reignites life with big fun and affection!"
19873,aquarius,birthday,20201003,"Your inner child is near the surface this year and will lead you to many joyous and creative times! You're smart and naturally cautious, so there should be very little risk involved. You may be especially cautious regarding money in the autumn, but this will relax and leave you with more than enough resources for everything you need and want. You may crave new romantic excitement in the spring. Work and rest well so you can be ready for a boost in your social life in August. The last few weeks of the year may be the loveliest and most affectionate of all!"
19883,aquarius,birthday,20201013,"Feel at home anywhere in the world this year, and get attached to a few new favorite places, people, and things. Your great natural charm will make you popular no matter where you are. Your clear, thoughtful nature makes you easy to get along with. Being practical, energetic, and enthusiastic in the first three months will propel you through a successful, happy rest of the year. A brief escape into fantasy lightens up February. Play it safe in April. A trip is possible in July. Work is pleasant and plentiful in August. The last month is full of harmony, happiness, and love!"
19885,aquarius,birthday,20201015,"You'll be on a lot of people's radar this year, and having such a public presence will bring you much good luck. Your mental and social skills are at their peak and work together flawlessly, starting in the first month. Pace yourself and don't overexert, especially in November and April. Money and possessions may motivate you in December, making it sometimes hard to slow down. Find artistic or spiritual release in February. You glow in the work world in August. An increase in money, reputation, and recognition are all possible. Be modest and know you're worthy. Enjoy a glorious, glamorous year!"
19888,aquarius,birthday,20201018,"Think big, talk with lots of people, and go out and be seen! It's no time to hide out with a small circle of friends and associates. Think instinctively before you act in the first month, and balance charm and mature sophistication. A monetary windfall (maybe some borrowed money returned to you?) or valuable gift may find you in December. Say thank you. Dream big in February. Avoid needless risks in April, and play it safe and happy. Be more prominent at work in August, and don't shirk from being more in charge. Get social and popular in September. It's a fun, fabulous year!"
19909,aquarius,birthday,20201108,"Taking care of business ranks high for you this year, and a lot of that business may not even be yours. Be patient, listen, and take time to reply, especially with loved ones in the first two months. Keep to that budget and stay secure in January. Make your home more loving and lovely in February. In April surprise someone with an old favorite trick they've never seen you do. June and July may be busy with other people's concerns. Do what you can and have no regrets. Win hearts in August and win minds in October. It's a splendid, loving year!"
19910,aquarius,birthday,20201109,"Enjoy a lot of mutual concern and give and take among friends and family this year. No one will feel stranded or forgotten when times are easy or rough. Be the tactful voice of reason for your family in the first few months. Put more energy into increasing income in January, and see quick results. Mind the budget, though. Decompress with some mildly crazy fun in April and May. People may need one another in July - be there and be cherished. Be sublimely lucky and popular in August. As the year ends, be greatly respected, loved, and admired!"
19923,aquarius,birthday,20201122,"Your generous spirit drives you forward to happiness and success! Keep yourself in the equation of life, help others, and greatly help yourself. Material well-being is the focus of January, and you have energy and luck to profit from all your work. Friends offer relief, comfort, and fun in February. In March and April fill your home with a fresh feeling that's pure you. August can get exhausting and expensive, so respect some limits, as hard as that may be. The last month may have some frustrations, but don't get impatient or question any decisions you've made this year. Live and love to the fullest!"
19939,aquarius,birthday,20201208,"You don't have to solve everyone's problems this year, but you certainly have the strength and know-how to do so. Be sweet and firm as the year begins. See a radically different side of yourself in January. This can benefit you in your finances and in the work world in February and October. A change at home or with family could be big but no surprise in April or May. People may keep you busy with their problems in July and August. Listening can be helpful, too. Honesty and heart-warming clarity in an established love affair are yours in the final months!"
19968,aquarius,birthday,20210106,"Be energized and serious about all you do this year! That includes having fun. You might be the center of excitement in April, or you may spring a huge surprise on everyone. Be humble in public and thrilled in private. Save some passion for your own well-being in August and have a great fun-filled summer. Other people take up your time in October, but it will be good for you later, too. Feel serious and work hard in December. In January a big change at work could happen around you. Stay settled. Friends and that special love are never far away!"
19979,aquarius,birthday,20210117,"Many exciting times are on your horizon this year! Be sensible, pace yourself, and have the energy to do as much as you like. Surprise people all year, especially in March and April. Force yourself to take a moment and focus your attention on what you want to achieve. Be ambitious. A touch of charm will make your great energy more acceptable, and even admirable, to many people. August may get wild and hyper, so stay practical, especially about money. Be wise, influential, and modest in late November. In the last few months be surrounded by loyal friends, brilliant ideas, and great love!"
20026,aquarius,birthday,20210305,"It's a busy year full of big plans and big energy! Get your schedule organized in the first month and work hard. Save a little more, if you can, and see a sweet personal reward before July. August could be busy with summer excitement, but it doesn't have to be expensive. The end of December could be hectic, but stay focused and do your best for yourself and others. You might have an urge to get away from it all in January. Friends - and a special new love - will give you all the affection and rest you need at year's end!"
20030,aquarius,birthday,20210309,"You can make your career glow with success this year or you can make a shift to something new! You are most practical and solid in the first month. You can get inside people's heads, too. Keep the cash flow balanced and maybe acquire a small desired item in June. Enjoy some pleasant but inexpensive summer fun with family in August. Romance gets nostalgic in November. Prepare for a possible big change at work in January. February is big, so look and do your best. Relax with friends afterward and let some surprises make you smile. Love isn't far behind!"
20036,aquarius,birthday,20210315,A secret desire for something special could motivate you this year. Or it might be time for you to make private plans for a nicer lifestyle. Be ambitious and busy in the first few months and perhaps create a financial opportunity. Enjoy more luxury time with friends and family in July and August. Try not to spend away whatever you gain. Be sensible in love in November and feel appreciated. A startling new idea or project could distract you in January. Friends may inspire you in February. The last two months are bubbling with fun and affection. Make great advances this year!
20039,aquarius,birthday,20210318,"This year you may get more interested in money and the nice things it makes possible. Cleverness and get-rich-quick schemes won't deceive you. You may discover some sound, practical ideas in the first couple months. Hard work matters, too, and you may deserve a small private treat by July. Share good times with family and friends in August. You might want to host a party or summer event. A quiet romance could find you in November. Stay low-key and let things take care of themselves. Friends and the social scene come to life in the remaining months, including much love!"
20040,aquarius,birthday,20210319,"Charm and elegance are yours this year. You're smart. You know that life is more than money and material comforts, but you don't discount their importance. Be highly motivated all year and achieve a lot early on with what feels like little effort. Work diligently and maybe celebrate in August, perhaps on vacation. A friendship could become a serious romance in November. Deal promptly with any perceived crisis in January and see quick, easy resolutions. Amuse yourself with dreams of luxury in February. Friends and lovers are there for you, sometimes surprising you in the last two months!"
20045,aquarius,birthday,20210324,"Find countless pleasures in daily life and have a great time all year! You're full of energy, so nothing and no one can rain on your parade. Be smart and sensible in the first few months and calmly work hard to further yourself. See better income and steady progress before July. Be lucky and feel rich at home in August. In September be more young at heart and enjoy things more. Be healthy in November and poised to handle any problem in January. Dispel a cherished dream at work in February and move forward. Surprising love and friendship round out a great year!"
20048,aquarius,birthday,20210327,"The pleasure of good partners and teammates will make this a happy, powerful year! Early on think carefully about where you are and where you're headed, then work hard and be ambitious. The home budget may grow in July as you see progress. Be very lucky in August and attract more luck for your home environment. Don't remodel yet, though. September and October are times to luxuriate in doing what you love with people you love. In February you may recognize that a previous opinion came from a false impression. It's easy to fix things. April is yours for fun and fantastic love!"
20056,aquarius,birthday,20210404,"You always have the big picture in view and know what to do when! You may not pay much attention to others, but you inspire them. Be most energetic in the first month. Friends keep you hopping and happy in July. Surprise yourself in a big way in August. Do good things with it. Catch up with some older friends in November. Learn and try new things with new people in new places in late January. Be realistic and responsible but open to the future. Friends and love return in a big way in the last few months. What a charmed and charming year!"
20063,aquarius,birthday,20210411,"You know what you want and how to get it this year! You may not get everything instantly, but you know how to make it happen. Cleverness and energy are gifts that serve you well, particularly in the first few months. Be quietly productive and responsible. A friend may have some good ideas for you in July. Some unexpected good luck may find you while you're busy having fun with family in August. Reevaluate your position in November, and don't be too self-critical. You're doing well. In April and May relax with friends and perhaps a loving admirer who finally speaks up!"
20071,aquarius,birthday,20210419,"Your best luck and greatest treasures will come from people and places close to home this year. People work smoothly with you, and your enthusiasm and energy will find lots of constructive projects in the first two months. Be respectful of your money and have more than enough. August is pleasant and September absolutely joyous with social and family events. No need to run wild or be extravagant. Everyone is feeling generous and loving. Respect any health concerns in November and let go of any regrets. In February aspire to something more for the future at work. It's an ambitious, affectionate year!"
20081,aquarius,birthday,20210429,"Be your own best friend and be healthy and happy all year long! Friends and family will encourage you to take better care of yourself and make it easier. See benefits in August when your energy increases and smart decisions can bring more income. Have fun all summer, and be generous without spending more than needed. Feel more creative in November, but let those bright ideas simmer. Take good care of yourself in late December, and don't overdo the holiday eating and partying. Love could surprise you in January. Pleasant surprises at work in April may pay off big for months to come!"
20085,aquarius,birthday,20210503,"Have big plans, big ideas, and big dreams! There's all the energy you need. Be realistic in your approach and see what you can make happen. August is loving and luxurious without any need to overspend. The whole summer is made for fun. Enjoy quiet time in November and politely ignore any meaningless criticism. A big love (not necessarily a person) could come or go in January, or perhaps it's simply a shift in the romance lineup. Working for a good cause touches your heart in February. Be daring but not reckless at work in April and gain respect and rewards. Have a magnificent year!"
20148,pisces,general,20200704,"Stop being an enabler to someone you care deeply about, Pisces. It could be that you're helping to continue dangerous addictive behavior simply because you want to avoid a nasty confrontation. Realize that this is doing neither party any good. The more you perpetuate the lie, the more it will continue to hurt all parties involved. Be open and honest with your concerns."
20152,pisces,general,20200708,"Unfortunately, this isn't a day for fun and games, Pisces. In fact, you might feel an annoying emotional weightiness, making you feel less energetic than usual. There's a sober tone that's asking you to take a hard-nosed look at reality and make some decisions regarding goals and plans. You could feel like the timer buzzer is about to go off. The minute hand is ticking away and there are many more adventures in store."
20181,pisces,general,20200806,"Review your day as you watch the sunset and observe the clouds turning from white to purple, Pisces. Make sure that your head is in tune with your heart. Think about the day's emotions and thought patterns and how they affected your actions. Determine if your actions were a result of either your rational mind or fluctuating moods."
20193,pisces,general,20200818,"Pisces, you'll probably find that you have a ton of energy to put into all kinds of activities. Finish any work that still needs completion, consider doing some cleaning and organizing, or see about getting out for a little warm weather fun. Whatever you choose, make sure it's active. You'll need a place for all that energy to go and quiet activities won't cut it today."
20202,pisces,general,20200827,"People often see you as shy and reserved, Pisces, but of course you know that you're really very friendly once you relax. Today you find it unusually easy to interact with others. In fact, you feel downright gregarious as you chat and joke along with the best of them. This new, sociable you does wonders for your image. You've needed to loosen up for some time."
20218,pisces,general,20200912,"A household member might toy with the idea of moving out or going away for a while, Pisces. This could stress you out, but don't make yourself crazy. Don't try to talk him or her out of it. Listen sympathetically and let your relative get it out of their system. This person is probably feeling temporarily restricted by forces outside the home and isn't really likely to go anywhere."
20228,pisces,general,20200922,"You're feeling your power and strength today, Pisces. You've worked hard to get into good physical shape. Similarly, you've exerted a great deal of energy in your work life and it's paying off. With today's planetary energy, you can also expect greater intimacy in your personal life. Enjoy this special time."
20237,pisces,general,20201001,"Are you technically single but very deeply involved with someone, Pisces? If so, don't be surprised if today you extend or receive a proposal of marriage. Recent events have brought you very close together and greatly intensified the bond between you. Your partner may want to legalize that bond. Do you? If there is even the smallest doubt, give yourself some time to think. Acting on impulse isn't a good idea right now."
20239,pisces,general,20201003,"You could feel like a rat in a maze today, Pisces. Walls and long, narrow corridors take you around corners and through doorways, yet there's no indication that you're going in the right direction. Instead of wandering aimlessly, stop and ask for help. You might not have noticed that if you look up, there are knowledgeable beings there who are willing to give you advice based on their lofty perspective."
20249,pisces,general,20201013,"Today you might pinch yourself to see if what you're experiencing is real, Pisces. Success and good fortune are coming thick and fast, with only minor setbacks and irritations to complicate matters. Business, money, and career success are likely to be at an all-time high, although you might find yourself feeling a little fearful of what comes next. Don't worry about that. Go with the flow."
20251,pisces,general,20201015,"Your intuitive abilities should be operating at a very high level today, Pisces. You might inadvertently receive some positive psychic messages about your future, and this could prove very exciting. These insights could be a source of inspiration that propels you to accomplish wonders in some aspect of your life. This could turn out to be a self-fulfilling prophecy! Make the most of it."
20254,pisces,general,20201018,"Try to rise above the potential tension and rough spots of the day, Pisces. Do yourself a favor and don't feel like you have to stoop to another's level. Take pride in your actions and do things with confidence. Work with the negativity. The worst thing to do would be to ignore it. Approach problems squarely as soon as they arise. Don't dredge up the past. It's time to move forward."
20275,pisces,general,20201108,"A longing for comfort and the small, simple pleasures in life is likely to cripple your initiative today, Pisces. Have you decided to withdraw from the career world for the time being? Or perhaps you're just discouraged by the lack of enthusiasm in your colleagues. In any case, this would be a good day to stay home and rest, Pisces."
20276,pisces,general,20201109,"Although your current mood is somewhat reserved and modest, you probably feel tempted to strut your stuff every once in a while. However, if you try to show off today, Pisces, you may not be very pleased with your reception. It's natural for you to want to impress people, but you must try to do it with genuine qualities and simplicity. That's true good taste!"
20289,pisces,general,20201122,"Perhaps you notice some weariness today, Pisces. You have been much more active than usual for the past few weeks. You've been communicating with new people, having new experiences, attending virtual meetings, and perhaps even taking short trips. In the long run, will any of it further your goals? That's the question you have to answer today."
20305,pisces,general,20201208,"New people may come into your life today. If you get bad vibes from one of them, trust your instincts! Signs are that you will meet at least one new acquaintance who isn't trustworthy. This isn't a good day to enter into any kind of partnership, nor is it a good day to get married or even propose marriage. Put all plans for cementing partnerships on hold for a few days!"
20334,pisces,general,20210106,"Love, sex, and romance are on your mind today, Pisces, so you will want to spend as much time as possible with your lover. You could also grow closer to your friends, resulting in a powerful feeling of unity. Right now you have the gift of being able to exercise good judgment when it comes to values in life. If decisions need to be made along this line, this is the time to make them."
20345,pisces,general,20210117,"An important project could require intense concentration today, Pisces, and you're in the right frame of mind. You could be pleased with the results and so could others whose opinions matter. Expect public acknowledgment of some kind. A boost to your self-confidence is in the works, perhaps even a raise in income. Work hard, enjoy the spotlight, and treat yourself to an evening out."
20392,pisces,general,20210305,"Your physical and mental energies overflow today, Pisces. You may want to tackle every possible project that could bring advancement along whatever lines you want. Artistic endeavors, group activities, and social events are strong possibilities, so get busy! This should also be an exhilarating day when you accomplish a lot. Enjoy yourself thoroughly while doing it. Go for the gold, and have fun!"
20396,pisces,general,20210309,"Like a surfer who wants to ride the endless wave, you must first prepare yourself before you jump into the ocean with your board, Pisces. Sit on the real or imaginary beach for a while and contemplate the tide. Watch the currents and see how other surfers fare under the prevailing conditions. You will find that the more preparation you do, the more secure you will be when you hit the water."
20402,pisces,general,20210315,"There's a chance you will receive an early morning visitor, Pisces. While it's a surprise, it turns out to be a welcome one. This visitor is likely to come bearing gifts of some kind, either in the form of interesting news or encouraging words. Listen carefully, but beware of idle gossip. Take care not to spread rumors that you don't know to be true."
20405,pisces,general,20210318,"A book, letter, or other important piece of paperwork that was misplaced might finally be found today, Pisces. This is important, as it may relate to financial concerns or a creative project that you've been working on. The information it contains should motivate you to move ahead and put this matter to rest. Much of your day could be spent dealing with this. Go to it!"
20406,pisces,general,20210319,"If you aren't traveling today, Pisces, you will likely take a big trip soon. It seems that you will be sharing a room with someone special. A close friend or significant other may accompany you. You can look forward to all the romantic possibilities that come with exploring new lands together. It's bound to be a wonderful trip."
20411,pisces,general,20210324,"You have a tremendous amount of drive and enthusiasm to help you move forward in your projects, Pisces. Be careful that you don't act hastily or impulsively. Be careful of starting out on a new path without having a good idea about where it's going. Rash decisions may lead to dangerous situations, so know what direction to go in before you start the car. Be safe."
20414,pisces,general,20210327,"You might find it difficult to connect with others today, Pisces. Your brain may seem like it's in some other dimension. Appreciate the power of circular movement in your life. Seek things that are fast paced and a bit bizarre. Go to a roller derby. A simple thing like a coin rolling down the sidewalk may allow you to connect with another way of thinking about your life."
20422,pisces,general,20210404,"Issues of the heart may be a bit difficult to deal with now, Pisces. Try not to completely shut off the channels of communication while you work on dealing with these issues. It's vital that you open the channels wider and bring more of your feelings to the surface. Compassionate people will listen to you and help sort out your emotions if you let them."
20429,pisces,general,20210411,"For the past few days your mind has been primarily on the loftier side of romance - emotional support, a spiritual bond, the highest kind of love. Today your mind is likely to be on nothing more exalted than physical passion. You can expect to be obsessed with sex all day. Schedule some quality time alone with a lover. If you can't, you might have to make do with a romantic video."
20437,pisces,general,20210419,"The desire to stay home alone and rest tonight might conflict with a need to go out with your friends, Pisces. You may be too stressed to put up with gossip or too much intellectual stimulation. Tell your friends you will go out with them another time. All signs indicate that this is the wisest course for now. Relax with some hot chocolate and a pile of movies."
20447,pisces,general,20210429,"Changes within a group you're affiliated with might profoundly affect you today, Pisces. Perhaps the group is veering in a new direction that doesn't particularly interest you. You might need to reevaluate your involvement. This could make you rather sad since you've grown fond of the people and won't want to lose them as friends. You need to think. Only you can decide what to do."
20451,pisces,general,20210503,"You may discover your emotions are tempered today, as you want to turn inward, Pisces. You're apt to surprise yourself and the people around you when you decide that all you want to do is go into your room and sit by yourself instead of join the crowd outside. Don't feel bad about doing this even if you're expected at the party in full regalia. Do what feels most natural for you."
20514,pisces,love,20200704,"Today's astral energy implies a great day for all aspects of romance and romancing. It is that soft yielding look that will bring you success in all ways. If you’re able to see each other in person, try wearing clothes that have a sensuous filmy and slightly transparent quality, and wear a subtle but gorgeous fragrance to match. You will certainly have plenty to keep you smiling and occupied for some time to come."
20518,pisces,love,20200708,"Current planetary energies give you a chance to celebrate your romantic inclinations with someone quite special. If you have had an offer to communicate further, then you will find the conversation to be a most charming occasion, and everything you always hoped and imagined it would be. Enjoy this chance to develop a powerful and profound relationship that will be a great joy in your life."
20547,pisces,love,20200806,"You certainly may remember this day for some time to come. Down the road, it will stand out as one of the times when you decided to say yes to something that you really wanted but were too afraid to ask for. If you don't know what I'm talking about, you soon will, and so will the important person in your life. Use the energy of the day and go for it!"
20559,pisces,love,20200818,"Today may be somewhat of an introspective day, but you can at least begin to understand the reason you don't feel totally at ease in the company of someone fairly close to you. You will be better to spend this time alone so that you can really get in touch with how you feel about this. There are many twists and turns that may not be obvious to you at first."
20568,pisces,love,20200827,"The day's planetary configuration indicates that this could be a very sociable day, with friends providing a lot of laughs. You seem to be very popular at the moment, and in your close relationships there is a lot of natural warmth. If you have anything to say, do so today, as this is the right time. Don't hold back; speak about how you feel with complete honesty."
20584,pisces,love,20200912,It is through talking expertly on any subject with which you have more than a passing acquaintance that you get to meet a certain stylish person who has impressed you for some time. The planetary aspect helps the conversation along by making it light and humorous. So much so that you may want to continue your learned discussion in more depth later.
20594,pisces,love,20200922,"You will thoroughly enjoy today. There is a wonderful feeling that both you and your loved one are cosmically meant for each other, that your names have been written in the stars since the beginning of time, and that you'll be with each other for eternity. What? You've suddenly gone off that idea? Best make for a sharp exit - before it's too late."
20603,pisces,love,20201001,"Today may see the reappearance of an old boss whom you used to find extremely attractive. This may be something of a surprise, and what may be even more surprising is the depth of feeling that you discover is still very apparent. Although this is something of a delicate situation, you have all the emotional experience you need to make the right decisions."
20605,pisces,love,20201003,"You can't decide what to make of the person you have been idolizing for so long now. Yesterday you were still in love, yet today you are starting to see some cracks in what appeared to be an impeccable exterior. If you hang on a while longer you will be in love once again. Perhaps you just need a few days grace."
20615,pisces,love,20201013,"This is a great day for relationships, but not particularly promising in the way of passion. Romance is entirely possible, and if you meet someone special, they may say the most wonderful things that make you feel so good, so wanted, so touched, and so needed. But you may have to wait until the relationship deepens before anything more exciting occurs."
20617,pisces,love,20201015,"You are usually adept at handling the niceties of relationships, and of smoothing over any rough patches with a host of well-meant platitudes. But the energy of the day may bring to your attention the need to be more honest about your feelings for your loved one. People can see when you are not being truly sincere and will feel that they are being short-changed in some way."
20620,pisces,love,20201018,"This could be a good day for taking your sugar honey to investigate mutual interests of a cultural nature. Although your interactions may not be particularly romantic today, they are certainly intellectually stimulating. If you are mentally compatible, then you can discover some fascinating facts by attending exhibitions or lectures. You may also feel like talking about your relationship and how you can improve certain areas."
20641,pisces,love,20201108,"Today provides a good opportunity for you and a loved one to expand your circle of friends. Your social life is likely to liven up. Perhaps you both feel that your present social group has been limiting you of late. Be bold and do something new, as it may well lead to some fabulous new connections that will stand you in good stead."
20642,pisces,love,20201109,"Today you will experience a meeting of the heart and mind. If you have been engaged in an internal battle trying to decide whether to listen to the reasons why you shouldn't enter into this relationship, as opposed to your feelings about why you should, then perhaps you need to reframe your perspective. If you go with your gut instinct, you won't go wrong."
20655,pisces,love,20201122,"It is time to give your beloved some special attention. There is plenty to talk about, but it would help if you could both share from the depths of your hearts. This will encourage you to be honest and open with each other, and to be clear about anything that may have been causing a problem. It will facilitate better communication in the future."
20671,pisces,love,20201208,"You are usually in control of your time and your energy and know just how to make the most of both to the maximum. However, this could mean that for once you get carried away with a certain relationship that engenders deep feelings within you. This could consume quite a few of your resources for some time to come, so just be aware of what you are giving away."
20700,pisces,love,20210106,"You may not feel entirely comfortable with whatever approach you adopt today toward a loved one. The current planetary energy tends to promote feelings of detachment, yet also of suspicion and paranoia. There may be one particular issue that is a source of tension between you. If you want to continue with the relationship, you need to overcome your mistrust and start talking. It will be worth it."
20711,pisces,love,20210117,"Ah, the letdown after the recent planetary events. Your love life may seem boring, but there is a time and place for everything. It is good to pause and reflect on what is happening, whether it is going well, or if you are feeling disappointed about any aspect of your relationship status. If you feel the need to talk things over, this would be a good time to do so. It's worth it."
20758,pisces,love,20210305,"You have been wondering whether it is worth getting closer to a certain person, and now there is an opportunity to meet with them. The planetary alignment today sets the stage for this promising attraction to begin to develop into something a little more significant. But you will have to take the initiative, and do a lot of the groundwork to enable it to move in the direction you would like."
20762,pisces,love,20210309,"Today's astral configuration gives you a great chance to let someone in on the secret of how you feel about them. As you are in such good spirits, and feeling more vital and magnetic than you have for some time, you cannot fail to make an impact. If you do agree to start dating, then go somewhere really different and exciting on your first outing."
20768,pisces,love,20210315,"The planetary alignment of today may well bring up some unpredictable feelings within you. This is not so much to throw you off course as to help you to examine what you really want out of a certain close personal relationship. Don't be pressured into making decisions, as you may not be sure of what you really want, and could say something you later regret."
20771,pisces,love,20210318,"Everyone dreams, but is the attention we accord to them that makes the difference between whether they come true or remain night visions. The current aspect encourages you to pay attention to one particular dream and bring it to fulfillment. It certainly involves someone special, and also involves you taking the initiative in some way or other. All you need to do is take the plunge."
20772,pisces,love,20210319,The movement of the planets may present you with an opportunity to meet someone that seems to have all the qualities you have been looking for in a perfect person. But you won't find them in your local grocery store or bump into them in your neighborhood. You need to go out on a limb and do something radical that puts you in touch with those that are truly unique.
20777,pisces,love,20210324,"Could this be the day of a lifetime? The day's planetary constellation indicates that it could be. At least you have the opportunity to experience a sense of passion and real companionship, which is very pleasant, as they don't always come together. Don't let this chance pass you by - it's too good to miss. The more you reach into the blue beyond, the better life gets."
20780,pisces,love,20210327,"Manipulation and emotional intensity abound today. You have thrown any kind of sentiment out of the window. Today you want action, excitement, and to go places at a fast and furious pace. If you are feeling weighed down by someone who just seems to hang around, you could lose your cool and tell them where to go. You just need space - don't act too impulsively."
20788,pisces,love,20210404,"The current planetary aspect makes you laugh and laugh today. You and your partner (current or prospective) may never have had so many attacks of pure hysteria over incidents that to others just don't seem funny at all. However, this infectious mood does have the effect of releasing a lot of pent up tension, and maybe you should take advantage of it by going out and doing something equally fun together."
20795,pisces,love,20210411,"This is a great time to invite a few friends around to meet your latest love interest. The current astral configuration indicates that the whole occasion will be a great success, and even if they do resemble a toad, all those present will be far too magnanimous to mention the fact. You can rest assured that you will both be loved, warts and all, by everyone who attends."
20803,pisces,love,20210419,"It's strange how on some days your partner (current or prospective) can do certain things and they have no effect on you, while at other times the same things can affect you very deeply. The alignment at play today makes you extremely sensitive, and you may find that this brings up powerful emotions that need dealing with. However, this is a very positive time to do so, as you will both benefit greatly."
20813,pisces,love,20210429,"Today's planetary alignment may seem to put the cat amongst the pigeons as far as your brand new relationship is concerned. Yet it may also be testing your resolve and determination to make it work, even though you may already be experiencing some difficulties. Discussing it would help, except that one of you may tend toward stubborn silence and the other toward irritation. Try it anyway!"
20817,pisces,love,20210503,"You may feel that the person you have set your heart on is slightly too different, and too way out for your tender sensibilities. The planetary alignment at play today indicates that although you are genuinely fond of them, you worry about their unpredictability. However, the meeting you arrange with them reveals that they also have a very tender streak despite their mad side. You WILL get on fine."
20880,pisces,career,20200704,People may look at you as if you are crazy today for suggesting the things that are on your mind. Don't let them place seeds of doubt in your head. People may be weary because they are scared. Lead by example and demonstrate that your way is best.
20884,pisces,career,20200708,"Now is a good time to review your long-term career plan. A big change is coming up for you, so be prepared to make adjustments. There is no sense staying on the current track if you feel yourself being pulled in another direction. Follow your heart."
20913,pisces,career,20200806,Do things by hand instead of relying on fancy electronic gadgets to do these things for you. You would end up spending more time trying to figure out how to get your machine to work than it would take you to just do the task manually.
20925,pisces,career,20200818,"You are likely to make tremendous strides today in all aspects of your career. Most of this has to do with your connections with other people. Phone calls, e-mails, and virtual or face-to-face conversations with others will all go extremely smoothly."
20934,pisces,career,20200827,"Education is a never-ending process. It seems that you are the focal point of a new idea that is being developed. You are teaching others, and others are learning from you. Keep the dialogue open and unrestricted. Everyone around you will benefit."
20950,pisces,career,20200912,"You have been given the green light, so put the pedal to the metal. Your original and unique approach will receive much praise and reward throughout the day, so don't be afraid to flaunt your ideas to the people around you. Success will result."
20960,pisces,career,20200922,"Your relationship with mechanical and electrical gadgets has been off during the past three weeks. Today, things begin to ease and work as expected, and you will find that your computer doesn't crash nearly as much as it has been."
20969,pisces,career,20201001,You have a great deal of physical energy with which to tackle anything that comes your way. Feel free to work longer hours and take on extra work. You can handle it with greater ease than most people can handle just their normal schedule.
20971,pisces,career,20201003,"Take a lesson learned during the workweek and apply it to your home life. Someone in your personal life can use a bit of discipline or simple, practical advice. Conversation flows easily, lending itself to productive discussions of this nature."
20981,pisces,career,20201013,"You can't just rely on your mental capacities and expect to be successful. You must trust other abilities of yours - including your sixth sense, your intuition. This aspect of your personality will be especially strong today, so be sure to use it."
20983,pisces,career,20201015,"A key word for you is compromise. You have been very stubborn with regard to a certain issue for the past few days. Now you need to give, in order to receive. Meet people halfway instead of insisting that things only be done your way."
20986,pisces,career,20201018,"If this is your day to have fun, don't be surprised if it turns sour thanks to an overwhelming feeling that you should be working, or you should be productive in some way. If you are at work today, your overall productivity will be strong."
21007,pisces,career,20201108,Now is your chance to get out some of the pent-up anger and frustration that you have surrounding your career. Others are happy to listen and provide you with the sympathy and understanding that you are looking for. Feel free to open up and share.
21008,pisces,career,20201109,You may feel as if you are giving a performance. You are on stage and everyone is watching. You can handle it. You have no problem going from one situation to the next with great ease and poise. Hold your head high and keep your chin up.
21021,pisces,career,20201122,Someone seems to be setting you up for disaster as the week begins. Don't let that person get away with this. Fight back. Summon up your inner fire and demonstrate to others that you will not be pushed around in this manner. Be strong.
21037,pisces,career,20201208,"Someone's immature work approach is likely to send your head spinning. Anger is welling up from within you and if you are not careful, you are likely to lash out in a manner that may scare the people you communicate with. Try to be more patient."
21066,pisces,career,20210106,"Close the door on old projects so you can make way for new ones. You have many loose ends right now that are causing mental clutter whether you realize it or not. Delegate your work, tackle it yourself with fresh eyes, or toss it out completely."
21077,pisces,career,20210117,"You are not in the best mood today and this is likely to make you less confident at work. Be careful because there is danger here. Having TOO much trust in others makes you susceptible to faulty ideas. Ultimately, trust only yourself."
21124,pisces,career,20210305,"Talking things out with other people will be difficult, but right now it is very necessary. Friction will result, but the issues that you are dealing with can no longer be held inside. You must get them out on the table in order for progress to occur."
21128,pisces,career,20210309,"This is a day to get your head out of the clouds and get your feet on the ground. It certainly is fun to disregard reality for a while, but now you are starting to pay the price. Take care of business instead of getting lost in your fantasy world."
21134,pisces,career,20210315,"Your powers of adaptability will be put to the test. Everyone is in some sort of ""mood"" and you will have to adjust yourself accordingly. If anyone can sort through this difficult minefield with ease, it is you. Have confidence in yourself."
21137,pisces,career,20210318,"You keep running into the same people. Unexpected events take you where they want to take you and for some reason, you end up seeing the same faces time and time again. This is no coincidence. Talk to these people more. They have wisdom for you."
21138,pisces,career,20210319,"You are in a very vulnerable position right now and someone is likely to take advantage of you if you let them. Since you are so good at going with the flow, others have a way of turning you into their puppet if you are not mindful of the circumstances."
21143,pisces,career,20210324,"Deep down, a lack of self-confidence is keeping you from reaching your highest potential. Perhaps a long time ago, someone made you feel like you were not fit to accomplish anything noteworthy. Banish these thoughts from your mind. They are untrue."
21146,pisces,career,20210327,Other people are pushing you to the next level. You might as well give into this wave of energy instead of trying to fight it. Now is the time for you to plan your attack. You are feeling much feistier than usual. Take advantage of your inner fire.
21154,pisces,career,20210404,"The week begins on a high note, setting the stage for great things to develop as the week continues. You don't have to do anything special to win approval from others. All you need to do is to be yourself. That is all anyone can ask for, anyway."
21161,pisces,career,20210411,You will feel an underlying current of friction as you move through your workday. This is inevitable. The good news is that this friction will spur you on to accomplish a great deal. It will inspire you to do much more than you thought was possible.
21169,pisces,career,20210419,"Your overall physical energy increases today, and this wonderful trend will continue for the next couple of months. You will find that you can tackle much more than you could under normal circumstances. Feel free to take on extra work."
21179,pisces,career,20210429,"Everything will take longer than you expect it to. Most likely this is because all dealings with others will involve four times as much communication as necessary. Furthermore, you will tend to waver a great deal before making all final decisions."
21183,pisces,career,20210503,"Have you been trying to get some creative work published? If so, you might be attaining that goal now, possibly submitting to a newsletter, or a web site. The only problem might be that you need to focus on one possibility."
21246,pisces,wellness,20200704,"You are impressionable and easily stimulated. With today's planetary energy, you are apt to succumb to sensual impulses that aren't always in your best interests: staying up late eating ice cream is one way to conjure up what I'm talking about! The cosmic climate adds to the dreamy lack of boundaries that is at once seductive and also trouble inducing. Enjoy yourself, but don't give up on your commitments - if you can still work out three times a week, you're not a total goner!"
21250,pisces,wellness,20200708,"The current planetary configuration impels you to examine your life with a healthy perspective. You could be working on a plan of how you would like to live your life over the next 25 years. You must endeavor to make your health choices consciously, for your bodies is the very structure in which you live! Give yourself all the help you need in figuring out what works best for you in terms of diet and exercise and create a balance that enhances your well-being."
21279,pisces,wellness,20200806,"Give the gift of good communication: when you are feeling pent up inside count to ten before you try to put your thoughts to words. Today's aspect may cause you to be inexact when the most critical things need to be communicated. Your emotions may be hard to control. Get rid of excess energy by working out at the gym, if possible, or going on a long walk. You will be thankful for it at the end of the day."
21291,pisces,wellness,20200818,"Today's aspect brings you to a place of quiet introspection that might lead to significant changes. Notice what you are thinking about beneath the surface - give yourself some extra personal time during the day if it is hard for you to concentrate. Going to a yoga class, if possible, or on a run will give you some time to focus on what's important. Consider your abilities to change what you aren't happy with in your life - they are formidable!"
21300,pisces,wellness,20200827,"The transit of the day increases your affection for a partner, for children, even pets - anything that you shower with love will strongly feel the effect of this planetary energy. However, don't expect it to be received with a big thank you! Sometimes people take what you give in a way that makes you wonder whether they know how precious your feelings are. Don't let that make you feel resentful; just mention this concern and all will be well. Be sure to drink lots of water to help keep your emotional state flexible."
21316,pisces,wellness,20200912,"For some time, you've been sensing a basic indecisiveness in yourself and the rest of the world. The astral energy is giving those who are sensitive the feeling that things could change any time. This day's aspect tickles your desire to make things all right for everyone you care about. The lesson you need to glean from this is to care for your own needs first. Be certain to drink plenty of water, take vitamins, and exercise on a daily basis."
21326,pisces,wellness,20200922,"The satisfaction that comes from following through on your own intentions is a feeling no one else can give to you. Having the courage to make yourself the priority will enable you to learn this valuable lesson. Have you made clear choices about your exercise routine? Or have you found yourself unhappy in what you have tried? As long as you are actively pursuing this vital avenue of life, it will become easier to put yourself first in other situations - love and work, to name just two!"
21335,pisces,wellness,20201001,"You don't always say what you want for fear of hurting other people's feelings. This does little for you, except to build resentment that comes out in unintended, subtle ways. Clearing the path for self-expression is a good practice to get into. Try practicing telling yourself what kind of day you're going to have in the morning: look straight into the mirror and talk to yourself! This sounds silly, but it works, especially with the current celestial energy at play!"
21337,pisces,wellness,20201003,"Remember the stuff about looking in the mirror and asking your reflection what you need? This is not something you can put off for the future (when you're not in this relationship, when your kids are grown, when your job is not so demanding). It's the #1 priority now. A good test is to notice how much water you drink in a day. If you can safely say that you drink over ten glasses of water a day, I'm off your case!"
21347,pisces,wellness,20201013,"Today's planetary alignment gives you a sense of expansiveness in your home life, in your emotional life, and in your relationship with yourself. Use this energy to square away any unresolved issues in your home life. This could mean looking into your health habits and asking yourself if you're really ""living"" as comfortably as you want to be. Do you eat enough green leafy vegetables to keep the digestive track running properly? This is one kind of ""spring cleaning"" that must go on all year!"
21349,pisces,wellness,20201015,"Making things clear to yourself and others is important to you. There is a lot of energy right now that can cloud your priorities, make your expectations hard to decipher, and your emotions difficult to define. You may feel very strongly about something but not express it - which can easily lead to bitter disappointment. Exercise is a wonderful aid. It helps to distinguish between what you want to do and what you can do. Exercise can simplify your emotions."
21352,pisces,wellness,20201018,"You can easily gain psychic vision under the current planetary influence and thus get a preview of the area of your life associated with health and wellbeing. Ask yourself what you see and take notes. Keep in mind that you are asking for your own benefit - what is in store for you? To help you keep hold of this ability, be sure to maintain a healthy diet that includes a great deal of fresh produce and pure drinking water. Your body is the lens through which you see the future."
21373,pisces,wellness,20201108,"With today's planetary energies, you are feeling at the center of a lot of attention, and this adds a sense of an emotional burden. Stay tuned to your emotions even when you don't feel so great - it only makes it worse if you try to escape negative feelings. Exercise is a great way to keep the heaviness at bay, and certain kinds of exercise help more than others when times are tough. Follow your intuition, but weightlifting, stretching and quick sprints are recommended."
21374,pisces,wellness,20201109,"With today's position of the heavenly bodies, you are probably experiencing something emotional in your home life. Maybe you've had to move, or you've been doing an unending remodeling project, or you've had a child and home life hasn't been the same since. To give yourself the necessary perspective to get through this transit, take yourself out of the house for a little fun! Exercise is the best thing to do when you are feeling ""cooped up."""
21387,pisces,wellness,20201122,The aspect of the day gives you a wonderful burst of positive energy. You may feel as though anything is possible. You sense spring in the air! This happy feeling can touch others at home and at work. Enjoy your lightheartedness and celebrate by encouraging it in others. Even the food you eat can reflect a respect for this kind of energy. Organic food grown with respect for the earth is a great place to start (and it has better flavor).
21403,pisces,wellness,20201208,"Give yourself enough time to get things done today. You may feel pulled in several directions at once, and it will take a lot of emotional energy to balance yourself out before you can begin to get things accomplished. While exercise might be the last thing on your mind, consider that everything you do will benefit from the sharper focus you have once you've given your heart rate a chance to strengthen and pump fresh blood into your system!"
21432,pisces,wellness,20210106,"Today's astrological atmosphere translated into English would be: ""as good as it gets."" There is a lovely aspect at play that calls for celebrating what you do best. Whatever makes you feel good, these couple of days should be shared with people you like, doing things that you like. In fact, when you enjoy transits like this one to their fullest, you are often blessed with insight that can help you overcome obstacles in the near future. Gain positive power through healthy, sane celebration."
21443,pisces,wellness,20210117,"Today's planetary transit gives you license to drive in any direction you want. You may feel at the top of your game. Physical prowess flows through you. And yet, you may only wish you looked great. Are you feeling powerless over your body, your eating habits, your exercise regimen? Start talking about it. Engage in conversation about exercise, engage in conversation about your issues around exercise. It will get you closer to it. You are human, just like everyone else."
21490,pisces,wellness,20210305,"Tap into your softer side and notice the need for a shift in your focus. Today's aspects ask you to focus on the mothering, nurturing side of life. Is there something you need that you are hoping someone else will provide for you? Are you compensating by providing what you can for others, instead of focusing on yourself? Take the time to re-focus on yourself by cleaning out your closet or your refrigerator, a project based around your own needs."
21494,pisces,wellness,20210309,"You may hit a wall today. That is, whatever you are trying your hardest to accomplish could reach a climax of some kind. Maybe you will break through, maybe you will break down. Be prepared to meet the challenge or the celebration with a steady grasp on reality. Be especially attentive to your needs while you work: drinking water throughout the day is a must. Examine your desk chair and computer set-up. Is it ergonomically correct? These kinds of considerations will steer you toward greater awareness of what's to come."
21500,pisces,wellness,20210315,"Today's astral configuration can help you understand the value of authenticity. There is no sense in wasting effort on schemes that ultimately don't matter to you! Knowing what healthy foods you like to eat is the first step in learning how to prepare them. The exercises that make you sweat, what makes you really relax, and what makes you laugh are things only you can know. Tap into this way of thinking and you will have an easier time building up your own healthful practices."
21503,pisces,wellness,20210318,"There will surely be obstacles in your path as you start out on your new health regimen. The park will be too crowded, or an out-of-town friend will call, and you'll feel you need to talk on the phone instead of exercising or shopping for dinner. As you become stronger in your practices, these obstacles will miraculously disappear. The more you trust your intuition, the more it will keep you on the right path."
21504,pisces,wellness,20210319,"Resistance is something you possess in spades. You are quite resistant to colds, are able to work despite distractions, and you easily resist temptation. When you find resistance in yourself, however, your tendency is to back away and pretend it isn't there. If you find yourself resisting the health practices you identified days ago, the first thing to do is suspend judgment. With an open mind, go back to your list and find other options that suit you better. Resist discouragement!"
21509,pisces,wellness,20210324,"Today you get the feeling that rules are senseless. It's a bored feeling that needs to be re-integrated into the big, beautiful circle called ""caring for yourself."" To help brighten your day, and maybe take the doldrums out of the exercise routine or the dietary concerns, try to find something you need to just feel good today. New shampoo? Bubble bath? A special color in a scarf or shirt? A hot bath is definitely recommended - with drops of jasmine or pine essential oil."
21512,pisces,wellness,20210327,"You can benefit greatly from the creativity made available by the planetary energy at play. The usual day-to-day routine can get a little boring, and this day brings spark and energy that go a long way toward restoring your faith in healthy practices! Be open to change while sticking to your basic principles, and you will end up with fun surprises! Look for the unusual, the funny, the quirky jokes of nature when you are outside. Additionally, today's aspect might bring you a new friend."
21520,pisces,wellness,20210404,"The planetary energy gives your powers of observation a boost, while allowing you to notice with compassion what needs help. Have you been neglecting your exercise routine or diet lately? Has your self-image suffered from lack of self-care? You will notice things about yourself today, but the most important thing you can do is take action! There may be something symbolic you can do - such as buying a yoga mat or scheduling a massage (if possible) - to commit to giving yourself greater care."
21527,pisces,wellness,20210411,"The current planetary configuration gives us a chance to pull out the physical and emotional needs of our inner child - the need to be nurtured, the need to be fed and well taken care of - into the structure of our waking hours. It helps us to implement what we want in our lives. Therefore, this is an auspicious time for making known to yourself what will help you feel more secure in your life. Ask yourself: what do you need in order to feel good?"
21535,pisces,wellness,20210419,"The energy emanating from the planets today presents a mental challenge. Emotions and power are growling at one another; maybe they're even engaged in a real fight! The mental challenge is in stepping back and assess the situation. How much is at stake? Will it eventually blow over? Is it about winning and losing? Most of all, the challenge will be to continue to respect your personal health regimen in the face of this distraction. It is neither fair nor prudent to neglect your body and all the energy contained therein."
21545,pisces,wellness,20210429,"Continue looking for the positive in all that you do. When you give yourself positive reinforcement for healthful actions, you are more apt to take these steps in the future. When you go for a glass of water (particularly when you are not thirsty), try telling yourself why it is good for you with a soothing tone. Your inner voice plays a great role in how you treat yourself. Make it loud and reassuring."
21549,pisces,wellness,20210503,"If you can get some extra rest these days, it would be recommended. You've been going a breakneck speed and your body is probably more tired than you realize. Your mind can go on completing tasks forever - it's rare that you change your plans to accommodate your body's needs! You can begin to address this tendency by ""scheduling"" regular yoga workouts into your week in order to learn to check in with how your body is really feeling."
21612,pisces,birthday,20200704,"You have a secret source of great love and support this year, possibly from friends and relatives. Be grateful and don't press for explanations. It may be a year of random acts of kindness, so perform your share. Be energetic in October, smoothing ruffled feathers and restoring peace and pleasantness at home. Be more low-key in November, but still fully enjoying life. A change-up in daily routine could have long-lasting effects. Enlightenment is possible in February. If sparks fly at work in April, you can cope with it. Spend the last month lavishing and receiving love and encouragement. It's a passionate, powerful year!"
21616,pisces,birthday,20200708,"Your daily life doesn't need to have anything lackluster about it this year. You've got the magic touch, especially at home in the first month, and know how to set people at ease. After a nice, quiet stretch, family and friends may want to spend more time with you in October. Enjoy the attention and tactfully share any extra expenses. People want to treat you well and stay in your good graces. Reserve judgment in December if a close friend or lover disappoints you. You can learn why before the year ends. Let tender feelings express themselves, and treasure those hugs and kisses!"
21645,pisces,birthday,20200806,"Your tastes and desires may differ from what the world offers, but don't swerve from what you love. In October friends or family may suggest things you don't like to do, but be gracious and play along if you think the company is good. Follow your own drumbeat in December, be calm and pleasant through the holidays, and be glad you did. If misgivings arise in April or May, that's fine. Respect your right to reevaluate earlier opinions and actions. Learn, improve, and advance. Love yourself, and give others the chance to love you, especially in the last month. It's a stimulating, sexy year!"
21657,pisces,birthday,20200818,"Be part of a bigger extended family and take a bigger social role with friends and community. Bake more brownies (to share, of course) or simply smile and comfort the shy and quiet around you. Focus on the details of daily life despite desires for great or flamboyant things. In November friends may expect you to take the lead in everything. Be bold and creative in January. A flash of love in February promises great things, but may fizzle. Enjoy and don't be disappointed. A reward for a forgotten favor may appear in April. Be popular, sought after, and downright loved all year!"
21666,pisces,birthday,20200827,"Things can click and fall into place for you in the material world this year. Generosity, good timing, and just being smart will all contribute to your financial progress. Details are easier to manage, so watch that budget, pay the bills on time, and enjoy being with your favorite people, especially in the fall. Big pleasures can come to you at zero or very little cost in January. A romantic fantasy may find you in February. Enjoy, but don't flounder in it. Do some favors in April and be rewarded. The last month is full of gifts and glamorous times! Have a proactive, prosperous year!"
21682,pisces,birthday,20200912,"Be articulate and charming this year, and perhaps speak for those who can't speak for themselves. You know what matters. Work and finances look stable enough to permit more public involvement - and enjoyment, too. Cultivate diplomacy and find energetic companions in the first month. In November interact with sympathetic friends, but don't be overly ambitious. A home affair may need attention in January. People will offer help should you request it. Respect your health and energy level in February. Be highly visible in June. People will remember and seek you out again in July and August. Better than fame - bask in good luck, good deeds, and love!"
21692,pisces,birthday,20200922,"Step into your own light this year! A karmic peek into your own mind is possible in October. Get finances and expenses under firmer control in November. Fun and adventures near to home are on your cosmic agenda in December. Friends will encourage this. Love and be loved in a bolder and more vocal way in March. Disagreements shouldn't be necessary. Even you should notice a more self-confident, outgoing mood by July and August. Connect better with more people in the last two months, and leave room in your heart for that most intimate and special one!"
21701,pisces,birthday,20201001,"It's a great year to bring home life and social life into better accord and surround yourself with happy family and friends. Your playful, clever nature encourages people to listen to what you have to say. Older people and relatives may be drawn to you - and be generous - in November. Be busy and renew contacts in December. January may draw you deep into a home concern that will greatly enhance your overall environment. Don't stress over any changes. Love suddenly enters the scene in April. Enjoy some rare peace and quiet until August reignites life with big fun and affection!"
21703,pisces,birthday,20201003,"Your inner child is near the surface this year and will lead you to many joyous and creative times! You're smart and naturally cautious, so there should be very little risk involved. You may be especially cautious regarding money in the autumn, but this will relax and leave you with more than enough resources for everything you need and want. You may crave new romantic excitement in the spring. Work and rest well so you can be ready for a boost in your social life in August. The last few weeks of the year may be the loveliest and most affectionate of all!"
21713,pisces,birthday,20201013,"Feel at home anywhere in the world this year, and get attached to a few new favorite places, people, and things. Your great natural charm will make you popular no matter where you are. Your clear, thoughtful nature makes you easy to get along with. Being practical, energetic, and enthusiastic in the first three months will propel you through a successful, happy rest of the year. A brief escape into fantasy lightens up February. Play it safe in April. A trip is possible in July. Work is pleasant and plentiful in August. The last month is full of harmony, happiness, and love!"
21715,pisces,birthday,20201015,"You'll be on a lot of people's radar this year, and having such a public presence will bring you much good luck. Your mental and social skills are at their peak and work together flawlessly, starting in the first month. Pace yourself and don't overexert, especially in November and April. Money and possessions may motivate you in December, making it sometimes hard to slow down. Find artistic or spiritual release in February. You glow in the work world in August. An increase in money, reputation, and recognition are all possible. Be modest and know you're worthy. Enjoy a glorious, glamorous year!"
21718,pisces,birthday,20201018,"Think big, talk with lots of people, and go out and be seen! It's no time to hide out with a small circle of friends and associates. Think instinctively before you act in the first month, and balance charm and mature sophistication. A monetary windfall (maybe some borrowed money returned to you?) or valuable gift may find you in December. Say thank you. Dream big in February. Avoid needless risks in April, and play it safe and happy. Be more prominent at work in August, and don't shirk from being more in charge. Get social and popular in September. It's a fun, fabulous year!"
21739,pisces,birthday,20201108,"Taking care of business ranks high for you this year, and a lot of that business may not even be yours. Be patient, listen, and take time to reply, especially with loved ones in the first two months. Keep to that budget and stay secure in January. Make your home more loving and lovely in February. In April surprise someone with an old favorite trick they've never seen you do. June and July may be busy with other people's concerns. Do what you can and have no regrets. Win hearts in August and win minds in October. It's a splendid, loving year!"
21740,pisces,birthday,20201109,"Enjoy a lot of mutual concern and give and take among friends and family this year. No one will feel stranded or forgotten when times are easy or rough. Be the tactful voice of reason for your family in the first few months. Put more energy into increasing income in January, and see quick results. Mind the budget, though. Decompress with some mildly crazy fun in April and May. People may need one another in July - be there and be cherished. Be sublimely lucky and popular in August. As the year ends, be greatly respected, loved, and admired!"
21753,pisces,birthday,20201122,"Your generous spirit drives you forward to happiness and success! Keep yourself in the equation of life, help others, and greatly help yourself. Material well-being is the focus of January, and you have energy and luck to profit from all your work. Friends offer relief, comfort, and fun in February. In March and April fill your home with a fresh feeling that's pure you. August can get exhausting and expensive, so respect some limits, as hard as that may be. The last month may have some frustrations, but don't get impatient or question any decisions you've made this year. Live and love to the fullest!"
21769,pisces,birthday,20201208,"You don't have to solve everyone's problems this year, but you certainly have the strength and know-how to do so. Be sweet and firm as the year begins. See a radically different side of yourself in January. This can benefit you in your finances and in the work world in February and October. A change at home or with family could be big but no surprise in April or May. People may keep you busy with their problems in July and August. Listening can be helpful, too. Honesty and heart-warming clarity in an established love affair are yours in the final months!"
21798,pisces,birthday,20210106,"Be energized and serious about all you do this year! That includes having fun. You might be the center of excitement in April, or you may spring a huge surprise on everyone. Be humble in public and thrilled in private. Save some passion for your own well-being in August and have a great fun-filled summer. Other people take up your time in October, but it will be good for you later, too. Feel serious and work hard in December. In January a big change at work could happen around you. Stay settled. Friends and that special love are never far away!"
21809,pisces,birthday,20210117,"Many exciting times are on your horizon this year! Be sensible, pace yourself, and have the energy to do as much as you like. Surprise people all year, especially in March and April. Force yourself to take a moment and focus your attention on what you want to achieve. Be ambitious. A touch of charm will make your great energy more acceptable, and even admirable, to many people. August may get wild and hyper, so stay practical, especially about money. Be wise, influential, and modest in late November. In the last few months be surrounded by loyal friends, brilliant ideas, and great love!"
21856,pisces,birthday,20210305,"It's a busy year full of big plans and big energy! Get your schedule organized in the first month and work hard. Save a little more, if you can, and see a sweet personal reward before July. August could be busy with summer excitement, but it doesn't have to be expensive. The end of December could be hectic, but stay focused and do your best for yourself and others. You might have an urge to get away from it all in January. Friends - and a special new love - will give you all the affection and rest you need at year's end!"
21860,pisces,birthday,20210309,"You can make your career glow with success this year or you can make a shift to something new! You are most practical and solid in the first month. You can get inside people's heads, too. Keep the cash flow balanced and maybe acquire a small desired item in June. Enjoy some pleasant but inexpensive summer fun with family in August. Romance gets nostalgic in November. Prepare for a possible big change at work in January. February is big, so look and do your best. Relax with friends afterward and let some surprises make you smile. Love isn't far behind!"
21866,pisces,birthday,20210315,A secret desire for something special could motivate you this year. Or it might be time for you to make private plans for a nicer lifestyle. Be ambitious and busy in the first few months and perhaps create a financial opportunity. Enjoy more luxury time with friends and family in July and August. Try not to spend away whatever you gain. Be sensible in love in November and feel appreciated. A startling new idea or project could distract you in January. Friends may inspire you in February. The last two months are bubbling with fun and affection. Make great advances this year!
21869,pisces,birthday,20210318,"This year you may get more interested in money and the nice things it makes possible. Cleverness and get-rich-quick schemes won't deceive you. You may discover some sound, practical ideas in the first couple months. Hard work matters, too, and you may deserve a small private treat by July. Share good times with family and friends in August. You might want to host a party or summer event. A quiet romance could find you in November. Stay low-key and let things take care of themselves. Friends and the social scene come to life in the remaining months, including much love!"
21870,pisces,birthday,20210319,"Charm and elegance are yours this year. You're smart. You know that life is more than money and material comforts, but you don't discount their importance. Be highly motivated all year and achieve a lot early on with what feels like little effort. Work diligently and maybe celebrate in August, perhaps on vacation. A friendship could become a serious romance in November. Deal promptly with any perceived crisis in January and see quick, easy resolutions. Amuse yourself with dreams of luxury in February. Friends and lovers are there for you, sometimes surprising you in the last two months!"
21875,pisces,birthday,20210324,"Find countless pleasures in daily life and have a great time all year! You're full of energy, so nothing and no one can rain on your parade. Be smart and sensible in the first few months and calmly work hard to further yourself. See better income and steady progress before July. Be lucky and feel rich at home in August. In September be more young at heart and enjoy things more. Be healthy in November and poised to handle any problem in January. Dispel a cherished dream at work in February and move forward. Surprising love and friendship round out a great year!"
21878,pisces,birthday,20210327,"The pleasure of good partners and teammates will make this a happy, powerful year! Early on think carefully about where you are and where you're headed, then work hard and be ambitious. The home budget may grow in July as you see progress. Be very lucky in August and attract more luck for your home environment. Don't remodel yet, though. September and October are times to luxuriate in doing what you love with people you love. In February you may recognize that a previous opinion came from a false impression. It's easy to fix things. April is yours for fun and fantastic love!"
21886,pisces,birthday,20210404,"You always have the big picture in view and know what to do when! You may not pay much attention to others, but you inspire them. Be most energetic in the first month. Friends keep you hopping and happy in July. Surprise yourself in a big way in August. Do good things with it. Catch up with some older friends in November. Learn and try new things with new people in new places in late January. Be realistic and responsible but open to the future. Friends and love return in a big way in the last few months. What a charmed and charming year!"
21893,pisces,birthday,20210411,"You know what you want and how to get it this year! You may not get everything instantly, but you know how to make it happen. Cleverness and energy are gifts that serve you well, particularly in the first few months. Be quietly productive and responsible. A friend may have some good ideas for you in July. Some unexpected good luck may find you while you're busy having fun with family in August. Reevaluate your position in November, and don't be too self-critical. You're doing well. In April and May relax with friends and perhaps a loving admirer who finally speaks up!"
21901,pisces,birthday,20210419,"Your best luck and greatest treasures will come from people and places close to home this year. People work smoothly with you, and your enthusiasm and energy will find lots of constructive projects in the first two months. Be respectful of your money and have more than enough. August is pleasant and September absolutely joyous with social and family events. No need to run wild or be extravagant. Everyone is feeling generous and loving. Respect any health concerns in November and let go of any regrets. In February aspire to something more for the future at work. It's an ambitious, affectionate year!"
21911,pisces,birthday,20210429,"Be your own best friend and be healthy and happy all year long! Friends and family will encourage you to take better care of yourself and make it easier. See benefits in August when your energy increases and smart decisions can bring more income. Have fun all summer, and be generous without spending more than needed. Feel more creative in November, but let those bright ideas simmer. Take good care of yourself in late December, and don't overdo the holiday eating and partying. Love could surprise you in January. Pleasant surprises at work in April may pay off big for months to come!"
21915,pisces,birthday,20210503,"Have big plans, big ideas, and big dreams! There's all the energy you need. Be realistic in your approach and see what you can make happen. August is loving and luxurious without any need to overspend. The whole summer is made for fun. Enjoy quiet time in November and politely ignore any meaningless criticism. A big love (not necessarily a person) could come or go in January, or perhaps it's simply a shift in the romance lineup. Working for a good cause touches your heart in February. Be daring but not reckless at work in April and gain respect and rewards. Have a magnificent year!"
